,2021-12-31,钠离子电池将进入量产时代，锂电池会被取代吗？,华夏时报
0,2021-12-31,A股光伏治沙绝对龙头，联手三峡能源，建200万千瓦项目，股价5元,搜狐
1,2021-12-31,金风科技(002202.SZ)股东三峡能源减持5323.50万股 减持期限已届满 减持股份,智通财经
2,2021-12-31,金风科技：股东三峡能源累计减持1.26%股份 减持股份,Wind
3,2021-12-31,金风科技(02208)：减持计划期限届满 三峡能源合共减持5323.5万股,智通财经
4,2021-12-31,金风科技(02208.HK)：三峡能源累计减持5323万股 减持期限已届满 减持股份,格隆汇
5,2021-12-31,阳光电源：公司风电变流器市占率在国内处于行业领先水平,每日经济新闻
6,2021-12-31,"三峡能源现1笔大宗交易 共成交1,346.00万元",新浪
7,2021-12-31,三峡能源今日大宗交易成交200万股，成交价6.73元折价10.39%,Wind
8,2021-12-31,北向资金动向盘点：多点开花，平均推进,Wind
9,2021-12-31,北向资金扫货A股81亿元 增持银行减持电力（个股名单） 减持股份,21世纪经济报道
10,2021-12-30,三峡集团首个独立储能电站首期项目成功并网,Wind
11,2021-12-30,2021龙虎榜百强营业部出炉！稳居第一的又是它,Wind
12,2021-12-30,北向资金锁定筹码连续四日扫货超125亿，招商银行获大幅净买入7.66亿元,Wind
13,2021-12-30,今年A股IPO数量创历史新高，超两成上市公司实现超募！,Wind
14,2021-12-30,三峡乌兰察布新一代电网友好绿色电站成功并网试运行,Wind
15,2021-12-30,A股融资融券日报：两融余额减少8.94亿元（12月29日）,Wind
16,2021-12-30,【三峡乌兰察布新一代电网友好绿色电站示范项目首批机组成功并网试运行】财联社12月30日电，昨日上午，由中国三峡新能源（集团）股份有限公司投资的三峡乌兰察布新一代电网友好绿色电站示范项目首批机组成功并,财联社
17,2021-12-30,回望2021IPO！最强新股首日暴涨19倍,Wind
18,2021-12-29,三峡能源：三峡乌兰察布新一代电网友好绿色电站示范项目首批机组成功并网试运行,证券时报网
19,2021-12-29,A股年末“瘦身”大作战，有公司以“子”抵债，有公司忙甩卖,搜狐
20,2021-12-29,255万亿元！A股年成交金额创纪录！成交金额最大的股竟是它,北京商报
21,2021-12-29,新能源运营商成长性凸显 建议关注三峡能源(600905.SH)等,智通财经
22,2021-12-29,A股融资融券日报：两融余额增加34.59亿元（12月28日）,Wind
23,2021-12-28,电力股大幅调整 32亿主力出逃 机构：持续看好低碳绿电板块,第一财经
24,2021-12-28,三峡能源、中国广核、中国核电，谁是盈利能力最强的新能源发电企业？,Ofweek
25,2021-12-28,破发愈演愈烈，“三高”发行何时休？,Wind
26,2021-12-28,明阳智能：拟向三峡能源转让阳江明阳全部股权,资本邦
27,2021-12-28,时隔8月再易主，明阳沙扒300MW海风项目终落三峡能源,中国能源网china5e
28,2021-12-28,龙虎榜机构抢筹股曝光，两大资金同时买入这些股,Wind
29,2021-12-28,公用事业事件点评：新版“两个细则”出台 辅助服务市场化加速,国海证券
30,2021-12-28,A股融资融券日报：两融余额增加29.17亿元（12月27日）,Wind
31,2021-12-28,全年IPO超500家，哪些券商投行“赚嗨”了？,Wind
32,2021-12-27,晚间重要公告2021年12月27日星期一,Wind
33,2021-12-27,12月两融余额缩水超200亿，3股逆势获净买入超10亿！,Wind
34,2021-12-27,明阳智能：拟17.57亿元向三峡能源转让子公司100%股权,财联社
35,2021-12-27,最新融资客与北上资金重点加仓名单,Wind
36,2021-12-27,三峡能源VS太阳能～三峡能源的实力确实不可小觑,深水财经社
37,2021-12-27,三峡能源VS特变电工～三峡跟其他企业比还是不错的,深水财经社
38,2021-12-27,三峡能源VS长江电力～三峡虽强但是在行业大佬面前差多了,深水财经社
39,2021-12-27,A股融资融券日报：两融余额减少95.83亿元（12月24日）,Wind
40,2021-12-27,A股早报2021年12月27日星期一,Wind
41,2021-12-27,2021年最后一批新股申购，这只备受关注,Wind
42,2021-12-27,三峡能源等4股获融资净买入超亿元,第一财经
43,2021-12-25,海锅股份：三峡能源，中广核新能源不是公司直接客户,每日经济新闻
44,2021-12-25,广东、江苏三大海上风电项目并网发电，海风开发向深远海进发,澎湃新闻
45,2021-12-25,全球首条，钠电池量产迈出关键一步，一份资金加仓的概念股名单送给您,证券时报
46,2021-12-25,“宁组合”、“茅指数”再次切换？,Wind
47,2021-12-25,“宁王”大跌7%，原因找到了！基金经理在调仓,Wind
48,2021-12-24,12月资金动向追踪：中小市值受青睐，两大产业链流出严重！,--
49,2021-12-24,光大证券：新能源运营商或迎价值重估 推荐三峡能源(600905.SH)、太阳能(000591.SZ)等,智通财经
50,2021-12-24,A股资金流向：“弃宁投茅”显露调仓痕迹,Wind
51,2021-12-24,1.65亿 正泰电器拟将10个集中式光伏电站项目转让给三峡能源,索比光伏网
52,2021-12-24,和讯SGI公司| 宁德时代罕见重挫超8%，市值一日蒸发1200亿！竟是因一篇文章刷屏？,和讯
53,2021-12-24,宁王大跌7%，锂电全线急挫，3大利空突袭？,Wind
54,2021-12-24,"突发！""宁王""暴跌近千亿，锂电全线急挫，三大利空突袭？高瓴出手，3000亿巨头也跪了，发生了什么？",券商中国
55,2021-12-24,长江电力涨超3%，创历史新高,Wind
56,2021-12-24,挑战海风平价——概算低至13356元/kw（2024年建成） 广东海风平价浪潮之后谁接力？,北极星电力
57,2021-12-24,融资客青睐14股，三旺通信买入占比高达56.58%,Wind
58,2021-12-24,A股早报2021年12月24日星期五,Wind
59,2021-12-24,A股融资融券日报：两融余额增加19.59亿元（12月23日）,Wind
60,2021-12-24,每日理财观察：A股明年机会在哪？两大基金策略出炉,Wind
61,2021-12-24,北向资金动向盘点：逢高减持食品饮料,Wind
62,2021-12-23,【趣点】首个钠离子电池项目落地在望，哪些投资机遇可挖掘？,财华社
63,2021-12-23,正泰电器：拟将10个集中式光伏电站项目转让给三峡能源,上证报
64,2021-12-23,晚间重要公告2021年12月23日星期四,Wind
65,2021-12-23,稀土龙头被砸盘，主力出逃资金超15亿，尾盘资金杀入果链龙头,证券时报网
66,2021-12-23,沪港通十大成交活跃股排名（12月23日）,Wind
67,2021-12-23,金融街下午茶2021年12月23日星期四,Wind
68,2021-12-23,北向资金加仓近25亿结束连续4日净卖出，宁德时代净买入4.74亿元,Wind
69,2021-12-23,钠电池有望加速商业化：全球首条规模量产线拟开启建设 产品将用于储能项目,财联社
70,2021-12-23,正泰电器出售部分集中式光伏电站，2021年净利润预计将增加6400万,索比光伏网
71,2021-12-23,三峡能源、三峡资本携手安徽省阜阳市、中科海钠打造全球首条钠离子电池规模化量产线,证券时报网
72,2021-12-23,专用设备行业点评：三峡能源投资400亿布局3GW海风项目 海风平价时代曙光已至,新浪
73,2021-12-23,浙江正泰转让杭州泰景100%股权给三峡能源,北极星电力
74,2021-12-23,A股资金流向：“妖股”行情暂告段落，绿电板块重回主线核心,Wind
75,2021-12-23,正泰电器拟1.65亿元转让泰景光伏发电100%股权,乐居财经
76,2021-12-23,正泰电器(601877.SH)：拟以1.65亿元转让杭州泰景100%股权予三峡能源,格隆汇
77,2021-12-23,正泰电器：拟将杭州泰景100%股权转让予三峡能源,财联社
78,2021-12-23,正泰电器：1.65亿元出售部分集中式光伏电站项目公司股权,Wind
79,2021-12-23,再次大涨!绿电板块机构频频关注或为明年新赛道?,证券之星
80,2021-12-23,中科海钠宣布与三峡能源等共建全球首条钠离子电池规模化量产线,财联社
81,2021-12-23,公用事业行业研究周报：为何要改造老旧风电场,新浪
82,2021-12-23,电力股大幅反弹 主力资金积极抢筹多股,第一财经
83,2021-12-23,27股获券商买入评级，上海建工目标涨幅达67.13%,Wind
84,2021-12-22,上市公司逐鹿碳交易,北京商报网
85,2021-12-22,增资410亿再扩产能，三峡能源或成全球最大海上风电企业,搜狐
86,2021-12-22,13股获券商买入评级，完美世界目标涨幅达48.34%,Wind
87,2021-12-22,三峡能源拟投411亿建三大海上风电项目 密集布局新能源前三季发电量增42%,长江商报
88,2021-12-22,海上风电项目建设如火如荼,Wind
89,2021-12-22,海上风电项目建设如火如荼,发布易
90,2021-12-21,百只个股投身碳市场 谁是收益王,北京商报
91,2021-12-21,财华聚焦|加码海上风电，对三峡能源的投资价值有何启示？,财华社
92,2021-12-21,三峡能源(600905)：百万千瓦海风项目落地 海风龙头蓝海可期,新浪
93,2021-12-21,A股年终红黑榜系列策划（四）|高含“碳”量！这些个股投身碳市场 谁将会是收益王？,北京商报
94,2021-12-21,三峡能源拟投建300万千瓦海上风电，超配海上风电产业链,智通财经
95,2021-12-21,三峡能源：拟超400亿元投建三大海上风电项目,资本邦
96,2021-12-21,斥资412亿！三峡能源投建三大海上风电项目！,华夏能源网
97,2021-12-21,【建投公用环保】11月火电发电量同比减少2.5%，电煤剪刀差发生反转,能源交运万维网
98,2021-12-21,A股早报2021年12月21日星期二,Wind
99,2021-12-21,A股融资融券日报：两融余额减少40.23亿元（12月20日）,Wind
100,2021-12-21,试验显示Moderna加强针可将针对奥密克戎的抗体水平提高36倍；甲骨文预计将以约90美元/股收购塞纳,每经头条
101,2021-12-21,注册资本50亿元！三峡集团在南京成立新公司！,北极星节能
102,2021-12-21,【中证盘前】“史上最贵新股”拟不超45亿元理财；6连板牛股提示风险；大全能源拟332.5亿元投建工业硅等项目,中证报
103,2021-12-21,412亿元拟投三大项目！这个领域“起大风”,中证报
104,2021-12-21,巨头投资逾400亿元，十四五装机量超预期，持续高增长股票揭秘（附股）,证券时报网
105,2021-12-20,公告精选丨上市公司纷纷投资大项目！三峡能源投411.69亿元，大全能源投332.5亿元！,21世纪经济报道
106,2021-12-20,三峡能源拟投411.69亿建设三大海上风电项目,上证报
107,2021-12-20,公告精选：中装建设与鸿蒙时代等拟联合开发元宇宙应用等项目；三峡能源拟合计411.69亿元投建三个海上风电场项目,e公司
108,2021-12-20,晚间重要公告2021年12月20日星期一,Wind
109,2021-12-20,三峡能源412亿元投建阳江青洲项目 海上风电规模有望进一步跃升,e公司
110,2021-12-20,不怕风电退补！三峡能源拟投411亿，打造全球最大海上风电企业,21世纪经济报道
111,2021-12-20,三峡能源：拟投资三个海上风电场项目 投资金额合计超400亿元,第一财经
112,2021-12-20,完善产业布局 三峡能源(600905.SH)拟合计411.69亿元投建青洲五、六、七海上风电项目,智通财经
113,2021-12-20,三峡能源：拟投资三个海上风电场项目 投资金额合计411.69亿元,e公司
114,2021-12-20,三峡能源(600905.SH)及子公司拟与关联人签订三峡阳江青洲五、六、七海上风电场送出工程合作协议,格隆汇
115,2021-12-20,三峡能源(600905.SH)：拟投建青洲五、六、七项目 投资额合计411.69亿元,格隆汇
116,2021-12-20,三峡能源：拟与关联人三峡投资及子公司签订合作协议,Wind
117,2021-12-20,A股融资融券日报：两融余额减少80.19亿元（12月17日）,Wind
118,2021-12-20,A股早报2021年12月20日星期一,Wind
119,2021-12-19,行业深度研究：资源而非包袱，火电转型新能源大有可为【深度 | 国君公用】,煤市乾坤
120,2021-12-19,【安信环保公用邵琳琳/周喆团队】三峡能源点评：新能源运营龙头乘风破浪，海风集中投产推动业绩阶跃,安信证券环保公用研究
121,2021-12-19,北向资金大调仓！加仓“券茅”逾40亿元，减仓“药茅”超20亿元,中证报
122,2021-12-17,A股资金流向：成长、权重双双熄火，低价股抱团逻辑仍在演绎,Wind
123,2021-12-17,风力发电指数创历史新高，江苏新能、节能风电、三峡能源、福能股份普涨,Wind
124,2021-12-17,北京证监局联合北京上市公司协会赴三峡能源开展调研,索比光伏网
125,2021-12-17,A股融资融券日报：两融余额增加5.56亿元（12月16日）,Wind
126,2021-12-17,北向资金动向盘点：近两周加仓“非银”已超百亿,Wind
127,2021-12-16,北向资金追平年内最长净买入纪录，山西汾酒净卖出额创历史新高,Wind
128,2021-12-16,强强联合，三峡和亿利书写光伏治沙新篇章,索比光伏网
129,2021-12-16,A股融资融券日报：两融余额增加10.27亿元（12月15日）,Wind
130,2021-12-16,A股年内IPO募资额超5000亿元,Wind
131,2021-12-15,融资客青睐7股，厦门空港买入占比高达53.32%,Wind
132,2021-12-15,11股获杠杆资金净买入超亿元,证券时报网
133,2021-12-15,A股融资融券日报：两融余额增加9.31亿元（12月14日）,Wind
134,2021-12-14,三峡能源：公司应收账款中可再生能源补贴款占应收账款余额比例较大，符合新能源行业特点,每日经济新闻
135,2021-12-14,三峡能源：江苏大丰海域地震未对公司设备造成损害 自然灾害,每日经济新闻
136,2021-12-14,三峡能源：地震后公司组织人员对设备进行全面检查，未发现损害现象,Wind
137,2021-12-14,三峡能源：公司第三季度净利润环比降57.56%主要有两方面原因 盈利能力下降,每日经济新闻
138,2021-12-14,三峡能源：三峡如东柔性直流输电工程首次批量使用国产IGBT部件由株洲中车提供,Wind
139,2021-12-14,三峡能源：公司始终致力于清洁能源应用与开发，围绕产业链上下游，重点布局具有核心技术和科技创新能力项目,每日经济新闻
140,2021-12-14,A股早报2021年12月14日星期二,Wind
141,2021-12-14,央地国企A股融资连增三年，国有资产证券化提速,Wind
142,2021-12-13,亿利洁能引战投参与治沙 王文彪套现18亿积极风控 减持股份,长江商报
143,2021-12-13,数据复盘｜主力资金加仓三峡能源、宁德时代等股 北向资金连续9日净流入,证券时报网
144,2021-12-13,A股主力资金流向：电力股获资金抢筹，新能源持续回暖,Wind
145,2021-12-13,电力股二次拉升，三峡能源、时代新材、长江电力等走势强劲,Wind
146,2021-12-13,三峡能源、三峡资本斥巨资成为亿利洁能第二大股东,中国网
147,2021-12-13,15股获融资净买入超亿元 三峡能源获净买入最多,证券时报网
148,2021-12-13,A股融资融券日报：两融余额增加0.16亿元（12月10日）,Wind
149,2021-12-11,券商首次关注5股并给予买入评级（12月11日）,Wind
150,2021-12-11,风度 | 每周深度评 12.04-12.10,新浪
151,2021-12-10,机构本周首次关注59只个股,第一财经
152,2021-12-10,三峡能源(600905.SH)：拟出资16.5亿元与控股股东投设江苏能投,格隆汇
153,2021-12-10,三峡能源(600905.SH)：拟与三峡资本共同对三峡鄂尔多斯增资16.15亿元,格隆汇
154,2021-12-10,加快江苏区域新能源开发 三峡能源(600905.SH)拟16.5亿元共设合资公司,智通财经
155,2021-12-10,三峡能源、中国广核与中国核电，新能源发电企业成长能力大比拼！,Ofweek
156,2021-12-10,三峡能源100MW平价光伏项目并网,北极星电力
157,2021-12-10,电力股表现低迷，三峡能源、晶科科技、上海电力领衔下跌,Wind
158,2021-12-09,三峡能源项目获国家优质工程奖,e公司
159,2021-12-09,新能源发电行业研究与投资策略：无限风光，风光无限,新浪
160,2021-12-09,三峡能源蹊跷收购！标的年入十亿负债却超百亿 偿债能力下降,Ofweek
161,2021-12-09,总计18.1亿元 三峡能源子公司拟受让亿利洁能3.98亿股股份,北极星电力
162,2021-12-09,经济日报：富时罗素指数调整折射中国经济之变,Wind
163,2021-12-08,深度 | 三峡能源：三峡集团旗下新能源运营商，引领海上风电发展,郭丽丽的研究札记
164,2021-12-07,三峡能源、三峡资本战略投资亿利洁能,光明网
165,2021-12-07,一周策略回顾与展望,新浪
166,2021-12-07,电气设备新能源行业2022年投资策略：风光蓄势待发、电力设备迎新机遇,新浪
167,2021-12-07,亿利集团一年内160亿债务将到期 18亿引央企入股亿利洁能,贝壳财经
168,2021-12-07,三峡能源、三峡资本战略投资亿利洁能成为重要股东 携手打造中国光伏治沙先导企业,凤凰网
169,2021-12-07,三峡能源：控股子公司拟受让亿利洁能11%股权,中证网
170,2021-12-07,负重前行 亿利洁能引入央企战投合作沙漠光伏项目,财联社
171,2021-12-07,三峡能源：控股子公司拟受让亿利节能3.98亿股股份,资本邦
172,2021-12-06,12月7日上市公司重要公告集锦：工商银行获准发行不超1900亿元二级资本债券,证券日报之声
173,2021-12-06,晚间重要公告2021年12月6日星期一,Wind
174,2021-12-06,三峡能源：子公司拟18.1亿元受让亿利洁能11.17%股份,财联社
175,2021-12-06,三峡能源(600905.SH)：子公司拟以18.1亿元受让亿利资源集团所持亿利洁能11.17%股份,格隆汇
176,2021-12-06,三峡能源(600905.SH)子公司拟18.1亿元购买亿利洁能11.1722%股权,智通财经
177,2021-12-06,三峡能源(600905.SH)：控股子公司持有亿利洁能11.1722%的股份 成为其第二大股东,格隆汇
178,2021-12-06,碳中和周报：“十四五”工业绿色发展规划出台 全力推动工业碳达峰,新浪
179,2021-12-06,公用环保行业周报：2022年电煤长协征求意见稿发布有利于保障煤电资产现金流,新浪
180,2021-12-06,公用环保行业重大事项点评：火电重新恢复盈利能力 电价步入上行周期,新浪
181,2021-12-06,陆家嘴财经早餐2021年12月6日星期一,Wind
182,2021-12-06,绿色电力政策密集出台，行业发展步入快车道,Wind
183,2021-12-05,【德邦金工|周报】资金密集流入医药，关注工业富联巨额解禁 20211205 解禁,微信
184,2021-12-05,下周这只股票解禁市值超1800亿元，但股东不能减持！新能源电力龙头股东浮盈近70亿元（附名单） 解禁,中证报
185,2021-12-05,三峡能源：我国离岸最远海上风电场首批机组并网发电,证券时报网
186,2021-12-05,下周操盘攻略：均衡配置成长与价值,Wind
187,2021-12-05,公用周报：江苏首批平价海风项目启动竞争性配置 第二批内陆风电光伏大基地项目开始上报,新浪
188,2021-12-03,下周2549亿市值限售股解禁，环比增加697.21% 解禁,Wind
189,2021-12-03,三峡能源(600905.SH)：16.215亿股限售股将于12月10日解禁上市,格隆汇
190,2021-12-03,三峡能源(600905.SH)16.22亿股限售股将于12月10日上市流通 解禁,智通财经
191,2021-12-03,三峡能源：约16.22亿股限售股12月10日解禁，占比5.68% 解禁,每日经济新闻
192,2021-12-03,三峡能源：16.21亿股限售股12月10日上市流通 解禁,Wind
193,2021-12-03,A股资金流向：权重发力助推沪指，短线情绪退潮,Wind
194,2021-12-03,中国银河维持环保公用行业推荐评级：“双碳”政策密集出台，关注环保公用领域规划,每日经济新闻
195,2021-12-03,三峡能源减持金风科技0.41%股份，减持时间过半 减持股份,乐居财经
196,2021-12-02,龙虎榜座次“大洗牌”！“黑马”都是量化营业部,Wind
197,2021-12-02,三峡能源：安徽蒙城风电项目全容量并网、河南杞县风电项目首批并网,e公司
198,2021-12-02,金风科技：股东三峡能源减持1722万股公司股份 减持股份,每日经济新闻
199,2021-12-02,金风科技：三峡能源减持其持有的公司股份1722.29万股 减持股份,Wind
200,2021-12-02,金风科技(02208)股东三峡能源累计减持1722.29万股 减持时间已过半 减持股份,智通财经
201,2021-12-02,金风科技(02208.HK)：三峡能源累计减持1722万股 减持股份,格隆汇
202,2021-12-02,能源保供成效初显，央企加速布局清洁能源,Wind
203,2021-11-30,年内435家企业圆梦A股 首发合计募资逾4400亿,北京商报
204,2021-11-29,公用事业行业周报：政策推动下电煤矛盾持续缓和 全国统一电力市场呼之欲出,新浪
205,2021-11-29,年内435股圆梦A股！浙系新股数领跑 这些个股上市后就“变脸”,北京商报
206,2021-11-29,兴业证券：维持三峡能源(600905.SH)“审慎增持”评级 股权激励 激发增长动力,智通财经
207,2021-11-28,公用周报：省间电力现货交易规则出台 三峡能源发布股权激励计划,新浪
208,2021-11-26,三峡能源：拟向激励对象212人授予限制性股票6090万股,每日经济新闻
209,2021-11-26,三峡能源(600905.SH)：拟推不超6090万股的2021年限制性股票激励计划,格隆汇
210,2021-11-26,三峡能源(600905.SH)：拟推限制性股票长期激励计划,格隆汇
211,2021-11-26,三峡能源(600905.SH)拟推2021年限制性股票激励计划 首次授予价为3.38元/股,智通财经
212,2021-11-26,公用事业行业省间现货交易政策点评：电改持续推进 现货市场建设更进一步,新浪
213,2021-11-26,公用环保行业周报：10月用电需求继续强劲南网发布十四五规划,新浪
214,2021-11-26,三峡能源一批风电项目成功并网发电,国际电力网
215,2021-11-26,公用环保行业重点事项点评：省间现货交易意义重大 新能源消纳再添保障,新浪
216,2021-11-25,电力、煤气及水等公用事业行业：提价格促消纳 跨省现货提振运营商盈利,国金证券股份有限公司
217,2021-11-25,电力月谈：2021年11月期,新浪
218,2021-11-25,公用环保行业专题研究：绿电交易展望 两类运营商获高弹性,新浪
219,2021-11-25,电力及公用事业：绿电政策频出 重视绿电板块机会,新浪
220,2021-11-25,电力及公用事业行业动态点评：省间电力现货交易规则出台 电力改革持续推进,新浪
221,2021-11-24,三峡能源现1笔大宗交易 共成交368.00万元,新浪
222,2021-11-24,三峡能源今日大宗交易成交50万股，成交价7.36元溢价11.52%,Wind
223,2021-11-24,A股资金流向：白酒承接新能源溢出资金，题材股炒作再升温,Wind
224,2021-11-24,中一签赚5万，久违“大肉签”来了！海上风电新贵傲视四季度新股,财联社
225,2021-11-24,百隆东方：三峡能源非公司的参股投资公司,Wind
226,2021-11-23,电力及公用事业行业动态点评：江苏新政推动新能源市场化电量比例快速提升 期待绿电环境属性带来稳定溢价,新浪
227,2021-11-22,永泰能源VS三峡能源～拒绝忽悠，用数据看企业综合实力,深水财经社
228,2021-11-22,海上风电项目加速布局，一文看懂千亿级风口产业链,Wind
229,2021-11-22,前瞻性研究行业月报：绿色能源与前瞻性产业月报(2021年11月报),新浪
230,2021-11-22,A股资金流向：赛道股爆发重回主线，风格切换苗头显露,Wind
231,2021-11-21,环保及公用事业周报：深化节能减排目标 数字能源时代大幕开启,新浪
232,2021-11-21,下周操盘攻略：波动将明显加剧,Wind
233,2021-11-21,公用环保行业周报：坚定看好火电转型新能源逻辑 不惧调整静待花开,新浪
234,2021-11-21,环保与公用事业周报202111第3期：各省“十四五”海上风电规划渐明朗 海上风电迎来确定性发展,新浪
235,2021-11-21,碳中和行业(电新+环保)周报：美国新能源车刺激政策有望出台 10月新增光伏装机环比增速转正,光大证券
236,2021-11-20,【金融头条】与中航信托纠纷未了 三峡燃气董事长谭传荣身陷囹圄背后,经济观察报
237,2021-11-19,三峡能源：目前公司已开展多元化储能、共享储能的建设与应用，积极在各地布局“储能+”的发展模式,每日经济新闻
238,2021-11-19,申万宏源：首予粤水电(002060.SZ)“买入”评级 绿电量质兼优 工程业务景气度回升,智通财经
239,2021-11-19,粤水电(002060)：新能源转型步伐加速 绿电质量兼优蓄势待发,新浪
240,2021-11-18,电力、煤气及水等公用事业行业：央行推出碳减排支持工具 多环节利好新能源发展,国金证券股份有限公司
241,2021-11-18,电气设备行业点评：全球海风 星辰大海,新浪
242,2021-11-17,年内IPO企业大PK：主板规模为王，科创最硬核！,Wind
243,2021-11-17,中信建投新能源发电2022年策略：技术引领变革之春，新的篇章正徐徐展开,Wind
244,2021-11-17,三峡能源紧急捐赠300万元支援通辽市抗击雪灾,索比光伏网
245,2021-11-16,新能源发电行业2022年投资策略报告：技术引领变革之春 新的篇章正徐徐展开,新浪
246,2021-11-16,三峡集团赴内蒙古巴林左旗调研定点帮扶工作,索比光伏网
247,2021-11-15,火电灵活性改造研究专题,郭丽丽的研究札记
248,2021-11-15,碳中和行业(电新+环保)周报：高镍三元一体化降本加速 南网发布“十四五”发展规划,光大证券
249,2021-11-15,环保与公用事业行业2022年度策略报告：着眼双碳时代下的高景气与确定性,新浪
250,2021-11-11,85股主力资金净流入超亿元,证券时报网
251,2021-11-11,A股资金流向：权重与题材共振上扬,Wind
252,2021-11-10,中国短期融资券及中期票据信用分析周报,新浪
253,2021-11-10,广宇发展(000537)：转型新能源 开启新征程,西南证券
254,2021-11-10,行业点评：电力、煤气及水等公用事业行业研究,国金证券股份有限公司
255,2021-11-10,新能源发电行业碳减排支持工具影响点评：助力提升绿电项目IRR 彰显双碳目标决心,新浪
256,2021-11-09,逻辑推演与实证研究的多维视角：碳中和下的电力需求韧性来自哪里,新浪
257,2021-11-09,碳减排支持工具的点评：降低融资成本 提升盈利能力和流动性,新浪
258,2021-11-09,重庆巫山37个重点项目集中开工，总投资75亿元,我的钢铁
259,2021-11-09,三峡能源：我国首个柔性直流海上风电项目首批机组正式并网发电,证券时报网
260,2021-11-09,央行推出碳减排支持工具，中信建投最新解读来了！,Wind
261,2021-11-09,融资客减仓近百亿元，机构建议两手布局,Wind
262,2021-11-08,三峡能源与宁德时代、山东电工电气座谈,e公司
263,2021-11-08,东吴证券：首予三峡能源(600905.SH)“买入”评级 毛利率短期承压 风光装机将持续高速发展,智通财经
264,2021-11-08,三峡能源江苏如东海上风电项目柔直输电工程顺利完成倒送电,国际电力网
265,2021-11-08,公用事业深度报告：煤电改造能否改善趋紧的电力供需格局？,新浪
266,2021-11-08,A股融资融券日报：两融余额减少121.85亿元（11月5日）,Wind
267,2021-11-06,Wind风控日报2021年11月6日星期六,Wind
268,2021-11-06,上市公司正负面新闻2021年11月6日星期六,Wind
269,2021-11-05,【晚间公告抢先看】宁德时代拟70亿元投建新能源动力及储能电池项目、万科A拟分拆万物云到港交所上市,金融界
270,2021-11-05,晚间重要公告2021年11月5日星期五,Wind
271,2021-11-05,金风科技：三峡能源持有公司的股份比例由10.53%减少至9.30%,Wind
272,2021-11-05,金风科技(02208.HK)：三峡能源已通过大宗交易累计减持1.23%公司股份 减持股份,格隆汇
273,2021-11-05,金风科技：三峡能源近期减持公司1.23%股份 减持股份,e公司
274,2021-11-05,风电板块又又又创新高！政策利好不断、机构明示增长潜能巨大,Wind
275,2021-11-05,A股资金流向：电力、光伏板块遭批量出货，锂电池板块资金分歧较大,Wind
276,2021-11-05,中材科技跌停，风电板块尾盘跌幅扩大,Wind
277,2021-11-05,中金万字报告：如何看待近期新股连续首日破发？,Wind
278,2021-11-05,公用事业2021年三季报总结：火电盈利大幅下滑 风光新能源业绩向好 盈利能力下降,新浪
279,2021-11-05,三峡能源安徽阜阳南部120万千瓦风光电项目开工建设,索比光伏网
280,2021-11-05,A股融资融券日报：两融余额增加33.85亿元（11月4日）,Wind
281,2021-11-05,47亿主力资金大幅流入风电板块（附股）,Wind
282,2021-11-04,财华洞察|大块头遇A股破发潮，中国移动的前程如何？,财华社
283,2021-11-04,首航高科：与三峡新能源设立公司情况属实,Wind
284,2021-11-04,风电&光伏运营商大盘点：上市公司如何跑马圈地？,索比光伏网
285,2021-11-04,A股融资融券日报：两融余额减少44.29亿元（11月3日）,Wind
286,2021-11-03,中信建投：首予三峡能源(600905.SH)“买入”评级 发电规模稳健成长 盈利能力持续向好,智通财经
287,2021-11-03,兴业证券：维持三峡能源(600905.SH)“增持”评级 风光并济 发电量大幅增长,智通财经
288,2021-11-03,A股融资融券日报：两融余额减少75.11亿元（11月2日）,Wind
289,2021-11-03,张坤、裘国根、邓晓峰等“顶流”3大举措应对震荡市,Wind
290,2021-11-03,6股获券商买入评级，重庆啤酒目标涨幅达14.38%,Wind
291,2021-11-02,三峡能源与启迪清洁能源、启迪清云签署合作框架协议,新能源网
292,2021-11-02,三峡能源(600905)：基本面持续向上 新能源装机高增构筑绿电龙头,新浪
293,2021-11-02,三峡能源(600905.SH)半年度每股派发现金红利0.0379元,智通财经
294,2021-11-02,三峡能源(600905.SH)半年报推10派0.379元 股权登记日11月10日,格隆汇
295,2021-11-02,【建投公用环保-三峡能源】发电规模稳健成长，风光战略布局成效显著,能源交运万维网
296,2021-11-02,三峡能源、隆基股份等31股获融资净买入超亿元,证券时报网
297,2021-11-02,A股融资融券日报：两融余额增加47.83亿元（11月1日）,Wind
298,2021-11-02,A股早报2021年11月2日星期二,Wind
299,2021-11-02,两大风电龙头遭股东减持，业内称行业中长期逻辑未变,Wind
300,2021-11-01,新能源运营商已站上风口，一文了解三方面利好,Wind
301,2021-11-01,硬核选基｜科技基金能翻身吗？诺安蔡嵩松继续看好芯片 刘格菘、冯明远调仓新能源,21经济网
302,2021-11-01,A股资金流向：新能源板块冲高回落，资金分歧较大,Wind
303,2021-11-01,三峡能源大涨逾7% 三季度股东户数锐减70万,证券之星
304,2021-11-01,公募三季度全景图绘出， “百亿俱乐部”规模缩水,Wind
305,2021-11-01,快讯：三峡能源涨停 报于7.96元,金融界
306,2021-11-01,图解三峡能源三季报：第三季度单季净利润同比减1.27% 盈利能力下降,证券之星
307,2021-11-01,三峡能源首板，电力股炒作,Wind
308,2021-11-01,三季度公用事业持仓分析,郭丽丽的研究札记
309,2021-11-01,西部证券：维持三峡能源(600905.SH)“买入”评级 发电量同比快速增长,智通财经
310,2021-11-01,西部证券维持三峡能源买入评级，2021年三季报点评：发电量同比快速增长，电站运营规模有望不断增加,每日经济新闻
311,2021-11-01,公募三季度全景图绘出“百亿俱乐部”规模缩水,Wind
312,2021-10-31,股民们可以“抄作业”了！起底基金经理们的“旧爱新欢”，四季度看中了什么？,华夏时报
313,2021-10-31,电力设备新能源2021年11月投资策略：碳达峰行动方案出台 全产业基本面向好,新浪
314,2021-10-31,印钞机！三峡能源前三季度净利润43亿 净利润率近40%,我的煤炭网
315,2021-10-30,基金三季度调仓换股全扫描，电力、能源、地产被明显加仓！,Wind
316,2021-10-30,Wind风控日报2021年10月30日星期六,Wind
317,2021-10-30,机构三季度持股趋分散，大资金偏爱钢铁和有色,Wind
318,2021-10-29,金风科技：三峡能源拟减持不超2%股份 拟减持股份,Wind
319,2021-10-29,金风科技(02208.HK)股东三峡能源拟减持不超2%股份 拟减持股份,格隆汇
320,2021-10-29,三峡能源公布三季报 前三季净利增加42.22%,新浪
321,2021-10-29,三峡能源：前三季度净利润39.98亿元 同比增长42.22%,新浪
322,2021-10-29,三峡能源：第三季度净利润7.24亿元 同比下降1.27%,财联社
323,2021-10-29,三峡能源：前三季度净利润同比增长42.22%,Wind
324,2021-10-29,中国三峡新能源（集团）股份有限公司 2021年第三季度报告,证券日报
325,2021-10-28,融资客青睐7股，未来股份买入占比高达57.18%,Wind
326,2021-10-28,A股早报2021年10月28日星期四,Wind
327,2021-10-28,A股融资融券日报：两融余额减少19.89亿元（10月27日）,Wind
328,2021-10-28,亿利洁能，沙漠中的光伏蜃楼？,阿尔法工场研究院
329,2021-10-27,年内上市新股破400只！数量已超去年全年 合计募资逾4100亿元,北京商报
330,2021-10-27,主力动向｜资金青睐86股，宁德时代、隆基股份、三峡能源、金风科技、特变电工位居前五！,上游新闻
331,2021-10-27,A股资金流向：新能源板块虹吸效应显著,Wind
332,2021-10-27,新能源、环保领域碳中和动态追踪(三十三)：国务院印发碳达峰行动方案 风光储+循环经济助力降碳行动,光大证券
333,2021-10-27,连续四日新股首日破发！新锐股份中1签亏4000元,Wind
334,2021-10-26,顶流基金经理三季度持仓出炉，他们重仓这些股！,国际金融报
335,2021-10-26,王宗合三季报：加仓山西汾酒、药明康德、福斯特、三峡能源,澎湃新闻
336,2021-10-26,公用周报：广东等多省份颁布电价市场改革通知 21Q1-Q3风电光伏分别新增装机16.4、25.7GW,新浪
337,2021-10-26,明星基金三季度调仓观察：冯明远减仓宁德时代，葛兰加仓爱尔眼科,第一财经
338,2021-10-26,明星基金经理持仓曝光！500亿“顶流”李晓星，大举加仓新能源,中证报
339,2021-10-26,前瞻性研究行业月报：绿色能源与前瞻性产业月报(2021年10月报),新浪
340,2021-10-26,傅鹏博、赵诣、冯明远、林英睿、赵枫持仓思路各有不同,Wind
341,2021-10-26,硬核研报：国开行背景新能源运营商，利润有望大增超6倍！电站布局区位优良，人均净利润仅次于三峡能源！,新浪
342,2021-10-26,深度 | 金开新能：国开行背景新能源运营商，装机容量加速扩张,郭丽丽的研究札记
343,2021-10-26,公用事业点评报告：“双碳”顶层设计重磅出台 行业迎来机制改革共振成长曲线,新浪
344,2021-10-25,“双碳”顶层文件下发，图解绿电+新能源赛道基金持仓！,Wind
345,2021-10-25,环保与公用事业周报202110第3期：气候变化大会将近 关注目标变化及行动落实,新浪
346,2021-10-25,碳中和行业(电新+环保)周报：华为签约全球最大储能项目 海外车企积极拥抱磷酸铁锂,光大证券
347,2021-10-25,电力行业政策点评：能源领域重磅文件落地 风光氢储四大方向均有提及,新浪
348,2021-10-25,财信证券公司深度：中闽能源（600163.SH）：海风向好，后续海风资产注入值得期待,财信证券研究
349,2021-10-24,激增900%，这类基金彻底火了！,Wind
350,2021-10-22,亿利洁能：公司与三峡能源等联合发起设立内蒙古库布其光氢治沙新能源有限公司，主要开发建设蒙西库布其200万千万光伏治沙项目,每日经济新闻
351,2021-10-22,三峡能源与天津市滨海新区举行座谈,索比光伏网
352,2021-10-21,A股资金流向（10月21日）：新能源板块显露疲态，资金避高就低流入大金融龙头,Wind
353,2021-10-21,10月20日A股融资买入额801.22亿元，江特电机（002176.SZ）居首,智通财经
354,2021-10-21,三峡能源与安徽省阜阳市举行座谈 双方就新能源产业合作进行深入交流,索比光伏网
355,2021-10-21,杠杆资金重仓股曝光 三峡能源居首,第一财经
356,2021-10-20,三峡能源：《2021年半年度报告》第211页中“水电业务及其他”分部的利润总额包含了母公司的利润总额3.05亿元,每日经济新闻
357,2021-10-20,三峡能源：随着新能源机组（风机、光伏组件）技术进步以及产业链发展，新能源机组功率将进一步提高，造价将不断降低，公司将合理安排建设工期，保证项目的投资收益率,每日经济新闻
358,2021-10-20,三峡能源董秘回复：福建三峡海上风电项目 具备年产200万kW以上的能力,证券之星
359,2021-10-20,三峡能源：福建三峡海上风电产业园是三峡集团与福建省战略合作项目，拟通过引进知名的海上风电设备制造企业,每日经济新闻
360,2021-10-20,三峡能源：海上风机回本年限与具体项目收益情况相关，无明确期限,每日经济新闻
361,2021-10-20,三峡能源：蒙西基地库布其200万千万光伏治沙项目预计于2023年完建,每日经济新闻
362,2021-10-20,三峡能源：目前国内投产的海上风电项目较少，公司未做过正式全面对标,每日经济新闻
363,2021-10-20,三峡能源：近段时间，局部区域存在用户端用电受限情况，目前对我公司售电无直接影响,每日经济新闻
364,2021-10-20,三峡能源：在建工程明细清单中有部分转固固定资产对应本期新增装机容量,每日经济新闻
365,2021-10-20,三峡能源：公司与申昊科技有没有业务往来或者合作,每日经济新闻
366,2021-10-19,亿利洁能披露中标库布其200万千瓦光伏治沙项目细节,金融界
367,2021-10-18,亿利洁能：中标光伏治沙项目的说明,每日经济新闻
368,2021-10-18,亿利洁能(600277.SH)说明：相关光伏治沙项目具体实施方案尚未最终确定,格隆汇
369,2021-10-18,晶科科技(601778.SH)：与多地相关政府部门签署合作框架协议 预计建设分布式光伏电站项目装机容量合计约2016兆瓦,格隆汇
370,2021-10-18,风电设备：“十四五”风电下乡50GW 持续看好各环节龙头,新浪
371,2021-10-18,公用环保行业周报：江苏山东首次交易电价顶格上浮 2022年电价谈判结果保持乐观,新浪
372,2021-10-18,炸锅！万亿利好突然刷屏，新能源再起舞？,Wind
373,2021-10-18,三峡能源加速布局资产两年半增千亿 前三季发电236.7亿千瓦时增逾40%,新浪
374,2021-10-17,三峡能源联合投建的国内单体规模最大光伏治沙项目在内蒙古开工,上证报
375,2021-10-17,公用周报：深化煤电电价市场化改革政策落地 前9月全社会用电量累计同比+12.9%,新浪
376,2021-10-16,三峡能源：我国单体规模最大光伏治沙项目正式开工,证券时报网
377,2021-10-16,全球能源危机下的市场博弈,Wind
378,2021-10-15,公用事业三季度业绩前瞻：煤电利润触底 新能源业绩高增,新浪
379,2021-10-15,绿电板块午后持续回暖，内蒙华电涨停,Wind
380,2021-10-14,碳中和系列报告(五)：电价上涨元年 打破僵局 电力体制改革实现重大突破,新浪
381,2021-10-14,走下万亿“神坛”，A股成交骤降藏何玄机,Wind
382,2021-10-13,风电设备行业点评报告：海上风电成本下降和技术进步超预期；有望提前进入平价时代,新浪
383,2021-10-13,新能源发电行业深度研究报告：新能源运营行业研究工具书之光伏篇,新浪
384,2021-10-13,三峡能源跌3.57% 海通证券高点唱多,中国经济网
385,2021-10-13,A股资金流向（10月13日）：“茅宁”归来，消费、新能源板块携手回暖,Wind
386,2021-10-12,三峡能源与吉林市政府、吉林炭素公司签署战略框架协议,e公司
387,2021-10-12,A股资金流向（10月12日）：市场热点匮乏，资源股再成杀跌主力,Wind
388,2021-10-11,风光行业点评报告：电价机制捋顺 风光迎来加速发展,新浪
389,2021-10-11,A股资金流向（10月11日）：资金延续避高就低态势，大金融板块获青睐,Wind
390,2021-10-11,电气设备行业：9月新势力销量环比超预期 风光政策利好频出,广发证券
391,2021-10-11,三峡能源与东方风电座谈,北极星电力
392,2021-10-11,上市公司正负面新闻2021年10月11日星期一,Wind
393,2021-10-10,10月11日上市公司重要公告集锦：雷曼光电前三季度净利预增超64倍,证券日报之声
394,2021-10-10,晚间重要公告2021年10月10日星期日,Wind
395,2021-10-10,三峡能源(600905.SH)：前三季度累计总发电量236.70亿千瓦时 同比增加42.7%,格隆汇
396,2021-10-10,三峡能源：第三季度总发电量70.95亿千瓦时，同比增加35.19%,央视
397,2021-10-10,三峡能源(600905.SH)前三季度累计总发电量同比增42.7%,智通财经
398,2021-10-10,三峡能源：第三季度总发电量同比增加35.19%,Wind
399,2021-10-09,公用事业行业点评：电价改革加速推进 电力运营商有望充分受益,新浪
400,2021-10-08,A股资金流向（10月8日）：资金高低切换，大幅抢筹保险、大消费板块,Wind
401,2021-10-08,中1签平均能赚2万+！A股前三季IPO大盘点,Wind
402,2021-10-08,公用环保行业周报：限电潮后深化改革信号渐强 改变电力行业底层投资逻辑,新浪
403,2021-10-01,维持高位，前三季度股权承销排行榜发布,Wind
404,2021-09-30,电力设备新能源2021年10月投资策略：原材料价格普涨 绿电交易利好下游运营,新浪
405,2021-09-30,川财研究新能源产业链核心数据跟踪,新浪
406,2021-09-30,星空行研︱风电运营商的反击战,星空财富
407,2021-09-30,【行情】绿电板块尾盘全线上攻，节能风电快速封板，三峡能源、太阳能短线急拉,金十数据
408,2021-09-30,绿电板块尾盘全线反包，节能风电快速封板,Wind
409,2021-09-30,中国能建盘中再度涨停，下一个三峡能源？,证券之星
410,2021-09-29,A股前三季度IPO盘点：373只新股上市，逾700家企业排队审核,第一财经
411,2021-09-29,[公司] 合计耗资5.24亿元 三峡能源布局内蒙古、海南两地新能源业务,全景网
412,2021-09-29,电力行业能耗双控行业深度：电价上涨 破解能耗双控及限电难题胜负手,新浪
413,2021-09-29,A股资金流向（9月29日）：节前资金避险欲望强烈，银行股获青睐,Wind
414,2021-09-29,三峡能源：公司海风设计寿命25年,Wind
415,2021-09-29,三峡能源：公司海风设计寿命25年，折旧20年,每日经济新闻
416,2021-09-29,三峡能源：正在积极推进绿电制氢的研究与应用,每日经济新闻
417,2021-09-29,三峡能源：今年汛期偏晚，1-6月为枯水期，故按时间计算，上半年利用小时偏低,每日经济新闻
418,2021-09-29,三峡能源：公司没有参股三一重能,每日经济新闻
419,2021-09-29,三峡能源：随着新能源机组（风机、光伏组件）技术进步以及产业链发展，新能源机组功率将进一步提高，造价将不断降低，公司将合理安排建设工期，保证项目的投资收益率,每日经济新闻
420,2021-09-29,A股早报2021年9月29日星期三,Wind
421,2021-09-29,港股盘前必读：阿里巴巴旗下APP均已接入微信支付,Wind
422,2021-09-28,金风科技：签署乌海抽水蓄能公司投资组建协议,Wind
423,2021-09-28,金风科技(002202.SZ)与南方电网等投资抽水蓄能电站项目,智通财经
424,2021-09-28,晚间重要公告2021年9月28日星期二,Wind
425,2021-09-28,三峡能源(600905.SH)：拟出资3.2亿元参设乌海抽蓄公司,格隆汇
426,2021-09-28,三峡能源(600905.SH)：拟与三峡海投共同投设三峡(海南)新能源投资,格隆汇
427,2021-09-28,三峡能源：拟投资设立三峡（海南）新能源投资有限公司,Wind
428,2021-09-28,电力股卷土重来，“人气王”三峡能源尾盘冲涨停,证券之星
429,2021-09-28,红相股份(300427.SZ)拟以1.86亿元将中宁银变100%股权转让给三峡能源,智通财经
430,2021-09-28,A股资金流向（9月28日）：绿电龙头重回“C位”,Wind
431,2021-09-28,麦格理：可再生能源商或迎机会 龙源电力(00916)、三峡能源(600905.SH)等将受惠,智通财经
432,2021-09-28,红相股份：拟将其持有的中宁县银变新能源有限公司100%股权以人民币约1.86亿元转让给中国三峡新能源（集团）股份有限公司,每日经济新闻
433,2021-09-28,红相股份：子公司拟出售中宁银变100%股权,Wind
434,2021-09-28,快讯：三峡能源涨停 报于7.57元,金融界
435,2021-09-28,三峡能源6天3板，正在积极推进绿电制氢的研究与应用,Wind
436,2021-09-28,蜡烛生产商称订单增数10倍、电力板块再度活跃,Wind
437,2021-09-28,700亿资金激战白酒股，北上资金扫货，他们却抛售,Wind
438,2021-09-28,三峡能源上市三月市值飙至2000亿 “风光”装机规模稳健增长份额有待提升,中金在线
439,2021-09-27,A股资金流向（9月27日）：冰火洗礼！白酒暴涨对冲周期股批量跌停,Wind
440,2021-09-27,上海电力VS三峡能源～传统发电跟跟新能源发电的对决竟是这结果,深水财经社
441,2021-09-27,国机精工：公司跟三峡能源暂无业务往来,每日经济新闻
442,2021-09-27,三峡能源与山东省能源局、山东科技大学共建“山东科技大学储能技术学院”,北极星电力
443,2021-09-27,三峡集团回鄂，或补齐集团“华中”风电短板,中国能源网china5e
444,2021-09-27,年内28只新股破发，市场化定价机制成效显现,Wind
445,2021-09-26,环保工程及服务行业周报：风电运营商成长性：基于成本端的讨论,新浪
446,2021-09-26,公用事业周报：多省份大面积限电停产 两部委强化电厂7天安全存煤底线 经营问题,新浪
447,2021-09-26,电力指数五周劲升26%，绿电掀起飓风、机构喊话价值重估,Wind
448,2021-09-25,电力行业动态跟踪报告：数说电力(2021年9月刊),新浪
449,2021-09-25,资金流转、板块轮动，节前A股结构性行情难“换挡”,Wind
450,2021-09-24,风电赛道火了，还有什么潜在机会？,格隆汇
451,2021-09-24,买衣服纪念股价高地？三峡能源、盐湖股份、中国电信股东T恤成爆款,证券之星
452,2021-09-24,【万联公用事业 | 三峡能源】公司点评：双控双限收紧，新能源巨头持续利好,万联证券研究所
453,2021-09-24,新兴能源行业：平价时代新能源资产价值重估 现金为王优选运营商,新浪
454,2021-09-24,万联证券：首予三峡能源(600905.SH)“增持”评级 能源行业市场广阔 短期业绩或迎增长,智通财经
455,2021-09-24,万联证券首予三峡能源增持评级，点评报告：双控双限收紧，新能源巨头持续利好,每日经济新闻
456,2021-09-24,每日理财观察：首批5只FOF-LOF产品获批,Wind
457,2021-09-23,这届股民会玩！39元T恤纪念高位站岗，三峡能源、盐湖、电信成流行款,证券之星
458,2021-09-23,[中国好公司]三峡能源：A股新能源运营商龙头 海上风电优势明显,新浪
459,2021-09-23,新能源重大事项点评：双控新政鼓励可再生能源消费 绿电交易前景广阔,新浪
460,2021-09-23,A股资金流向（9月23日）：电力、资源股出现强分歧,Wind
461,2021-09-23,二连板后股价突然跳水，三峡能源盘中跌逾5%,证券之星
462,2021-09-23,A股早报2021年9月23日星期四,Wind
463,2021-09-23,每日理财观察：银行监管评级办法发布，涵盖七级别九要素,Wind
464,2021-09-23,史无前例！一大批公司限产，牛股核心工厂全面停产,Wind
465,2021-09-22,绿色能源与大宗商品月报(2021年9月)行业月报,新浪
466,2021-09-22,金融街下午茶2021年9月22日星期三,Wind
467,2021-09-22,涨停板解密：电力股现批量涨停！（9月22日）,Wind
468,2021-09-22,A股房地产逆风翻盘，情况有变？3大转机降临,Wind
469,2021-09-22,风电板块涨停潮之际，刚刚宣布大幅减持计划的金风科技一度跌超6% 拟减持股份,中国经济网
470,2021-09-22,国家能源局调研三峡能源甘肃省清水县分布式屋顶光伏示范项目,我的煤炭网
471,2021-09-22,超95万手封单封住涨停，2000亿三峡能源为何这么强？,搜狐
472,2021-09-22,A股资金流向（9月22日）：电力股全线爆发，“茅宁”成“牛夫人”,Wind
473,2021-09-22,A股收盘综述：电力股批量封板、神华兖煤涨停，一线地产股柳暗花明,Wind
474,2021-09-22,三峡能源2连板,Wind
475,2021-09-22,三峡能源午后触及涨停 成交额达100亿元,新浪
476,2021-09-22,A股主力净流入逾100亿、超跌高景气股票名单出炉,Wind
477,2021-09-22,A股午盘综述：指数下滑无碍炒作，电力煤炭板块飙升、地产否极泰来,Wind
478,2021-09-22,接棒锂电，多只风电股涨停，三峡能源大涨9%,证券之星
479,2021-09-22,A股早报2021年9月22日星期三,Wind
480,2021-09-21,公用事业周报：8月全社会总电量累计同比+13.8% 发改委印发《完善能源消费强度和总量双控制度方案》,新浪
481,2021-09-18,三峡能源VS节能风电～虽然9:3但是两家赚钱能力都非常强,深水财经社
482,2021-09-18,三峡能源VS豫能控股～还有谁想挑战三峡的？,深水财经社
483,2021-09-17,涨停板解密：三大板块个股纷纷受资金抢筹！（9月17日）,Wind
484,2021-09-17,电力行业发改委能源双控方案点评：可再生能源豁免 利好绿电交易及新能源运营商,新浪
485,2021-09-17,新兴能源行业：能耗双控政策出炉 绿电溢价再促新能源发展,新浪
486,2021-09-17,新一批“电改”在路上，新能源发电全面爆发,Wind
487,2021-09-17,A股资金流向（9月17日）：消费、资源跷跷板效应显著,Wind
488,2021-09-17,快讯：三峡能源涨停 报于6.62元,金融界
489,2021-09-17,次新股三峡能源尾盘涨停，主力净流入超20亿元,Wind
490,2021-09-17,三峡能源尾盘触及涨停，成交额超90亿元。,新浪
491,2021-09-17,正在积极推进绿电制氢的研究与应用，三峡能源首板,Wind
492,2021-09-17,“散户大本营”三峡能源盘中大涨 国信证券：海上风电的引领者,证券之星
493,2021-09-16,新能源、环保领域碳中和动态追踪(三十)：持续重点关注风电板块和新能源运营商,光大证券
494,2021-09-14,电力及公用事业行业：“上大压小”箭在弦上 风电运营商资源价值需重估,新浪
495,2021-09-13,大宗商品行业周报：绿色能源与大宗商品周报(2021年第19期),新浪
496,2021-09-13,三峡能源：可再生能源补贴款占应收账款余额比例较大，符合新能源行业特点,Wind
497,2021-09-13,三峡能源：公司目前在储能方面暂未产生营收,Wind
498,2021-09-13,三峡能源：正在积极推进绿电制氢的研究与应用,每日经济新闻
499,2021-09-13,三峡能源：公司目前在储能方面暂未产生营收,每日经济新闻
500,2021-09-13,环保与公用事业周报：绿电交易实现碳电联动 构建市场化长期机制,新浪
501,2021-09-13,公用事业行业：两部委推动绿电交易试点 《抽水蓄能中长期发展规划(2021-2035年)》印发实施,新浪
502,2021-09-11,70MW！三峡能源宁夏利通风电项目24台风机全部吊装完成,国际电力网
503,2021-09-11,三峡能源：与山西省长治市人民政府签订战略合作协议,Wind
504,2021-09-11,三峡能源：与山西省长治市人民政府签订战略合作协议,e公司
505,2021-09-10,三峡能源跌1.92% 海通证券高点唱多,中国经济网
506,2021-09-10,电气设备行业事件点评：绿色电力交易正式开启 利好风电光伏健康发展,新浪
507,2021-09-09,振华重工与三峡能源签署战略合作协议,国际船舶
508,2021-09-09,A股资金流向（9月9日）：资源股炒作进入高潮期，铜、黄金挖掘补涨,Wind
509,2021-09-09,公用事业行业2021年半年报总结：业绩整体稳健增长 新能源运营持续发力,新浪
510,2021-09-09,三峡能源与振华重工签署合作协议 推动国内深远海开发技术发展,北极星电力
511,2021-09-08,电力股掀涨停潮，绿电交易开启，百亿规模利好新能源运营商,第一财经
512,2021-09-07,每日理财观察：证监会研究推出进一步扩大开放举措,Wind
513,2021-09-06,A股资金流向（9月6日）：消费、金融齐发力，创业板龙头获抢筹,Wind
514,2021-09-06,A股早报2021年9月6日星期一,Wind
515,2021-09-06,44万亿资金激烈搏杀，支撑A股持续爆量四大推手曝光,Wind
516,2021-09-05,环保公用行业周报：碳中和重塑电力行业格局 电价调整吹响A股电力价值重估号角,新浪
517,2021-09-04,环保公用行业2021年中报总结：21Q2板块基金持仓环比-0.17PCT 新能源发电板块领涨,新浪
518,2021-09-03,A股资金流向（9月3日）：多空厮杀激烈，锂电上游龙头“跌落神坛”,Wind
519,2021-09-03,解盘：白马撑大盘，风电、生物育种、白酒、仿制药略涨,Wind
520,2021-09-03,风电现涨停潮！年初至今风机招标同比大增168% 产业链名单来了,和讯
521,2021-09-03,三峡能源冲击涨停，广大散户们解套有望？,证券之星
522,2021-09-03,【异动股】电力行业板块拉升，华电国际(600027.CN)涨10.07%,财华社
523,2021-09-03,电力板块全线发力,Wind
524,2021-09-03,A股早报2021年9月3日星期五,Wind
525,2021-09-03,每日理财观察：北京证券交易所来了,Wind
526,2021-09-03,格力电器抄底回购，越抄越低；风电涨停潮，这只股被券商“强烈推荐”,Wind
527,2021-09-03,新能源运营行业点评：风光水火储一体化大基地或为下阶段新能源开发重点,新浪
528,2021-09-02,成交额连续32个交易日破万亿，部分热门赛道交易或过于拥挤,第一财经
529,2021-09-02,A股资金流向（9月2日）：新能源风云再起，风电板块抢得“C位”,Wind
530,2021-09-02,平安证券：上调三峡能源(600905.SH)评级至“强烈推荐” 目标价7.25元,智通财经
531,2021-09-02,动力源：公司储能产品光储一体机与PCS产品尚处于推广初期，业务量较小,Wind
532,2021-09-02,平安证券上调三峡能源评级至强烈推荐：从水电到风光，从江河到海洋，目标价格为7.25元,每日经济新闻
533,2021-09-02,三峡能源与葛洲坝电力座谈 深化光伏等新能源项目合作,北极星电力
534,2021-09-01,三峡能源(600905)深度报告：从水电到风光 从江河到海洋,新浪
535,2021-08-31,逾700家上市公司上半年炒493只A股：哪些亏损，哪些赚钱？,第一财经
536,2021-08-31,西部证券给予三峡能源买入评级，21年半年报点评：21H1 发电量快速增长，盈利能力有望持续提升,每日经济新闻
537,2021-08-31,兴业证券：首予三峡能源(600905.SH)“增持”评级 装机高增引领业绩弹性释放,智通财经
538,2021-08-30,申万宏源：维持三峡能源(600905.SH)“增持”评级 上市后首份中报亮眼 半年度分红超预期,智通财经
539,2021-08-30,三峡能源：庆云储能电站预计9月1日举行开工典礼，年底并网,Wind
540,2021-08-30,三峡能源：截至2020年底陆上风电装机为754.15万千瓦,Wind
541,2021-08-30,三峡能源：公司正在积极推进储能技术、绿电制氢的研究与应用,财联社
542,2021-08-29,公用事业周报：发改委鼓励电解铝企业提高新能源电源利用水平 7月天然气进口量同比+27.0%,新浪
543,2021-08-28,“千亿顶流”张坤隐形重仓股来了！,Wind
544,2021-08-27,三峡能源(600905)：产能投放成本管控得当 公司业绩迎阶梯式跃升,新浪
545,2021-08-27,三峡能源2021年上半年实现净利32.74亿元 同比上涨57.55%,电缆网
546,2021-08-27,三峡能源：截至6月底 光伏累计装机容量6.8GW,北极星电力
547,2021-08-26,三峡能源：上半年净利同比增长57.55% 拟10派0.379元,中证网
548,2021-08-26,三峡能源(600905.SH)2021年半年度权益分派拟每10股派0.379元,智通财经
549,2021-08-26,三峡能源：2021年半年度净利润约32.74亿元，同比增加57.55%,每日经济新闻
550,2021-08-26,三峡能源(600905.SH)半年度净利润32.74亿元 同比增长57.55%,格隆汇
551,2021-08-26,三峡能源(600905.SH)半年度归母净利同比增长57.55%至32.74亿元,智通财经
552,2021-08-26,三峡能源半年报：上半年净利同比增58% 拟10派0.379元,财联社
553,2021-08-26,三峡能源：上半年净利32.74亿元 同比增长58%,财联社
554,2021-08-26,三峡能源：上半年净利润同比增长57.55%,Wind
555,2021-08-26,电力行业：火电运营商的新能源转型引领价值重估：沉舟侧畔千帆过 病树前头万木春,新浪
556,2021-08-18,三峡能源首个境外新能源投资项目完成股权交割,e公司
557,2021-08-17,三峡能源：目前公司已开展多元化储能,Wind
558,2021-08-17,A股早报2021年8月17日星期二,Wind
559,2021-08-16,三峡能源：公司正在积极推进储能技术、绿电制氢的研究与应用,每日经济新闻
560,2021-08-16,A股资金流向（8月16日）：资金大幅出逃锂电产业链,Wind
561,2021-08-16,华泰证券：首予三峡能源(600905.SH)“买入”评级 目标价7.11元,智通财经
562,2021-08-16,三峡集团2020年度全国风电项目运行对标排名及优胜项目数量双提升,国际电力网
563,2021-08-16,三峡能源：公司有入选标杆企业名单,Wind
564,2021-08-16,三峡能源：最近一周，公司有3个项目纳入补贴清单,Wind
565,2021-08-15,公用事业周报：七月用电量同比高增12.8% 国家鼓励可再生能源企业增强调峰或储能能力,新浪
566,2021-08-13,8600万元！中国电信新股弃购怎么那么多？,Wind
567,2021-08-11,史上最豪华战配天团！国家大基金出手，华为砸下10亿,Wind
568,2021-08-10,三峡能源280亿投资，广东韶关将打造最大清洁能源基地,证券之星
569,2021-08-10,碳中和系列报告――电力篇(二)：“3060”添翼、平价上网筑基 重塑新能源运营商,新浪
570,2021-08-09,投资280亿！三峡能源牵手韶关打造粤北最大清洁能源产业基地,北极星电力
571,2021-08-09,央视“对话”2021瓯江峰会：新型电力系统进行时 助力“双碳”目标向未来,新浪
572,2021-08-09,史上最容易中签新股来了，顶格申购或中46签！,Wind
573,2021-08-08,2021年8月9日涨停板早知道：七大利好有望发酵,新浪
574,2021-08-08,A股将迎史上第五大IPO！还有“一签十万”大肉签,Wind
575,2021-08-08,公用事业周报：8月云南省内交易电价同比+1分 国内首个天然气制氢加氢一体站试运行,新浪
576,2021-08-08,三峡能源(600905)：能源变革时代机遇 风光三峡鹏程万里,新浪
577,2021-08-08,环保公用行业周报：市场化交易电价全线上涨 未来电价有望进入上行通道,新浪
578,2021-08-07,三峡能源与韶关市签订项目投资合作协议,Wind
579,2021-08-07,三峡能源与韶关市签订项目投资合作协议,e公司
580,2021-08-06,中国电信融资超500亿，对股民发行量只有三峡能源一半，中签率会是多少,中国经济周刊
581,2021-08-06,三峡能源重庆彭水县200MW光伏项目成功备案,国际电力网
582,2021-08-05,"三峡能源：近期极端天气对公司已投运场站的电力生产总体而言基本无影响，仅河南一风电项目因受水灾影响，出于安全生产管理需要暂停发电，财产未受损失，正在恢复生产，对公司生产经营不构成重大影响
自然灾害",每日经济新闻
583,2021-08-05,三峡能源：全国碳市场第一阶段只纳入电力行业碳配额产品,每日经济新闻
584,2021-08-05,三峡能源：三陕水电、白鹤滩水电站与我司没有隶属关系,每日经济新闻
585,2021-08-05,三峡能源：目前国家主管部门尚未公布CCER项目审核工作重启安排,每日经济新闻
586,2021-08-05,三峡能源：计划8月27日披露半年报,每日经济新闻
587,2021-08-03,三峡能源与中国电建西北院座谈并签订战略合作协议,证券时报网
588,2021-08-02,2021第30周基金策略周报（网下打新基金收益）,东海通财富
589,2021-08-02,三峡能源河北康保100MW平价风电示范项目首台风机吊装成功,国际电力网
590,2021-08-02,新股周观察：本周新股表现活跃度增强 关注市场指数的修复行情,新浪
591,2021-08-02,全球首台抗台风型漂浮式海上风电机组建成,科技日报
592,2021-08-02,福能股份(600483)：坐拥台海优质风资源 海上风电龙头扬帆起航,新浪
593,2021-07-30,三峡能源与英利能源开展战略合作，涉及光伏产业等领域,证券时报网
594,2021-07-30,公用事业行业点评：分时电价机制优化 助力能源转型提速,新浪
595,2021-07-30,电力设备新能源2021年8月投资策略：政策叠加技术双利好 储能开辟广阔蓝海,新浪
596,2021-07-30,电力行业点评：分时电价削峰填谷 电网减负、储能加码,新浪
597,2021-07-28,新能源及储能产业观察系列之五：分布式光伏高歌猛进 陆上风电加速建设,新浪
598,2021-07-28,三峡能源：将根据全国碳市场推进的节奏积极参与国内碳交易,财联社
599,2021-07-28,三峡能源：公司参与的国家项目已通过验收，自建如东项目计划底调试并网,Wind
600,2021-07-28,全球首台抗台风型 漂浮式海上风电机组建成,中国科技网
601,2021-07-26,浙江新能：公司未持有三峡能源的股票,每日经济新闻
602,2021-07-26,追加捐赠300万元！三峡能源全力支持河南防汛救灾和灾后重建工作,证券时报网
603,2021-07-26,中国电建(601669)：十四五光伏风电装机量上涨5倍 电力运营高成长性被低估,新浪
604,2021-07-25,【安信环保公用邵琳琳团队】环保公用第二季度持仓分析：环保公用板块持仓0.52%，持仓向龙头企业聚焦,安信证券环保公用研究
605,2021-07-25,环保及公用事业行业周报：垃圾分类持续推进 关注分布式光伏发电,新浪
606,2021-07-24,中国电建深度：清洁能源运营业务价值再探究【招商建筑】,微信
607,2021-07-24,上半年各省电力负荷屡创新高，广东、江苏等负荷过亿,Wind
608,2021-07-23,2021Q2打新基金持仓和收益分析：二级市场回暖 大项目加持Q2打新收益,新浪
609,2021-07-23,电力行业6月电力数据月报：用电量增速略有放缓 水电转枯火核增发,新浪
610,2021-07-23,A股资金流向（7月23日）：市场情绪低迷，白酒、医药股遭大幅抛售,Wind
611,2021-07-23,三峡能源与山西朔州市签约 推进新能源和储能协同规模化发展,北极星电力
612,2021-07-23,多家在京上市公司支援河南抢险,证券日报
613,2021-07-22,2021年环保与公用事业行业中报前瞻：行业尽显多重属性 重点公司业绩突出,新浪
614,2021-07-22,上半年机构IPO战绩出炉！红杉、高瓴、腾讯位列前三,证券之星
615,2021-07-21,碳交易市场正式上线，哪些企业能够成为“卖炭翁”？,资本邦
616,2021-07-21,三峡能源“钱景”何在？,新浪
617,2021-07-21,三峡能源陕西铜川光伏项目入选联合国可持续发展目标实践行动优秀案例,北极星电力
618,2021-07-20,港股盘前必读：一笔1.32亿诉前财产保全引发恒大系股债双杀,Wind
619,2021-07-19,易方达基金付浩最新持仓，重仓三峡能源（易方达3年封闭运作战略配售灵活配置混合型基金(LOF)）,证券之星
620,2021-07-19,广发基金刘杰最新持仓，重仓三峡能源（广发中证500交易型开放式指数基金联接基金(LOF)）,证券之星
621,2021-07-19,绿色能源与大宗商品月报(2021年7月),新浪
622,2021-07-19,A股资金流向（7月19日）：资金避高就低，医药、白酒龙头重获资金青睐,Wind
623,2021-07-19,三峡能源：三峡如东柔性直流输电工程海上换流站完成安装,证券时报网
624,2021-07-19,又有10倍新股？更有创业板史上最低价股今日上市,Wind
625,2021-07-19,公用事业2021年中报业绩前瞻：煤电普遍承压 关注新能源高成长,新浪
626,2021-07-18,公用周报：6月全社会用电总量同比+9.8% 天然气产量同比+13.1%,新浪
627,2021-07-17,三峡能源：A股龙头新能源运营商,财富动力网
628,2021-07-16,三峡能源：三峡沙扒项目风机吊装容量突破百万千瓦,证券时报网
629,2021-07-16,碳交易市场正式上线，哪些企业能够成为“卖炭翁”？,资本邦
630,2021-07-15,兴论碳中和系列4：全国碳交易启动在即 碳资产影响力长期提升,新浪
631,2021-07-15,A股资金流向（7月15日）：白酒、金融获资金青睐，比亚迪连续遭大幅抛售,Wind
632,2021-07-15,三峡能源：公司已与吉林森工环境科技有限公司开展碳普惠方面的合作,Wind
633,2021-07-15,电企积极准备碳交易 成本压力助推企业低碳转型,证券日报
634,2021-07-14,平安证券首予三峡能源推荐评级：承载三峡改革期望，A股龙头新能源运营商,每日经济新闻
635,2021-07-14,全球首台漂浮式海上风电机组顺利安装 三峡能源助力高端装备升级,红周刊
636,2021-07-14,A股资金流向（7月14日）：新能源产业链集体退潮,Wind
637,2021-07-14,公用事业REITS专题(一)：公用事业与REITS 寻求最大交集,新浪
638,2021-07-14,中国风机开启深远海逐浪之旅：全球首台抗台风型漂浮式海上风电机组“落户”广东阳江,证券日报网
639,2021-07-14,三峡能源(600905)首次覆盖报告：承载三峡改革期望 A股龙头新能源运营商,新浪
640,2021-07-13,三峡能源漂浮式风电机组“三峡引领号”计划于2021年底投产,证券日报网
641,2021-07-13,主力动向｜97股主力买入超亿元！国轩高科、包钢股份、三峡能源、舍得酒业、五粮液位居前五！,上游新闻
642,2021-07-13,三峡能源与陕西商州签订分布式光伏项目合作协议,国际电力网
643,2021-07-13,财信证券电力行业2021年6月月度报告：关注业绩预增和碳交易市场带来的投资机会,财信证券研究
644,2021-07-12,环保与公用事业周报202107第2期：宽松环境下 坚定看好可变成本较低的水电和新能源,新浪
645,2021-07-12,【华安金工】新股上市首日流动性分析 ——“打新定期跟踪”系列之三十四,金工严选
646,2021-07-12,宁波东力：与三峡能源目前没有合作关系,每日经济新闻
647,2021-07-12,三峡能源与安徽省阜阳市签订战略合作协议,中国能源网china5e
648,2021-07-10,"今日能源看点：隆基股份拟向员工持股平台转让旗下隆基氢能9%股权！度电最高加价3分！河南110家钢铁水泥企业实施差别化电价！
资产异常",国际能源网
649,2021-07-09,三峡能源海上换流站正式发运 投产后电量将达24亿千瓦时/年,证券日报网
650,2021-07-09,三峡能源助力绿色冬奥,北极星电力
651,2021-07-09,三峡能源成交1666万手 市场预期“碳交易”再度回温,中国能源网china5e
652,2021-07-09,“三峡能源001”首秀成功！,北极星电力
653,2021-07-09,沪深股市6月IPO动态：医药生物企业频登科创板 6家双创公司实现超募,面包财经
654,2021-07-08,三峡能源：世界最大、亚洲首座海上换流站在江苏南通正式发运,证券时报网
655,2021-07-08,三峡能源与北京冬奥场馆达成3000万千瓦时的交易电量,格隆汇
656,2021-07-08,【热点零距离】碳排放权交易市场上线在即 三峡能源能迎来发展新契机吗？,财华社
657,2021-07-08,振华重工、三峡能源等联合打造的世界最大海上换流站今日发运,上证报
658,2021-07-08,预见2021：《2021年中国碳中和产业全景图谱》(附市场现状、竞争格局和发展趋势等),前瞻研究院
659,2021-07-08,预见2021：《2021年中国碳中和产业全景图谱》(附市场现状、竞争格局和发展趋势等),证券之星
660,2021-07-07,司布局抽水蓄能电站了吗？三峡能源：公司积极响应国家“3060”碳达峰碳中和目标，加速布局各类储能项目,每日经济新闻
661,2021-07-07,三峡能源：根据国家能源局整县（市、区）屋顶分布式光伏开发政策，公司正积极开展分布式光伏整县推进工作,每日经济新闻
662,2021-07-07,三峡能源：未投资环境交易所股权,每日经济新闻
663,2021-07-07,A股资金流向（7月7日）：新能源产业链强者恒强，龙头股获抢筹,Wind
664,2021-07-07,三峡能源(600905)：三峡集团新能源上市平台 风光三峡扬帆出海,新浪
665,2021-07-07,A股早报2021年7月7日星期三,Wind
666,2021-07-06,公用事业周报：前5月全国市场化累计交易电量同比+47.8% 华能水电2021H1业绩同比预增88%-108%,新浪
667,2021-07-06,金融街下午茶2021年7月6日星期二,Wind
668,2021-07-06,【焦点复盘】高位股大幅杀跌，指数探底回升，或是热点切换契机,财联社
669,2021-07-06,A股资金流向（7月6日）：超160亿元资金撤离医药、半导体行业,Wind
670,2021-07-06,公用事业行业-兴论碳中和系列3：海上风电 平价在途,新浪
671,2021-07-06,73只股涨停最大封单资金3.77亿元,证券时报网
672,2021-07-06,碳中和风口再起！散户大本营三峡能源逆势涨停,证券之星
673,2021-07-06,近端次新股三峡能源封住涨停，浙江新能冲板,Wind
674,2021-07-06,快讯：三峡能源午后触及涨停 成交额近90亿元,新浪
675,2021-07-06,三峡能源：三峡水利/三峡新材与我司没有隶属关系,每日经济新闻
676,2021-07-06,三峡能源：目前，累计获取资源超3000万千瓦，已投产项目遍及江苏、辽宁、福建、广东等沿海4个省份，装机规模超130万千瓦,每日经济新闻
677,2021-07-06,三峡能源与三一重能合作，共同推动“碳达峰、碳中和”,我的钢铁
678,2021-07-06,金山股份业绩延续下滑 半年报预亏3亿 预亏,财富动力网
679,2021-07-05,上半年 IPO 募资创近十年新高，广东领跑全国,ZAKER
680,2021-07-05,环保与公用事业行业周报202107第1期：看好电力配网设计服务 关注水电、新能源发电等防御板块,新浪
681,2021-07-05,【总量夜话会议纪要】牛市回调，还是趋势结束？,辰奥临君
682,2021-07-05,电改深化需求可期 机构称电力企业价值有望重估,新华网
683,2021-07-05,三一重能与三峡能源高层会谈,北极星电力
684,2021-07-05,次新市场周报：新股指数回调 科创板次新股表现领先,新浪
685,2021-07-03,三峡能源｜补贴退坡，风电走向大海，还能风光多久?,星空财富
686,2021-07-03,业绩可期机构布局金力永磁 物产中大传闻不断资金出逃,财富动力网
687,2021-07-03,上半年A股IPO企业245家，共募资2109.5亿元,Wind
688,2021-07-02,三峡能源上半年发电量创历史新高,Wind
689,2021-07-02,三峡能源上半年发电量创历史新高,证券时报网
690,2021-07-02,三峡能源(600905.SH)上半年累计总发电量163.28亿千瓦时同比增加44%,格隆汇
691,2021-07-02,五日龙虎榜追踪 机构抢筹这51股,证券之星
692,2021-07-01,最容易中签的新股来了，就在今天！风电“巨无霸”三峡能源登陆A股，将成年内最大规模IPO,21世纪经济报道
693,2021-07-01,三峡能源缘何受到市场追捧？,人民政协网
694,2021-07-01,增势平稳，上半年股权融资榜发布,Wind
695,2021-06-30,黑马频出，上半年中国上市企业市值500强揭晓,Wind
696,2021-06-30,285只股票本月获券商首次关注！这只股距目标价还有41%上涨空间,第一财经
697,2021-06-30,电力设备新能源中期投资策略暨7月月报：新能源繁花似锦 碳交易箭在弦上,新浪
698,2021-06-30,A股资金流向（6月30日）：低位芯片龙头股获青睐,Wind
699,2021-06-30,谁是上半年最牛新股？这12股上市首日暴涨超5倍！你有中吗,北京商报
700,2021-06-30,三峡能源：公司未投资环境交易所股权,Wind
701,2021-06-30,三峡能源：公司目前生产经营活动正常，内外部经营环境未发生重大变化，市场环境、行业政策未发生重大调整,每日经济新闻
702,2021-06-30,三峡能源：未投资环境交易所股权,每日经济新闻
703,2021-06-30,三峡能源：白鹤滩水电站与我司没有隶属关系,Wind
704,2021-06-30,上半年全球IPO募资同比增2倍，A股H股市场各有千秋,Wind
705,2021-06-29,合计募资2110亿 上半年新股数量大增106%,北京商报
706,2021-06-29,双一科技：公司与三峡能源无直接业务往来，三峡能源系公司下游客户的客户,每日经济新闻
707,2021-06-29,三峡能源与陕西神木市签订抽水蓄能项目开发协议,证券时报网
708,2021-06-29,三峡能源(600905)首次覆盖：新能源行业领军企业 碳中和助力未来发展,新浪
709,2021-06-29,三大股指回调，宁德时代总市值跃升为深市“一哥”,中新经纬
710,2021-06-29,上半年A股再添上市公司 年内245股圆梦A股,北京商报
711,2021-06-29,245股！上半年新股出齐 数量同比大增106% 合计募资2110亿元,北京商报
712,2021-06-29,机构重金扫货国轩高科 游资抄底三峡能源｜龙虎榜,第一财经
713,2021-06-29,“拉萨军团”昨日净卖出1.3亿元今日三峡能源大幅反弹,证券之星
714,2021-06-29,西部证券发布三峡能源研报，首次覆盖：新能源行业领军企业，碳中和助力未来发展,每日经济新闻
715,2021-06-29,风光储结合了！金风科技、三峡能源、阳光新能源等合资5亿成立新公司！,北极星电力
716,2021-06-29,三峡能源拉升涨逾7% 目前成交额近67亿元,新浪
717,2021-06-29,快讯：三峡能源拉升涨逾7%,财联社
718,2021-06-29,机构看中这些股 近五日大手笔净买入,证券之星
719,2021-06-28,三峡能源龙虎榜数据（6月28日）,Wind
720,2021-06-28,三峡能源再遭主力净卖1.6亿，森特股份上演机构高位板砸！,证券之星
721,2021-06-28,交易异动！三峡能源：近3个交易日下跌20.53%,每日经济新闻
722,2021-06-28,国轩高科放量涨停，机构、北向资金大幅扫货，出逃这些股（名单）,21世纪经济报道
723,2021-06-28,三峡能源(600905.SH)股价异动 不存在应披露而未披露信息,智通财经
724,2021-06-28,6月28日主力资金净流出313亿元,证券时报网
725,2021-06-28,A股资金流向（6月28日）：短线热门股遭资金抛售,Wind
726,2021-06-28,终于被炒崩，三峡能源大跌 散户“集中营”上演踩踏行情 连续下跌,证券之星
727,2021-06-28,三峡首艘海上风电安装平台交船！,北极星电力
728,2021-06-28,北京区域股市周报：新增1家上市公司 54家机构调研科蓝软件,每日经济新闻
729,2021-06-28,股债双牛继续,微信
730,2021-06-28,每经24点|广州市荔湾区白鹤洞街鹤园小区调整分级分类防控措施；黑龙江黑河一堤坝出现多处管涌，武警官兵紧急处置,每日经济新闻
731,2021-06-27,三峡能源与国网湖南电力签订战略合作框架协议,证券时报网
732,2021-06-27,又有大肉签！20倍大牛股的“兄弟”、600亿龙头的子公司都来了,中国基金报
733,2021-06-27,重新梳理风光发电的估值逻辑,雪球
734,2021-06-27,图解一周牛熊股：“金针菇蘸酱”5连板主力“出逃”三峡能源,财联社
735,2021-06-26,财经连连看丨股市周评：新股火爆行情显示市场进入活跃期,新民晚报
736,2021-06-26,上市首日暴涨10倍！新股火爆行情显示市场进入活跃期,新民晚报
737,2021-06-25,上半年A股IPO数量、筹资额双增，业内预计从严审核态势延续,Wind
738,2021-06-25,【每日收评】两市成交额连续6日破万亿！大金融集体爆发沪指收复3600点,财联社
739,2021-06-25,电力行业最大规模IPO！新能源发电巨头上市 风电&光伏迎来高速发展,上海有色
740,2021-06-25,牛市旗手暴拉，创业板重回3300！后市机会如何？,Wind
741,2021-06-25,三峡能源：符合条件的风电、光伏都可以开发成为碳减排项目，产生的碳减排量可用于碳中和,每日经济新闻
742,2021-06-25,三峡能源：三峡水电站与我司没有权属关系,每日经济新闻
743,2021-06-25,公司和三峡能源是否有合作？中元股份：目前公司暂未合作,每日经济新闻
744,2021-06-25,机构扫货帝科股份 游资博弈三峡能源｜龙虎榜,第一财经
745,2021-06-25,涨嗨！“牛市旗手”暴拉，创业板重回3300，“千亿机场茅”巨震9%，1600亿医美龙头创新高…后市机会如何？,证券时报
746,2021-06-25,散户“自相残杀”！三峡能源连续大跌机构：合理价格9元 连续下跌,证券之星
747,2021-06-25,三峡能源：新能源发电项目产生的碳减排量未来可在全国碳市场中进行交易,Wind
748,2021-06-25,光伏、新能源行业景气度持续向上，关注三条投资主线,中信建投固收家
749,2021-06-25,别看表面波澜不惊，万亿风口来临？277亿惨烈博弈，“巨无霸”上演“天地板”,和讯
750,2021-06-25,海通证券：建议重点关注金融股以及低位个股,第一财经
751,2021-06-25,睿财看市场：光伏发电获利好表现强势，鸿蒙、半导体等热点熄火,恒泰睿财
752,2021-06-25,游资、机构共同推动次新股行情,Wind
753,2021-06-24,277亿惨烈博弈，“巨无霸”上演“天地板”；万亿风口来临，这一板块掀涨停潮！,21世纪经济报道
754,2021-06-24,开盘5分钟上演天地板主力出逃这只股超50亿元,第一财经
755,2021-06-24,以怜悯之心关注一下大金融,格隆汇
756,2021-06-24,A股连续5个交易日成交超万亿元,大众证券报
757,2021-06-24,三峡能源终于被炒崩了！,格隆汇
758,2021-06-24,豫能控股：目前公司未与南网能源、三峡能源开展业务合作,每日经济新闻
759,2021-06-24,三峡能源5分钟上演天地板 多空近300亿资金惊魂博弈,上游新闻
760,2021-06-24,三峡能源龙虎榜数据（6月24日）,Wind
761,2021-06-24,【主力资金】超50亿大资金出逃碳中和热门股,证券时报网
762,2021-06-24,散户集中营狂买21.58亿，难逃大跌命运！,证券之星
763,2021-06-24,刺激！5分钟上演“天地板” ，发生了什么？,证券之星
764,2021-06-24,今日股市复盘总结 6月24日股市复盘行情,至诚财经
765,2021-06-24,最新龙虎榜动向：12.83亿资金抢筹三峡能源，2.24亿资金出逃天山铝业（名单）,21世纪经济报道
766,2021-06-24,6月24日龙虎榜解析：三峡能源净买入额最多，还有18只个股被机构扫货,每日经济新闻
767,2021-06-24,电气设备2021年中期投资策略报告：电驰早 风光好,新浪
768,2021-06-24,三峡能源天量成交近280亿元，散户多空混战,Wind
769,2021-06-24,【每日收评】成交超270亿！三峡能源全天巨震两市回调创业板指跌1.2%,财联社
770,2021-06-24,恒大股价直线拉升！两只千亿次新股崩了，白酒税率传大消息,Wind
771,2021-06-24,突发！中国恒大宣布还钱，股价直线拉升！,证券时报网
772,2021-06-24,突发！恒大重磅宣布，股价直线拉升！两只千亿次新股崩了，白酒税率突传大消息！海底捞狂跌2500亿，创始人张勇火了：我是不抱有希望的,中国基金报
773,2021-06-24,A股资金流向（6月24日）：资金暂离科技股，光伏、金融获流入,Wind
774,2021-06-24,A股收盘：科创50大跌约2% 三峡能源放量大跌8% 成交额近300亿 连续下跌,证券之星
775,2021-06-24,近20股涨停，市场空间有望达万亿，光伏建筑一体化概念为何如此火爆丨行业风口,第一财经
776,2021-06-24,“散户大本营”三峡能源放巨量大跌 还能翻身吗？ 连续下跌,证券之星
777,2021-06-24,李志林丨5连阳后获利回吐，市场风格转换明朗,中金在线
778,2021-06-24,A股收盘综述：科技股集体回调，市场连续5日成交破万亿,Wind
779,2021-06-24,巨震！超200亿成交，9天8板的清洁能源巨头上演“天地板”......国家放大招，光伏板块大爆发,每日经济新闻
780,2021-06-24,金风科技：公司为三峡新能源的风机设备和备品备件供应商,Wind
781,2021-06-24,刺激！超200亿成交、天地板……三峡能源巨震,上游新闻
782,2021-06-24,9天8板超级大牛股突然“天地板” 半日搏杀成交210亿,中证报
783,2021-06-24,5分钟上演“天地板”，10分钟成交额超百亿，这只次新股波动剧烈,中国证券网
784,2021-06-24,5分钟上演“天地板”，10分钟成交额超百亿，这只次新股波动剧烈,Wind
785,2021-06-24,国家放大招，光伏板块大爆发！半导体重挫,Wind
786,2021-06-24,满屏涨停！国家放大招，光伏板块大爆发！4500亿白马狂飙！半导体重挫，三峡能源差点被砸“天地板”！,中国基金报
787,2021-06-24,刺激！超200亿成交、天地板…三峡能源巨震；这个板块逆势狂掀涨停潮，发生了什么？,证券时报网
788,2021-06-24,三峡能源盘中上演“天地板”：半日成交超200亿历史上还有这些“爆量”股,财联社
789,2021-06-24,涨停到暴跌9%！罕见百亿资金疯狂搏杀，三峡能源差点“天地板”！机构离场散户狂欢？光伏又火了，这一板块狂飙9.4%! 连续下跌,e公司
790,2021-06-24,三峡能源(600905.SH)半日成交210亿元位居A股成交榜第一,格隆汇
791,2021-06-24,百亿资金对决，三峡能源上演天地板,华尔街见闻
792,2021-06-24,午评：科创50指数跌2%三峡能源半天成交210亿,财联社
793,2021-06-24,A股午盘综述：光伏板块掀涨停潮，芯片股集体回调,Wind
794,2021-06-24,全社会用电量继续增长，深圳再创历史新高,Wind
795,2021-06-24,新能源、环保领域碳中和动态追踪(十六)：规模化开发分布式光伏成未来趋势 需求加速放量全产业链将受益,光大证券
796,2021-06-24,新能源运营龙头三峡能源盘中出现天地板，海通证券给予优于大市的评级,证券之星
797,2021-06-24,惊呆了！这只蓝筹次新股开盘5分钟涨停变跌停，成交额已超140亿，发生了什么？,每日经济新闻
798,2021-06-24,"三峡能源盘中上演“天地板”,号称A股“募资王”,市值已超2200亿",AI财经社
799,2021-06-24,三峡能源打开涨停 盘中上演“天地板”,第一财经
800,2021-06-24,碳交易开张在即三峡能源空中加油五连板,证券导报
801,2021-06-24,快讯：三峡能源上演天地板,财联社
802,2021-06-24,【行情】三峡能源竞价涨停，盘中一度触及跌停,金十数据
803,2021-06-24,三峡能源早盘上演“天地板”，5分钟成交近80亿元,Wind
804,2021-06-24,光伏概念开盘拉升 鸿蒙概念走弱 三峡能源打开涨停,红周刊
805,2021-06-24,【行情】三峡能源打开涨停，股价一度打到平盘线上，目前成交额逼近50亿,金十数据
806,2021-06-24,中信证券：5月单月全社会用电量同比增长12.5%，继续维持高景气,证券时报网
807,2021-06-24,李泓灏：市场波动将加大,证券之星
808,2021-06-24,A股浮现6大信号，后市怎么走？,Wind
809,2021-06-24,最猛新股：首日升14倍!科技、次新热潮涌动,财富动力网
810,2021-06-23,全国碳交易市场开启在即，相关概念股起舞，风口来了？,新京报
811,2021-06-23,三峡能源龙虎榜数据（6月23日）,Wind
812,2021-06-23,三峡能源再度一字涨停9天8板，A股“募资王”如何进化为“人气王”？,21世纪经济报道
813,2021-06-23,今日股市复盘总结 6月23日股市复盘行情,至诚财经
814,2021-06-23,从不被看好到惊艳市场，三峡能源到底“牛”在哪？,中金在线
815,2021-06-23,快跑！机构开始看空这个板块了！,证券之星
816,2021-06-23,【焦点复盘】资金风险偏好回落，低位科技股补涨，短线调整预期上升,财联社
817,2021-06-23,金盘科技：目前我们公司有在三峡能源合作上提供配套产品,每日经济新闻
818,2021-06-23,最强新股一天涨14倍！李佳琦、薇娅公司也要上市？回应来了,Wind
819,2021-06-23,三峡能源(600905.SH)股价异动 不存在应披露而未披露的重大信息,智通财经
820,2021-06-23,【每日收评】创业板指重回3300点大关！两市成交额连续4日破万亿科技题材反复受追捧,财联社
821,2021-06-23,93只股涨停最大封单资金25.54亿元,证券时报网
822,2021-06-23,A股收盘综述：创业板指连升5日，泛科技持续“吸金”,Wind
823,2021-06-23,概念人气爆棚！ 逾360万手封单围堵龙头股，还有两股20%涨停,Wind
824,2021-06-23,概念人气爆棚！ 逾360万手封单围堵龙头股，还有两股20%涨停,中证报
825,2021-06-23,新股爆发？上市第1天疯涨10倍 更有2200亿巨头5涨停,证券时报
826,2021-06-23,A股罕见！上市第1天疯涨10倍，1签狂赚4.3万,Wind
827,2021-06-23,A股罕见！上市第1天直接疯涨10倍，1签狂赚4.3万！更有2200亿三峡能源5涨停，新股彻底爆发？,e公司
828,2021-06-23,【热股】碳中和板块早盘走强 三峡能源5连板 蓝晓科技涨20%,上海有色
829,2021-06-23,100MW！三峡能源在江西省首个渔光互补项目并网发电,国际电力网
830,2021-06-23,长青集团：公司目前与三峡能源未有业务往来,Wind
831,2021-06-23,次新股三峡能源(600905.SH)连续五日涨停市值逼近2300亿,格隆汇
832,2021-06-23,三峡能源开盘再度涨停 收获5连板,e公司
833,2021-06-23,三峡能源董事长王武斌拜访吉林省委常委、延边州委书记田锦尘,北极星电力
834,2021-06-23,上证指数高开0.06%，次新股持续活跃,Wind
835,2021-06-23,五日龙虎榜追踪 机构抢筹这45股,证券之星
836,2021-06-22,沪指收获四连阳，成交额连续3个交易日超万亿元——千亿大市值公司股价纷纷反弹,证券之星
837,2021-06-22,“三峡能源”带来的基金套利“机会”,新浪
838,2021-06-22,次新股再现狂欢 有人一度单日翻倍 也有人一天亏30%,中财网
839,2021-06-22,巨无霸也能“狂奔”，2000亿市值次新股涨停成交不到3亿元，股民不卖了？,财联社
840,2021-06-22,涨停复盘 | 三大指数齐涨 千亿次新三峡能源实现四连板,第一财经
841,2021-06-22,次新股燃爆了！铁建重工两度临停，三峡能源再获一字板,Wind
842,2021-06-22,次新股燃爆了：铁建重工盘中两度临停 三峡能源再获一字板,上证报
843,2021-06-22,涨得有点虚，小心情绪拐点！丨复盘论,第一财经
844,2021-06-22,【焦点复盘】题材股维持活跃，软件、芯片良性回调，LED能否成为下一个热点？,财联社
845,2021-06-22,市值2000亿次新股重新封板！15块见还是就值5块钱？,中投网
846,2021-06-22,今日股市复盘总结 6月22日股市复盘行情,至诚财经
847,2021-06-22,高善文最新演讲火了：A股未来10年会好得多！,Wind
848,2021-06-22,惊呆！2000亿次新股6涨停！张坤“踩雷”教育股，这基金倒数第二！高善文最新演讲火了：A股未来10年会好得多！,中国基金报
849,2021-06-22,【每日收评】三峡能源连续4日加速涨停，创造历史！近端次新表现抢眼N铁建重触及二次临停,财联社
850,2021-06-22,涨停复盘：“沾酒就涨”众兴菌业连续两日一字涨停，“人气王”三峡能源4连板，芯片股强者恒强,金融界
851,2021-06-22,是真是假？碳交易市场传来大消息（附概念股名单）,证券之星
852,2021-06-22,涨停股复盘：7股封单超亿元,证券时报网
853,2021-06-22,李志林丨石化银行股齐发力，大盘站上3530点,中金在线
854,2021-06-22,A股收盘综述：医药龙头午后爆发，采掘、银行全天强势,Wind
855,2021-06-22,2000亿巨无霸连续涨停！机构、游资罕见热捧，三峡能源破多项纪录,搜狐
856,2021-06-22,2000亿次新股重新封板！股民、游资、机构却吵翻了,Wind
857,2021-06-22,中石油猛涨30%！REITs上市第二天出现破发 连续下跌,中国基金报
858,2021-06-22,2600亿疫苗白马闪崩！两桶油狂拉，中石油涨30%,Wind
859,2021-06-22,"突发暴跌20%！监管出手，这类股票崩了！2600亿疫苗白马突然闪崩，两桶油却狂拉，中石油猛涨30%！东莞又一学生确诊，详情来了
连续下跌",中国基金报
860,2021-06-22,每日市场热点分析,新浪
861,2021-06-22,84只股上午收盘涨停(附股),证券时报网
862,2021-06-22,次新股三峡能源(600905.SH)连续四日涨停市值突破2000亿,格隆汇
863,2021-06-22,三峡能源4连板这些新股小伙伴也跟着涨嗨了,财联社
864,2021-06-22,解盘：资金再度流入，生物育种、挖掘机、锂电、稀土领涨,Wind
865,2021-06-22,A股午盘综述：沪弱深强格局扭转，银行、油服携手大涨,Wind
866,2021-06-22,10点快评：三峡能源引燃近端次新博弈情绪,财联社
867,2021-06-22,“人气王”三峡能源再度涨停，它会是今年最牛股吗？,证券之星
868,2021-06-22,三峡能源：6月启动的全国碳市场初期只纳入电力行业的碳配额产品,每日经济新闻
869,2021-06-22,三峡能源收获四连板 市值突破2000亿元,中证网
870,2021-06-22,快讯：近端次新走强三峡能源表现超预期,财联社
871,2021-06-22,三峡能源：自2006年一直参与国际和国内碳市场交易,e公司
872,2021-06-22,三峡能源一字涨停，迎来四连板，封单近300万手，市值突破2000亿。,新浪
873,2021-06-22,三峡能源开盘再度涨停，新股开板后收获4连板,Wind
874,2021-06-22,机构资金最近入驻这些股,证券之星
875,2021-06-21,“巨无霸”三峡能源再度涨停，市值逼近2000亿,搜狐
876,2021-06-21,今日股市复盘总结 6月21日股市复盘行情,至诚财经
877,2021-06-21,【焦点复盘】核心题材优势凸显双创组合成市场最大推动力,财联社
878,2021-06-21,涨停复盘 | 创业板指涨近1% 涨停股升至70只,第一财经
879,2021-06-21,涨停股复盘：6股封单超亿元,证券时报网
880,2021-06-21,风从海上来 | 走进国内首个商业化运营海上风电场,北极星电力
881,2021-06-21,人气板块及个股点评,财联社
882,2021-06-21,【华安金工】寻找红利低波型打新固收+产品——“打新定期跟踪”系列之三十一,金工严选
883,2021-06-21,A股收盘综述：军工、科技热度不减，权重股继续低迷,Wind
884,2021-06-21,监管出手，2000亿巨头突然崩了！多只白酒股跳水,Wind
885,2021-06-21,76只股上午收盘涨停(附股),证券时报网
886,2021-06-21,快讯：电力股异动拉升 京运通、三峡能源涨停,新浪
887,2021-06-21,三峡能源一字涨停，封单超170万手,Wind
888,2021-06-21,快讯：三峡能源能源涨停开盘,财联社
889,2021-06-21,三峡能源与辽宁阜新市签署源网荷储项目合作框架协议,北极星电力
890,2021-06-21,结构性调整行情延续 科技股表现强势,财富动力网
891,2021-06-20,金风科技：7.31亿元转让哈密鑫天股权 资产异常,Wind
892,2021-06-20,章盟主卖飞三峡能源买入这2只科技股，方新侠做T士兰微丨6.18龙虎榜,第一财经
893,2021-06-19,千亿东鹏饮料开启疯狂模式 鸿蒙概念股思特奇上涨乏力,财富动力网
894,2021-06-19,彻底火了!机构扫货净买10股 东鹏饮料成为资金最爱,财富动力网
895,2021-06-19,永太科技补涨机构齐抄底 方新侠2.5亿加仓士兰微,财富动力网
896,2021-06-18,德勤：A股上半年IPO发行数量为历史同期最高,第一财经
897,2021-06-18,交易异动！三峡能源：近3个交易日上涨29.87%，无未披露的重大信息,每日经济新闻
898,2021-06-18,龙虎榜机构疯狂出货16亿，2400亿科技龙头韦尔股份怎么了？,中金在线
899,2021-06-18,机构今日买入这13股，卖出韦尔股份6.17亿元丨龙虎榜,第一财经
900,2021-06-18,获资金抢筹后股价两连板 三峡能源近期回答了投资者的这些问题,21世纪经济报道
901,2021-06-18,【每日收评】半导体指数再创历史新高新能源车产业链掀涨停潮,财联社
902,2021-06-18,A股收盘综述：沪弱深强态势明显，新能源产业链强势反包,Wind
903,2021-06-18,三峡能源：公司新能源发电板块毛利率较同行的太阳能公司偏低，可能是由于同行业太阳能公司光伏组件制造业务影响所致,每日经济新闻
904,2021-06-18,55只股上午收盘涨停(附股),证券时报网
905,2021-06-18,A股午盘综述：芯片板块保持热度，金融、周期股持续下探,Wind
906,2021-06-18,A股早报2021年6月18日星期五,Wind
907,2021-06-18,戏说新股中签里那些不为人知的“小坏事”，中不到大肉签算一个,中财网
908,2021-06-18,半导体突涨机构趁机抛售 游资齐买三峡能源抢占主动,财富动力网
909,2021-06-17,6月17日主力资金净流出58亿元,证券时报网
910,2021-06-17,22股特大单净流入资金超2亿元,证券时报网
911,2021-06-17,四大游资“接盘”三峡能源，作手新一主封聚灿光电丨6.17龙虎榜,第一财经
912,2021-06-17,股市大涨太热闹，这只防御性股票成了最锋利的矛？,星空财富
913,2021-06-17,环保与公用事业周报202106第1期：2021年新能源上网不竞价 推荐运营龙头,新浪
914,2021-06-17,三峡能源龙虎榜数据（6月17日）,Wind
915,2021-06-17,A股资金流向（6月17日）：芯片板块疯狂“吸金”，龙头股获抢筹,Wind
916,2021-06-17,李志林丨美联储议息明朗，大盘缩量弱反弹,中金在线
917,2021-06-17,77只股涨停最大封单资金11.56亿元,证券时报网
918,2021-06-17,机构和游资重金抢筹近端次新股｜龙虎榜,第一财经
919,2021-06-17,次新股三峡能源封涨停 换手率达18%,新浪
920,2021-06-17,三峡能源：公司已有多个注册成功的碳减排项目,每日经济新闻
921,2021-06-17,【看新股】“募资王”三峡能源登陆A股市值超千亿元 补贴款占营收比较高仍需关注,面包财经
922,2021-06-17,机构看中这些股 近五日大手笔净买入,证券之星
923,2021-06-17,A股早报2021年6月17日星期四,Wind
924,2021-06-17,“募资王”三峡能源登陆A股市值超千亿元 补贴款占营收比较高仍需关注,面包财经
925,2021-06-16,拉萨军团格局三峡能源，东鹏饮料明天冲击一签二十万？丨6.16龙虎榜,第一财经
926,2021-06-16,每经19点|重庆禁止公办普通高中招收复读生；微软宣布2025年终止支持Windows 10；药明康德：上海瀛翊遭证监会立案调查,每日经济新闻
927,2021-06-16,A股全线飘绿，创业板指跌超4％，资金逆市抢筹三峡能源等股（附名单） 连续下跌,21世纪经济报道
928,2021-06-16,6月16日龙虎榜解析：三峡能源净买入额最多，还有27只个股被机构扫货,每日经济新闻
929,2021-06-16,三峡能源日振幅达16.55% 一机构买入3.69亿元,e公司
930,2021-06-16,东鹏饮料、三峡能源逆势大涨，机构大手笔买入,Wind
931,2021-06-16,A股资金流向（6月16日）：资金大幅撤离新能源产业链龙头,Wind
932,2021-06-16,2021年新能源上网电价政策点评：新建项目电价好于预期 推荐新能源运营龙头,新浪
933,2021-06-16,机构扫货国民技术 游资建仓三峡能源｜龙虎榜,第一财经
934,2021-06-16,A股早报2021年6月16日星期三,Wind
935,2021-06-15,两极分化！特饮新贵十三连板已成16万大肉签，游资同日跑步入场抢筹天地板次新股,财联社
936,2021-06-15,两极分化：特饮新贵东鹏饮料一签怒赚16万元 游资抢筹天地板次新股,财联社
937,2021-06-15,三峡能源(600905.SH)股价异动 不存在应披露而未披露的重大信息,智通财经
938,2021-06-15,三峡能源龙虎榜数据（6月15日）,Wind
939,2021-06-15,最新龙虎榜动向：1.23亿资金抢筹三峡能源，1.49亿资金出逃海南椰岛,21世纪经济报道
940,2021-06-15,两市缩量震荡！三峡能源今日开板，被四机构净卖出6.74亿元,证券时报
941,2021-06-15,机构今日买入这16股，卖出三峡能源6.74亿元丨龙虎榜,第一财经
942,2021-06-15,【华安金工】寻找防御型打新固收+产品 ——“打新定期跟踪”系列之三十,金工严选
943,2021-06-15,A股资金流向（6月15日）：主板两只新股疯狂“吸金”,Wind
944,2021-06-15,三峡能源(600905.SH)上市第三日盘中涨停板一度被打开成交额放大至164亿元,格隆汇
945,2021-06-15,67只股涨停最大封单资金28.23亿元,证券时报网
946,2021-06-15,李志林丨三峡能源吸血160亿，大盘跳水刺破五周线,中金在线
947,2021-06-15,A股收盘综述：金融、周期全线下挫，科技类题材逆势走强,Wind
948,2021-06-15,47只股上午收盘涨停(附股),证券时报网
949,2021-06-15,A股午盘综述：上证指数下跌0.9%；金融、资源股全线走低,Wind
950,2021-06-15,三峡能源早盘成交额突破150亿元，高居两市榜首,Wind
951,2021-06-15,三峡能源打开涨停，换手近15%，成交超47亿。,新浪
952,2021-06-15,风电巨头三峡能源上市第三日打开涨停板,Wind
953,2021-06-15,31股获券商买入评级，奇安信-U目标涨幅达88.65%,Wind
954,2021-06-12,一年卖出3.6亿只粽子！百年老字号冲击“粽子第一股”；滴滴正式启动美股上市进程，最新估值或超950亿美元|IPO周报,创业邦
955,2021-06-12,券商首次关注5股并给予买入评级（6月12日）,Wind
956,2021-06-11,三峡能源(600905)：电力行业最大规模IPO 风光三峡厚积薄发,新浪
957,2021-06-11,东北证券给予三峡能源买入评级：电力行业最大规模IPO，风光三峡厚积薄发,每日经济新闻
958,2021-06-11,88只股涨停最大封单资金49.35亿元,证券时报网
959,2021-06-11,东北证券：三峡能源（600905.SH）电力行业最大规模IPO，首予“买入”评级,智通财经
960,2021-06-11,解盘：能源股活跃，华为鸿蒙、铁矿石、光伏、碳中和领涨,Wind
961,2021-06-11,三峡能源(600905.SH)上市次日涨停 成A股市值最高新能源公司,格隆汇
962,2021-06-11,三峡能源上市次日继续涨停,Wind
963,2021-06-11,新能源、环保领域碳中和动态追踪(十三)：CCER的供需及纳入交易概率解析,光大证券
964,2021-06-11,A股早报2021年6月11日星期五,Wind
965,2021-06-11,“巨无霸”三峡能源登陆A股市值突破1000亿元,中证报
966,2021-06-11,三峡能源：风光并举，海陆共进，千亿级风光电力企业上市,Wind
967,2021-06-11,市值1200亿！三峡能源登陆A股，创中国电力行业史上最大规模IPO,21商评网
968,2021-06-10,三峡能源登陆A股将为绿色低碳发展贡献更大力量,搜狐
969,2021-06-10,三峡能源龙虎榜数据（6月10日）,Wind
970,2021-06-10,A股迎电力行业史上最大IPO，三峡能源上市首日大涨44%,21世纪经济报道
971,2021-06-10,A股再现千亿新能源巨无霸：三峡能源200亿募资为何押注海上风电？,21世纪经济报道
972,2021-06-10,金风科技(02208.HK)：股东三峡能源6月10日在上交所正式挂牌上市,格隆汇
973,2021-06-10,金风科技(002202.SZ)：股东三峡能源今日正式登陆上交所,格隆汇
974,2021-06-10,三峡能源：风光并举，海陆共进，千亿级风光电力企业上市,证券时报网
975,2021-06-10,三峡能源今日上市交易 首日达到44%的涨停上限,证券时报网
976,2021-06-10,巨无霸三峡能源鸣锣上市，A股市值最高新能源上市公司诞生,澎湃新闻
977,2021-06-10,能源快讯 | 三峡能源正式登陆A股，首日大涨44.15%，市值破千亿,财经网
978,2021-06-10,三峡能源首日换手2.26% IPO募227亿四券商赚1.89亿,中国经济网
979,2021-06-10,开盘3.18元，市值超千亿！三峡能源上市首日大涨44.15%,国际能源网
980,2021-06-10,三峡能源正式登陆A股 成A股市值最高新能源上市公司,证券时报
981,2021-06-10,大超预期？电力“巨无霸”来了 首日大涨44%！中签率高达1.28% 打新族稳稳的幸福？,券商中国
982,2021-06-10,三峡能源今日正式登陆沪市主板 上市首日市值破千亿元,上证报
983,2021-06-10,发行价2.65元/股！三峡能源今日正式上市！,北极星电力
984,2021-06-10,中国电力行业史上最大规模IPO 三峡能源正式登陆A股,经济日报
985,2021-06-10,三峡能源宁夏利通70MW风电项目首台风机吊装完成,国际电力网
986,2021-06-10,三峡能源今日上市，满格涨44%,Wind
987,2021-06-10,三峡能源今日上市！A股最大风电运营商将诞生,北极星电力
988,2021-06-10,今日上市：三峡能源,中国经济网
989,2021-06-10,三峡能源股票将于今日9:00上海证券交易所上市,索比光伏网
990,2021-06-10,曹仁贤：从“三峡”到“戈壁” 从“备用”到“双碳”,中国能源网china5e
991,2021-06-10,6月10日新股提示：气派科技等申购 三峡能源上市 金冠电气等等中签号出炉 铁建重工等公布中签率,上证报
992,2021-06-10,三峡能源今日上市 发行价格2.65元/股,上证报
993,2021-06-10,N三峡：券商定位区间均值为3.41-3.82元,Wind
994,2021-06-10,新股发行与上市一览（6月10日）,Wind
995,2021-06-10,东北证券【新股】6月10日华菱线缆、扬电科技等申购，三峡能源上市,东北证券金融世界
996,2021-06-10,A股IPO动态：三峡能源(600905.SH)今日上市,格隆汇
997,2021-06-09,突发！中国恒大宣布还钱，股价直线拉升！,证券之星
998,2021-06-09,万联证券发布三峡能源研报，首次覆盖：三峡能源：“风光”新能源发电巨头，目标价3.6元,每日经济新闻
999,2021-06-09,万联证券：三峡能源（600905.SH）“风光”新能源发电巨头,智通财经
1000,2021-06-09,碳交易大消息，概念龙头却开盘跌停，发生了什么？,Wind
1001,2021-06-09,碳交易大消息，概念龙头却开盘跌停，发生了什么？草甘膦景气十年一遇，龙头频创新高（附股）,e公司
1002,2021-06-09,新股大爆发！刚有一签赚14万，今天或见10万大肉签,Wind
1003,2021-06-09,新股发行与上市一览（6月9日）,Wind
1004,2021-06-09,中泰证券：“十四五”为实现碳达峰关键阶段，为环保公用板块带来极佳投资机遇,证券时报网
1005,2021-06-08,三峡能源：6月10日在上交所上市，股票代码600905,每日经济新闻
1006,2021-06-08,三峡能源(600905.SH)：将于6月10日在上交所上市,格隆汇
1007,2021-06-08,海外信用评级汇总2021年6月8日星期二,Wind
1008,2021-06-08,标普：三峡能源上市对三峡集团信用影响正面,Wind
1009,2021-06-08,前5月IPO累计募资达1821亿元 巨无霸三峡能源成今年以来“募资王”,青岛财经日报
1010,2021-06-08,2021年下半年环保公用行业低碳投资策略：碳中和浪潮时势渐成 把握发展机遇期,新浪
1011,2021-06-07,【华安金工】年内最大新股三峡能源等待上市 ——“打新定期跟踪”系列之二十九,金工严选
1012,2021-06-07,天天能打新，本周15只新股密集启动申购,北京日报
1013,2021-06-07,本周15只新股申购，有两次高中签机会！,Wind
1014,2021-06-07,三峡能源(600905)：打造A股最大风电光伏运营商,新浪
1015,2021-06-06,东鹏饮料冲击一签赚十万，易中签新股又来了！,Wind
1016,2021-06-06,一签赚十万，“功能饮料第一股”还差3个板！下周，容易中签的新股又来了,中证报
1017,2021-06-05,史上最大SPAC！环球音乐即将完成分拆上市，估值高达400亿美元；巨无霸三峡能源成今年募资王；A股功能饮料第一股上市|IPO周报,创业邦
1018,2021-06-04,三峡能源首募227亿成电力股龙头，“基金一哥”张坤3只产品买入,中国经济周刊
1019,2021-06-03,三峡能源王武斌：推进山东滨州市风电、光伏发电等项目建设,证券时报网
1020,2021-06-03,三峡能源(600905.SH)：遭弃购约1991.61万股由联席主承销商包销,格隆汇
1021,2021-06-02,三峡能源5月发电量创历史新高，同比增47%,证券时报网
1022,2021-06-02,625.45万号中签，募资227亿元，三峡能源或成今年A股最大规模IPO,网易
1023,2021-06-02,中国电力行业史上最大规模IPO申购完成！三峡能源A股整体申购规模近1.3万亿,索比光伏网
1024,2021-06-02,6月2日新股提示：科汇股份等申购 欢乐家等上市 三峡能源等中签号出炉 博力威公布中签率,上证报
1025,2021-06-01,三峡能源(600905.SH)IPO网上中签结果出炉：中签号共625.4514万个,格隆汇
1026,2021-06-01,今年A股最大规模IPO！中国电力史上最大IPO！三峡能源申购近1.3万亿元|IPO见闻,华尔街见闻
1027,2021-06-01,三峡能源中签号出炉 共625.45万个,e公司
1028,2021-06-01,电力史上最大IPO三峡能源申购近1.3万亿 中签结果即将公布,新浪
1029,2021-06-01,【天风Morning Call】晨会集萃20210601,天风研究
1030,2021-06-01,6月1日新股提示：博力威申购 江苏博云等上市 皓元医药等中签号出炉 三峡能源等公布中签率,上证报
1031,2021-06-01,年内A股IPO累计募资1821.25亿,Wind
1032,2021-06-01,前5月IPO累计募资达1821.25亿元，巨无霸三峡能源成今年以来“募资王”,Wind
1033,2021-05-31,三峡能源：网上发行中签率为1.28314731%,每日经济新闻
1034,2021-05-31,年内IPO累计募资达1821.25亿元 巨无霸三峡能源成年内“募资王”,21世纪经济报道
1035,2021-05-31,三峡能源(600905.SH)回拨后网上发行最终中签率为1.2831%,智通财经
1036,2021-05-31,三峡能源(730905)申购指南 三峡能源缴费及上市日期时间,至诚财经
1037,2021-05-31,最容易中签的新股来了：三峡能源登陆A股 将成年内最大规模IPO,21世纪经济报道
1038,2021-05-31,财华盘点|“千亿市值”新能源概念股大汇总！总有“一款”适合你？,财华社
1039,2021-05-31,最容易中签新股，顶格申购或中30签，但需要2500万市值,每日经济新闻
1040,2021-05-31,三峡能源即将上市！技术、资金打造企业护城河 业绩与估值戴维斯双击值得期待,中国基金报
1041,2021-05-31,每经IPO周报第13期|上会企业“8过7”，“蚊子肉”三峡能源还看得上吗,每日经济新闻
1042,2021-05-31,顶格或中30签！5年来最容易中签的新股来了,证券时报
1043,2021-05-31,2.65元/股，三峡能源明日申购！,世纪新能源
1044,2021-05-31,三峡能源与彩虹集团座谈 就光伏产业、新型材料等展开交流,北极星电力
1045,2021-05-31,今年最易中签新股或来临！风电“巨无霸”三峡能源中签率预计超1%,资本邦
1046,2021-05-31,新股日历丨今日新股申购：三峡能源 & 绿田机械,国融证券资讯
1047,2021-05-31,今日申购：绿田机械、三峡能源,中国经济网
1048,2021-05-31,【新股】绿田机械、三峡能源今日发行,国信证券证券金融事业部
1049,2021-05-31,A股早报2021年5月31日星期一,Wind
1050,2021-05-31,本周9只新股申购，今年最容易中签的新股周一发行，爱玛电动车也来了,金融界
1051,2021-05-31,5月31日新股提示：三峡能源等申购 爱慕股份上市 欧林生物等中签号出炉 皓元医药等公布中签率,上证报
1052,2021-05-31,三峡能源今日申购 顶格申购需配市值2571万元,上证报
1053,2021-05-31,今年最容易中签的新股来了！就在今天，别忘记申购,Wind
1054,2021-05-31,新股发行与上市一览（5月31日）,Wind
1055,2021-05-31,东北证券【新股】5月31日三峡能源、绿田机械申购，爱慕股份、晶科转债上市,东北证券金融世界
1056,2021-05-31,最容易中签新股来了，三峡能源等两股今日申购,Wind
1057,2021-05-31,新股提示：三峡能源、绿田机械今日申购,e公司
1058,2021-05-31,陆家嘴财经早餐2021年5月31日星期一,Wind
1059,2021-05-31,最容易中签新股来了 顶格申购或中20多签,中新经纬
1060,2021-05-31,最容易中签新股来了，就在今天！,中国基金报
1061,2021-05-30,就在明天！今年最容易中签的新股来了,中证报
1062,2021-05-30,三峡能源有望为参与打新的投资者创造近年来的最高中签机会,新浪
1063,2021-05-30,去年大热门板块批量“上新” 还有周杰伦代言的爱玛科技也要发行,新浪
1064,2021-05-30,【安信中小盘】三峡能源、绿田机械-次新股资讯0530,AX中小盘研究
1065,2021-05-30,新能源巨头三峡能源将募资227亿年内A股最大IPO来袭?,新浪
1066,2021-05-30,近年来最高中签机会来了！明日申购别错过,Wind
1067,2021-05-30,【新股信息】5月31日 三峡能源（600905）、绿田机械（605259） 新股申购,银河股票资讯
1068,2021-05-30,本周操盘攻略：这个重磅数据将公布，人民币升值预期助推A股回归上升通道,Wind
1069,2021-05-28,三峡能源：发行价格为2.65元/股，5月31日网上、网下申购,每日经济新闻
1070,2021-05-28,重磅会议罕见示警！外资突然加速扫货！,国元证券订阅号
1071,2021-05-28,下周9只新股发行预计募资282.15亿元,Wind
1072,2021-05-28,新股发行与上市一览（5月28日）,Wind
1073,2021-05-28,三峡能源(600905.SH)IPO定价2.65元/股 5月31日开启申购,智通财经
1074,2021-05-27,新股排查丨三峡能源业绩提速，但应收账款规模较大,21世纪经济报道
1075,2021-05-27,新股发行与上市一览（5月27日）,Wind
1076,2021-05-26,三峡能源(600905.SH)：网上路演时间5月28日9:00-12:00,格隆汇
1077,2021-05-26,新股发行与上市一览（5月26日）,Wind
1078,2021-05-25,新股发行与上市一览（5月25日）,Wind
1079,2021-05-24,总投资50亿！三峡能源与湖南花垣县签订1GW光伏项目合作框架协议,北极星电力
1080,2021-05-24,新股发行与上市一览（5月24日）,Wind
1081,2021-05-20,三峡能源与山东龙马集团座谈 加快新能源开发等合作,北极星电力
1082,2021-05-20,新股发行与上市一览（5月20日）,Wind
1083,2021-05-19,新股发行与上市一览（5月19日）,Wind
1084,2021-05-18,中国三峡新能源集团：董事长变更为王武斌 董监高成员变化,Wind
1085,2021-05-18,新股发行与上市一览（5月18日）,Wind
1086,2021-05-17,新股发行与上市一览（5月17日）,Wind
1087,2021-05-13,嗨 请叫我三峡能源,北极星电力
1088,2021-05-13,新股发行与上市一览（5月13日）,Wind
1089,2021-05-12,中国短期融资券及中期票据信用分析周报,新浪
1090,2021-05-12,三峡新能源接连走访金风科技、运达股份！,中国能源网china5e
1091,2021-05-12,新股发行与上市一览（5月12日）,Wind
1092,2021-05-11,中国三峡新能源：调整“21三峡新能GN002”簿记建档利率区间,Wind
1093,2021-05-11,建设“风光三峡”！三峡能源＆正泰集团高层座谈,北极星电力
1094,2021-05-11,新股发行与上市一览（5月11日）,Wind
1095,2021-05-10,中小盘IPO专题-次新股说：本批三峡能源等值得重点关注(2021批次16、17),新浪
1096,2021-05-10,三峡能源上市在即 “碳中和”背景下有望估值业绩双增长,中证网
1097,2021-05-10,三峡能源与北京院座谈并签署战略合作协议,北极星电力
1098,2021-05-10,开源晨会0510丨周期仍是最佳布局窗口；制造业核心三问；消费的弹性,开源证券研究所
1099,2021-05-10,又是超级打新周！11只新股本周申购，今天就有易中签新股,证券时报
1100,2021-05-10,新股发行与上市一览（5月10日）,Wind
1101,2021-05-09,业绩增长重归常态，碳中和助力行稳致远,郭丽丽的研究札记
1102,2021-05-09,不容错过！下周11箭齐发，更有最易中签新股也要来了,中国基金报
1103,2021-05-09,今年最容易中签的新股要来了！,Wind
1104,2021-05-09,注意！今年最容易中签的新股要来了,中证报
1105,2021-05-08,拟募资227亿！今年A股最大IPO是他么？（附最新拟IPO排队名单）,新浪
1106,2021-05-08,三峡能源获IPO批文，资本市场迎来又一新能源“巨头”,经济日报
1107,2021-05-08,A股添风能太阳能千亿级企业 三峡能源有望估值业绩双增,新浪
1108,2021-05-08,千亿级风电巨无霸三峡能源即将登录A股 ，预计募资227亿!,环球老虎财经
1109,2021-05-08,2.65元/股！三峡能源IPO发布初步询价结果,北极星电力
1110,2021-05-07,三峡能源(600905.SH)IPO定价2.65元/股申购日期推迟至5月31日 IPO融资异常,格隆汇
1111,2021-05-07,新股发行与上市一览（5月7日）,Wind
1112,2021-05-06,新股发行与上市一览（5月6日）,Wind
1113,2021-04-30,新股发行与上市一览（4月30日）,Wind
1114,2021-04-29,新股发行与上市一览（4月29日）,Wind
1115,2021-04-28,新股发行与上市一览（4月28日）,Wind
1116,2021-04-27,能源观察 | 三峡能源拟募资250亿元布局海上风电，风电“抢装”潮下风险几何？,财经网
1117,2021-04-27,三峡能源正式启动招股！拟发行不超过85.71亿股人民币普通股,索比光伏网
1118,2021-04-26,三峡能源今起招股 涉足风电、光伏两大赛道,中证网
1119,2021-04-26,三峡能源(600905.SH)拟首次公开发行不超85.71亿股 5月10日开启申购,智通财经
1120,2021-04-26,三峡能源(600905.SH)：IPO拟发行85.71亿股5月6日定价、10日申购,格隆汇
1121,2021-04-26,新股发行与上市一览（4月26日）,Wind
1122,2021-04-23,关于核准中国三峡新能源（集团）股份有限公司首次公开发行股票的批复,证监会
