,2021-12-31,【民生能源 周泰团队】石化日报：2022年首批原油非国营贸易进口允许量为1.09亿吨,泰度煤炭
0,2021-12-31,东方盛虹：子公司为公司向银行申请贷款提供担保 大额借贷担保,资本邦
1,2021-12-31,东方盛虹(000301.SZ)：资产重组事项获证监会核准批复,格隆汇
2,2021-12-31,东方盛虹：公司未生产芳纶产品,Wind
3,2021-12-30,东方盛虹：公司未生产PVDF,Wind
4,2021-12-30,东方盛虹(000301.SZ)股东丝绸集团累计减持731.71万股 减持时间过半 减持股份,智通财经
5,2021-12-30,东方盛虹(000301.SZ)：减持期过半 丝绸集团已减持731.71万股 减持股份,格隆汇
6,2021-12-30,东方盛虹：股东丝绸集团累计减持0.15%股份 减持股份,Wind
7,2021-12-30,东方盛虹：斯尔邦丙烯腈对下游发展风电和碳纤维等新能源新产业提供原料支撑，也将对公司业绩产生积极作用,每日经济新闻
8,2021-12-30,东方盛虹：Poe是目前斯尔邦正在研发的新材料之一，已处于中试阶段,Wind
9,2021-12-30,东方盛虹：斯尔邦丙烯腈将对公司业绩产生积极作用,财联社
10,2021-12-30,东方盛虹：Poe是目前斯尔邦正在研发的新材料之一,财联社
11,2021-12-29,东方盛虹：斯尔邦丙烯腈项目投产,中证网
12,2021-12-29,东方盛虹：斯尔邦丙烯腈项目于今天正式投产,每日经济新闻
13,2021-12-29,东方盛虹：公司将在获得证监会重组的核准文件后尽快完成重组交割,每日经济新闻
14,2021-12-29,东方盛虹：将积极发挥与斯尔邦的协同效应 进一步完善在新材料、新能源领域的布局,财联社
15,2021-12-29,东方盛虹(000301)：斯尔邦如期注入 成长空间打开,新浪
16,2021-12-29,东方盛虹：斯尔邦EVA光伏树脂产能稳定在21.6万吨/年,索比光伏网
17,2021-12-28,24股今日获机构买入评级,证券时报网
18,2021-12-28,东方盛虹：公司目前无氢气的对外销售,Wind
19,2021-12-28,东方盛虹：斯尔邦丙烷项目已于11月30日完成中交，即将于近日正式投产,每日经济新闻
20,2021-12-28,A股早报2021年12月28日星期二,Wind
21,2021-12-28,并购重组“降火”，套利狂欢终结,Wind
22,2021-12-27,最新龙虎榜动向：1.33亿资金抢筹大洋电机，机构狂买粤万年青（名单）,21世纪经济报道
23,2021-12-27,江苏迎新能源产业集群重磅政策，东方盛虹等辖区企业有望受益,财经网
24,2021-12-27,晚间重要公告2021年12月27日星期一,Wind
25,2021-12-27,【民生能源 周泰团队】石化日报：中国2021年油气产量超2.1亿吨，天然气占比快速增长,泰度煤炭
26,2021-12-27,罕见跌停！东方盛虹一天没了百亿市值，老板夫妇损超 43 亿身家,ZAKER
27,2021-12-27,东方盛虹(000301.SZ)：子公司拟以35.09亿元收购盛虹炼化13.286%股权,格隆汇
28,2021-12-27,东方盛虹(000301.SZ)拟以35.09亿元收购盛虹炼化13.2861%股权,智通财经
29,2021-12-27,东方盛虹跌停，五机构合计净卖出逾2亿元,第一财经
30,2021-12-27,东方盛虹：目前炼化项目已基本完成建设并为投料试车作相关准备,Wind
31,2021-12-27,大盘震荡不改 机构卖多买少,金融投资报
32,2021-12-27,东方盛虹：公司目前没有生产碳纤维,Wind
33,2021-12-27,龙虎榜 | 东方盛虹跌停，5家机构专用席位净卖出2.12亿元,格隆汇
34,2021-12-27,东方盛虹跌10.01% 五机构合计净卖出2.12亿元,e公司
35,2021-12-27,东方盛虹龙虎榜数据（12月27日）,Wind
36,2021-12-27,东方盛虹跌停，五机构合计卖出2.13亿元,Wind
37,2021-12-27,化纤龙头盘中跌停！股价3个月腰斩，世界第三大主权基金也没赚钱,AI财经社
38,2021-12-27,东方盛虹：投资建设盛虹1600万吨/年炼化一体化项目，并实施重大资产重组收购斯尔邦股权,每日经济新闻
39,2021-12-27,东方盛虹143.6亿并购斯尔邦重组获批 三年对赌净利51亿,长江商报
40,2021-12-27,A股早报2021年12月27日星期一,Wind
41,2021-12-27,东方盛虹：公司目前产品不涉及钠离子电池,Wind
42,2021-12-24,东方盛虹并购无条件获批！转型之路双轮驱动,索比光伏网
43,2021-12-24,东方盛虹(000301)：斯尔邦顺利过会 优质资产注入在即,新浪
44,2021-12-24,东方盛虹(000301)：斯尔邦注入无条件过会 开启新征程,新浪
45,2021-12-24,26股获券商买入评级，天康生物目标涨幅达43.56%,Wind
46,2021-12-24,安信研究|晨会在线20211224,新浪
47,2021-12-23,东方盛虹：公司目前产品不涉及氢燃料电池,Wind
48,2021-12-23,东方盛虹(000301)：斯尔邦注入无条件过会;形成独有行业竞争力,新浪
49,2021-12-23,东方盛虹(000301)：斯尔邦并购顺利过会 即将打通炼化精细化工全产业链,光大证券
50,2021-12-23,年内94只基金战绩如何？崔宸龙领先，陈金伟紧跟,Wind
51,2021-12-23,安信证券：给予东方盛虹买入评级，目标价位27.95元,证券之星
52,2021-12-23,安信证券给予东方盛虹买入评级：斯尔邦注入无条件过会，成长打开新篇章,每日经济新闻
53,2021-12-23,复盘东方盛虹收购斯尔邦：从何处来，往何处去？,经济观察网
54,2021-12-23,东方盛虹143.6亿元收购斯尔邦获批 双轮驱动模式值得期待,证券日报网
55,2021-12-23,A股早报2021年12月23日星期四,Wind
56,2021-12-22,东方盛虹(000301.SZ)重大资产重组获中国证监会审核通过 12月23日复牌,智通财经
57,2021-12-22,东方盛虹：重大资产重组事项获通过 明起复牌,财联社
58,2021-12-22,证监会：东方盛虹发行股份购买资产获无条件通过,Wind
59,2021-12-22,双碳深度之一：二氧化碳加氢制甲醇有望迎来产业化,国海证券
60,2021-12-22,东方盛虹并购斯尔邦获通过 两突击入股金融机构或浮盈30%退出,新京报
61,2021-12-22,东方盛虹143亿并购获无条件通过 斯尔邦烯烃衍生物资产将注入,新京报
62,2021-12-22,证监会：东方盛虹(000301.SZ)发行股份购买资产获无条件通过,智通财经
63,2021-12-22,业绩预增近5倍，东方盛虹腰斩后又迎逆转？,格隆汇
64,2021-12-22,东方盛虹143.6亿并购重组事项获无条件通过,金融界
65,2021-12-22,热烈祝贺东方盛虹重大资产重组项目无条件过会,东方投行
66,2021-12-22,周二主力资金抢筹名单出炉，尾盘资金加仓元宇宙龙头,Wind
67,2021-12-21,东方盛虹：因并购重组事项上会，明日起停牌 重大事项停牌,Bianews
68,2021-12-21,东方盛虹(000301.SZ)：明起停牌 待审核结果公布后、及时履行信披义务并申请复牌,格隆汇
69,2021-12-21,东方盛虹重组事项上会 22日停牌 重大事项停牌,上证报
70,2021-12-21,东方盛虹(000301.SZ)重组上会 12月22日停牌,智通财经
71,2021-12-21,东方盛虹：证监会审核公司重大资产重组事项，股票12月22日开市时起停牌 重大事项停牌,每日经济新闻
72,2021-12-21,东方盛虹：重组事项上会，股票停牌 重大事项停牌,Wind
73,2021-12-21,净利增507%，东方盛虹为何如此压力山大？,Ofweek
74,2021-12-20,并购再出牛股！7成个股股价飘红，15股已翻番,Wind
75,2021-12-17,东方盛虹：公司在建和规划建设项目中包括乙二醇装置设计产能合计约200万吨/年等,每日经济新闻
76,2021-12-16,东方盛虹(000301.SZ)重组事项将于12月22日上会,智通财经
77,2021-12-16,东方盛虹：证监会12月22日审核公司购买江苏斯尔邦石化100%股权事项,Wind
78,2021-12-16,原料用能能耗控制“松绑” 石化行业龙头企业迎重大利好,证券日报网
79,2021-12-16,东方盛虹(000301.SZ)增发收购相关事项将于近日上会,智通财经
80,2021-12-15,东方盛虹(000301.SZ)：拟为芮邦科技向银行申请的不超25亿元项目贷款提供担保 大额借贷担保,格隆汇
81,2021-12-15,东方盛虹(000301.SZ)：重大资产重组事项近日上会 当天停牌,格隆汇
82,2021-12-13,东方盛虹：加速打造具有国际竞争力的化工新材料生产研发基地,中证网
83,2021-12-13,申万宏源：中央经济工作会议透露能源机遇,财联社
84,2021-12-12,【安信化工】科学考核能耗双控，看好化工龙头,安信化工研究
85,2021-12-12,电鳗快报|东方盛虹超百亿重组：实控人公司账面盈利75亿，标的资产净利润大幅波动,电鳗快报
86,2021-12-10,入局光伏料EVA蓝海市场 东方盛虹拟143.6亿元收购斯尔邦100%股权,证券日报网
87,2021-12-10,东方盛虹(000301)：发行股份及支付现金购买资产,资本邦
88,2021-12-08,东方盛虹：公司没有EVA产品,Wind
89,2021-12-06,深度*行业*化工行业2022年策略：优秀龙头有望价值重估 新材料发展空间广阔,新浪
90,2021-12-06,石油加工行业每周炼化：聚酯价格全线下跌,新浪
91,2021-12-06,2021年基金，买了个“寂寞”,Wind
92,2021-12-06,石油化工新材料行业北上资金周报,新浪
93,2021-12-05,化工行业2022年投资策略：一半是海水 一半是火焰,广发证券
94,2021-12-04,深度*行业*新能源发电行业2022年度策略：奋楫扬帆正当时 抖擞精神再出发,新浪
95,2021-12-03,沪深300指数正式换新， “炼化+聚酯+新材料”巨头东方盛虹入选,金融界
96,2021-12-03,深证100调整样本股落地，东方盛虹强势入选,金融界
97,2021-12-03,25股获券商买入评级，中孚信息目标涨幅达62.82%,Wind
98,2021-12-02,光大证券：给予东方盛虹买入评级,证券之星
99,2021-12-02,北向资金：光伏龙头是最爱，近期大幅加仓光伏设备企业,索比光伏网
100,2021-12-01,基础化工行业2022年上半年投资策略：偏下游板块边际改善可期 新能源上游材料依旧景气,新浪
101,2021-12-01,前11个月最牛基金大赚122%！部分领跑选手“跑岔了”,Wind
102,2021-11-30,基础化工行业周报：甘氨酸、萤石等价格延续涨势 DMC、人造石墨负极、尿素、黄磷等价格上涨,新浪
103,2021-11-29,化工：海外尿素价格持续上涨 全球谷物产量面临氮肥紧缺压力,新浪
104,2021-11-29,深交所：调整深证成指、创业板指、深证100等指数样本股,Wind
105,2021-11-28,石油化工行业周报：OMICRON引发油价恐慌性下跌 对后市原油及石化影响分析,新浪
106,2021-11-28,化工行业：原油价格大幅下跌 化工品价差收窄,广发证券
107,2021-11-27,涉及超5500亿规模基金！新一轮指数样本大调整出炉,Wind
108,2021-11-26,烯烃行业展望深度报告：原料多元化趋势下 低碳和新材料是长期发展方向,新浪
109,2021-11-25,化工行业：“液体黄金”大幅提升轮胎性能,广发证券
110,2021-11-24,东北固收转债深度：光伏行业转债怎么看？,新浪
111,2021-11-24,资金流向分析,新浪
112,2021-11-24,复制刘格菘、赵诣传奇？今年两只“翻倍基”被他包揽,Wind
113,2021-11-23,净利增507%，东方盛虹为何压力山大？,搜狐
114,2021-11-23,北向资金连续3日加仓累计扫货近150亿，宁德时代11月累计净买入超百亿,Wind
115,2021-11-23,东方盛虹：本次重组收购斯尔邦包括发行股份及支付现金购买资产、募集配套资金两部分,每日经济新闻
116,2021-11-23,【中银电新】新能源发电：美众议院通过刺激法案，新能源需求有望提升,老成之见
117,2021-11-22,“炼化-化纤”产业链周报：湖北将打造万亿级现代化工及能源产业 国际油价持续下跌,新浪
118,2021-11-22,化工行业动态：金属硅触底反弹 甘氨酸支撑草甘膦高位,新浪
119,2021-11-22,北向资金减持榜单：40股减持市值超5000万元,证券时报网
120,2021-11-21,基础化工行业周报：周期品价格分化 风电材料表现强势,国金证券股份有限公司
121,2021-11-21,化工行业：高端光刻胶相继突破 关注国产化进程,广发证券
122,2021-11-20,化工行业策略：新能源变革下的化工新材料大机会,新浪
123,2021-11-19,光伏板块异动拉升，密集利好发布，7股预计全年业绩翻倍！主力资金本周出逃电子、电气设备、化工板块,证券时报网
124,2021-11-18,A股收盘综述：元宇宙回撤；锂矿炙手可热，天齐锂业巨量成交137亿元,Wind
125,2021-11-18,基础化工行业周报：全国性限电基本结束 产品价格逐渐回归常态,国金证券股份有限公司
126,2021-11-18,A股午盘综述：锂矿等高景气赛道依然火热，元宇宙深度回调,Wind
127,2021-11-18,资金流向分析,新浪
128,2021-11-18,中信建投2022年化工行业策略报告：“双碳”重塑行业，开启谋新求变新篇章,Wind
129,2021-11-17,指数波澜不惊 个股精彩纷呈 自下而上布局结构性机会,证券之星
130,2021-11-17,化工2020年投资策略报告：“双碳”重塑行业 开启谋新求变新篇章,新浪
131,2021-11-17,A股收盘综述：锂电池等高景气赛道股井喷；汇绿生态时隔16年归来上演大涨回落；又有新股破发！,Wind
132,2021-11-17,快讯：东方盛虹涨停 报于23.08元,金融界
133,2021-11-17,这家A股联手世界首富？“锂王”涨停，超跌新能源龙头出炉,新浪
134,2021-11-16,东方盛虹：“盛虹1600万吨/年炼化一体化”项目预计将于今年底投产,Wind
135,2021-11-15,化工行业周报：碳中和背景下 继续看好高景气新能源化工材料,新浪
136,2021-11-15,石油加工行业每周炼化：长丝企业集中降价促销,新浪
137,2021-11-15,东方盛虹：未涉及服装设计和生产业务,每日经济新闻
138,2021-11-15,基础化工行业周报：能源转型背景下的光伏EVA行业,新浪
139,2021-11-15,化工行业周报20211114,点化成金
140,2021-11-15,化工行业2021年三季报综述,点化成金
141,2021-11-15,石油化工行业周报：LPG、油价与天然气价格关系及影响,新浪
142,2021-11-12,基础化工行业周报：煤炭价格大幅回落 部分产品价差回归正常,国金证券股份有限公司
143,2021-11-12,解盘：百亿资金流入，特高压、军工、新能源略涨,Wind
144,2021-11-09,石油加工行业每周炼化：终端需求尚待进一步恢复,新浪
145,2021-11-08,“炼化-化纤”产业链周报：三季度炼化板块公司业绩整体提升 PA66、炼油价差走强,新浪
146,2021-11-08,28股获北向资金加仓超亿元,证券时报网
147,2021-11-06,东方盛虹(000301.SZ)：拟以26.515亿元受让连云港盛虹炼化产业基金89.996%财产份额,格隆汇
148,2021-11-06,投“锂”走遍天下？化工股跨界布局光伏、锂电，基金重仓：当做热点来炒,证券之星
149,2021-11-05,【晚间公告抢先看】宁德时代拟70亿元投建新能源动力及储能电池项目、万科A拟分拆万物云到港交所上市,金融界
150,2021-11-05,11月6日上市公司重要公告集锦：宁德时代拟150亿元投建新能源动力及储能电池等项目,证券日报之声
151,2021-11-05,晚间公告热点追踪：万科A拟分拆万物云到香港联交所上市,新浪
152,2021-11-05,东方盛虹(000301.SZ)拟26.51亿元受让连云港盛虹炼化产业基金89.996%财产份额,智通财经
153,2021-11-05,东方盛虹：26.5亿元受让基金份额 增加在盛虹炼化的权益比例,e公司
154,2021-11-05,东方盛虹：BOPET薄膜与EVA胶膜产品性能有较大差异，不存在替代情况,Wind
155,2021-11-05,32股受青睐，北向资金增持额超亿元,证券时报网
156,2021-11-04,东方盛虹(000301.SZ)：2021年1-10月累计新增借款占2020年末净资产的比例为144.19% 大额借贷担保,格隆汇
157,2021-11-04,东方盛虹：2021年1-10月累计新增借款占2020年末净资产的比例为144.19% 大额借贷担保,Wind
158,2021-11-04,26股获北向资金加仓超亿元,证券时报网
159,2021-11-04,化工点评报告：三季度石油石化配置创近八年新高 关注龙头及偏成长相关标的,新浪
160,2021-11-03,基础化工行业周报：油价下跌 无水氢氟酸、除草剂、丁基橡胶等产品价格上涨,新浪
161,2021-11-03,东方盛虹：广发证券、广发证券等9家机构于11月1日调研我司,证券之星
162,2021-11-02,东方盛虹(000301.SZ)：第一期员工持股计划的锁定期即将届满,格隆汇
163,2021-11-02,石油化工行业周报：能源价格波动下对石化行业盈利影响 以及当前估值对应的周期位置,新浪
164,2021-11-02,石油石化行业周报：EIA库存提升叠加伊朗重返原油市场担忧 原油价格下跌,新浪
165,2021-11-02,东方盛虹：青骊投资管理(上海)有限公司、上海友莹格资产管理有限公司等32家机构于10月29日调研我司,证券之星
166,2021-11-02,东方盛虹：Gsam、UBSAssetManagement等18家机构于10月29日调研我司,证券之星
167,2021-11-02,东方盛虹：中银基金管理有限公司、中信建投基金管理有限公司等45家机构于10月29日调研我司,证券之星
168,2021-11-01,中银证券给予东方盛虹买入评级：聚酯产业链价格齐涨，炼化及斯尔邦有序推进,每日经济新闻
169,2021-11-01,信达证券维持东方盛虹买入评级：炼化一体化投产在即，斯尔邦注入积极推进,每日经济新闻
170,2021-11-01,化工行业周报【20211031】,点化成金
171,2021-11-01,公募三季度全景图绘出， “百亿俱乐部”规模缩水,Wind
172,2021-11-01,天风证券：给予东方盛虹买入评级,证券之星
173,2021-11-01,天风证券维持东方盛虹买入评级，2021Q3点评：炼化投产在即，斯尔邦盈利有望进一步攀升,每日经济新闻
174,2021-11-01,公募三季度全景图绘出“百亿俱乐部”规模缩水,Wind
175,2021-10-30,【化工行业 | 11月投资策略：看好三氯氢硅、甜味剂和草甘膦行业景气度】-国信证券,化工林谈
176,2021-10-30,【东方盛虹 | 2021年三季报点评：聚酯业务略有下滑，关注斯尔邦资产注入进展】-国信证券 盈利能力下降,化工林谈
177,2021-10-29,【国海化工】东方盛虹三季报点评：炼化原油配额获批，斯尔邦收购稳步推进,靠谱化工股
178,2021-10-29,西部证券给予东方盛虹增持评级：三季报业绩符合预期，炼化项目及斯尔邦并购稳步推进,每日经济新闻
179,2021-10-29,东方盛虹“炼化+聚酯+新材料”协同布局 四季度炼化产业链景气度或持续,中证网
180,2021-10-29,项目稳步投产助力业绩高增，东方盛虹多元化产业链“1+N”新格局显现,金融界
181,2021-10-29,东方盛虹1-9月扣非后归母净利润大涨1655.35% 进军新材料领域前景可期,金融界
182,2021-10-28,东方盛虹披露2021年三季报 实现营收250.77亿元,资本邦
183,2021-10-28,东方盛虹公布三季报 前三季净利增加506.65%,新浪
184,2021-10-28,东方盛虹：关于副总经理退休辞职的公告,新浪
185,2021-10-28,东方盛虹(000301.SZ)前三季度归母净利同比增506.65%至14.31亿元,智通财经
186,2021-10-28,图解东方盛虹三季报：第三季度单季净利润同比增63.94%,证券之星
187,2021-10-28,东方盛虹：第三季净利2.83亿元 同比增63.94%,财联社
188,2021-10-28,东方盛虹：副总经理孙怡虹退休辞职,Wind
189,2021-10-28,东方盛虹：前三季度净利润同比增长506.65%,Wind
190,2021-10-28,“卖出”成“买入”？东方盛虹回应“乌龙”事件,上证报
191,2021-10-27,东方盛虹(000301.SZ)股东丝绸集团误操作买入公司8万股,智通财经
192,2021-10-27,化工行业动态：重点覆盖公司3季报业绩前瞻,新浪
193,2021-10-27,深度*行业*新能源发电行业动态点评：政策体系趋明 风光需求无忧,新浪
194,2021-10-27,原油价格上涨运输企业承压，有货车司机已不敢接远单,Wind
195,2021-10-26,深度*公司*东方盛虹(000301)：炼化项目即将投产 静待光伏EVA资产注入,新浪
196,2021-10-26,石化行业周报：EIA库存下跌叠加能源短缺担忧 国际原油价格上涨,新浪
197,2021-10-26,东方盛虹：公司资产收购暨重大资产重组标的公司斯尔邦生产EVA产品，为光伏电池板组件胶膜的重要材料。目前资产收购正在推进中,每日经济新闻
198,2021-10-25,9月光伏装机量点评：9月光伏装机同比大增 持续看好行业,新浪
199,2021-10-23,新能源板块：9月逆变器出口额再创新高,光大证券
200,2021-10-22,碳中和！化学巨头们新项目的共同关键词,润滑油信息网
201,2021-10-21,安信研究|晨会在线20211019,安信证券研究
202,2021-10-21,国君每日一图 | 东方盛虹：斯尔邦收益光伏行业景气,国泰君安证券研究
203,2021-10-21,光伏发展推动EVA树脂供需紧张 EVA供应商还将持续受益,财经网
204,2021-10-20,新能源并网发电提速 光伏EVA供需紧张高景气或将持续,中证网
205,2021-10-20,命运多舛的丹化科技：刚刚重组失败，核心产业又停产了,深水财经社
206,2021-10-20,解盘：资金持续流入，电力、锂电池、新能源领涨,Wind
207,2021-10-20,石油化工行业“炼化-化纤”产业链周报：长丝受限电影响价格上涨 多家公司发布前三季度业绩预告,新浪
208,2021-10-19,资金流向分析,新浪
209,2021-10-19,每日市场热点分析,新浪
210,2021-10-19,石油加工行业每周炼化：长丝盈利大幅改善,新浪
211,2021-10-19,油气价格走势及影响深度报告：资源价值有望长期复苏 看好石化转型升级空间,新浪
212,2021-10-18,东方盛虹：公司目前在建项目主要是盛虹1600万吨炼化一体化项目,Wind
213,2021-10-18,东方盛虹：限电限产目前对公司整体生产影响不大,Wind
214,2021-10-18,东方盛虹：公司目前在建项目主要是盛虹1600万吨炼化一体化项目，预计将于今年底投产,每日经济新闻
215,2021-10-18,东方盛虹：今年8月初盛虹集团启动了战略转型，未来将在新能源、高性能新材料、低碳绿色产业等三大方向加速布局,每日经济新闻
216,2021-10-18,东方盛虹：公司目前主要业务包括民用涤纶长丝的研发、生产和销售以及PTA、热电的生产、销售等,每日经济新闻
217,2021-10-18,东方盛虹：公司生产经营正常,每日经济新闻
218,2021-10-18,10月18日东方盛虹涨停分析：火电，涤纶概念热股,证券之星
219,2021-10-18,东方盛虹(000301)：光伏景气传导、长丝有待反转 看好后期斯尔邦注入及炼化投产,新浪
220,2021-10-18,化工行业周报【20211017】,点化成金
221,2021-10-18,快讯：东方盛虹涨停 报于28.41元,金融界
222,2021-10-18,东方盛虹(000301)：受双控影响有限,新浪
223,2021-10-16,东方盛虹(000301)：Q3业绩环比下滑难掩预期向好 炼化一体化谱写发展新篇章 盈利能力下降,新浪
224,2021-10-15,东方盛虹(000301)：业绩符合预期 斯尔邦受益光伏行业景气,新浪
225,2021-10-15,东方盛虹：公司2021年三季报不会合并斯尔邦业绩,Wind
226,2021-10-15,东方盛虹三季报净利预增536%，化纤新项目贡献利润增量,阿尔法工场
227,2021-10-15,东方盛虹(000301)2021年前三季度业绩预告点评：涤纶长丝景气回落致盈利环比收窄 斯尔邦重组及炼化项目持续推进 盈利能力下降,新浪
228,2021-10-15,透视龙虎榜　机构资金逢低买入,财富动力网
229,2021-10-14,东方盛虹(000301.SZ)第三季度净利润预增46.14%-104.01%,格隆汇
230,2021-10-14,东方盛虹：前三季度预计净利润同比增长493.61%~536.01%,Wind
231,2021-10-14,东方盛虹：预计前三季度净利润同比增长493.61%-536.01%,中证网
232,2021-10-14,东方盛虹：前三季度净利预增493%至536% 行业进入复苏周期,e公司
233,2021-10-14,A股早报2021年10月14日星期四,Wind
234,2021-10-14,每日理财观察：公募基金参与北交所投资蓄势待发,Wind
235,2021-10-14,反弹了！但新主线还没“吵出”共识,Wind
236,2021-10-14,周期板块连续调整，“期股联动”为何突然失效？,Wind
237,2021-10-14,【金财富早知道】2021-10-14,赢家之星
238,2021-10-13,东方盛虹尾盘强势封板，五机构席位合计买入2.6亿元,第一财经
239,2021-10-13,东方盛虹尾盘涨停，机构资金净买1.3亿,证券之星
240,2021-10-13,机构今日买入这18股，抛售广汇能源5.15亿元丨龙虎榜,第一财经
241,2021-10-13,大盘缩量反攻 机构加码买入,金融投资报
242,2021-10-13,东方盛虹龙虎榜数据（10月13日）,Wind
243,2021-10-13,东方盛虹涨停 五机构席位合计买入2.59亿元,第一财经
244,2021-10-13,东方盛虹今日涨停，机构买入为主,Wind
245,2021-10-13,东方盛虹：公司用电成本占营业成本比重较小，限电限产目前对整体生产影响不大,每日经济新闻
246,2021-10-13,10月13日东方盛虹涨停分析：涤纶，PTA，火电概念热股,证券之星
247,2021-10-13,快讯：东方盛虹涨停 报于25.6元,金融界
248,2021-10-13,东方盛虹首板,Wind
249,2021-10-13,光伏封装胶膜行业深度报告：格局清晰、壁垒深厚 铸就光伏行业强贝塔,新浪
250,2021-10-12,苏州富豪夫妇一个月没了350亿！负债暴增，多次上演“蛇吞象” 偿债能力下降,腾讯网
251,2021-10-10,石化行业周报：OPEC+未扩大增产规模 原油价格波动上行,新浪
252,2021-10-09,江苏区域股市周报： 21家机构调研华亚智能 华泰证券挤进板块市值5强,每日经济新闻
253,2021-10-09,东方盛虹：截至目前，公司通过全资子公司石化产业直接持有盛虹炼化62.53%股权，加上公司在合伙企业的出资份额合计持有盛虹炼化的权益比例为82.13%,每日经济新闻
254,2021-10-08,深度*行业*化工行业周报：原油、天然气大涨 草铵膦、草甘膦价格上调,新浪
255,2021-10-08,深度*行业*化工行业能耗政策追踪：有序用电措施升级 磷、硅开工率受限明显,新浪
256,2021-10-08,石油石化行业研究周报：原油供需缺口缓慢修复 利好炼化板块盈利,新浪
257,2021-10-08,东方盛虹：“盛虹转债”第三季度转股约3.94万股,每日经济新闻
258,2021-10-04,兴业证券石油石化行业周报：IDA飓风影响犹在 需求存回暖预期 国际原油价格维持上涨趋势,新浪
259,2021-09-30,并购出牛股！6成上涨11家翻番，更多在路上,Wind
260,2021-09-30,【化工行业 | 10月投资策略：持续看多EVA、天然气、草甘膦和纯碱的中期供需错配】-国信证券,化工林谈
261,2021-09-30,A股早报2021年9月30日星期四,Wind
262,2021-09-30,市场杀跌 机构卖出加码,金融投资报
263,2021-09-30,A股避险情绪浓厚，周期股集体重挫，持股还是持币过节？,Wind
264,2021-09-29,东方盛虹今日跌停，四机构合计卖超2亿元,36氪
265,2021-09-29,市值蒸发超万亿，周期股被爆锤，北上资金抄底这些股！,Wind
266,2021-09-29,龙虎榜丨机构、北向共同抢筹冀中能源，在东方盛虹等5股上现分歧（名单）,21世纪经济报道
267,2021-09-29,大盘加速回调 机构抛售加码,金融投资报
268,2021-09-29,跌停板解密：市场下挫，前期热门板块个股现跌停潮！（9月29日）,Wind
269,2021-09-29,龙虎榜：东方盛虹跌停，四机构合计卖超2亿元,第一财经
270,2021-09-29,龙虎榜：东方盛虹跌停 机构资金博弈激烈,e公司
271,2021-09-29,东方盛虹跌停，机构多空激战,Wind
272,2021-09-29,A股收盘综述：长假效应及海外因素引发调整，钢、煤、油气、稀土、电力领跌,Wind
273,2021-09-29,什么情况？中石油重挫8%！煤炭石油化工集体杀跌,Wind
274,2021-09-29,A股午盘综述：热门赛道熄火、周期股大调整，中国石油跌超8%,Wind
275,2021-09-29,东方盛虹跌停压制化纤板块，该股半月内累挫超三成,Wind
276,2021-09-29,快讯：东方盛虹跌停 报于26.3元,金融界
277,2021-09-28,东方盛虹：目前限产对公司整体影响不大，个别装置停车，在此期间同时安排检修检测,每日经济新闻
278,2021-09-28,东方盛虹：目前限产对公司整体影响不大,Wind
279,2021-09-28,东方盛虹：目前公司主要生产基地位于江苏省苏州市及连云港市,Wind
280,2021-09-28,石油石化行业研究周报：电石供需持续错配 长周期景气可期,新浪
281,2021-09-27,石油化工行业周报：从上半年油气公司产量及资本开支 全面看好国内油气及油服行业标的,新浪
282,2021-09-27,电力设备行业动态分析：新能源车销量稳定上行 风电增长确定性强化,新浪
283,2021-09-27,化工行业周报：能耗双控进行时 继续看好受新能源拉动供需错配的化工子行业,新浪
284,2021-09-27,兴业证券石油石化行业周报：美国海湾原油生产暂未恢复 OPEC+增产量低于预期 国际原油价格上涨,新浪
285,2021-09-27,化工行业周报：万华荣获年度工业信息化领军奖 玲珑荣登亚洲品牌500强榜单,国海证券
286,2021-09-27,基础化工：油价上涨 制冷剂、工业硅、纯碱等产品价格继续上涨,新浪
287,2021-09-27,化工新材料行业周报：多地“双控”驱动成本上行 基于国产化浪潮寻找投资机遇,新浪
288,2021-09-26,化工行业：“能耗双控”政策趋严 化工品价格持续普涨,广发证券
289,2021-09-24,A股万亿常态成交，三季度以来逾千家公司获机构调研,Wind
290,2021-09-24,沪指冲高回落，周期股内部分化,Wind
291,2021-09-23,跌停板解密：高位了结，多只前期强势股被大单抛售！（9月23日）,Wind
292,2021-09-23,闪崩频频！磷化工进入“淘汰赛”，游资机构激烈博弈,Wind
293,2021-09-23,化纤龙头东方盛虹闪崩跌停，发生了什么？,证券之星
294,2021-09-23,东方盛虹跌停 三机构净买入4.94亿元,第一财经
295,2021-09-23,东方盛虹龙虎榜数据（9月23日）,Wind
296,2021-09-23,深度*行业*化工行业周报：能耗双控加码 磷、硅、氯碱产业链全线大涨,新浪
297,2021-09-23,拉闸刷屏！千亿巨头突涨24%，1700亿牛股闪崩,Wind
298,2021-09-23,快讯：东方盛虹跌停 报于31.57元,金融界
299,2021-09-23,千亿大牛股东方盛虹封住跌停板，化纤板块承压,Wind
300,2021-09-22,东方盛虹：“盛虹转债”9月27日起开始转股,Wind
301,2021-09-22,东方盛虹：不提前赎回“盛虹转债”,Wind
302,2021-09-22,东方盛虹(000301.SZ)：“盛虹转债”自9月27日起开始转股,格隆汇
303,2021-09-22,化工行业周报：能耗双控背景下关注高耗能产品价格弹性 继续看好新能源赛道上游材料核心标的,新浪
304,2021-09-22,化工行业周报：万华荣获中国质量奖提名 玲珑逆境中坚持扩张,国海证券
305,2021-09-22,基础化工行业：油价上涨 工业硅、纯碱、R134A等产品价格持续上涨,新浪
306,2021-09-21,化工行业：能耗双控影响供给 化工品价格进一步走高,广发证券
307,2021-09-17,热点降温沪指退守3600点，资金转战低估值板块,Wind
308,2021-09-16,东方盛虹龙虎榜数据（9月16日）,Wind
309,2021-09-15,基础化工行业2021半年报总结：景气回升带动业绩集体上涨 肥料、氟化工、化纤、聚氨酯、合成革等板块表现亮眼,新浪
310,2021-09-15,直击东方盛虹股东大会 董秘王俊：国内光伏EVA生产仍被“卡脖子”,每日经济新闻
311,2021-09-15,东方盛虹董秘王俊：目前斯尔邦光伏EVA产能超过20万吨/年,每日经济新闻
312,2021-09-14,涤纶长丝行业点评：长丝底部反转趋势出现 “金九银十”或只是开始,新浪
313,2021-09-14,东方盛虹光伏膜料年内涨幅40%，北上资金二季度增持2816万股,阿尔法工场
314,2021-09-14,煤飞色舞刷屏，低估值潜力股出炉，北上资金扫货6股,Wind
315,2021-09-14,国泰君安：“风光”不与四时同，需求超预期行业高景气,Wind
316,2021-09-13,新兴能源行业：“风光”不与四时同 需求超预期行业高景气,新浪
317,2021-09-13,石油石化行业：多工艺竞争下的环氧丙烷,新浪
318,2021-09-13,并购市场全面回暖，最新案例新鲜出炉,Wind
319,2021-09-13,化工行业：硅产业链景气度持续上行,广发证券
320,2021-09-13,石油石化行业周报：油价上行 涤纶长丝、丙烯酸-原材料价差扩大,新浪
321,2021-09-13,化工新材料行业周报：新材料属当下做风格偏离的关键选择 推荐光学膜和EVA,新浪
322,2021-09-13,东方盛虹(000301)：斯尔邦EVA价格上涨 炼厂原油进口获坚强保障,新浪
323,2021-09-10,A股异动 | 东方盛虹(000301.SZ)涨6% 收到盛虹炼化一体化项目使用进口原油批复,格隆汇
324,2021-09-09,晚间重要公告2021年9月9日星期四,Wind
325,2021-09-09,9月9日南玻A、东方盛虹等11家公司公告出现利好,证券之星
326,2021-09-09,晚间公告｜9月9日这些公告有看头,第一财经
327,2021-09-09,石油石化行业2021年中报总结：受益于油价回升 21H1营收净利双增,新浪
328,2021-09-09,东方盛虹：子公司炼化一体化项目获批使用进口原油,e公司
329,2021-09-09,新兴能源行业：光伏需求旺盛 板块二次行情开启,新浪
330,2021-09-09,东方盛虹：子公司炼化一体化项目获准使用进口原油,财联社
331,2021-09-09,东方盛虹(000301.SZ)：收到盛虹炼化一体化项目使用进口原油批复,格隆汇
332,2021-09-07,苏州东方盛虹今年股价翻3倍多，大股东刚解禁就要套现26亿 解禁,深水财经社
333,2021-09-07,化工行业周报：磷酸铁锂拉动锂电化工材料需求 继续推荐R142B-PVDF产业链,新浪
334,2021-09-07,东方盛虹原大股东出手减持 员工增持浮盈丰厚 减持股份,证券时报
335,2021-09-06,东方盛虹原大股东出手减持 员工增持结束股价上涨2.67倍 减持股份,e公司
336,2021-09-06,晚间重要公告2021年9月6日星期一,Wind
337,2021-09-06,东方盛虹(000301.SZ)：持股6.68%股东丝绸集团拟减持不超1.696%股份 拟减持股份,格隆汇
338,2021-09-06,东方盛虹：股东丝绸集团计划减持不超过8200万股 拟减持股份,每日经济新闻
339,2021-09-06,东方盛虹：丝绸集团拟减持公司1.696%股份 拟减持股份,Wind
340,2021-09-06,东方盛虹：股东江苏吴江丝绸集团拟减持不超1.7%公司股份 拟减持股份,财联社
341,2021-09-06,化工行业周报：万华拟建40万吨POCHP项目 玲珑新零售2.0上线,国海证券
342,2021-09-06,光伏2021中报总结：光伏营收高增 硅料表现亮眼,新浪
343,2021-09-03,石油化工行业专题报告：乙烯下游――化工新材料专题系列二,新浪
344,2021-09-03,A股早报2021年9月3日星期五,Wind
345,2021-09-02,涨停板解密：市场火爆，三大板块个股现涨停潮！（9月2日）,Wind
346,2021-09-02,东方盛虹(000301.SZ)触及涨停再创历史新高,格隆汇
347,2021-09-02,东方盛虹首板,Wind
348,2021-09-01,9月限售股解禁前瞻：逾5000亿市值迎解禁 东方盛虹规模居首 解禁,面包财经
349,2021-09-01,绩优基金业绩“推手”曝光，隐形重仓股涨幅惊人,Wind
350,2021-08-31,东方盛虹：发行股份购买资产申请获证监会受理,财联社
351,2021-08-31,六大聚酯龙头半年报出炉！谁一骑绝尘，谁王者荣耀，一文看透其中玄机,全球纺织网
352,2021-08-31,石油石化行业：需求驱动景气上行 双酚A高利润或可持续,新浪
353,2021-08-31,光伏需求旺盛，板块二次行情开启,金融界
354,2021-08-30,东方盛虹上半年净利增长1720%，收购斯尔邦布局光伏产业,阿尔法工场
355,2021-08-30,A股收盘综述：一半火焰一半海水，光伏、稀土、盐湖提锂恒强表现主导大市,Wind
356,2021-08-30,石油石化、基础化工、新材料行业北上资金流向周报,新浪
357,2021-08-29,东方盛虹(000301)：量价齐升带动业绩显着改善 石化产业链版图有望持续扩张,新浪
358,2021-08-29,下周操盘攻略：“小巨人”将是引领结构行情的最强主线,Wind
359,2021-08-29,西南证券首予东方盛虹持有评级：上半年业绩跨越式增长，斯尔邦注入赋能腾飞,每日经济新闻
360,2021-08-29,光伏大牛股下周解禁市值超870亿元，大股东3年浮盈751亿,Wind
361,2021-08-27,下周1983亿市值限售股解禁，东方盛虹解禁市值超876亿元居首,Wind
362,2021-08-27,东方盛虹(000301)：业绩增幅显着 成长空间广阔,新浪
363,2021-08-27,东方盛虹(000301)：半年业绩符合预期;聚焦EVA,新浪
364,2021-08-26,【国海化工】注入强盈利能力斯尔邦，新能源材料带来新增长极——东方盛虹（000301）中报点评,靠谱化工股
365,2021-08-26,东方盛虹接受38家机构调研！短期主力资金净流入，市场资金早已察觉,每日经济新闻
366,2021-08-26,东方盛虹：目前斯尔邦EVA光伏树脂产能已稳定在20万吨/年，占国内总产能的60%以上,Wind
367,2021-08-26,东方盛虹(000301)：大炼化即将投产 斯尔邦打开格局,新浪
368,2021-08-26,东方盛虹(000301)中报点评：长丝景气好转推动业绩增长 炼化项目投产在即,新浪
369,2021-08-26,东方盛虹(000301)中报点评：注入强盈利能力斯尔邦 新能源材料带来新增长级,国海证券
370,2021-08-26,国信证券：维持东方盛虹(000301.SZ)“买入”评级 聚酯复苏带动业绩上涨,智通财经
371,2021-08-25,多重利好加持 东方盛虹上半年净利增长逾17倍,证券日报网
372,2021-08-25,多家石化巨头业绩齐飘红，东方盛虹上半年净利涨超17倍,国际金融报
373,2021-08-25,天风证券维持东方盛虹买入评级，2021H1点评：业绩符合预期，关注斯尔邦注入和炼化投产,每日经济新闻
374,2021-08-25,国盛证券给予东方盛虹买入评级，中报业绩符合预期，继续看好斯尔邦注入潜力及大炼化投产带动公司跨越式增长,每日经济新闻
375,2021-08-25,西部证券维持东方盛虹买入评级，中报点评，近期获3份券商研报关注，目标均价涨幅20%,每日经济新闻
376,2021-08-25,A股异动 | 东方盛虹(000301.SZ)涨超5% 上半年净利同比大增1720.30%,格隆汇
377,2021-08-25,东方盛虹上半年净利同比大增1720% 加速向世界级石化企业迈进,上证报
378,2021-08-25,东方盛虹(000301)：长丝盈利大幅改善 大炼化与精细化工稳步推进,新浪
379,2021-08-25,A股早报2021年8月25日星期三,Wind
380,2021-08-25,【东方盛虹 | 2021年中报点评：聚酯复苏带动业绩上涨，斯尔邦和大炼化添新动力】-国信证券,化工林谈
381,2021-08-24,东方盛虹：上半年净利同比增逾17倍 并购斯尔邦获股东会通过,中证网
382,2021-08-24,东方盛虹获机构抢筹，公司上半年净利同比增17倍,第一财经
383,2021-08-24,东方盛虹2021年上半年实现净利润11.43亿元，同比大幅增长1772.94%,经济观察网
384,2021-08-24,中报超预期，东方盛虹涨停，机构北向资金合买4.1亿,证券之星
385,2021-08-24,晚间公告｜8月24日这些公告有看头,第一财经
386,2021-08-24,东方盛虹(000301.SZ)上半年净利达11.47亿元 同比增长1720.30%,格隆汇
387,2021-08-24,东方盛虹：上半年净利润同比增长1720%,Wind
388,2021-08-24,东方盛虹半年报：上半年净利润11.47亿元 同比增长1720%,财联社
389,2021-08-24,东方盛虹：上半年净利润同比增长1720.3%,Wind
390,2021-08-24,中国电信大跌900亿！上市3天2跌停，公司紧急回应,Wind
391,2021-08-24,快讯：东方盛虹涨停 报于27.7元,金融界
392,2021-08-24,盐碱滩“长”出石化新城,经济日报
393,2021-08-23,光伏板块中的EVA胶膜环节，以及核心股分析,索比光伏网
394,2021-08-21,【PVDF、有机硅宽幅上涨，继续看多EVA、三氯氢硅景气周期】-国信化工周观点,化工林谈
395,2021-08-19,化纤板块大幅走低 桐昆股份、东方盛虹双双跌超8%,格隆汇
396,2021-08-19,化工股全线下挫，恒力石化跌超7%,Wind
397,2021-08-18,江苏区域股市周报：新增2家上市公司 141家机构调研鱼跃医疗,每日经济新闻
398,2021-08-17,化工板块持续活跃，东方盛虹涨超5%,Wind
399,2021-08-17,化工行业周报：大鱼择大池 化工巨头挺进新能源赛道,华安证券
400,2021-08-16,化工行业周报：新能源风起 化工龙头加速布局,新浪
401,2021-08-16,“双碳”目标下转身：盛虹进军新能源新材料,中证网
402,2021-08-16,化工新材料行业周报：新材料行情向“新能源”集中 半导体材料受益于国产化进程,新浪
403,2021-08-14,【PVDF、制冷剂大涨，看多纯碱、EVA、三氯氢硅长周期】-国信化工周观点,化工林谈
404,2021-08-13,西部证券首予东方盛虹买入评级，首次覆盖：差别化长丝巨头进军炼化一体化，公司将迈上新台阶,每日经济新闻
405,2021-08-13,涨价纷至沓来，业绩释放、股价爆发？,Wind
406,2021-08-13,荣盛石化(002493)：炼化项目产量爬坡驱动业绩高增,新浪
407,2021-08-12,新兴能源行业：高价组件下游接受 紧俏环节企稳回升,新浪
408,2021-08-11,化工行业周报：DMC及电解液溶剂、纯碱、DMF、BDO、磷矿石、草铵膦等价格持续上涨 六氟磷酸锂、PO、双酚A、氯化钾、橡胶助剂等涨价,新浪
409,2021-08-11,中国化学(601117)：混改加快创新驱动 产业链挖潜可期,新浪
410,2021-08-11,喜报！又有三家江苏公司加入千亿市值俱乐部,深水财经社
411,2021-08-11,盐湖2000亿首秀浇灭锂电，茅台带白酒反攻，北上资金却高抛低吸,Wind
412,2021-08-10,江苏区域股市周报：新增2家上市公司 中环海陆跌出板块市值10强,每日经济新闻
413,2021-08-10,石油行业：石化龙头加速布局新材料 价值有望重估,新浪
414,2021-08-09,石油化工行业周报：油价高位震荡 长丝需求回升,新浪
415,2021-08-09,【专题报告】光伏产业发展推动EVA树脂行业需求,混沌天成
416,2021-08-08,石油化工行业研究：大炼化插上新能源的翅膀！,国金证券股份有限公司
417,2021-08-08,“炼化-化纤”产业链周报：海利得业绩考核高目标 彰显公司发展信心十足,新浪
418,2021-08-07,【DMC、EVA宽幅上涨，纯碱、氨纶价格持续上涨】-国信化工周观点,化工林谈
419,2021-08-06,恒力石化：公司拟新建恒力化工新材料配套项目等多个项目,Wind
420,2021-08-06,国君策略：科技成长见顶有什么信号？,Wind
421,2021-08-05,超23亿元跌停价接货！千亿市值大白马重挫，紧急回应来了；军工板块逆势大涨 连续下跌,中证报
422,2021-08-05,石油化工&基础化工行业2021年中期策略报告：聚焦价值 拥抱成长 把握市场分化预期下的确定性机会,光大证券
423,2021-08-05,A股收盘综述：资金畏高指数集体回调，军工股逆势爆发,Wind
424,2021-08-05,千亿巨头罕见跌停，6倍大牛股突然大跌！,Wind
425,2021-08-05,A股午盘综述：沪市权重力扛指数，军工股全线爆发,Wind
426,2021-08-04,东方盛虹：1-7月累计新增借款占2020年末净资产比例为120.95%,Wind
427,2021-08-04,石油加工行业每周炼化：短期因素刺激PTA利润回升,新浪
428,2021-08-04,中小盘股起舞数月，去年煎熬的小散盈利够买车,Wind
429,2021-08-03,深度*行业*化工行业周报：原油震荡上行 发改委约谈重点化肥企业,新浪
430,2021-08-03,新凤鸣(603225)公司深度研究：产能扩张支撑公司持续成长,新浪
431,2021-08-02,石油石化行业：二季度化工行业基金持仓分析,新浪
432,2021-08-02,石油石化、基础化工、新材料行业北上资金流向周报,新浪
433,2021-08-02,【化工行业 | 8月投资策略：持续看好纯碱、氨纶和草甘膦的景气度】-国信证券,化工林谈
434,2021-08-02,基础化工行业周报：7月PMI公布 万华上调8月MDI挂牌价 两碱、辛醇、BDO、磷产业链等继续走高 DMC、草铵膦、醋酸产业链、DMF等涨价,新浪
435,2021-07-31,炒股不如买基金！四大牛基年内大赚至少80%,Wind
436,2021-07-31,化工行业专题研究报告：技术与政策并进 光伏景气带动上游材料机遇,新浪
437,2021-07-29,国信证券金股推荐：2021年8月各行业金股推荐汇总,新浪
438,2021-07-29,并购助业绩大爆发！110家翻番，材料、半导体亮瞎眼,Wind
439,2021-07-28,基础化工行业研究：公募基金配置化工行业水平接近十年最高值 价值风格向成长风格切换明显,国金证券股份有限公司
440,2021-07-28,PTA价格年内涨近50%，概念股业绩普遍向好,Wind
441,2021-07-28,PTA价格年内涨近50%概念股业绩普遍向好,证券时报
442,2021-07-27,上海证券化工行业周报：原油先跌后涨 继续关注优质赛道龙头,新浪
443,2021-07-27,东方盛虹投建年产50万吨超仿真功能性纤维项目,工业新闻网
444,2021-07-26,2021Q2公募基金化工重仓股分析：21Q2公募基金化工重仓股配置环比继续上升 风格切换至细分龙头及新能源、半导体相关标的,新浪
445,2021-07-26,化工行业周报：化工结构性乐观,新浪
446,2021-07-26,民生证券首予东方盛虹推荐评级，东方盛虹深度研究报告：炼化投产及收购斯尔邦，业绩将迈入新台阶,每日经济新闻
447,2021-07-26,化纤行业将迎来景气度提升，维持行业增持评级,国泰君安
448,2021-07-25,【华安化工|周报】万华化学再次跻身《财富》中国500强,化工阿尔法
449,2021-07-24,苏州上市企业突破200家！,陆家嘴金融网
450,2021-07-23,热门主线内部分化显著，部分赛道基金持仓进入历史极值,Wind
451,2021-07-22,A股异动 | 多重利好叠加 东方盛虹(000301.SZ)升超7%再度破顶,格隆汇
452,2021-07-22,恒力石化触及涨停提振化纤板块，荣盛石化、东方盛虹、华峰化学、恒逸石化跟涨,Wind
453,2021-07-22,券商首次关注3股并给予买入评级（7月22日）,Wind
454,2021-07-22,晨会聚焦210722重点关注东方盛虹、社会服务行业,国信研究
455,2021-07-21,晚间重要公告2021年7月21日星期三,Wind
456,2021-07-21,拟购标的身价暴涨近34亿！深交所发函追问东方盛虹 问询,北京商报
457,2021-07-21,拟收购江苏斯尔邦石化100%股权 东方盛虹收重组问询函 问询,中新经纬
458,2021-07-21,东方盛虹(000301)：光伏EVA龙头标的 大炼化打开成长空间,新浪
459,2021-07-21,东方盛虹被问询，要求结合甲醇价格上涨情况分析对标的公司未来业绩的影响 问询,Wind
460,2021-07-21,华东双酚A原料不足！盛虹在连云港建65万吨酚酮装置,生意社
461,2021-07-21,155家公司股价翻倍，半年报业绩成色几何？,Wind
462,2021-07-20,东方盛虹：公司年度报告中披露的营业收入构成中“其他”主要系原材料贸易业务,Wind
463,2021-07-20,石油加工行业每周炼化：长丝企业报价上调,新浪
464,2021-07-20,“炼化-化纤”产业链周报：东方盛虹投资超仿真功能性纤维 丰富高端纤维产品结构,新浪
465,2021-07-20,按天拿货！氨纶价格一年内翻倍 化纤上市公司业绩坐上“直升飞机”,时代财经
466,2021-07-20,化工行业周报：原油高位回落 继续关注优质赛道龙头,新浪
467,2021-07-19,化工点评报告：OPEC+达成协议 油价或将继续上涨,新浪
468,2021-07-19,网络安全板块崛起！任子行大涨超13%，1.14亿资金积极抢筹,21世纪经济报道
469,2021-07-19,大盘震荡走势不改 机构抛售力度加大,金融投资报
470,2021-07-19,东方盛虹龙虎榜数据（7月19日）,Wind
471,2021-07-19,东方盛虹：拟投资近40亿建设年产50万吨超仿真功能性纤维项目,资本邦
472,2021-07-19,化工行业周报：看好新能源快速发展浪潮下上游相关材料戴维斯双击机会,新浪
473,2021-07-19,石油化工新材料行业北上资金周报,新浪
474,2021-07-19,基金二季报陆续发布，明星基金经理调仓换股,Wind
475,2021-07-19,光大证券：维持东方盛虹(000301.SZ)“买入”评级 “炼化-化纤”行业景气回暖 业绩有望增长,智通财经
476,2021-07-19,PTA、聚酯发挥“龙头”效应！牢牢掌握未来新增市场需求,全球纺织网
477,2021-07-17,石油化工行业跟踪报告：6月美国商业原油库存环比减少5.2%,新浪
478,2021-07-17,东方盛虹拟40亿元投建新项目,大众证券报
479,2021-07-17,【东方盛虹（000301.SZ）】拟建50万吨超仿真功能性纤维，继续加码长丝主业——公告点评（赵乃迪/吴裕）,光大证券
480,2021-07-17,拟40亿投建新项目东方盛虹：产品技术已具备量产条件,财联社
481,2021-07-17,上市公司正负面新闻2021年7月17日星期六,Wind
482,2021-07-16,东方盛虹(000301.SZ)：拟对盛虹新材料以货币方式增资23.5亿元,格隆汇
483,2021-07-16,晚间重要公告2021年7月16日星期五,Wind
484,2021-07-16,总投资39.58亿元 东方盛虹拟投建年产50万吨超仿真功能性纤维项目,e公司
485,2021-07-16,东方盛虹：为子公司向银行申请项目贷款提供27.50亿元担保 大额借贷担保,发布易
486,2021-07-16,东方盛虹(000301.SZ)拟对子公司盛虹新材料增资23.5亿元,智通财经
487,2021-07-16,东方盛虹：拟投建年产50万吨超仿真功能性纤维项目 总投资39.58亿元,e公司
488,2021-07-16,东方盛虹(000301.SZ)子公司拟39.58亿元投建年产50万吨超仿真功能性纤维项目,智通财经
489,2021-07-16,荣盛石化(002493)：预告浙石化盈利高于预期 估值已具备吸引力,新浪
490,2021-07-16,碳交易市场正式启动，东方盛虹收购斯尔邦深化新能源新材料战略布局,每日经济新闻
491,2021-07-15,基础化工周报：布油价格持平 三氯氢硅、氯化钾、草甘膦、纯碱等产品价格上涨,新浪
492,2021-07-15,石油石化行业周报：纺企增加原料采购 涤纶长丝价格上涨,新浪
493,2021-07-15,化工板块集体走强，恒力石化一度触板,Wind
494,2021-07-15,上半年业绩暴增股名单 （附股）,证券之星
495,2021-07-14,石油天然气行业石化月报(第五期)：大炼化向下游延伸拓展,新浪
496,2021-07-14,化工行业周报：原油价格高位震荡 关注优质赛道龙头,新浪
497,2021-07-14,石油加工行业每周炼化：下游抵触高价货源,新浪
498,2021-07-14,宣布并购EVA龙头斯尔邦东方盛虹(000301.SZ)再创历史新高,格隆汇
499,2021-07-14,80股获券商买入评级，环旭电子目标涨幅达84.70%,Wind
500,2021-07-13,江苏区域股市周报：久吾高科涨60.70%涨幅第一 7亿融资买入苏宁易购,每日经济新闻
501,2021-07-13,石化行业数据周报：需求改善将推动涤纶长丝去库存,新浪
502,2021-07-13,A股早报2021年7月13日星期二,Wind
503,2021-07-12,【天风新材料20210712】投资25亿！东方雨虹拟在扬州建VAE乳液、VAEP 胶粉项目,煤炭鑫观点
504,2021-07-12,东方盛虹百亿并购EVA龙头斯尔邦 “炼化+聚酯+新材料”产业矩阵形成,证券日报网
505,2021-07-12,石油石化行业：供需双向支撑 DMC深度受益,新浪
506,2021-07-12,每日报告回放,新浪
507,2021-07-12,涨停板解密：两板块个股掀涨停潮！（7月12日）,Wind
508,2021-07-12,斯尔邦143.6亿注入东方盛虹实现曲线上市 两年前借壳落空整体估值已增50亿 并购重组异常,长江商报
509,2021-07-12,EVA粒子价格暴涨下的资产重组 东方盛虹拟注入龙头斯尔邦再添新材料赛道,经济观察网
510,2021-07-12,光伏细分材料龙头股价半个月涨超60% 产品下半年恐面临供需失衡 缺口持续扩大,网易
511,2021-07-12,信达证券维持东方盛虹买入评级：143.6亿收购斯尔邦，精细化工版图扩张,每日经济新闻
512,2021-07-12,券商评级：三大指数上涨九股迎来掘金良机,光大证券
513,2021-07-12,基础化工行业周报：MDI、氯化钾、己二酸、丁辛醇、PO价格继续上涨 DMF、DMC、电解液、草铵膦、磷矿石涨价,新浪
514,2021-07-12,明日最具爆发力六大黑马,证券之星
515,2021-07-12,东方盛虹(000301)动态跟踪报告：优质EVA资产斯尔邦石化注入 炼化精细化工全产业链打造完成,光大证券
516,2021-07-12,东方盛虹(000301)事件点评：斯尔邦注入落地锦上添花 产能、产业链双维成长未来可期,新浪
517,2021-07-12,百亿级并购来了！东方盛虹拟作价143.6亿元 收购EVA光伏膜料龙头斯尔邦,北极星电力
518,2021-07-12,入股一年后建行子公司退出盛虹集团 公司回应称因已超收益预期,贝壳财经
519,2021-07-12,光大证券：东方盛虹(000301.SZ)拟收购斯尔邦，EVA供需严重错配行业景气度有望持续提升,智通财经
520,2021-07-12,东方盛虹(000301.SZ)涨停创历史新高 收购斯尔邦获机构看好,格隆汇
521,2021-07-12,东方盛虹4天2板,Wind
522,2021-07-12,东方盛虹(000301.SZ)涨超8%创历史新高 拟超143亿元购斯尔邦100%股权,格隆汇
523,2021-07-12,国盛证券维持东方盛虹买入评级：注入斯尔邦优质新材料资产，坚定看好公司发展前景,每日经济新闻
524,2021-07-12,江苏斯尔邦身价上涨 标的业绩及业绩承诺不稳定,钢企网
525,2021-07-12,62股获券商买入评级 正邦科技目标涨幅达98.07%,Wind
526,2021-07-12,【东方盛虹（000301.SZ）】优质EVA资产斯尔邦石化注入，炼化精细化工全产业链打造完成——动态跟踪报告（赵乃迪/吴裕）,光大证券
527,2021-07-12,上市公司正负面新闻2021年7月12日星期一,Wind
528,2021-07-11,拟购高端EVA光伏料龙头叠加多项目投产 东方盛虹释放高增长预期,中证网
529,2021-07-11,百亿级并购来了！东方盛虹拟购斯尔邦 标的身价暴涨近34亿元,北京商报
530,2021-07-11,东方盛虹(000301.SZ)：拟最终以143.6亿元收购斯尔邦100%股权,格隆汇
531,2021-07-10,上市公司正负面新闻2021年7月10日星期六,Wind
532,2021-07-10,东方盛虹将并入光伏EVA龙头 叠加新能源估值溢价,金融界
533,2021-07-10,东方盛虹拟作价143.6亿收购国内EVA龙头 市值有望持续拉升,金融界
534,2021-07-09,标的作价143.6亿元 东方盛虹拟收购斯尔邦,大众证券报
535,2021-07-09,东方盛虹拟收购斯尔邦100%股权 标的作价143.6亿元,北京商报
536,2021-07-09,晚间重要公告2021年7月9日星期五,Wind
537,2021-07-09,东方盛虹：拟作价超143亿元购买斯尔邦100%股权,财联社
538,2021-07-09,东方盛虹：拟收购斯尔邦100%股权，交易价格为143.6亿元,Wind
539,2021-07-09,北向资金今日小幅净卖出2.11亿元，外资高位出逃新能源股,Wind
540,2021-07-09,26只股遭北向资金减仓超30%,证券时报网
541,2021-07-09,46股获券商买入评级，精达股份目标涨幅达83.01%,Wind
542,2021-07-09,锂电池概念股再现涨停潮，逾10亿北向资金扫货两只龙头股（名单）,21世纪经济报道
543,2021-07-09,北向资金动向盘点：持续净买入“食品饮料”,Wind
544,2021-07-09,北向资金动向曝光：7月8日这30只个股遭大甩卖（附名单）,每日经济新闻
545,2021-07-08,中报行情频现业绩高增标的，资金青睐成长型科技股,第一财经
546,2021-07-08,75股获买入评级 最新:保利地产,中财网
547,2021-07-08,信达证券维持东方盛虹买入评级，聚酯业绩大幅反弹，大炼化核心装置中交,每日经济新闻
548,2021-07-08,超级大卖爆雷！340个账号遭亚马逊“封杀”一半员工跑路,亿邦动力
549,2021-07-08,首开股份：34.2亿元小公募公司债券提交注册,中国网
550,2021-07-08,7.8保险公众宣传日丨坚守初心，中国人寿用行动守护人民美好生活,财经网
551,2021-07-08,【牛人重仓】德方纳米:前复权价创历史新高，今日资金流入-1275.32万元；前3个交易日，主力资金净流入4143.47万元,每日经济新闻
552,2021-07-08,中集车辆创业板上市 成为首家A+H股半挂车与专用车高端制造企业,中证网
553,2021-07-08,用友iuap技术平台：赋能企业业务快速创新，实现云原生自由,砍柴网
554,2021-07-08,光伏细分赛道：EVA粒子供需梳理及投资价值分析 | 兴证电新（王吉颖、朱玥）,兴业电新
555,2021-07-08,傲林科技上榜中国潜在独角兽百强名单，为2021企业数字服务赛道成长最快企业,砍柴网
556,2021-07-08,创意信息：与华为在数字能源领域的合作主要是国家电网的多站融合项目,e公司
557,2021-07-08,【行情】港股医药外包概念股继续走低，泰格医药跌近8%，昭衍新药跌7.3%，康龙化成跌6.68%，药明生物跌3.94%，药明康德跌3.3%，金斯瑞生物跌2.35%,金十数据
558,2021-07-08,江西银行全面助力景德镇国家级试验区建设,财经网
559,2021-07-08,崩盘的酱油股：竞争格局恶化下的混战,阿尔法工场研究院
560,2021-07-08,保力新拟募资2.5亿主投锂电池升级改造项目 高保清参与认购,上海有色
561,2021-07-08,三峡能源与北京冬奥场馆达成3000万千瓦时的交易电量,格隆汇
562,2021-07-08,腾讯罕见大跌逾4%市值半年蒸发2万亿，相当于两个五粮液0.8个茅台 连续下跌,AI财经社
563,2021-07-08,快讯丨宁德时代分别在厦门、成都成立新公司 股价上涨3.04%创新高,每日经济新闻
564,2021-07-08,产业早报 | 黑色普涨，油价创新高，今日期市如何布局0706,美尔雅期货研究院
565,2021-07-08,【新时代先进制造】六部门：加快培育发展制造业优质企业，支持上市融资【周观点0704】,孟话机器人
566,2021-07-08,不懂财务，别谈创业！,创业邦
567,2021-07-08,兴业证券分公司综合管理部负责人培训认证圆满结业,兴业证券订阅号
568,2021-07-08,多线联动 简爱格妮斯轻奢女装代理模式再创新,CFW时尚
569,2021-07-08,IPTV开机广告关不掉？上海电信给消保委回复“为提高用户开机体验”？最新进展来了,杭州网
570,2021-07-08,2021上半年度App分类排行,硅谷动力
571,2021-07-08,财达证券投资者教育基地正式对公众开放,中证网
572,2021-07-08,美特斯邦威创始人对“中国新奢品牌”的深度思考和详细规划,CFW时尚
573,2021-07-08,摩根大通眼中的蓝海赛道：数据解析 Staking 市场格局,链闻
574,2021-07-08,"中国银行黄金市场分析：美联储纪要""鹰""气不足，黄金站稳1800大关",理财18
575,2021-07-08,中关村协同创新基金考察组赴市高教新区调研座谈,钢企网
576,2021-07-08,明星私募热议：新能源龙头该不该泡沫化？,21世纪经济报道
577,2021-07-08,水银门实锤 理想ONE检测结果出炉！官方紧急回应,量子位
578,2021-07-08,济南广播电视台发布违法广告被罚款5800元 其他违规处罚,质量新闻网
579,2021-07-08,【工业品早评】美元强美债弱，有色普遍回调,混沌天成研究
580,2021-07-08,A股异动 | 大连圣亚(600593.SH)跌停 卖52只企鹅创收2212万 再遭上交所严厉问询 问询,格隆汇
581,2021-07-08,光大证券：东方盛虹(000301.SZ)21年H1业绩同比大增，炼化一体化项目高效推进，维持“买入”评级,智通财经
582,2021-07-08,突遭抽查，这家制霸投行的“最牛打印店”能否成功上市？,华尔街见闻
583,2021-07-08,又召回！因软件问题保时捷全球召回4.3万台Taycan 产品问题,证券之星
584,2021-07-08,东方盛虹：预计上半年盈利增长16倍，行业复苏提振信心,资本邦
585,2021-07-08,FOMC会议纪要：关于缩减的观点都在这里,和讯
586,2021-07-08,提前涨停：炼化龙头东方盛虹上半年盈利预增最高18倍 今年以来股价已翻倍,界面
587,2021-07-08,受益消费需求明显改善，纺织化纤龙头东方盛虹上半年狂赚11个亿,全球纺织网
588,2021-07-08,半年利润371亿！中远海控赚疯了,国际船舶
589,2021-07-08,A股早报2021年7月8日星期四,Wind
590,2021-07-08,7月8日操盘必读：影响股市利好与利空消息,新浪
591,2021-07-07,晚间重要公告2021年7月7日星期三,Wind
592,2021-07-07,东方盛虹：预计上半年净利润11.00亿元~12.00亿元同比增1645.02%~1803.65%,证券时报网
593,2021-07-07,东方盛虹：上半年预计净利润同比增长1645.02%~1803.65%,Wind
594,2021-07-07,东方盛虹(000301.SZ)半年度净利润预增16.45倍-18.04倍,格隆汇
595,2021-07-07,东方盛虹(000301.SZ)上半年净利预增1645.02%—1803.65%,智通财经
596,2021-07-07,东方盛虹：预计上半年净利润同比增长1645.02%至1803.65%,Wind
597,2021-07-07,东方盛虹：预计上半年净利同比增加1645%-1804%,财联社
598,2021-07-07,东方盛虹：上半年净利预增超16倍 化纤石化行业复苏,e公司
599,2021-07-07,涨停板解密：三大板块个股火爆上攻！（7月7日）,Wind
600,2021-07-07,东方盛虹龙虎榜数据（7月7日）,Wind
601,2021-07-07,朝聚眼科今日IPO，市值百亿，民营眼科迎来“上市”潮！,深水财经社
602,2021-07-07,光伏设备行业：全球低碳转型背景下光伏需求强势启动 光伏级EVA粒子长期紧平衡,新浪
603,2021-07-07,【兴业证券晨会聚焦0707】医药-CAR-T行业深度；商贸-宠物行业深度；通信-科华数据深度；电新-EVA粒子行业跟踪,兴证研究
604,2021-07-06,东方盛虹(000301)：低估的光伏EVA树脂龙头 大炼化投产在即,国海证券
605,2021-07-06,石油加工行业每周炼化：坯布连续去库存,新浪
606,2021-07-05,预制菜带来“厨房革命”,36氪
607,2021-07-05,新凤鸣(603225)公司研究报告：涤纶长丝龙头企业 有望迎来量价齐升,新浪
608,2021-07-05,国海证券：东方盛虹（000301.SZ）低估的光伏EVA树脂龙头，大炼化投产在即，首予“买入”评级,智通财经
609,2021-07-05,石油化工新材料行业北上资金周报,新浪
610,2021-07-05,化工行业周报：把握中报高增长标的 中长期继续看好优质成长,新浪
611,2021-07-05,大宗商品行业周报：绿色能源与大宗商品周报(2021年第9期),新浪
612,2021-07-04,【天风石化】大炼化成长性再思考,樨樨和她的油气小伙伴
613,2021-07-04,化工行业周报：化纤、纯碱继续向好 旺季化工景气可期,新浪
614,2021-07-03,半导体材料行业跟踪报告之三：六部门发文推动制造业优质企业发展 关注半导体材料等关键领域成长空间,光大证券
615,2021-07-01,东方盛虹(000301)：首批核心装置顺利中交 炼化一体化项目进展顺利,光大证券
616,2021-06-30,盛虹炼化一体化项目首批核心装置顺利中交,金融界
617,2021-06-30,市值破千亿，东鹏特饮能撕掉“高仿红牛”标签的吗？,36氪
618,2021-06-30,中信建投研究7月金股名单,中信建投证券研究
619,2021-06-29,涤纶长丝行业动态跟踪报告：涤纶长丝需求复苏明确 旺季盈利能力有望大幅上行,新浪
620,2021-06-29,化工板块持续趋势上行，新凤鸣冲击涨停,Wind
621,2021-06-29,化工行业周报：化工行业结构性乐观 关注纯碱、钛矿、氨纶等子行业,新浪
622,2021-06-29,石化行业2021年中期投资策略：油价重回疫情前 炼化景气延续,新浪
623,2021-06-29,机构看中这些股 近五日大手笔净买入,证券之星
624,2021-06-28,化工行业新能源材料系列(一)：EVA景气向上 POE进口替代可期,新浪
625,2021-06-25,东方盛虹业绩稳定机构青睐 章盟主继续大买江淮汽车,财富动力网
626,2021-06-25,A股早报2021年6月25日星期五,Wind
627,2021-06-25,服装业海外订单回流中国 纺织出口面临3大困境,每日经济新闻
628,2021-06-24,服装业海外订单回流中国 成本上升依旧困扰企业,每日经济新闻
629,2021-06-24,两市全天共58只股涨停，电气部件与设备行业成最大赢家,Wind
630,2021-06-24,连续5日成交万亿！鸿蒙熄火，光伏接棒，下一步轮到谁,Wind
631,2021-06-24,【机构风向标】价格创新高个股数量井喷，半导体、化工最活跃！14股获多家机构“买入”评级,证券时报网
632,2021-06-24,东方盛虹(000301.SZ)股价异动 不存在应披露而未披露事项,智通财经
633,2021-06-24,东方盛虹龙虎榜数据（6月24日）,Wind
634,2021-06-24,A股收盘综述：科技股集体回调，市场连续5日成交破万亿,Wind
635,2021-06-24,国家放大招，光伏板块大爆发！半导体重挫,Wind
636,2021-06-24,A股午盘综述：光伏板块掀涨停潮，芯片股集体回调,Wind
637,2021-06-24,服装业海外订单回流中国，有企业订单已排至明年,每日经济新闻
638,2021-06-24,2021下半年投资策略展望｜中信建投晨会&好声音,中信建投证券研究
639,2021-06-23,东方盛虹(000301)：大炼化投产在即 光伏材料注入赋能,新浪
640,2021-06-23,疫情刺激“订单回流”，有成衣制造企业订单已排至明年，但运费上涨、汇率波动侵蚀成本,每日经济新闻
641,2021-06-23,涨停板解密：资金青睐，三大板块个股火爆上攻（6月23日）,Wind
642,2021-06-22,江苏徐圩新区增量配电网业务改革试点第二座220千伏炼化变电站成功投产送电,北极星电力
643,2021-06-21,石化行业周报：美湾原油生产或受风暴影响 对原油需求前景持续乐观 国际原油价格上涨,新浪
644,2021-06-21,化工行业周报：关注二季度高增长标的 中长期继续看好优质成长股,新浪
645,2021-06-18,石油化工行业：5月油价延续上涨态势 建议关注油价上涨的投资机会,新浪
646,2021-06-17,化工行业2021年中期投资策略：周期品兼顾景气与成长 新材料布局需求端放量,广发证券
647,2021-06-16,石油加工行业每周炼化：长丝加速去库,新浪
648,2021-06-16,多家券商发布下半年投资策略，两大关键词被反复提及,Wind
649,2021-06-16,多家券商发布下半年投资策略 两大关键词被反复提及,证券时报
650,2021-06-15,恒逸石化(000703)：长丝景气度回升+产能扩张 盈利持续增长,新浪
651,2021-06-15,2021年下半年投资策略：周期景气有望持续 产业变革趋势孕育成长新机遇,新浪
652,2021-06-15,超级干货！下半年市场潜力板块和牛股来了，机构最新投资策略曝光，最看好的股票都在这里（附全名单）,e公司
653,2021-06-15,基础化工行业周报：油价上涨 三聚氰胺、磷酸一铵、有机硅DMC等产品价格上涨,新浪
654,2021-06-11,石化行业OPEC月报点评：OPEC逐步放松减产 需求复苏提供支撑,新浪
655,2021-06-10,石油化工行业：7月继续增产 油价强势上涨,新浪
656,2021-06-10,化工行业：聚焦周期景气龙头 看好低估值优质成长,新浪
657,2021-06-09,东方盛虹(000301.SZ)2020年度分红派息10派1元股权登记日为6月17日,格隆汇
658,2021-06-09,东方盛虹(000301.SZ)拟实施每10股派1元 于6月18日除权除息,智通财经
659,2021-06-09,东方盛虹：将“盛虹转债”转股价格由14.2元/股下修至14.1元/股,Wind
660,2021-06-09,化纤板块单边上扬，新乡化纤、南京化纤、皖维高新涨停,Wind
661,2021-06-08,石油化工一周观点：从供需面看丙烯产业链,新浪
662,2021-06-07,石油化工行业周报：油价突破前高站上70美元 看多石化全产业链,新浪
663,2021-06-07,国君石化 | 碳中和对石化行业影响专题研究：石化行业成本曲线重塑，中长期竞争格局优化,国泰君安证券研究
664,2021-06-07,化工行业周报：重点看好资本开支下实现跨越式增长的周期成长股,新浪
665,2021-06-04,东方盛虹：当年累计新增借款超过上年末净资产百分之一百,Wind
666,2021-06-04,东方盛虹(000301.SZ)：2021年1-5月累计新增借款占2020年末净资产的104.7% 大额借贷担保,格隆汇
667,2021-06-03,国盛证券：5月金股组合盈利7.67% 6月荐股名单出炉,新浪
668,2021-06-03,化纤板块跌幅加深，恒力、荣盛、东方盛虹、华峰化学、桐昆集体下挫,Wind
669,2021-06-02,富时罗素季度调整结果公布，速看新增剔除A股标的全名单,Wind
670,2021-06-01,石油加工行业每周炼化：长丝持续累库,新浪
671,2021-05-31,【国盛策略&行业】把握当下，进攻科创——6月配置建议&金股推荐,尧望后势
672,2021-05-31,绿色能源与大宗商品周报：(2021年第4期),新浪
673,2021-05-31,石油化工新材料行业北上资金周报,新浪
674,2021-05-31,化纤板块扩大跌幅，恒力、荣盛、东方盛虹、华峰化学、恒逸石化集体下行,Wind
675,2021-05-31,6月83只金股抢先看！7家券商亮出推荐清单，这只金融股最受宠,中证报
676,2021-05-30,6月配置建议&金股推荐：把握当下 进攻科创,新浪
677,2021-05-29,中信建投研究6月金股名单,Wind
678,2021-05-29,广东佛山通报新增1例确诊详情：1岁，系新增无症状感染者孙女,Wind
679,2021-05-28,又添三家！江苏“千亿俱乐部”创纪录，下一批扩容会是谁？,深水财经社
680,2021-05-27,大盘站上3600点！国君高呼：蓝筹空间打开,Wind
681,2021-05-27,多只中大盘股尾盘集合竞价大幅波动,Wind
682,2021-05-26,牛人重仓｜机构合计持有4.4亿股，占流通股超两成，这只化纤股备受资金青睐！,每日经济新闻
683,2021-05-26,信达证券：东方盛虹（000301.SZ）内核持续升级，炼化切换估值逻辑，首予“买入”评级,智通财经
684,2021-05-26,信达证券给予东方盛虹买入评级，首次覆盖报告：内核持续升级，炼化切换估值逻辑,每日经济新闻
685,2021-05-25,化工行业2021年中期策略：业绩为王，挖掘化工投资机会,东吴石化化工
686,2021-05-25,化工行业数据周报：1Q21化工行业基金持仓分析,新浪
687,2021-05-25,石油石化行业数据周报：假期油价走势回顾,新浪
688,2021-05-24,石油石化、基础化工、新材料行业北上资金流向周报,新浪
689,2021-05-24,化工行业周报：看好周期低估值弹性标的及高增长成长股,新浪
690,2021-05-22,加码主业或完善产业链 多家化工龙头企业忙扩产,上证报
691,2021-05-21,10股获券商买入评级，精达股份目标涨幅达114.59%,Wind
692,2021-05-20,12股获多家机构“买入”评级，机构推荐胜率超六成,第一财经
693,2021-05-20,东方盛虹(000301)：斯尔邦石化资产注入 炼化下游延伸 打开未来成长空间,光大证券
694,2021-05-20,光大证券：东方盛虹（000301.SZ）收购斯尔邦股权并投建POSM及多元醇项目，维持“买入”评级,智通财经
695,2021-05-20,化纤板块盘中调整，恒力、荣盛、东方盛虹、华峰化学、桐昆、恒逸普跌,Wind
696,2021-05-20,上调评级至买入策略选股（5月20日）,Wind
697,2021-05-20,24股获券商买入评级 博通集成目标涨幅达39.13%,Wind
698,2021-05-20,绿色能源与大宗商品月报(2021年5月)行业月报,新浪
699,2021-05-19,【方正化工】东方盛虹事件点评：炼化投产在即，斯尔邦注入进一步增强核心竞争力,靠谱化工股
700,2021-05-19,东方盛虹：公司差别化化学纤维年产能230万吨，在建年产能25万吨,Wind
701,2021-05-19,30股获券商买入评级，天阳科技目标涨幅达66.32%,Wind
702,2021-05-19,化工在线周刊2021年第18期(总第830期),新浪
703,2021-05-19,晨报0519 | 地产专题、东方盛虹、瑞丰新材、巴比食品、隆基股份,国泰君安证券研究
704,2021-05-18,“油转化”趋势下炼化行业如何发展,要资讯
705,2021-05-18,东方盛虹(000301)：斯尔邦注入解决同业竞争 POSM项目延伸产业链,新浪
706,2021-05-18,东方盛虹(000301)：炼化完整方案定型；斯尔邦新材料发展空间较大,新浪
707,2021-05-18,化工行业周报：化工开始分化 关注纯碱、钛矿、氯碱、EVA等子行业,新浪
708,2021-05-17,【天风新材料20210517】华峰化学拟扩建30万吨/年氨纶、115万吨/年己二酸项目,煤炭鑫观点
709,2021-05-17,“亚军”基金经理孙迪的第一大重仓股入选牛人重仓指数，“涤纶概念”站上风口？,每日经济新闻
710,2021-05-17,一周策略回顾与展望,新浪
711,2021-05-17,2021Q1化工行业总结：供需格局改善 盈利大幅提升 看好景气持续,新浪
712,2021-05-17,A股异动|东方盛虹(000301.SZ)创逾13年新高拟投资60.34亿元建POSM及多元醇项目,格隆汇
713,2021-05-17,A股早报2021年5月17日星期一,Wind
714,2021-05-16,石油石化、基础化工、新材料行业北上资金流向周报：石油化工新材料行业北上资金周报,新浪
715,2021-05-16,石油化工行业跟踪报告：进口原料征税 成品油市场进一步规范,新浪
716,2021-05-16,化工行业：化工品价格涨多跌少 Q2北向资金化工股持仓变动分析,广发证券
717,2021-05-15,东方盛虹拟60亿元投建两项目 预计年均销售收入58.67亿元,新浪
718,2021-05-14,晚间重要公告2021年5月14日星期五,Wind
719,2021-05-14,东方盛虹(000301.SZ)子公司拟投建POSM及多元醇项目 预计总投资60.34亿元,智通财经
720,2021-05-14,东方盛虹(000301.SZ)：拟投资60.34亿元建POSM及多元醇项目,格隆汇
721,2021-05-14,东方盛虹：下属子公司拟投资60.34亿元建设POSM及多元醇项目,e公司
722,2021-05-14,东方盛虹：拟60.34亿元投建POSM及多元醇项目,格隆汇
723,2021-05-14,牛人重仓｜28%流通股被机构收入囊中，这只股用什么迷住了机构的心窍？,每日经济新闻
724,2021-05-14,东方盛虹拟购标的单季盈利10亿元 中信建投给予1600亿元估值,中证网
725,2021-05-14,收购国内光伏膜料龙头企业 东方盛虹披露重组预案股价大涨,证券日报网
726,2021-05-14,斯尔邦注入东方盛虹，丙烯腈有望形成国内第一大产能,第一财经
727,2021-05-14,斯尔邦借壳上市失败 转向东方盛虹构成关联交易 并购重组异常,长江商报
728,2021-05-14,5月13日31只个股获券商关注，瀚蓝环境目标涨幅达45.52%,每日经济新闻
729,2021-05-14,23股获券商买入评级 北京利尔目标涨幅达99.54%,Wind
730,2021-05-14,注入优质资产斯尔邦 东方盛虹完善全产链布局,经济观察报
731,2021-05-14,【朝闻国盛0514】“紧信用+稳货币”进一步确认,国盛证券研究所
732,2021-05-14,斯尔邦百亿借壳未果拟注入东方盛虹 千亿规模资产重组将化解同业竞争,长江商报
733,2021-05-13,拟收购斯尔邦100%股权完善产业链布局，民营大炼化龙头东方盛虹股价逼近涨停,21世纪经济报道
734,2021-05-13,42股获买入评级 最新:恒林股份,中财网
735,2021-05-13,东方盛虹拟购斯尔邦背后：标的净利波动大 曾现业绩“画饼”,北京商报
736,2021-05-13,“油转化”趋势下炼化行业如何发展,--
737,2021-05-13,每日数据挖掘机：机构最近看中哪些股票？爱美客、东方盛虹等榜上有名,中金在线
738,2021-05-13,盘中涨停 东方盛虹大幅收涨9.93%,北京商报
739,2021-05-13,借壳丹化科技失败盛虹再推斯尔邦资本运作 大炼化项目年底将投产 并购重组异常,贝壳财经
740,2021-05-13,注入优质化工资产，东方盛虹拟收购斯尔邦100%股权,资本邦
741,2021-05-13,东方盛虹(000301)跟踪点评：注入斯尔邦 提升协同、打开空间,新浪
742,2021-05-13,东方盛虹(000301)：拟收购斯尔邦 完善精细化布局,新浪
743,2021-05-13,安信证券：东方盛虹(000301.SZ)资产注入赋能，维持“买入-A”评级,智通财经
744,2021-05-13,天风证券：东方盛虹（000301.SZ）注入斯尔邦，维持“买入”评级,智通财经
745,2021-05-13,【牛人重仓】东方盛虹:牛人重仓绩优股今年来融资余额增仓50%以上，今日资金流入31718.99万元，北向资金持股13816.59万股，融资余额34421.23万元,每日经济新闻
746,2021-05-13,国盛证券维持东方盛虹买入评级：拟收购斯尔邦丰富下游产品，看好一体化布局下公司成长潜力,每日经济新闻
747,2021-05-13,东方盛虹(000301)：重组预案出炉；交易方案仍有不确定性 重组后盈利提升空间可观,新浪
748,2021-05-13,东方盛虹(000301)：资产注入赋能 “一体两翼”协同发展,新浪
749,2021-05-13,A股异动 | 东方盛虹(000301.SZ)复牌涨停 拟收购江苏斯尔邦石化100%股权 明起复牌,格隆汇
750,2021-05-13,东方盛虹复牌涨停，拟购买斯尔邦100%股权,Wind
751,2021-05-13,信达证券--石油加工行业每周炼化,信达证券
752,2021-05-13,东方盛虹拟购买斯尔邦100%股权，注入优质资产完善全产业链布局,金融界
753,2021-05-13,A股早报2021年5月13日星期四,Wind
754,2021-05-13,犀牛财经早报：公牛集团涉嫌垄断被调查*ST众泰被暂缓投资,GPLP犀牛财经
755,2021-05-12,东方盛虹拟收购斯尔邦100%股权 13日起复牌,上证报
756,2021-05-12,东方盛虹拟增发收购实控人所持斯尔邦 后者一季度赚10亿元,e公司
757,2021-05-12,东方盛虹(000301.SZ)股票及可转债将于5月13日起复牌,智通财经
758,2021-05-12,东方盛虹(000301.SZ)拟增发收购斯尔邦100%股权 将新增烯烃衍生物产品,智通财经
759,2021-05-12,东方盛虹(000301.SZ)：拟收购江苏斯尔邦石化100%股权明起复牌,格隆汇
760,2021-05-12,东方盛虹：拟以发行股份及支付现金方式购买斯尔邦，5月13日复牌,Wind
761,2021-05-12,东方盛虹：拟发行股份及支付现金购买斯尔邦100%股权股票复牌,格隆汇
762,2021-05-12,石油化工行业跟踪报告：需求仍有支撑 全年供需格局向好――OPEC月报点评,新浪
763,2021-05-12,中国策略简评-MSCI中国半年度调整：新增60只、剔除21只,新浪
764,2021-05-12,刚刚，MSCI公布最新调整！5只科创板股票进入旗舰指数系列,Wind
765,2021-05-12,基础化工行业研究：公募基金连续四个季度加仓化工行业 加大景气度向上细分行业龙头布局,国金证券股份有限公司
766,2021-05-12,石油石化行业周报：欧美逐步放开防疫限制措施 国际原油价格上涨,新浪
767,2021-05-12,荣盛石化(002493)：大炼化维持高盈利 荣盛成长性犹在 估值已具备吸引力,新浪
768,2021-05-11,石油天然气、化工行业2020&1Q21业绩回顾：行业高景气 盈利创新高,新浪
769,2021-05-10,东方盛虹：当年累计新增借款占上年末净资产97.42% 大额借贷担保,Wind
770,2021-05-10,东方盛虹(000301.SZ)：2021年1-4月累计新增借款占2020年末净资产的比例97.42% 大额借贷担保,格隆汇
771,2021-05-10,能源化工行业周观点：化工产品景气高位延续 关注碳中和、农化、海外复苏等主线,新浪
772,2021-05-10,石油化工行业周报：从油价上涨的弹性到石化产品盈利的持续性,新浪
773,2021-05-08,安信证券--基础化工行业周报：油价上涨，醋酸、钛白粉、软泡聚醚、制冷剂R134a等产品价格上涨【行业研究】,金融界股吧
774,2021-05-07,“炼化-化纤”产业链周报：低成本优势助力 民营大炼化逆势交出亮眼答卷,新浪
775,2021-05-07,石油石化行业周报：OPEC+逐步增产政策延续 国际原油价格上涨,新浪
776,2021-05-06,【国盛策略&行业】打破箱体的力量正在积蓄——5月配置建议&金股推荐,尧望后势
777,2021-05-05,中信建投研究5月金股名单,中信建投证券研究
778,2021-05-01,【方正化工】东方盛虹2021年一季报点评：炼化项目稳步推进，斯尔邦注入提升综合实力,靠谱化工股
779,2021-04-30,东方盛虹业绩稳增 一季度扣非归母净利润6.01亿元增长超639.42%,金融界
780,2021-04-30,中信建投研究5月金股名单,中信建投证券研究
781,2021-04-29,东方盛虹：2021年第一季度净利润约6.01亿元，同比增加205.29%,每日经济新闻
782,2021-04-29,东方盛虹(000301.SZ)一季度净利大增205.29%至6.01亿元,格隆汇
783,2021-04-29,东方盛虹：一季度净利润同比增长205.29%,Wind
784,2021-04-29,石油加工行业每周炼化：涤纶长丝利润收窄！,新浪
785,2021-04-28,直击业绩会|东方盛虹1600万吨炼化一体化项目中期交工预计于今年底建成投产,证券之星
786,2021-04-28,73家公司获海外机构调研,证券时报网
787,2021-04-26,化工点评报告：石油石化配置连续三季度回升 关注龙头及偏成长相关标的,新浪
788,2021-04-26,化工板块2021Q1持仓分析：环比持续改善 中小市值公司获得加持,新浪
789,2021-04-26,可转债日报：转债短线回调，维格转债、小康转债逆市大涨,Wind
790,2021-04-26,能源化工行业周观点：业绩披露期即将结束 多数子行业景气高位,新浪
791,2021-04-26,犀牛财经早报：兴业信托被罚150万B站回应招聘争议,GPLP犀牛财经
792,2021-04-26,股海导航 4月26日沪深股市公告提示,新浪
793,2021-04-25,东方盛虹(000301.SZ)：正筹划收购江苏斯尔邦石化全部股权或控股权4月26日停牌,格隆汇
794,2021-04-25,东方盛虹拟收购斯尔邦全部股权 2021年首季净利预计超5亿元,e公司
795,2021-04-25,下周操盘攻略：监管点名5大领域风险、牛股解禁201亿,Wind
796,2021-04-25,晚间重要公告2021年4月25日星期日,Wind
797,2021-04-25,东方盛虹(000301.SZ)筹划重大资产重组事项 4月26日起停牌 重大事项停牌,智通财经
798,2021-04-25,东方盛虹：拟收购江苏斯尔邦控股权 4月26日起停牌 重大事项停牌,e公司
799,2021-04-25,东方盛虹：筹划购买斯尔邦全部股权或控股权,Wind
800,2021-04-25,东方盛虹拟收购斯尔邦全部股权 4月26日起停牌 重大事项停牌,北京商报
801,2021-04-22,又一国内一线炼厂将于今年年底投产 东方盛虹或迎跨越式增长,投资时报
802,2021-04-21,惊呆！协鑫能科关联方竟能通过预付供应商款项占用上市公司资金？ 资金问题,和讯
803,2021-04-21,券商首次关注5股并给予买入评级（4月21日）,Wind
804,2021-04-15,东方盛虹(000301)：2020年营收227.77亿元一季度净利,证券时报网
805,2021-04-15,景气度回升叠加项目投产 东方盛虹一季度预计盈利5亿元至6.6亿元,中证网
806,2021-04-15,东方盛虹去年营收227.77亿元一季度净利回暖超5亿元,证券之星
807,2021-04-15,江苏东方盛虹股份有限公司,中证报
808,2021-04-14,东方盛虹：一季度预计净利润同比增长153.79%~235.0%,Wind
809,2021-04-14,东方盛虹(000301.SZ)年度归母净利同比减80.4%至3.16亿元 每10股派1元 盈利能力下降,智通财经
810,2021-04-14,0415日报/亚钾国际一季度净利润1540万元-1960万元同比增长274%-376%【东北基础化工】,东北基础化工
811,2021-04-14,东方盛虹(000301.SZ)2020年净利降80.40%至3.16亿元拟10派1元 盈利能力下降,格隆汇
812,2021-04-14,晚间要闻2021年4月14日星期三,Wind
813,2021-04-14,东方盛虹：预计一季度净利润同比增长153.79%至235%,Wind
814,2021-04-14,东方盛虹：2020年净利润同比减少80.4% 盈利能力下降,Wind
815,2021-04-14,信达证券--石油加工行业每周炼化：聚酯市场窄幅波动【行业研究】,金融界股吧
816,2021-04-12,石油化工行业周报：疫情反复油价震荡 长丝价格持续回暖,新浪
817,2021-04-12,平安证券--化工行业一季报业绩前瞻：关注一季报业绩超预期子行业和上市公司【行业研究】,金融界股吧
818,2021-04-09,化纤板块跌超3%，恒力石化、荣盛、东方盛虹、华峰、桐昆集体走低,Wind
819,2021-04-07,东方盛虹：当年累计新增借款超过上年末净资产百分之六十 大额借贷担保,Wind
820,2021-04-07,石油化工行业：OPEC+将逐步增产 油价短期仍将上行,新浪
821,2021-03-31,A股早报2021年3月31日星期三,Wind
822,2021-03-30,东方盛虹龙虎榜数据（3月30日）,Wind
823,2021-03-30,涨停板解密：三板块个股遭资金抢筹！（3月30日）,Wind
824,2021-03-19,盛虹转债投资价值分析：业绩高弹性的炼化一体化龙头,新浪
825,2021-03-19,A股早报2021年3月19日星期五,Wind
826,2021-03-19,每日理财观察：机构调仓换股路线图浮出水面,Wind
827,2021-03-19,买入热情下降，机构或转战中小盘股,Wind
828,2021-03-18,IPO纵览|360数科筹备港股上市，冀东水泥、工业富联发起收购，万达信息终止定增 再融资异常,IPO日报
829,2021-03-18,盛虹转债新券点评：涤纶长丝DTY龙头品种来临,广发证券
830,2021-03-18,金融街下午茶2021年3月18日星期四,Wind
831,2021-03-18,涨停板解密：三板块个股火热受追捧！（3月18日）,Wind
832,2021-03-18,3月18日龙虎榜，机构青睐这11股,证券时报网
833,2021-03-18,业绩超预期，股价却破发：大数据寻找错杀品种,Wind
834,2021-03-18,东方盛虹龙虎榜数据（3月18日）,Wind
835,2021-03-18,A股收盘综述：上证指数涨0.51%录得三连阳，石化、白酒、医美板块领涨,Wind
836,2021-03-18,东方盛虹、鲁西化工触涨停，化工ETF（516020）涨近3%！中信建投：三条主线把握碳中和对化工行业影响,资本邦
837,2021-03-18,石化板块拉升，东方盛虹、恒逸石化、恒力石化、荣盛石化集体上扬,Wind
838,2021-03-17,东方盛虹(000301.SZ)：“盛虹转债”将于3月22日开启申购,智通财经
839,2021-03-17,东方盛虹(000301.SZ)：拟拟使用募集资金通过子公司向盛虹炼化增资35亿元,格隆汇
840,2021-03-17,5530亿！江苏省2021年重大石化项目清单发布：一看，全是聚酯龙头在布局！,全球纺织网
841,2021-03-17,东方盛虹：合计持有盛虹炼化的权益比例为73.65%,每日经济新闻
842,2021-03-15,平安证券--化工行业周报：“碳中和”利好石油化工龙头和相关子行业【行业研究】,金融界股吧
843,2021-03-15,川财证券--石油化工行业周报：原油高位震荡，看好油服及民营炼化【行业研究】,金融界股吧
844,2021-03-12,A股早报2021年3月12日星期五,Wind
845,2021-03-11,A股共发生143宗大宗交易成交43.75亿元（3月11日）,Wind
846,2021-03-11,东方盛虹今日大宗交易成交5700.65万股，成交价11.94元折价7.23%,Wind
847,2021-03-11,A股早报2021年3月11日星期四,Wind
848,2021-03-10,东方盛虹现6亿元大宗交易，买方为国联证券昆山萧林路营业部,上游新闻
849,2021-03-10,东方盛虹今日大宗交易成交5004万股，成交价11.99元折价1.56%,Wind
850,2021-03-10,东方盛虹今日出现6亿元折价大宗交易，中信证券北京国贸卖出,Wind
851,2021-03-10,2021年原油价格展望：年内高点可能冲击80美元 未来2年中枢继续向上,新浪
852,2021-03-09,可转债日报：中证转债指数连跌四日，春节以来近八成转债实现上涨,Wind
853,2021-03-08,化工行业周报：油价新高 继续坚守龙头并增配低估值弹性标的,新浪
854,2021-03-08,沙特减产+能源设施遇袭，机构推荐两大主线14只个股,第一财经
855,2021-03-08,石油化工行业周报：四大利好助油价大涨创新高 涤纶长丝市场升温,新浪
856,2021-03-08,可转债周报：市场波动延续 关注政策主线,新浪
857,2021-03-07,【华安化工|化工月报】化工行业景气度总体加速向上,化工阿尔法
858,2021-03-06,石油化工新材料行业北上资金周报,新浪
859,2021-03-05,OPEC+减产支撑油价，石油板块持续走高，关注两主线,证券时报网
860,2021-03-05,石油化工行业：OPEC+达成减产协议 油价短期仍将上行,新浪
861,2021-03-05,中信证券：此轮油价上行或有望再持续一年,Wind
862,2021-03-05,晨会0305｜油价上行或有望再持续一年,中信证券研究
863,2021-03-01,化工行业周报：化工行业景气指数单周大涨6.22%,新浪
864,2021-03-01,化工行业周报：坚守龙头 建议重点配置低估值周期景气标的,新浪
865,2021-03-01,石油化工行业周报：与历史上三轮石化行情对比 当前石化景气程度与持续性,新浪
866,2021-02-28,石油化工新材料行业北上资金周报,新浪
867,2021-02-26,中国可转债周报：上行转震荡后 转债的四条对策,新浪
868,2021-02-24,一批机构抱团股砸坑！涨价空间更大龙头来了（附股）,证券时报网
869,2021-02-22,化工板块再度崛起，泰和新材冲击涨停,Wind
870,2021-02-19,晚间重要公告2021年2月19日星期五,Wind
871,2021-02-19,东方盛虹公开发行可转债申请获核准批复,上证报
872,2021-02-19,东方盛虹(000301.SZ)：50亿元可转债计划获批,格隆汇
873,2021-02-19,东方盛虹：公开发行可转换公司债券申请获得证监会核准批复,Wind
874,2021-02-19,12股获券商买入评级 盘江股份目标涨幅达30.43%,Wind
875,2021-02-18,东莞证券首予东方盛虹推荐评级：DTY龙头，打造新型高端纺织产业链,每日经济新闻
876,2021-02-09,化工板块午后攻势如潮，恒力石化涨停,Wind
877,2021-02-09,化工板块出黑马！北上资金和机构猛加仓,证券时报网
878,2021-02-08,A股早报2021年2月8日星期一,Wind
879,2021-02-07,国信证券--金融工程日报：银行板块领涨，北向资金连续6日净流入【宏观研究】,金融界股吧
880,2021-02-06,今年12次登龙虎榜，机构席位大进大出30次！这家公司发生了什么？,中证报
881,2021-02-06,机构大卖东方盛虹现分歧 方新侠狂买南网能源独大,财富动力网
882,2021-02-06,石油化工2020年报业绩前瞻：石化龙头盈利持续性增强 涤纶长丝迎景气反转,新浪
883,2021-02-05,东方盛虹龙虎榜数据（2月5日）,Wind
884,2021-02-05,东方盛虹高位跌停，机构博弈激烈,Wind
885,2021-02-05,恒力石化、东方盛虹双双迫近跌停，化纤板块下挫近6%,Wind
886,2021-02-05,恒力石化放量下挫逾7%打击化纤板块，荣盛、桐昆、华峰化学、东方盛虹跟跌,Wind
887,2021-02-04,东方盛虹：大炼化项目上空的环保压力,全球纺织网
888,2021-02-04,恒力、荣盛、盛虹今年以来频频涨停！化纤板块更是大涨近40%！,全球纺织网
889,2021-02-04,国际原油价格跟踪点评：油价重返疫情前水平 上调布油预期到55-65美元/桶,光大证券
890,2021-02-04,化工板块持续火热，东方盛虹涨6%,Wind
891,2021-02-04,机构抱团有新动向！这个板块今年来大涨近40%,上证报
892,2021-02-02,A股早报2021年2月2日星期二,Wind
893,2021-02-01,证监会：东方盛虹等三家企业发行可转债事项获通过,Wind
894,2021-02-01,龙虎榜：日月明再启动！孙哥欢乐海联手打板，陕西黑猫强势回归，机构1.7亿稳坐榜一,金融界
895,2021-02-01,机构今日买入这17股，卖出东方盛虹1.61亿元丨龙虎榜,第一财经
896,2021-02-01,东方盛虹(000301.SZ)公开发行可转换公司债券申请获得证监会审核通过,智通财经
897,2021-02-01,东方盛虹(000301.SZ)：公开发行可转债申请获证监会审核通过,格隆汇
898,2021-02-01,东方盛虹日价格振幅近20% 三机构卖出2.24亿元,e公司
899,2021-02-01,石油化工行业周报：油价维持55美元上方 涤纶长丝去库持续,新浪
900,2021-02-01,石油化工行业周报：从全球乙烯产能投放趋势 来看大炼化竞争力与乙烯市场空间,新浪
901,2021-01-31,石油石化、基础化工、新材料行业北上资金流向周报,新浪
902,2021-01-28,证监会：东方盛虹、杭州银行、帝欧家居发行可转债事项将于2月1日上会,Wind
903,2021-01-28,盛虹炼化一体化龙头装置核心设备就位,中宇资讯
904,2021-01-28,海通证券研究所早报,新浪
905,2021-01-27,掘金龙虎榜 54股近期获机构净买入,证券之星
906,2021-01-26,石油化工行业2020Q4基金重仓分析专题,新浪
907,2021-01-25,化工行业周观点：化纤等顺周期持续上涨 关注周期成长,新浪
908,2021-01-25,化工行业周报：农药板块迎来景气反转 关注细分龙头 继续推荐顺周期资产,新浪
909,2021-01-25,深度*行业*化工行业周报：多数化工品价格上涨 化纤板块继续强势,新浪
910,2021-01-22,石油与天然气行业：民营炼化：具备全球竞争力的核心资产,新浪
911,2021-01-22,机构资金最近入驻这些股,证券之星
912,2021-01-22,51股获券商买入评级，拓尔思目标涨幅达83.33%,Wind
913,2021-01-21,沪指再度站上3600点，多路资金跑步入场,Wind
914,2021-01-21,石油天然气行业-化工春季行情展望报告(四)：长丝复苏、油价回暖 炼化景气向上,新浪
915,2021-01-21,掘金龙虎榜 53股近期获机构净买入,证券之星
916,2021-01-21,东方盛虹(000301)：一体化布局稳步推进 炼化项目未来可期,新浪
917,2021-01-21,晨报0121 | 南下投资专题系列、绿的谐波(688017),国泰君安证券研究
918,2021-01-20,东方盛虹龙虎榜数据（1月20日）,Wind
919,2021-01-20,A股早报2021年1月20日星期三,Wind
920,2021-01-19,A股共发生130宗大宗交易成交24.21亿元（1月19日）,Wind
921,2021-01-19,涨停板解密：两板块个股逆市遭资金抢筹！（1月19日）,Wind
922,2021-01-19,化工板块走强 东方盛虹领涨,金融界
923,2021-01-19,东方盛虹今日大宗交易成交500万股，成交价13.59元折价2.09%,Wind
924,2021-01-19,东方盛虹连续两日涨停，深股通今日买入8878万元并卖出1.29亿元,Wind
925,2021-01-19,化工板块再度走强 润禾材料正丹科技等涨停,证券时报网
926,2021-01-19,A股早报2021年1月19日星期二,Wind
927,2021-01-18,涨停板解密：化工股迎涨停潮！（1月18日）,Wind
928,2021-01-18,东方盛虹今日涨停，多家知名游资大举卖出,Wind
929,2021-01-18,盛虹炼化一体化项目顺利推进 龙头装置核心设备全部安装就位,经济观察网
930,2021-01-18,装置核心设备全部安装就位 盛虹炼化一体化项目预计今年建成投产,金融界
931,2021-01-18,东方盛虹(000301)2020年度业绩预告点评：20年业绩承压 期待炼化项目年底投产 盈利能力下降,光大证券
932,2021-01-18,石油化工行业周报：LPG价格上涨成因及对石化产业链影响几何,新浪
933,2021-01-18,化工行业周报：粘胶涨价有望超预期 继续看好顺周期龙头,新浪
934,2021-01-18,恒力石化一度涨停再创新高，荣盛石化、桐昆股份、恒逸石化同步飙升,Wind
935,2021-01-18,化纤龙头东方盛虹去年净利大幅预降，10亿业绩承诺缺口咋办？ 盈利能力下降,新浪
936,2021-01-17,A股成交“十破”万亿，机构抱团如何演绎？,Wind
937,2021-01-16,但问题是，贝因美也同时在打造超高端品类，这会不会模糊掉贝因美打造的高端定位？,经济观察报
938,2021-01-15,东方盛虹(000301.SZ)预计2021年度子公司之间相互提供不超过161亿元担保 大额借贷担保,智通财经
939,2021-01-15,跌停板解密：大单抛售，两类个股封跌停！（1月15日）,Wind
940,2021-01-15,下游需求下降叠加石油剧烈波动，东方盛虹2020归母净利润预亏七成 预亏,资本邦
941,2021-01-15,5000亿MLF刚来，降准呼声又起！机构看好这些板块,e公司
942,2021-01-15,5000亿“麻辣粉”刚来，降准呼声又起！A股年报行情迅速升温，机构坚定看好这些板块,证券时报网
943,2021-01-15,受新冠冲击下游行业需求骤降，东方盛虹预计盈利同比下降超七成 盈利能力下降,资本邦
944,2021-01-15,A股异动 | 东方盛虹(000301.SZ)跌停 2020年度净利预降75%—82% 盈利能力下降,格隆汇
945,2021-01-15,东方盛虹跌停，三日内下挫近两成,Wind
946,2021-01-15,A股早报2021年1月15日星期五,Wind
947,2021-01-14,东方盛虹预计2020年净利降幅超7成 大股东面临业绩补偿 盈利能力下降,e公司
948,2021-01-14,晚间重要公告2021年1月14日星期四,Wind
949,2021-01-14,东方盛虹业绩预告：2020年度净利润同比下降75%—82% 盈利能力下降,格隆汇
950,2021-01-14,东方盛虹：2020年净利预降75%-82% 盈利能力下降,e公司
951,2021-01-14,东方盛虹(000301.SZ)2020年度净利润预降75.21%-82.34% 盈利能力下降,格隆汇
952,2021-01-14,东方盛虹：预计2020年净利润同比下降75.21%至82.34% 盈利能力下降,Wind
953,2021-01-14,机构近期抢筹这50股 你跟吗?,证券之星
954,2021-01-13,石油加工行业每周炼化：长丝库存大降！,新浪
955,2021-01-13,东方盛虹、长城汽车等股近五日获机构净买入,证券时报网
956,2021-01-13,机构资金最近入驻这些股,证券之星
957,2021-01-12,龙虎榜机构新动向：净买入8股净卖出14股,证券时报网
958,2021-01-12,两连板的东方盛虹(000301.SZ)：不存在未披露或处于筹划阶段的重大事项,格隆汇
959,2021-01-12,公用事业行业周报：碳排放权交易管理办法即将施行 助力清洁能源发展,新浪
960,2021-01-12,石油石化、基础化工、新材料行业北上资金流向周报,新浪
961,2021-01-12,A股早报2021年1月12日星期二,Wind
962,2021-01-12,石油化工＆基础化工行业2021年策略报告：后疫情时代下四大投资主线 龙头白马、周期成长、周期反转与成长突破,光大证券
963,2021-01-11,东方盛虹(000301.SZ)：约4.71亿股限售股1月15日解禁 解禁,格隆汇
964,2021-01-11,东方盛虹：4.7亿股限售股1月15日上市流通，占公司股份总数的9.74% 解禁,Wind
965,2021-01-11,龙虎榜机构新动向：净买入13股净卖出14股,证券时报网
966,2021-01-11,东方盛虹今日涨停，机构资金现分歧,第一财经
967,2021-01-11,基础化工行业周报2021年1月第2周：液化气、VA本周涨幅居前 电石、丁二烯跌幅较大,新浪
968,2021-01-11,化工行业周报：原油价格持续反弹 加大顺周期行业龙头配置力度,新浪
969,2021-01-11,“炼化-化纤”产业链周报：恒力惠州150亿PTA项目开工 新凤鸣Q4业绩环比大增452%-572%,新浪
970,2021-01-11,本39家公司合计57.15亿股限售股解禁，解禁市值614.55亿元 解禁,Wind
971,2021-01-11,今周解禁市值437.85亿元,财富动力网
972,2021-01-11,增长近50%！本周600亿解禁潮来了，这3只个股流通盘将增加超1倍（附名单）,Wind
973,2021-01-11,本周解禁市值超430亿 解禁股整体跑输大盘 解禁,证券时报
974,2021-01-10,下周解禁：19.21亿股限售股将上市流通 解禁市值逾400亿元,金融界
975,2021-01-10,下周操盘攻略：春季攻势或已提前,Wind
976,2021-01-10,中泰金工定向增发跟踪周报（01/10）,ZTQuant
977,2021-01-10,光刻机有大消息？47万手封死涨停 这家公司紧急公告,网易
978,2021-01-10,光刻机有大消息？47万手封死涨停板，这家公司紧急公告来了！下周解禁市值超400亿，多只热门概念股在列（附股） 解禁,证券时报网
979,2021-01-08,下周解禁：24.6亿股限售股将上市流通 解禁,大众证券报
980,2021-01-07,东方盛虹(000301.SZ)：连续3个交易日内日收盘价涨幅偏离值累计超过20%,格隆汇
981,2021-01-07,东方盛虹(000301.SZ)股价异动 不存在应披露而未披露事项,智通财经
982,2021-01-07,东方盛虹龙虎榜数据（1月7日）,Wind
983,2021-01-07,【研报掘金】油价处于持续回升周期中 积极布局油价回升及需求复苏受益板块,证券时报网
984,2021-01-07,机构最近都在买哪些股？,证券之星
985,2021-01-07,A股早报2021年1月7日星期四,Wind
986,2021-01-07,机构青睐化工原料龙头 游资借机追涨光启技术,财富动力网
987,2021-01-06,龙虎榜机构新动向：净买入10股净卖出20股,证券时报网
988,2021-01-06,涨停板解密：三板块个股纷纷受资金大力追捧（1月6日）,Wind
989,2021-01-06,油气开采板块走强，油价进入持续回升周期，布局三条主线,第一财经
990,2021-01-05,石油加工行业每周炼化：中化泉州PX新装置投产！,新浪
991,2021-01-05,石油化工2021年石化行业关键词,格隆汇
992,2021-01-05,【化工-张汪强】需求复苏和补库共振，化工行业景气可期,安信证券研究
993,2021-01-04,石油化工行业周报：2020年石油化工重点回顾与2021年趋势展望,新浪
994,2021-01-04,化工行业周报：粘胶淡季不淡 看好化工核心资产及顺周期龙头,新浪
995,2021-01-04,石油化工新材料行业北上资金周报,新浪
996,2021-01-04,东方盛虹：“港虹石化240万吨/年PTA扩建项目”准备开车,Wind
997,2020-12-31,东方盛虹：拟投资35.38亿元加码差异化产品 巩固全产业链高端化战略,金融界
998,2020-12-31,东方盛虹拟投建再生差别化和功能性涤纶长丝新项目 投产预计年均销售收入39.83亿元,金融界
999,2020-12-31,东方盛虹：子公司芮邦科技拟花超35亿元投建涤纶长丝及配套加弹项目,资本邦
1000,2020-12-31,A股早报2020年12月31日星期四,Wind
1001,2020-12-30,东方盛虹(000301.SZ)：芮邦科技拟投建年产25万吨再生差别化和功能性涤纶长丝及配套加弹项目预计总投资35.38亿元,格隆汇
1002,2020-12-30,东方盛虹(000301.SZ)芮邦科技投资建设年产25万吨再生差别化和功能性涤纶长丝及配套加弹项目,智通财经
1003,2020-12-30,东方盛虹(000301.SZ)拟在2021年度开展外汇衍生品交易业务,智通财经
1004,2020-12-30,东方盛虹：投资建设年产25万吨再生差别化和功能性涤纶长丝及配套加弹项目,Wind
1005,2020-12-30,东方盛虹：拟35.38亿元投建年产25万吨再生差别化和功能性涤纶长丝及配套加弹项目,格隆汇
1006,2020-12-29,石油加工行业每周炼化：江浙年末短暂限电！,新浪
1007,2020-12-29,石化行业周报：涤纶长丝价格上涨 涤丝~原材料价差扩大,新浪
1008,2020-12-28,50股创历史新高，大数据揭示牛股“基因”,Wind
1009,2020-12-28,石油化工行业周报：涤纶长丝有望长期好转 大炼化比较优势明显与估值溢价空间提升,新浪
1010,2020-12-28,化工行业周报：制冷剂、粘胶继续上涨 建议加大顺周期资产配置力度,新浪
1011,2020-12-28,化工行业重大事项点评：关注传统淡季时期粘胶、涤纶价格价差上行,新浪
1012,2020-12-28,石油化工行业“炼化~化纤”产业链周报：中科炼化二期启动 尼龙66巨头计划大幅涨价,新浪
1013,2020-12-22,石油加工行业每周炼化：长丝价格持续上行！,新浪
1014,2020-12-22,“炼化-化纤”产业链周报：PTA价差大幅扩大 长丝价差继续上涨,新浪
1015,2020-12-15,石油化工行业“炼化-化纤”产业链周报：长丝市场回暖 价差大幅上涨,新浪
1016,2020-12-14,化工行业周报：醋酸、PVC价格持续上涨 继续推荐顺周期龙头标的,新浪
1017,2020-12-09,石油石化行业周报：OPEC+将降低明年初增产幅度 国际原油价格上涨,新浪
1018,2020-12-08,石化行业2021年度投资策略：油价复苏主旋律 石化掘金正当时,新浪
1019,2020-12-07,石油化工行业周报：烯烃价格维持强势 解读炼油加工对于石化的影响,新浪
1020,2020-12-06,石油石化、基础化工、新材料行业北上资金流向周报,新浪
1021,2020-12-03,公募基金参与定增热情高，今年累计浮盈23亿元,Wind
1022,2020-12-02,石油化工行业深度报告：涤纶聚酯行业有望长期好转 需求占比提升及龙头驱动格局向好,新浪
1023,2020-12-01,【化工-张汪强】东方盛虹：看好炼化一体化持续推进，盈利有望迈入新量级,安信证券研究
1024,2020-11-30,化工行业周观点：化工品价格普涨 顺周期持续性可期,新浪
1025,2020-11-30,石油化工新材料行业北上资金周报,新浪
1026,2020-11-27,A股午盘综述：上证指数跌0.05%，周期股连续回调,Wind
1027,2020-11-26,东方盛虹荣获“年度杰出社会责任企业” 积极进取谋发展新突破,投资者网
1028,2020-11-25,多重利好叠加 油价长期持续回升... 券商这样看,第一财经
1029,2020-11-25,东方盛虹(000301)：中期回报丰厚 与时间为伴；继续推荐 上调目标价,新浪
1030,2020-11-25,石油股大涨 中曼石油涨停 石化油服、洲际油气、准油股份等多股跟张,金融界
1031,2020-11-25,石油石化行业国际油价点评：积极布局油价中长期持续回升周期,新浪
1032,2020-11-25,A股早报2020年11月25日星期三,Wind
1033,2020-11-24,龙虎榜机构新动向：净买入8股净卖出4股,证券时报网
1034,2020-11-24,东方盛虹龙虎榜数据（11月24日）,Wind
1035,2020-11-24,东方盛虹今日涨超9%，一机构买入5729万元,Wind
1036,2020-11-24,石油天然气行业：油气板块顺周期看好民营炼化与油田服务,新浪
1037,2020-11-23,化工行业周报：加大顺周期资产配置 首推化工核心资产,新浪
1038,2020-11-23,中信证券：顺周期板块持续爆发 关注化工行业两条配置主线,金融界
1039,2020-11-23,化工｜顺周期板块持续爆发，化工行业配置什么？,中信证券研究
1040,2020-11-20,东方盛虹(000301.SZ)：截至11月17日止盛虹炼化实收资本为190.8亿元,格隆汇
1041,2020-11-18,电力行业周报：能源局公示首批储能示范项目 引领储能发展,新浪
1042,2020-11-17,东方盛虹(000301.SZ)：拟开展商品套期保值业务,格隆汇
1043,2020-11-17,2021年石油化工行业投资策略：守正不移：油价或震荡上行 把握石化龙头竞争力,新浪
1044,2020-11-16,东方盛虹(000301.SZ):盛虹炼化(连云港)获不超415亿元中长期贷款额度,智通财经
1045,2020-11-16,东方盛虹(000301.SZ)：盛虹炼化签署415亿元固定资产银团贷款合同,格隆汇
1046,2020-11-16,东方盛虹(000301)：机构关注度大幅提升；聚焦炼化项目一期时间表,新浪
1047,2020-11-16,石油天然气行业：沙特12月亚洲OSP轻微下调 2021年周期性行业估值或得到修复,新浪
1048,2020-11-13,东方盛虹(000301.SZ)：江苏疌泉基金将向盛虹炼化增资30亿元,格隆汇
1049,2020-11-13,掘金龙虎榜 10股被过亿资金抢筹,财富动力网
1050,2020-11-12,东方盛虹(000301.SZ)控股股东及其关联企业之部分员工已完成增持1.18亿股,智通财经
1051,2020-11-12,东方盛虹(000301.SZ)：控股股东及其关联企业的部分员工已完成增持2.449%的股份,格隆汇
1052,2020-11-10,东方盛虹今日大宗交易成交1486.99万股，成交价8.07元折价7.98%,Wind
1053,2020-11-10,石油化工行业周报：以PTA为例 验证行业龙头集中与成本曲线陡峭化,新浪
1054,2020-11-09,北上资金重点加仓股名单来了！连续7周加仓7股,证券时报网
1055,2020-11-06,东方盛虹(000301.SZ):第一期员工持股计划共耗资4.72亿元购入8088.65万股,智通财经
1056,2020-11-06,东方盛虹(000301.SZ)：第一期员工持股计划完成股票购买,格隆汇
1057,2020-11-04,东方盛虹(000301.SZ)：连续3个交易日收盘价涨幅偏离值累计超过20%,格隆汇
1058,2020-11-04,东方盛虹(000301.SZ)股票交易异常波动 不存在未披露重大事项,智通财经
1059,2020-11-04,东方盛虹龙虎榜数据（11月4日）,Wind
1060,2020-11-03,东方盛虹(000301.SZ)：疌泉盛虹基金认缴出资完成,格隆汇
1061,2020-10-30,东方盛虹：前三季度净利润2.36亿元 同比下降80.16% 盈利能力下降,中证网
1062,2020-10-30,东方盛虹公布三季报 前三季净利减少80.16% 盈利能力下降,新浪
1063,2020-10-30,东方盛虹：前三季度净利润同比减少80.16% 盈利能力下降,Wind
1064,2020-10-29,江苏东方盛虹股份有限公司 关于受让基金财产份额并增资盛虹炼化（连云港）有限公司暨关联交易的 进展公告,证券时报
1065,2020-10-26,石油化工行业周报：化纤巨头进入大炼化的优势 及盘点海外上游并购和石化产能变化,新浪
1066,2020-10-25,东方盛虹多个重要在建工程项目有序推进打造差异化竞争优势,经济观察报
1067,2020-10-21,东方盛虹(000301)：归母净利润同比下降 炼化项目助力未来成长 盈利能力下降,新浪
1068,2020-10-20,石油化工行业周报：机遇与挑战 从近期化纤反弹透视印度石化产业链,新浪
1069,2020-10-18,化工行业周报：海外订单回流带动纺织行业景气回升 继续推荐细分行业龙头和高成长标的,新浪
1070,2020-10-17,东方盛虹(000301.SZ)：疌泉盛虹基金认缴出资完成,格隆汇
1071,2020-10-17,石油化工行业点评：涤纶长丝多因素短期拉涨 明年或是供需拐点,新浪
1072,2020-10-16,中国可转债周报：有关EASY BALL回撤的思考,新浪
1073,2020-10-14,东方盛虹：前三季度预计净利润同比下降79.81%~86.54% 盈利能力下降,Wind
1074,2020-10-14,东方盛虹(000301.SZ)：前三季度净利预降79.81%-86.54% 盈利能力下降,格隆汇
1075,2020-10-14,石油化工行业2020三季报业绩前瞻：油价反弹兑现库存收益 炼化盈利能力持续上行,新浪
1076,2020-10-12,2020H1全球炼化企业对比：行业景气度筑底 民营大炼化逆势扩张,新浪
1077,2020-10-11,化工行业研究：化工品价格景气上行 关注细分行业龙头 继续推荐高成长标的,新浪
1078,2020-10-09,东方盛虹(000301.SZ)：发行可转债申请获证监会受理,格隆汇
1079,2020-10-09,融资客青睐16股，兰生股份买入占比高达48.92%,Wind
1080,2020-10-08,东方盛虹(000301.SZ)：第一期员工持股计划累计买入7648.47万股,格隆汇
1081,2020-09-28,化工行业周报：调整不改中长期方向 继续看好化工高成长公司,新浪
1082,2020-09-28,“炼化-化纤”产业链周报：宁波规划6000万吨炼油产能 海利得越南基地工业长丝陆续投产,新浪
1083,2020-09-27,基础化工周报：政策加码助推半导体材料发展 万华上调MDI挂牌价,光大证券
1084,2020-09-21,石油化工行业周报：炼厂开工率降低影响原油需求 海外石化供给受损、国内需求向好,新浪
1085,2020-09-18,"疫情之下的涤纶长丝""2020上半场"" 前三企业已占近半壁江山",凤凰网
1086,2020-09-14,石油化工-“炼化-化纤”产业链周报：油价大跌9% 美国十多年来首次新增PP产能,新浪
1087,2020-09-14,融资融券周报2020年第36周,新浪
1088,2020-09-14,石油化工行业周报：炼厂开工率降低影响原油需求 海外石化供给受损、国内需求向好,新浪
1089,2020-09-12,谁会受益低油价？,上证报
1090,2020-09-09,东方盛虹(000301.SZ)拟2.92亿元转让汇赢大厦产权予丝绸集团,格隆汇
1091,2020-09-07,化工行业周报：看好优质赛道成长标的 关注维生素及周期白马龙头,新浪
1092,2020-09-06,北上资金连续5天净卖出！这些股意外获得外资加仓,证券时报
1093,2020-09-06,电力行业周报：本周水电板块表现较好 防御价值凸显,新浪
1094,2020-09-05,电力行业日报：国务院重启核电审批 两核电项目获批,新浪
1095,2020-09-03,三季度北上、产业资本动向：联合减持新兴产业，偏爱银行机械化工,Wind
1096,2020-09-03,A股早报2020年9月3日星期四,Wind
1097,2020-09-03,能源行业日报：怀丁石油脱离破产保护 页岩油行业有望回暖,新浪
1098,2020-09-02,东方盛虹：受让基金财产份额，投资江苏疌泉盛虹炼化债转股投资基金,第一财经
1099,2020-09-02,东方盛虹(000301.SZ)：受让疌泉盛虹基金39.93%财产份额,格隆汇
1100,2020-09-02,电力行业日报：国网公布第三批可再生能源补贴项目清单,新浪
1101,2020-09-01,东方盛虹(000301)：涤纶长丝业务韧性十足 炼化一体化项目稳步推进未来可期,新浪
1102,2020-09-01,东方盛虹(000301)：2Q20主营业务或已触底；炼化项目有序推进,新浪
1103,2020-09-01,电力行业日报：三、四代核电技术位列我国禁限出口技术目录,新浪
1104,2020-09-01,全产业链优势凸显 多家民营石化上市公司业绩爆发,上证报
1105,2020-08-31,东方盛虹(000301.SZ)第一期员工持股计划累计买入6131.65万股,格隆汇
1106,2020-08-31,东方盛虹(000301.SZ)：4259.12万股限售股9月3日解禁 解禁,格隆汇
1107,2020-08-31,东方盛虹：占总股本0.88%限售股将于9月3日上市流通 解禁,Wind
1108,2020-08-31,石油化工行业周报：渐行渐近的石化周期 飓风影响美国炼化产能或致短期供给紧张,新浪
1109,2020-08-30,东方盛虹(000301.SZ)：上半年净利同比降92.08%至6303.67万元 盈利能力下降,格隆汇
1110,2020-08-30,东方盛虹：上半年净利润同比减少92.08%,Wind
1111,2020-08-29,下周1690亿市值限售股解禁，环比增加271.18% 解禁,Wind
1112,2020-08-25,化工行业周报：纯碱行业或酝酿涨价 四川企业停产致草甘膦价格上涨,新浪
1113,2020-08-12,东方盛虹：子公司盛虹炼化签订银团闭团协议,格隆汇
1114,2020-08-12,东方盛虹(000301.SZ)：盛虹炼化连云港签订银团闭团协议银团确认415亿元参贷份额,格隆汇
1115,2020-08-10,国金证券：那些“梅开二度”的转债们,Wind
1116,2020-08-09,化工行业研究：看好化工高成长公司迎来戴维斯双击 关注维生素独立行情,新浪
1117,2020-08-08,石油化工行业点评：民营大炼化中报业绩向好 持续扩张打开成长空间,新浪
1118,2020-08-03,华泰证券：高价转债不能简单排斥,Wind
1119,2020-08-03,天风证券：“估值压缩月”过后转债市场进攻性有望增强,Wind
1120,2020-08-03,中泰金工可转债发行跟踪周报(0802),ZTQuant
1121,2020-08-03,天风证券：超储率走低如何看待8月资金面？,Wind
1122,2020-07-31,中国可转债周报：比证明被低估 更难的是不负众望,新浪
1123,2020-07-31,东方盛虹(000301.SZ)：第一期员工持股计划累计买入6131.65万股,格隆汇
1124,2020-07-31,盘点7月：纺织服装 & 化纤项目热点回顾,全球纺织网
1125,2020-07-29,苏州亨通光电、东方盛虹、恒力石化等8家企业上榜《财富》中国500强,搜狐
1126,2020-07-28,A股早报2020年7月28日星期二,Wind
1127,2020-07-27,晚间重要公告2020年7月27日星期一,Wind
1128,2020-07-27,东方盛虹：拟发行不超50亿元可转债,Wind
1129,2020-07-27,东方盛虹：拟发行可转债募资不超50亿元 用于盛虹炼化有限公司1600万吨炼化一体化项目,金融界
1130,2020-07-27,东方盛虹(000301.SZ)拟发行可转债募资不超50亿元,格隆汇
1131,2020-07-26,全产业链发展模式奏效东方盛虹三大业务成形支撑未来发展,经济观察报
1132,2020-07-24,石油化工行业点评报告：石油石化配置续创历史新低 关注龙头及偏成长相关标的,新浪
1133,2020-07-20,石油石化行业周报：三大机构发布原油市场月报 全球原油需求降幅缩窄,新浪
1134,2020-07-20,“炼化-化纤”产业链周报：荣盛石化中报利润预增196%-221%,新浪
1135,2020-07-19,本周65个项目获投资，这三个行业最火！,重庆商报
1136,2020-07-17,荣盛石化(002493)：中报同比增长196-221% 上调盈利预测及目标价,新浪
1137,2020-07-16,东方盛虹(000301.SZ)拟投资设立财务公司持股比例不低于51%,格隆汇
1138,2020-07-15,东方盛虹(000301)：非公开发行股票募集资金投资1600万吨年炼化项目 保障公司未来成长,新浪
1139,2020-07-14,非公开发行实现满额发行 东方盛虹炼化一体化项目加速推进,金融界
1140,2020-07-14,东方盛虹定增满额发行，超预期完成,金融界
1141,2020-07-10,面对疫情，黄金行业供应链表现出韧性,中国黄金网
1142,2020-07-07,郑棉脱离基本面，棉价如何走？粘短弱稳僵持，限产而不扩大让价？,纺织网
1143,2020-07-06,基础化工行业周报：关注低估值及较高成长性的二线蓝筹,光大证券
1144,2020-07-04,石油化工行业周报：库存降幅创半年新高 油价维持40美元以上高位,新浪
1145,2020-07-03,东方盛虹(000301.SZ)：盛虹炼化拟向银行申请不超415亿中长期贷款额度用于建设炼化一体化项目,格隆汇
1146,2020-06-30,成交均价5.32元！东方盛虹：第一期员工持股计划累计买入约3456万股,每日经济新闻
1147,2020-06-30,东方盛虹(000301.SZ)：截至6月底第一期员工持股计划累计买入3455.94万股公司股份,格隆汇
1148,2020-06-29,石油化工行业研究周报：乙烯价格上涨拉动聚乙烯价格回升,新浪
1149,2020-06-29,石油石化行业周报：国际原油价格小幅下跌 涤丝和PTA价差缩窄,新浪
1150,2020-06-24,石油化工行业“炼化-化纤”产业链周报：2020年全球每日石油需求将创纪录减少810万桶,新浪
1151,2020-06-23,石油化工行业研究周报：己内酰胺价格恢复 进入新产能扩张期,新浪
1152,2020-06-19,石油化工行业周报：石油石化行业动态中寻找复苏通道,华福证券有限责任公司
1153,2020-06-08,石油化工行业周报：油价的十字路口：价格战延续还是终结 油价或仍将震荡,新浪
1154,2020-05-27,桐昆股份(601233)首次覆盖报告：浙石化进入业绩释放期 疫情过后或迎双击,新浪
1155,2020-05-25,“炼化-化纤”产业链周报：美油价格创近两月新高 PTA-长丝应声上涨,新浪
1156,2020-05-19,石化化工机械专题研究：持续建设世界级石化产业园 隐形冠军有望维持较快增长,新浪
1157,2020-05-18,东方盛虹(000301.SZ)：增持计划的集合资金信托计划已设立 增持计划总规模将不超7.51亿元,格隆汇
1158,2020-05-18,“炼化-化纤”产业链周报：原油拉涨刺激市场 涤纶长丝产销达190%-210%,新浪
1159,2020-05-12,【天风石化张樨樨团队】涤纶长丝多因素短期拉涨，明年或是供需拐点,樨樨和她的油气小伙伴
1160,2020-05-11,东方盛虹开疆拓土业绩“给力” 分红合计达4亿,证券时报网
1161,2020-05-11,东方盛虹(000301.SZ)：信托计划累计买入公司股票1692.39万股,格隆汇
1162,2020-05-07,东方盛虹(000301.SZ)2019年度分红派息10派1元　股权登记日为5月13日,格隆汇
1163,2020-04-29,东方盛虹：副总经理辞职 董监高成员变化,Wind
1164,2020-04-29,东方盛虹：一季度净利润同比减少44.94% 盈利能力下降,Wind
1165,2020-04-21,东方盛虹：定增不超8.06亿股新股，获证监会核准,Wind
1166,2020-04-21,东方盛虹(000301.SZ)非公开发行A股申请获中国证监会核准,格隆汇
1167,2020-04-16,上市公司急忙定增“解渴”3月预案数创近4年新高,面包财经
1168,2020-04-09,东方盛虹2019年营收净利双增 盛虹炼化一体化项目预计2021年底投产,证券日报
1169,2020-04-09,年收249亿！扩容石化 东方盛虹完善新型高端纺织产业链,和讯
1170,2020-04-09,东方盛虹2019营收249亿，产业链一体化优势释放,红周刊
1171,2020-04-08,东方盛虹2019年净利同比增长67%,金融界
1172,2020-04-08,东方盛虹：2019年净利同比增近七成 持续推进炼化一体化建设,发布易
1173,2020-04-08,“PTA-聚酯化纤”产业结构显效 东方盛虹2019年净利增67.18%,上证报
1174,2020-04-08,东方盛虹(000301.SZ)：计划2020年度涤纶长丝新增产能20万吨,格隆汇
1175,2020-04-08,东方盛虹(000301.SZ)：2019年度净利润升67.18%至16.14亿元拟10派1元,格隆汇
1176,2020-04-08,东方盛虹：2019年净利润同比增长67.18%,Wind
1177,2020-03-30,融资客青睐8股，恒逸石化买入占比高达47.63%,Wind
1178,2020-03-27,东方盛虹(000301.SZ)：非公开发行A股股票获证监会审核通过,格隆汇
1179,2020-03-24,东方盛虹控股股东及关联方拟增持股份超5亿元,资本邦
1180,2020-03-23,东方盛虹控股股东及其关联企业部分员工拟增持,上证报
1181,2020-03-23,东方盛虹(000301.SZ)拟推第一期员工持股计划筹集资金总额不超6.08亿元,格隆汇
1182,2020-03-23,东方盛虹(000301.SZ)：控股股东及其关联企业的部分员工拟增持公司5亿-8.45亿元股份,格隆汇
1183,2020-02-16,再融资新规利好创业板，机构提前关注了这些公司，王亚伟也来了,21世纪经济报道
1184,2020-02-16,再融资新规利好创业板，机构提前关注了这些公司，王亚伟也来了,南方财经网
1185,2020-02-14,东方盛虹一周接受众多机构频繁调研，三大业务板块有望推动业绩新高峰,金融界
1186,2020-02-12,盛虹炼化项目拟引入政府产业基金 受疫情影响将有所推迟,新京报
1187,2020-02-07,去年净赚近17亿！盛泽这家化纤企业年内投产240万吨/年,第一纺织网
1188,2020-01-21,PTA-聚酯化纤产业链优势显现 东方盛虹2019年净利预计最高增八成,证券日报
1189,2020-01-21,东方盛虹：预计2019年净利润同比增长50.21%-81.29%,Wind
1190,2020-01-20,东方盛虹：2019年净利润同比增50%-81%,第一财经
1191,2020-01-20,东方盛虹(000301.SZ)2019年度净利润预增50.21%-81.29%,格隆汇
1192,2020-01-08,融资客青睐23股，九州通买入占比高达48.25%,Wind
1193,2019-12-27,东方盛虹(000301.SZ)拟申请注册发行不超10亿元的中期票据,格隆汇
1194,2019-12-20,东方盛虹现1笔大宗交易 共成交267.12万元,新浪
1195,2019-12-20,东方盛虹今日大宗交易成交57.20万股，成交价4.67元折价10.02%,Wind
1196,2019-12-16,化工：天然气供需变化及对石化行业的影响 荐11股,申万宏源
1197,2019-12-05,盛虹千万吨炼化项目增资50亿，产业基金入股,新京报
1198,2019-12-05,东方盛虹：盛虹炼化引入50亿元增资 推进炼化一体化项目,上证报
1199,2019-12-05,东方盛虹：盛虹炼化引入50亿增资 推进1600万吨/年炼化一体化项目,e公司
1200,2019-12-05,东方盛虹：全资孙公司“盛虹炼化”获50亿元增资，注册资本增至130亿元,Wind
1201,2019-12-05,东方盛虹：变更持续督导项目主办人 项目问题,Wind
1202,2019-12-05,东方盛虹：汪钟颖辞去董事会秘书职务 董监高成员变化,Wind
1203,2019-10-30,东方盛虹(000301.SZ)第三季度净利润升529.14%至3.92亿元,格隆汇
1204,2019-10-30,东方盛虹：前三季度净利润同比增52.23%,Wind
1205,2019-10-28,化工：丙烯主要生产流程及各工艺路线评价 荐11股,申万宏源
1206,2019-10-23,东方盛虹豪赌一体化项目 资金缺口过大或成“不可能任务”,中国网
1207,2019-10-23,暑期营销“火拼”之下，新东方这个季度业绩超预期｜看财报,钛媒体
1208,2019-10-23,化工：国际化对标与复盘 荐6股,申万宏源
1209,2019-10-17,石油化工板块跌逾1%,Wind
1210,2019-10-15,东方盛虹前三季度业绩大增 超级炼化项目持续推进,新京报
1211,2019-10-15,东方盛虹(000301.SZ)第三季度净利润预增376.01%-626.45%,格隆汇
1212,2019-10-15,东方盛虹：预计前三季度净利增长40%-60%,Wind
1213,2019-10-15,方正证券丨周报聚焦1008-1011,方正证券研究
1214,2019-10-12,下周主流机构最看好的板块个股,都市快报
1215,2019-10-11,东方盛虹：累计新增借款占2018年末净资产的30.25% 大额借贷担保,Wind
1216,2019-10-10,实施混改重组斯尔邦 丹化科技谋求发展质变,红周刊
1217,2019-09-30,解锁民企融资支持工具新姿势 东吴证券2亿CDS刷纪录,新浪
1218,2019-09-30,东吴证券联合中证金融创设全国规模最大民企债券融资支持工具,中证网
1219,2019-09-26,东方盛虹获关联方最多20亿无偿借款 炼化投资大幅缩水,新京报
1220,2019-09-26,东方盛虹：盛虹苏州将为公司提供不超20亿元无偿借款,发布易
1221,2019-09-18,化工：化工整体供需有所好转,中信建投
1222,2019-09-02,【申万石化】东方盛虹(000301)——PTA业务并入增厚业绩，调整优化炼化项目投建,申万石油化工
1223,2019-09-01,上半年营业收入122.97亿元 东方盛虹产业一体化布局成型,金融界
1224,2019-08-30,东方盛虹(000301.SZ)定增申请获证监会受理,格隆汇
1225,2019-08-30,东方盛虹(000301.SZ)半年度净利润升10.84%至7.96亿元,格隆汇
1226,2019-08-30,东方盛虹：为二级子公司向银行申请项目贷款提供担保27亿 大额借贷担保,Wind
1227,2019-08-08,东方盛虹(000301.SZ)对盛虹炼化1600万吨/年炼化一体化项目进行局部调整,格隆汇
1228,2019-07-24,化工：1600万吨盛虹炼化一体化项目配套码头工程正式开工 荐8股,中信建投
1229,2019-07-23,"石油化工行业周报:也有春风摆动时,2019下半年石化行情展望",申万宏源
1230,2019-07-21,化工：继续推荐具有一体化能力的优质精细化工龙头公司 荐29股,国盛证券
1231,2019-07-18,化工：价格逼近历史高点 荐5股,中信建投
1232,2019-07-11,东方盛虹：公司涤纶长丝销售稳定，未来PX价格将呈现逐步下降趋势,Wind
1233,2019-07-10,东方盛虹：预计PX价格将呈相对逐步下降趋势,e公司
1234,2019-07-07,化工：中委广东石化炼化一体化项目2000万吨炼油装置开工建设 荐4股,中信建投
1235,2019-07-02,"石油化工行业周报:原油紧张及关注OPEC+会议动态,PTA高盈利下的长周期价格回顾与展望",申万宏源
1236,2019-07-01,斯尔邦110亿元借壳丹化科技 上交所有两大疑问,新浪
1237,2019-06-24,化工：原油或去库存及进入消费旺季 荐12股,申万宏源
1238,2019-06-24,格隆汇A股公告精选(6.24) | 多家券商融资融券最高待偿还余额上限进行调整；中国建筑近期累计获256.3亿元重大项目；方正集团控股股东请求判定方正集团2003年股改无效已立案，4家公司实控人股权比例或发生变化；东方盛红拟投建项目测算年均营收19.5亿元,格隆汇
1239,2019-06-22,公告点题｜6月21日这些公告有看头,第一财经
1240,2019-06-21,东方盛虹(000301.SZ)拟投资12.399亿元建设年产20万吨差别化功能性化学纤维项目,格隆汇
1241,2019-06-21,东方盛虹(000301.SZ)：拟投建年产20万吨差别化功能性化学纤维项目 经测算年均销售收入19.5亿元,格隆汇
1242,2019-06-21,公告点题｜今晚这些公告有看头（更新中）,第一财经
1243,2019-06-21,东方盛虹：二级子公司拟投建年产20万吨差别化功能性化学纤维项目,e公司
1244,2019-06-21,东方盛虹：江苏全资孙公司拟12.4亿元投建一项目,Wind
1245,2019-06-18,斯尔邦拟作价110亿借壳丹化科技 缪汉根夫妇一年内两度A股拿壳,长江商报
1246,2019-06-18,"石油化工行业周报-天然气液NGL,不可忽视的油价影响因素",申万宏源
1247,2019-06-15,进击的盛虹：连续拿下2家上市国企 775亿押注炼化,新京报
1248,2019-06-15,盛虹控股拟110亿重组丹化科技,信息时报
1249,2019-06-14,格隆汇6月14日A股公告速递丨新城控股为27个项目引资超195亿元 中国平安前5月保费收入同比增9.01%,格隆汇
1250,2019-06-14,东方盛虹：拟参与设立产业基金 推进“盛虹炼化一体化项目”,e公司
1251,2019-06-14,东方盛虹(000301.SZ)为加快推进“盛虹1600万吨/年炼化一体化项目” 决定参投炼化产业基金,格隆汇
1252,2019-06-14,东方盛虹：拟2.5亿元参设产业基金，投资子公司运营项目,Wind
1253,2019-06-14,A股再现百亿借壳 盛虹集团又入丹化科技,21世纪经济报道
1254,2019-06-14,盛虹控股集团再出手 旗下110亿资产拟借壳丹化科技,证券时报
1255,2019-06-13,斯尔邦拟“借壳”丹化科技上市 缪汉根夫妇A股版图将再扩大,每日经济新闻
1256,2019-06-13,民企巨头再出手！豪掷110亿欲“迎娶”这家A股公司,证券时报网
1257,2019-06-13,东方盛虹(000301.SZ)年报推10派1元 股权登记日6月20日,格隆汇
1258,2019-06-09,化工：重点布局精细化工板块低估值&成长性确定的龙头标的 荐4股,国盛证券
1259,2019-06-03,东方盛虹拟定增50亿元 打造1600万吨炼化一体化项目,证券日报
1260,2019-06-03,东方盛虹拟募资不超50亿元用于1600万吨炼化一体化项目建设,中证网
1261,2019-06-03,东方盛虹(000301.SZ)50亿元增发预案出炉 拟投向盛虹炼化1600万吨炼化一体化项目,格隆汇
1262,2019-06-03,东方盛虹：拟非公开发行股票筹集不超过50亿元,新浪
1263,2019-06-03,午间公告：东方盛虹拟定增募资不超50亿元,Wind
1264,2019-05-30,解读关于“东方盛虹000301转让斯尔邦石化于丹化科技600844”的重组方案,盛达期货
1265,2019-05-28,东方盛虹今日大宗交易成交42.43万股，成交价4.73元折价10.25%,Wind资讯
1266,2019-05-24,为加速炼化一体化布局 东方盛虹子公司拟逾38亿投建PTA扩建项目,证券日报
1267,2019-05-23,东方盛虹38亿扩充PTA产能 加速炼化一体化布局,e公司
1268,2019-05-23,东方盛虹：二级全资子公司拟投资38亿元建设PTA扩建项目,Wind
1269,2019-05-23,东方盛虹：二级子公司拟投资38.58亿元建设PTA扩建项目,发布易
1270,2019-05-22,五大券商周四看好6板块45股,证券之星
1271,2019-05-21,东方盛虹再迎大动作，加快炼化一体化战略布局,证券时报网
1272,2019-05-20,东方盛虹延伸高端化纤全产业链 重拳加码安全环保,中证网
1273,2019-05-20,【申万石化】北美中小油气公司2019年Q1油气产量及现金流分析,申万石油化工
1274,2019-05-19,东方盛虹：主营业务差异化发展 产业一体化进程加速,金融界
1275,2019-05-18,江苏化工产业“地震”，龙头企业借机并购整合资产,第一财经
1276,2019-05-13,化工：涤纶长丝产销回升 荐4股,中信建投
1277,2019-05-08,63股获券商买入评级 中科三环目标涨幅达69.26%,Wind
1278,2019-05-08,"东方盛虹2019年一季报点评:化纤板块拉动Q1业绩,“炼化~化纤”产业链布局加速进行时",光大证券
1279,2019-05-05,A股公司员工总数逾2300万，有的10W+有的仅有10+,Wind
1280,2019-05-05,"东方盛虹:业绩符合预期,拟注入集团PTA资产提升竞争力",申万宏源
1281,2019-04-30,东方盛虹(000301.SZ)一季度净利润降1.04%至3.16亿元 盈利能力下降,格隆汇
1282,2019-04-30,【方正化工】东方盛虹 (000301) 2019年一季报点评：长丝盈利恢复，PTA 资产注入将增厚业绩,靠谱化工股
1283,2019-04-29,化工：抽丝剥茧 荐12股,申万宏源
1284,2019-04-27,2996份年报亮出A股成长能量 三大指标掘金潜力股,证券日报
1285,2019-04-19,"东方盛虹收购虹港石化及对子公司增资公告点评:PTA资产成功注入,上下游一体化进程加速",光大证券
1286,2019-04-16,中信建投晨会0416 | 贸易数据解读；金工量化择时；今世缘、东方盛虹,中信建投证券研究
1287,2019-04-15,化工：涤纶长丝行情稳中有涨 荐4股,中信建投
1288,2019-04-14,东方盛虹拟160亿分别增资石化产业及盛虹炼化 加快推进新型高端纺织产业链布局,证券日报
1289,2019-04-11,"东方盛虹:注入优质涤纶长丝资产,加速布局“炼化~化纤”全产业链",正点财经
1290,2019-04-11,券商首次关注8股并给予买入评级（4月11日）,Wind
1291,2019-04-08,东方盛虹(000301)：向上游布局 打造全产业链巨头,太平洋证券
1292,2019-04-08,"东方盛虹2018年年度报告暨发行绿色公司债券公告点评:业绩符合预期,资本市场平台助力炼化巨头腾飞",光大证券
1293,2019-04-04,华创证券：上调东方盛虹评级至强推,Wind
1294,2019-04-04,"华创证券：将东方盛虹评级调高为""强推""",Wind
1295,2019-04-04,"东方盛虹2018年年报点评:长丝高盈利,一体化项目稳步推进",正点财经
1296,2019-04-04,【化工丨李永磊】东方盛虹(000301)：重组上市首年开门红炼化注入未来预期,方正证券研究
1297,2019-04-04,"东方盛虹:业绩符合预期,注入炼化项目打开成长空间",申万宏源
1298,2019-04-03,【招商石化】东方盛虹年报点评：Q4业绩超预期，炼化一体化打开成长空间,强哥谈油论气
1299,2019-04-03,东方盛虹（000301）2018年年报点评：产品差异化保障盈利能力，奋力打造产业链一体化,国信研究
1300,2019-04-03,东方盛虹去年净利8.47亿同比减41% 董事长缪汉根年薪169万元 盈利能力下降,挖贝网
1301,2019-04-03,"基础化工行业4月份投资策略:行业供给局部收缩,重点关注染料、农药、聚酯产业链",国信证券
1302,2019-04-02,借壳上市后首份年报 东方盛虹2018年营收184亿同比增13%,e公司
1303,2019-04-02,东方盛虹发布重组上市后首份年报 2018年实现净利8.47亿元,中证网
1304,2019-04-02,东方盛虹(000301.SZ)2018年净利润降40.75%至8.47亿元 拟10派1元 盈利能力下降,格隆汇
1305,2019-03-15,广西2019年4月集中竞价交易：交易规模15072.6万千瓦时,微信
1306,2019-03-15,东方盛虹：拟收购标的苏震生物连续2年亏损，但为优质资产 投资失误,Wind
1307,2019-03-15,东方盛虹（000301）快评：炼化项目并入上市公司，未来成长空间巨大,国信研究
1308,2019-03-14,[快讯]东方盛虹:子公司收购项目公司股权暨关联交易的补充公告,中财网
1309,2019-03-14,东方盛虹：新炼化航母再起航 买入评级,和讯
1310,2019-03-13,东方盛虹连购关联方资产 770亿项目或考验融资能力,新浪
1311,2019-03-12,中信建投：上调东方盛虹评级至买入,Wind
1312,2019-03-12,上调评级至买入策略选股（3月12日）,Wind
1313,2019-03-11,"中信建投：将东方盛虹评级调高为""买入""",Wind
1314,2019-03-11,[看好评级]石油化工行业周报：美独立页岩公司现金流变化未资本开支或将下降,中财网
1315,2019-03-08,东方盛虹(000301.SZ)：盛虹1600万吨/年炼化一体化项目总投资估算约774.75亿元,格隆汇
1316,2019-03-08,东方盛虹(000301.SZ)10.11亿元收购盛虹炼化 进一步打通原油炼化与高端化工的产业链条,格隆汇
1317,2019-03-08,[快讯]东方盛虹:投资建设盛虹炼化一体化项目,中财网
1318,2019-03-08,[快讯]东方盛虹:子公司收购项目公司股权暨关联交易,中财网
1319,2019-03-07,市场风险偏好继续，并购迎最好环境，这些必看,Wind
1320,2019-03-07,东方盛虹买亏损资产不符合投资逻辑 投资失误,北京商报
1321,2019-03-05,收购一家亏损加大的公司 东方盛虹收购事项遭关注 亏损,资本邦
1322,2019-03-04,进一步提升化纤产业竞争力 东方盛虹子公司拟6800万元收购苏震生物100%股权,证券日报
1323,2019-02-27,东方盛虹(000301.SZ)出资10亿元设立石化产业全资子公司,格隆汇
1324,2019-02-22,差别化优质资产注入 东方盛虹超额完成全年业绩承诺,中国经济网
1325,2019-02-22,国企混改效果显效 东方盛虹2018年全年净利润预计超13亿元,证券日报
1326,2019-02-21,化工：化工原油价格大幅上涨 环氧氯丙烷及双酚A涨幅居前,中信建投
1327,2019-02-21,"石油化工行业周报:盘点国际石化巨头2018年业绩,及探讨国内石化品港口高库存成因",申万宏源
1328,2019-02-18,化工：涤纶长丝行情清淡 荐5股,中信建投
1329,2019-02-15,东方盛虹以6.83亿购买吴江嘉誉旗下72家商铺及1家影院,中金在线
1330,2019-02-01,东方盛虹拟5561万出售商铺影院 交易方为实控人姐妹,新浪
1331,2019-02-01,东方盛虹超5千万卖商铺影院产权 实控人姐妹企业受让,新京报
1332,2019-02-01,"石油化工2018年年报业绩前瞻:四季度行业增速显著回落,看好上游及一体化公司",申万宏源
1333,2019-01-31,东方盛虹：转让房地产公司股权和债权,证券之星
1334,2019-01-31,东方盛虹：拟5561万元出售商铺及电影院产权,e公司
1335,2019-01-31,东方盛虹：拟出资10亿元设立全资子公司,Wind
1336,2019-01-29,东方盛虹6亿商誉减值拆解:127亿借壳为何当年就减值?,新浪
1337,2019-01-28,"石油化工行业周报:重质原油紧缺、及炼油深加工能力提升,对于炼油下游产品结构的影响",申万宏源
1338,2019-01-28,"东方盛虹2018年度业绩预告点评:dty盈利稳定增长,全年业绩符合预期",光大证券
1339,2019-01-25,"东方盛虹2018年业绩预告点评:q4受行业景气影响,但有望凭借研发实力与产品优势获取相对稳定盈利",申万宏源
1340,2019-01-24,【申万石化】东方盛虹（000301）业绩预告点评——Q4受行业景气影响，但有望凭借研发实力与产品优势获取相对稳定,申万石油化工
1341,2019-01-24,"东方盛虹投资价值分析:差别化优质资产注入,打造“炼化-PTA-涤纶长丝”一体化巨头",光大证券
1342,2019-01-23,东方盛虹2018年净利最高可达10.50亿 同比下降27%,挖贝网
1343,2019-01-23,东方盛虹：预计2018年净利润同比下降26.53%-47.52% 盈利能力下降,Wind
1344,2019-01-23,东方盛虹：2018年净利预降27%-48% 盈利能力下降,e公司
1345,2019-01-21,[快讯]东方盛虹:变更持续督导项目主办人,中财网
1346,2019-01-15,券商评级:三大股指全线走强 九股迎掘金良机,证券之星
1347,2019-01-15,"东方盛虹:定位高端的民用丝龙头,背靠集团差异化发展",申万宏源
1348,2019-01-15,"化工行业周报:油价连续上涨,继续关注超跌优质龙头",上海证券
1349,2019-01-14,"电力行业周报:两部委推进风光无补贴平价上网,“华龙一号”开展标准化示范",平安证券
1350,2019-01-08,剥离涉房资产聚焦“纺织主业” 东方盛虹6.83亿元挂牌转让子公司股权及债权,证券日报
1351,2019-01-07,底价6.83亿 东方盛虹拟挂牌转让两地产子公司,每日经济新闻
1352,2019-01-06,东方盛虹拟6.8亿元挂牌转让两家房地产子公司股权及债权,观点地产网
1353,2019-01-06,东方盛虹：6.83亿挂牌转让子公司股权和债权,e公司
1354,2019-01-06,资本圈 | 保利回售20亿5年期公司债 华远15亿债券将进行本息兑付,观点地产网
1355,2018-12-28,东方盛虹母公司员工虚报低价合同 15笔交易赚24万,新浪
1356,2018-12-26,化工：聚酯减产下长丝价格坚挺 荐8股,中信建投
1357,2018-12-18,石油石化行业:关注估值低且盈利向上的炼化、化纤板块,正点财经
1358,2018-12-11,"化工:opec+协议减产120万桶1天,石化相关产品有所回涨",正点财经
1359,2018-12-03,东方市场：持续拓展打造盛世长虹 买入评级,和讯
1360,2018-12-02,长江石化 | 化纤龙头登陆A股，持续拓展打造盛世长虹,长江石油化工
1361,2018-11-15,增强主营业务市场竞争力 东方盛虹18亿元投资差别化化学纤维项目,证券日报
1362,2018-11-02,"东方盛虹2018年三季报点评:长丝业务经营稳定,业绩符合预期",正点财经
1363,2018-10-18,10月18日 龙虎榜,每日经济新闻
1364,2018-10-18,跌停板解密：市场较弱百只跌停股再现！（10月18日）,Wind
1365,2018-10-18,东方盛虹龙虎榜数据（10月18日）,Wind
1366,2018-10-16,东方盛虹：长丝行业景气度维持 竞争优势突出,红周刊
1367,2018-10-16,[增持评级]东方盛虹(000301)重组上市后首份靓丽答卷：扣除商誉减值影响 实际重组后归母净利润同比增长15.0-22.7%,中财网
1368,2018-10-15,[推荐评级]东方盛虹(000301)3季报业绩预告点评：长丝业务稳健增长 一次性计提商誉减值准备 为实现公司长期稳健发展奠定基础,中财网
1369,2018-10-13,东方盛虹交上市后首份答卷 三季报实现净利6.09亿元至6.89亿元,中证网
1370,2018-09-28,【化工】东方市场更名东方盛虹，迎来盛虹集团大化工时代,中信建投证券研究
1371,2018-09-27,127亿元重组完美收官 东方市场27日起更名“东方盛虹”,证券日报
1372,2018-09-27,巨丰热点：创新企业再迎政策利好 创投概念呈现活跃,巨丰财经
1373,2018-09-26,东方市场更名东方盛虹 江苏国企混改重要试点案例收官,中证网
1374,2018-09-26,东方市场：9月27日起改名为“东方盛虹”,Wind
1375,2018-09-26,东方市场：明日起更名为“东方盛虹”,e公司
1376,2018-09-09,电力：电力市场化交易让利幅度继续缩窄,川财证券
1377,2018-09-04,"东方市场：""炼化-化工-化纤""三化一体战略助推未来业绩气势如虹",中信建投
1378,2018-08-31,盛虹控股再秀资本运作：110亿资产借壳，全力护航800亿“大炼化”？,环球老虎财经
1379,2018-08-30,东方市场：拟将证券简称变更为“东方盛虹”,e公司
1380,2018-08-09,东方市场：上半年净利润同比减51.82%,Wind
1381,2018-08-07,新世纪：关注东方市场重大资产重组获得证监会核准批复,Wind
1382,2018-08-07,"电力行业周报:中电联发布供需预测报告,能源局公布可再生能源情况",平安证券
1383,2018-08-01,东方市场发行股份购买资产获证监会核准,全景网
1384,2018-08-01,东方市场：重大资产重组获证监会核准批复,e公司
1385,2018-07-31,关于核准江苏吴江中国东方丝绸市场股份有限公司向江苏盛虹科技股份有限公司等发行股份购买资产的决定,证监会
1386,2018-07-02,晚间重要公告2018年7月2日星期一,Wind
1387,2018-07-02,东方市场：拟127.33亿元收购国望高科100%股权，实控人变更,Wind
1388,2018-07-02,[强于大市评级]电力行业周报：发改委发文保障煤电油气运 EPR、AP1000接连并网,中财网
1389,2018-06-28,沪深两市上市公司复牌一览表（6月28日）,Wind
1390,2018-06-27,证监会：光环新网、中矿资源、东方市场并购重组均获通过,Wind
1391,2018-06-27,并购重组委2018年第29次会议审核结果公告,证监会
1392,2018-06-27,东方市场127亿元重组事项过会 国资民企联姻再进一步,中证网
1393,2018-06-27,东方市场：关于重大资产重组获得中国证监会并购重组审核委员会审核通过暨公司股票复牌的公告,深交所
1394,2018-06-27,东方市场重大资产重组顺利过会 盈利能力将进一步提升,证券日报
1395,2018-06-27,东方市场：重大资产重组获通过 明日复牌,e公司
1396,2018-06-27,东方市场：重组有条件过会，6月28日复牌,Wind
1397,2018-06-23,并购志|国望高科借壳东方市场二度闯关，关联交易仍为关注重点,国际金融报
1398,2018-06-14,东方市场卖壳“二进宫” 标的资产“传统特色”是否成障碍？,号外财经网
1399,2018-06-08,证监会并购重组委定于6月27日审核东方市场发行股份购买资产事项,国际金融报
1400,2018-06-08,证监会：东方市场重组事项27日上会,e公司
1401,2018-06-08,并购重组委2018年第29次工作会议公告,证监会
1402,2018-06-07,晚间重要公告2018年6月7日星期四,--
1403,2018-05-28,电力行业周报：本周发改委再强调降煤价至绿色区域 关注火电,中财网
1404,2018-05-28,[增持评级]华泰零售·精彩每周报：继续推荐全渠道零售龙头苏宁易购,中财网
1405,2018-05-28,"电力行业周报:两部委公布煤炭市场举报方式,两机组同日一加冕一并网",平安证券
1406,2018-05-11,今年以来68家公司再融资折戟 五公司未获发审委通过,大众证券报
1407,2018-05-06,1534公司预告一季度业绩 390家增幅翻倍,证券时报
1408,2018-04-26,东方市场：一季度净利润同比增764.22%,Wind
1409,2018-04-23,今日资金抢入六只强势股一览（2018年4月23日）,中财网
1410,2018-04-22,电力：发改委推动降低一般工商业电价,川财证券
1411,2018-04-13,晚间重要公告2018年4月13日星期五,--
1412,2018-04-13,东方市场：预计一季度净利润同比增长6倍-9倍,Wind
1413,2018-04-09,[买入评级]公用事业与环保产业研究周报：污染防治攻坚战再强调 环评改革协防助攻,中财网
1414,2018-04-05,钢铁等四行业国企利润大增 六股业绩向好底子硬,证券之星
1415,2018-04-03,[强于大市评级]电力行业周报：燃煤自备电厂治理方案、水电开发利益共享机制征求意见,中财网
1416,2018-04-02,电力环保行业周报：国家发改委加快推进增量配电业务改革,中财网
1417,2018-03-27,东方市场龙虎榜数据(3月27日),Wind资讯
1418,2018-03-27,沪指激战3100点 芯片大飞机概念龙头可适当关注,中金在线
1419,2018-03-27,这家民企纺织龙头二次冲关 借壳东方市场还有戏吗？,新浪
1420,2018-03-27,国望高科借壳上市，东方市场涨停,Wind
1421,2018-03-27,国望高科借壳上市 东方市场涨停,金融界
1422,2018-03-27,公告现重大利好 周二8股望大涨,中财网
1423,2018-03-26,东方市场斥资127亿元重启收购国望高科 构成重组上市,北京商报网
1424,2018-03-26,沪深上市公司18年3月26日晚间上市公司重要公告,全景网
1425,2018-03-26,东方市场：国望高科借壳上市,金融界
1426,2018-03-26,东方市场：国望高科作价127.33亿元借壳，控股股东将变更,Wind
1427,2018-03-26,晚间重要公告2018年3月26日星期一,--
1428,2018-03-22,QFII现身29公司十大流通股东 新进增持17股,证券时报网
1429,2018-03-22,QFII现身29家公司十大流通股东 新进和增持17只个股,证券时报
1430,2018-03-21,引入外资，加大金融开放，探秘外来的和尚如何念经,--
1431,2018-03-19,电力环保行业周报：1-2月份全国发电量增速加快,中财网
1432,2018-03-13,电力环保行业日报：2017年全国市场化交易电量占比达33.5%,中财网
1433,2018-03-12,晚间重要公告2018年3月12日星期一,--
1434,2018-03-12,东方市场：2017年年度报告主要财务指标及分配预案,深交所
1435,2018-03-12,东方市场：年报净利增55% 证金公司退出前十大股东,e公司
1436,2018-03-12,东方市场：2017年净利润同比增55.02%，拟10派1元,Wind
1437,2018-02-26,"电力行业周报:BP发布2040年能源展望,中广核拟回归A股",平安证券
1438,2018-02-12,[增持评级]公用事业行业周报：1月份发电量同比增长21% 煤价涨幅有所平抑,中财网
1439,2018-02-12,[强于大市评级]电力行业周报：发改委回应电煤供应 核电巨头推进低温供热堆应用,中财网
1440,2018-02-12,[买入评级]公用事业与环保产业行业研究周报：重视高运营的优质环保个股 关注农村环保,中财网
1441,2018-02-06,电力行业月报：用电需求有望继续上升 利好电力行业,中财网
1442,2018-01-25,东方市场：年报净利预增40%—70%,金融界
1443,2018-01-24,东方市场：预计2017年净利润同比增长40%-70%,Wind
1444,2018-01-16,东方市场：将投建吴江盛泽燃机热电联产项目,Wind
1445,2018-01-16,东方市场：投建吴江盛泽燃机热电联产项目,e公司
1446,2018-01-15,公用事业行业周报：电煤价格下调利好火电企业,中财网
1447,2018-01-03,公用事业行业月报：继续关注煤电联动,中财网
