,2021-12-31,东鹏饮料独董康晓斌辞职 董监高成员变化,乐居财经
0,2021-12-31,东鹏饮料：独立董事辞职 董监高成员变化,Wind
1,2021-12-31,中信证券：2022年食品饮料行业应遵循四条投资主线,e公司
2,2021-12-28,东鹏饮料、迎驾贡酒等投资基金合伙企业,e公司
3,2021-12-28,东鹏饮料参投股权投资基金合伙企业，持股3.63%,乐居财经
4,2021-12-28,东鹏饮料：由柑柠檬茶处于正常生产销售状态,每日经济新闻
5,2021-12-27,东鹏饮料：宋向前因个人原因辞去董事等职务 董监高成员变化,中国经济网
6,2021-12-27,东鹏饮料：东鹏饮料（集团）股份有限公司关于董事辞职的公告 董监高成员变化,新浪
7,2021-12-27,东鹏饮料：董事辞职 董监高成员变化,Wind
8,2021-12-27,东鹏饮料斩获“2021中国上市公司口碑榜”两项大奖！,中金在线
9,2021-12-27,东鹏饮料助力深上协“加油站”系列之AED急救公益活动圆满举办,中金在线
10,2021-12-27,2021年最后一批新股申购，这只备受关注,Wind
11,2021-12-27,2021年最后一批新股申购，这只备受关注！年内诞生多只“大肉签”，有你的吗？,证券时报
12,2021-12-26,2021年最后一波新股来了！今年8只“大肉签”，你中过吗？,Wind
13,2021-12-24,东鹏饮料(605499.SH)完成注销子公司广东营销 业务变化,智通财经
14,2021-12-18,星巴克涉嫌食品问题遭警告，中国咖啡企业离“巨头”有多远？,资本邦
15,2021-12-17,东鹏饮料：东鹏特饮外包装有明确写“孕妇、哺乳期妇女及儿童不宜饮用”,Wind
16,2021-12-17,胡润中国食品行业百强榜：东鹏饮料跻身软饮料企业价值前三,证券时报网
17,2021-12-16,东鹏饮料跌3.7% 招商证券民生证券高位唱多,中国经济网
18,2021-12-16,东鹏饮料：公司基本面并没有发生重大的变化，股价波动受宏观经济、市场形势、投资者情绪等多种因素影响,每日经济新闻
19,2021-12-13,海外机构调研股名单，汇川技术最受关注,Wind
20,2021-12-10,又见蓝筹尾盘异动！外资单周净买入488亿元创纪录，重拾“老白马”,Wind
21,2021-12-09,东鹏饮料：截至2021年6月共拥有2000余家经销商，销售网络覆盖全国约179万家终端门店,每日经济新闻
22,2021-12-09,速冻食品企业密集调整经销价，行业“内卷”之下终端售价难撼动,贝壳财经
23,2021-12-08,双节临近，“茅五泸”齐涨，消费股悄然崛起,Wind
24,2021-12-07,食品饮料行业周报：老窖激励获批 顺鑫加快地产剥离 继续看多板块Q4行情,新浪
25,2021-12-06,60天涨粉千万，农村“张同学”火了，然后呢？,投资界
26,2021-12-06,2021年基金，买了个“寂寞”,Wind
27,2021-12-06,东鹏饮料接受12家机构调研！短期主力资金净流出，或存在资金分歧,每日经济新闻
28,2021-12-06,东鹏饮料：北方市场“出镜率”不高 超前布局存风险,科技新闻网
29,2021-12-06,组团调研年底频现，这些公司受青睐,Wind
30,2021-12-04,一瓶饮料，让这个汕尾家族挣到454亿,36氪
31,2021-11-30,[路演]东鹏饮料：营运能力稳健提升 公司目前无净流动负债,全景网
32,2021-11-30,食品饮料行业周报(第四十七周)：白酒关注年底催化 大众品等待提价后的经营改善,新浪
33,2021-11-30,食品饮料行业周报：看好白酒估值切换 持续关注提价进展,新浪
34,2021-11-29,东鹏饮料于浙江成立饮料公司，注册资本1亿元,乐居财经
35,2021-11-29,食品饮料行业大众品板块周报软饮料：需求为何显韧性？成本压力有几何？,新浪
36,2021-11-29,大消费行业周报：健力宝入局功能饮料 开启新细分赛道,新浪
37,2021-11-26,东鹏饮料香港子公司完成注册,乐居财经
38,2021-11-25,东亚前海·食饮日报：广州酒家上市公司控股股东变更为广州城投 控制人变化,新浪
39,2021-11-25,上市公司正负面新闻2021年11月25日星期四,Wind
40,2021-11-25,命名蹭热点，多只主题基金申报“碰壁”,Wind
41,2021-11-24,【开源食饮每日资讯1124】龙大肉食拟终止转让中和盛杰51%股权事项,宇光食饮日讯
42,2021-11-24,每日点评第170期：两市午后冲高后再回落 关注稀土板块中长期机会,新浪
43,2021-11-24,晚间重要公告2021年11月24日星期三,Wind
44,2021-11-24,东鹏饮料(605499.SH)：拟投6.25亿元在衢州智造新城投建东鹏饮料浙江生产基地项目,格隆汇
45,2021-11-24,东鹏饮料：拟投建“东鹏饮料浙江生产基地项目”,Wind
46,2021-11-23,【开源食饮每日资讯1123】东鹏饮料拟6.25亿元投建浙江生产基地项目,宇光食饮日讯
47,2021-11-23,东鹏饮料：拟设立总投资6.25亿元生产基地项目,中证网
48,2021-11-23,公告精选：美的集团拟全面收购KUKA股权并私有化；隆基股份与一道新能源签订70亿元硅片销售框架合同,e公司
49,2021-11-23,晚间重要公告2021年11月23日星期二,Wind
50,2021-11-23,晚间公告｜11月23日这些公告有看头,第一财经
51,2021-11-23,东鹏饮料拟6.25亿元投建浙江生产基地项目,上证报
52,2021-11-23,东鹏饮料：拟设立全资子公司，注册资本1亿元,中新经纬
53,2021-11-23,东鹏饮料：拟签署投资协议并设立项目子公司东鹏维他命,发布易
54,2021-11-23,11月23日上市公司晚间公告速递,新浪
55,2021-11-23,东鹏饮料使用8亿元闲置自有资金购买理财产品,乐居财经
56,2021-11-23,东鹏饮料(605499.SH)：拟投约6.25亿元建设“东鹏饮料浙江生产基地项目” 并设立全资子公司负责实施,格隆汇
57,2021-11-23,东鹏饮料(605499.SH)拟投建东鹏饮料浙江生产基地项目,智通财经
58,2021-11-23,东鹏饮料：拟与衢州智造新城管理委员会签订投资协议书,Wind
59,2021-11-22,食品饮料行业周报：白酒估值进入合理区间 静待大众品提价后业绩修复,新浪
60,2021-11-22,食品饮料行业2022年度投资策略：把握低估值 布局高成长,新浪
61,2021-11-22,中国能量饮料市场尚处成长期，东鹏特饮发展前景广阔,凤凰网
62,2021-11-22,中信建投食品饮料行业2022年投资策略报告：今朝逆风前进，来日乘风破浪,Wind
63,2021-11-18,食品饮料2022年投资策略报告：今朝逆风前进 来日乘风破浪,新浪
64,2021-11-18,啤酒及饮料行业跟踪报告：高端风至 涨价潮起,光大证券
65,2021-11-16,食品饮料行业周报：双11战报出炉 乳品、零食龙头领跑,新浪
66,2021-11-15,东鹏饮料：公司基本面并没有发生重大的变化,Wind
67,2021-11-15,东鹏饮料：一直重视新品类的研发与推进工作,Wind
68,2021-11-12,东鹏饮料差异化地域拓展，更看重终端动销,中金在线
69,2021-11-12,华中区域总部开工 东鹏饮料全国化布局加速度,证券时报网
70,2021-11-12,经销商及商户抵制促销活动？东鹏饮料否认压货传闻,中国经济网
71,2021-11-11,食品饮料行业：需求复苏、估值筑底 2022年食品板块有望戴维斯双击,广发证券
72,2021-11-11,产品铺市率不断提升，东鹏饮料加速全国化进程,凤凰网
73,2021-11-11,董秘风云丨上市半年 东鹏特饮困住了自己？,中访网
74,2021-11-08,数字化加速发展 东鹏特饮全面发力,质量新闻网
75,2021-11-05,“高仿”上位、产品单一、新品不新，上市半年的东鹏特饮“累了困了”？,金融投资报
76,2021-11-05,东鹏饮料已对华北市场组织架构调整 看重终端动销成熟区域持续发货,e公司
77,2021-11-04,东鹏饮料2021年三季报出炉，收入稳步增长,搜狐
78,2021-11-04,东鹏需要“醒着拼”,财经无忌
79,2021-11-04,东鹏饮料三季报：一直秉持“工匠精神” 净利润比上年同期增幅21.87%,搜狐
80,2021-11-04,近两月公募密集调研消费股，明星基金经理再度调研东鹏饮料,资本邦
81,2021-11-04,福布斯发布中国内地富豪榜：农夫山泉钟睒睒首度登顶,Wind
82,2021-11-04,大消费板块重回视野，机构积极调仓布局,Wind
83,2021-11-03,深耕与开拓并进 东鹏饮料全国化发展势头迅猛,中金在线
84,2021-11-03,【要闻回顾】李锦记紧跟海天味业开始涨价 东鹏饮料经销商“退群”,融资中国
85,2021-11-03,【方正食饮211103】食品饮料21年三季报综述：白酒趋势稳健向好，次高端亮眼，大众品需求仍在低位,虎哥的研究
86,2021-11-03,东鹏饮料(605499)：Q3收入增速放缓 全国化仍在稳步推进中 盈利能力下降,广发证券
87,2021-11-03,能量饮料赛道持续利好，东鹏饮料等本土品牌或遇更大风口,凤凰网
88,2021-11-03,张坤连续两月带队易方达多位基金经理调研东鹏饮料,金融界
89,2021-11-03,东吴证券：给予东鹏饮料买入评级,证券之星
90,2021-11-03,东吴证券维持东鹏饮料买入评级，2021年三季报点评：销售稳中有升，新产品带来新增长点,每日经济新闻
91,2021-11-03,张坤再度调研东鹏饮料，公募近两月密集调研消费股,Wind
92,2021-11-03,东鹏饮料再获张坤调研，公司未来重点推广华中、西南市场,阿尔法工场
93,2021-11-02,"巴比食品：公司第三季度利润同比下降的原因主要为公司通过天津君正间接持有的东鹏饮料股票价格在三季度下降，导致公允价值波动造成公司三季度净利润下降
盈利能力下降",每日经济新闻
94,2021-11-02,东鹏饮料再获易方达张坤调研，公司称广东没有达到销售“天花板”,第一财经
95,2021-11-02,易方达张坤再度调研东鹏饮料,36氪
96,2021-11-01,【华西食饮】东鹏饮料（605499.SH）3Q21业绩点评：持续推进全国化销售,国金食品饮料寇星
97,2021-10-31,德邦证券维持东鹏饮料买入评级，三季报点评：持续推进全国化，省外多区域增速亮眼,每日经济新闻
98,2021-10-29,巴比食品(605338)：门店拓张加速 静待成本改善逻辑兑现,新浪
99,2021-10-29,东鹏饮料：前三季度净利润9.96亿元 同比增长41.47%,中证网
100,2021-10-29,太平洋证券：维持东鹏饮料(605499.SH)“买入”评级 目标价220元,智通财经
101,2021-10-29,【中泰食品】东鹏饮料：全国化推进顺利，盈利能力稳定,食品饮料俱乐部
102,2021-10-28,川财证券给予东鹏饮料增持评级：业绩稳定增长，省外拓展顺利,每日经济新闻
103,2021-10-28,信达证券给予东鹏饮料买入评级：省内夯实基础，省外拓张加速,每日经济新闻
104,2021-10-28,东鹏饮料第三季净利涨22% 前三季销售费用12亿增47%,中国经济网
105,2021-10-28,光大证券：给予东鹏饮料增持评级,证券之星
106,2021-10-28,民生证券维持东鹏饮料推荐评级，2021年三季报点评：业绩实现较快增长，区域扩张持续推进,每日经济新闻
107,2021-10-28,保龄宝：东鹏特饮为公司客户,Wind
108,2021-10-28,国盛证券给予东鹏饮料增持评级，全国化进展顺利，看好长期发展,每日经济新闻
109,2021-10-28,方正证券：维持东鹏饮料(605499.SH)“推荐”评级 Q3收入短期放缓 全国化进程稳步推进,智通财经
110,2021-10-28,东鹏饮料三季报“双增长双超速” 能量+布局引股东抢筹,产业经济新闻网
111,2021-10-28,国盛证券：维持东鹏饮料(605499.SH)“增持”评级 多因素影响毛利率 全国化进展顺利,智通财经
112,2021-10-28,国泰君安：维持东鹏饮料(605499.SH)“增持”评级 目标价233.34元,智通财经
113,2021-10-28,东鹏饮料三季报净利润同比增长超过40%,中国金融新闻网
114,2021-10-28,国金证券给予东鹏饮料买入评级：Q3夯实渠道基础，全国化布局稳步推进,每日经济新闻
115,2021-10-28,国金证券：给予东鹏饮料买入评级,证券之星
116,2021-10-28,东鹏饮料发布2021年三季报，前三季营收55.60亿，同比增长37.51%,中金在线
117,2021-10-28,东鹏饮料：前三季营收55.60亿元，全国化进程提速,证券时报网
118,2021-10-28,快讯：东鹏饮料跌停 报于165.88元,金融界
119,2021-10-28,东鹏饮料：全国化持续推进，锁价维持毛利率稳定【太平洋食饮】,食品饮料大消费黄付生
120,2021-10-27,东鹏饮料前三季度净利同比增长41.47%,北京商报
121,2021-10-27,东鹏饮料今年前三季度营收55.6亿元，非能量饮料收入下降 盈利能力下降,新京报
122,2021-10-27,【开源食饮每日资讯1027】东鹏饮料2021Q1-Q3净利润同比增长41.47%,宇光食饮日讯
123,2021-10-27,东鹏饮料：第三季度归母净利润3.2亿元，同比增长21.87%,36氪
124,2021-10-27,东鹏饮料(605499.SH)：第三季度净利增21.87%至3.20亿元,格隆汇
125,2021-10-27,东鹏饮料公布三季报 前三季净利增加41.47%,新浪
126,2021-10-27,图解东鹏饮料三季报：第三季度单季净利润同比增21.87%,证券之星
127,2021-10-27,东鹏饮料三季度净利同比增长21.87%，东鹏特饮销量持续上升,阿尔法工场
128,2021-10-27,成绩单！东鹏饮料：2021年第三季度净利润约3.2亿元，同比增长21.87%,每日经济新闻
129,2021-10-27,上市周年看成长｜上半年净利润大增但公司毛利率逐步下滑 “包子第一股”巴比食品真的香吗？ 盈利能力下降,每日经济新闻
130,2021-10-27,东鹏饮料：第三季度净利同比增长21.87%,财联社
131,2021-10-27,东鹏饮料：前三季度净利润同比增长41.47%,Wind
132,2021-10-27,华润材料：东鹏饮料未直接向公司采购,Wind
133,2021-10-25,食品饮料周观点：三季报密集披露 关注稳健及低估改善,新浪
134,2021-10-21,周谈｜Weekly Talk：推荐仍为短期强业绩公司，多数板块仍需数据验证,食品饮料光头阳线
135,2021-10-21,头部公募密集布局消费类基金，这个赛道又香了？,Wind
136,2021-10-20,咖啡市场也疯狂！星巴克、瑞幸咖啡后，“新贵”在崛起,资本邦
137,2021-10-20,多家头部公募出手！扎堆布局这类主题基金,Wind
138,2021-10-19,东鹏饮料成立市场营销公司，注册资本1000万,贝壳财经
139,2021-10-19,东鹏饮料：将于10月28日披露三季报，公司没有进行市值管理，股价波动属市场行为,每日经济新闻
140,2021-10-18,东鹏饮料于汕尾成立市场营销公司，注册资本1000万元,乐居财经
141,2021-10-18,东鹏饮料于汕尾成立食品饮料公司，注册资本10万元,乐居财经
142,2021-10-15,东鹏饮料回应产品毛利率等问题,羊城晚报
143,2021-10-14,大公司早报｜快手电商降低GMV目标 《原神》刷新全球手游月收入记录,观察者网
144,2021-10-13,晚间重要公告2021年10月13日星期三,Wind
145,2021-10-13,获张坤和傅友兴等明星基金经理调研，东鹏饮料今一度涨逾6%,澎湃新闻
146,2021-10-13,公募决战量化，核心资产疯狂反扑,每日经济新闻
147,2021-10-13,东鹏饮料最新公告：拟投1.1亿元于汕尾设立2家全资子公司,证券之星
148,2021-10-13,东鹏饮料：拟投1.1亿元于汕尾设立2家全资子公司,财联社
149,2021-10-13,东鹏饮料：拟向银行申请共计不超20亿元授信额度,乐居财经
150,2021-10-13,刘丽华辞任东鹏饮料财务总监 彭得新接任 董监高成员变化,中国经济网
151,2021-10-13,东鹏饮料：拟以1.1亿元设立两家全资子公司,乐居财经
152,2021-10-13,东鹏饮料(605499.SH)拟投资1.1亿元设生产子公司及销售子公司,智通财经
153,2021-10-13,东鹏饮料：根据公司整体经营发展战略规划 拟1.1亿元新设全资子公司,发布易
154,2021-10-13,资金回流大消费！茅台王者归来，后市如何走,Wind
155,2021-10-13,东鹏饮料：聘任彭得新为公司财务总监,每日经济新闻
156,2021-10-13,东鹏饮料：拟在汕尾市设立两家全资子公司,Wind
157,2021-10-13,张坤等明星基金经理相继出手，饮料巨头一度涨6%,Wind
158,2021-10-13,一度狂拉6%！“公募一哥”张坤出手，调研饮料巨头！此前已潜伏,中国基金报
159,2021-10-13,【行情】食品饮料板块午后走高，千味央厨、李子园、妙可蓝多涨停，燕塘乳业、桃李面包、东鹏饮料等跟涨,金十数据
160,2021-10-13,多位明星基金经理“组团”调研东鹏饮料！“公募一哥”张坤现身,资本邦
161,2021-10-13,消费股王者归来？张坤出手，组团调研这家饮料公司,Wind
162,2021-10-13,"张坤""组团""调研东鹏饮料 基金开始""紧盯""消费",格隆汇
163,2021-10-13,"消费股王者归来？张坤又出手，""组团""调研这家饮料公司！基金开始""紧盯""消费",券商中国
164,2021-10-12,148家公司获机构调研（附名单）,证券之星
165,2021-10-12,东鹏饮料接受46家机构调研，计划建长沙生产基地,阿尔法工场
166,2021-10-11,1.4万亿巨头宣布涨价，通胀开始传导？商务部意外放大招,Wind
167,2021-10-11,东鹏饮料：短期没有调价计划，广东市场会有持续增长,新京报
168,2021-10-11,东鹏饮料：今年上半年毛利率有所提升,Wind
169,2021-10-11,咖啡市场“三方大战”，谁能分到一杯羹？,贝壳财经
170,2021-10-09,功能饮料发力电竞领域，东鹏饮料持续加强产品理念输入,凤凰网
171,2021-10-08,东鹏饮料于深圳成立新公司，经营范围含酒制品生产等,新京报
172,2021-10-08,东鹏饮料于深圳新设维他命饮料公司，注册资本1亿元,乐居财经
173,2021-10-08,中1签平均能赚2万+！A股前三季IPO大盘点,Wind
174,2021-10-02,10.02 | 京东酒世界官宣跨入酱酒赛道；阿里巴巴关联公司获酒类商品经营许可证；“珍酒2011”预计售价将超过2000元,糖酒快讯
175,2021-10-01,维持高位，前三季度股权承销排行榜发布,Wind
176,2021-09-30,东鹏饮料(605499.SH)：刘丽华不再兼任财务总监,智通财经
177,2021-09-30,百润转债：Z世代的大众消费品种,新浪
178,2021-09-30,东鹏饮料于深圳成立两家新公司,乐居财经
179,2021-09-29,环球股市全日总结：9月29日,农银国际
180,2021-09-29,科技与能量的碰撞，东鹏特饮赋能2021年世界互联网大会,搜狐
181,2021-09-29,东鹏饮料亮相世界互联网大会 展现数字化改革“硬”实力,证券时报网
182,2021-09-28,食品饮料行业周报：次高端白酒Q3向好 调味品至暗已过,新浪
183,2021-09-27,食品饮料：旺季来临 震荡中寻求超预期机遇,新浪
184,2021-09-27,食品饮料行业：白酒多因素催化 大众品提价提振,新浪
185,2021-09-27,解盘：题材股表现分化，白酒、鸡猪肉、饮料、品牌龙头略涨,Wind
186,2021-09-27,A股早报2021年9月27日星期一,Wind
187,2021-09-26,新股“大肉签”俱乐部扩容，下周机会又来了？,Wind
188,2021-09-26,东鹏饮料打破产品单一困境的新招数是即饮咖啡,36氪
189,2021-09-26,东鹏饮料推出咖啡新品东鹏大咖，进军即饮咖啡赛道,阿尔法工场
190,2021-09-24,涨停复盘 | 消费股要“王者归来”？食品、医美股蠢蠢欲动,第一财经
191,2021-09-24,金融街下午茶2021年9月24日星期五,Wind
192,2021-09-24,消费股登场，4000亿酱茅涨停！化工股却批量跌停,Wind
193,2021-09-24,涨停板解密：消费旺季来临，食品饮料板块个股逆市火爆！（9月24日）,Wind
194,2021-09-24,9月24日东鹏饮料涨停分析：饮料概念热股,证券之星
195,2021-09-24,A股收盘综述：煤炭、水泥、钢铁、化肥大幅调整，限产限电下市场找寻新方向,Wind
196,2021-09-24,解盘：大消费强势，食品加工、乳业、医美、白酒领涨,Wind
197,2021-09-24,快讯：东鹏饮料涨停 报于202.62元,金融界
198,2021-09-24,东鹏饮料首板,Wind
199,2021-09-24,东鹏饮料首板，拟投资设立全资销售子公司,Wind
200,2021-09-23,【开源食饮每日资讯0923】东鹏饮料拟投资设立全资销售子公司,宇光食饮日讯
201,2021-09-23,东鹏饮料拟投资设立全资生产子公司,北京商报
202,2021-09-23,东鹏饮料(605499.SH)拟投资设立全资销售子公司,智通财经
203,2021-09-22,食品饮料行业研究周报：密切关注白酒价格波动 食品板块静待十月革命,新浪
204,2021-09-22,食品饮料周观点：中秋白酒动销平稳 大众品逐步改善,新浪
205,2021-09-22,食品饮料：基础建设年 稳中求进取,新浪
206,2021-09-21,中一签赚5万？明天又有“大肉签”上市,Wind
207,2021-09-20,"消费股要""王者归来""？三大信号乍现",Wind
208,2021-09-16,东鹏饮料今日大宗交易成交2.94万股，成交价193.0元溢价7.22%,Wind
209,2021-09-16,东鹏饮料现1笔大宗交易 共成交567.42万元,新浪
210,2021-09-15,白酒龙头近腰斩，基民煎熬，知名基金经理研判来了！,Wind
211,2021-09-13,食品饮料：旺季来临 震荡中寻求超预期机遇,新浪
212,2021-09-13,东鹏饮料“三向”发力，冲击第二成长曲线,中经导报
213,2021-09-10,大消费王者归来？部分基金仓位转向，新能源遭抛弃？,Wind
214,2021-09-09,食品饮料2021中报综述：高端景气延续 大众压力显现,新浪
215,2021-09-09,新基金悄然建仓，速度迥异,Wind
216,2021-09-08,多名顶流基金经理调研东鹏饮料，消费赛道或重迎关注,资本邦
217,2021-09-08,食品饮料行业跟踪周报：周观点 白酒中报佳 大众品承压 H2逐步改善,新浪
218,2021-09-08,消费赛道“又香了”，顶流基金经理扎堆调研这家公司,Wind
219,2021-09-07,食品饮料行业：调味品走过至暗时刻 白酒旺季备货值得期待,新浪
220,2021-09-06,食品饮料行业周报：酒类稳迎双节备货 食品承压力争改善,新浪
221,2021-09-06,东鹏饮料接受97家机构调研！短期主力资金净流入，市场资金早已察觉,每日经济新闻
222,2021-09-02,私募大佬最新持股曝光！冯柳、邓晓峰500亿重仓这些票,Wind
223,2021-08-31,近八成公司净利增长，上市公司半年报业绩靓丽,Wind
224,2021-08-30,东鹏饮料持续深耕广东市场，加速全国化布局,证券时报网
225,2021-08-30,东鹏饮料跌6% 国泰君安民生证券高点唱多,中国经济网
226,2021-08-30,东鹏饮料二季度净利润增速放缓，公司研发低糖、无糖饮料力求开拓新市场 盈利能力下降,阿尔法工场
227,2021-08-29,一签赚10万，本周俩“肉签”！下周机会又来了,Wind
228,2021-08-29,东鹏饮料：上半年主力单品延续高增，盈利能力稳步提升,21世纪经济报道
229,2021-08-28,东鹏饮料顺利开拓全国化征程，新品类拓展再添“金翼”,证券之星
230,2021-08-27,东鹏饮料全国化高速增长，带领本土能量饮料品牌直上云霄,中金在线
231,2021-08-27,东鹏饮料上半年全国布局再扩张 销售网络覆盖全国约179万家终端门店,证券时报网
232,2021-08-24,东鹏饮料二季度净利润增速放缓，公司研发低糖、无糖饮料力求开拓新市场 盈利能力下降,阿尔法工场
233,2021-08-23,东鹏饮料业绩变脸比翻书还快：上市前一个季度净利润增速122%上市后首个季度降至16% 盈利能力下降,挖贝网
234,2021-08-22,本周中一签可赚10万元！下周400岁的张小泉来了,Wind
235,2021-08-20,能量饮料前景可观，东鹏饮料怎样做到持续增长,中经导报
236,2021-08-19,东鹏饮料“一招鲜”，却难以“吃遍天”,36氪
237,2021-08-19,东鹏饮料(605499.SH)拟实施每股派1.5元 8月26日除权除息,智通财经
238,2021-08-16,食品饮料行业跟踪周报：周观点 白酒稳健 大众品改善渐近,新浪
239,2021-08-15,下周操盘攻略：锂电牛股解禁600亿、重磅数据将公布,Wind
240,2021-08-15,顶流”出手！私募大佬们最新持仓来了（名单）,Wind
241,2021-08-15,邓晓峰、赵军、葛卫东、冯柳、林园私募大佬最新持仓,Wind
242,2021-08-15,“顶流”出手！邓晓峰、赵军、葛卫东、冯柳、林园…，私募大佬们最新持仓来了（名单）,中国基金报
243,2021-08-13,百亿私募重仓股曝光，二季度加仓周期板块,Wind
244,2021-08-13,东鹏饮料依赖大单品非长久之计，高额费用支撑市场拓展何时休？| 中报季,新浪
245,2021-08-10,茅台大涨白酒股反攻！巨头重回A股，却带崩最强板块,Wind
246,2021-08-09,市场风格切换？百股涨停！“老白马”大爆发,Wind
247,2021-08-09,上市后首份成绩单出炉 东鹏饮料寻全国化突围,中国经营报
248,2021-08-09,市场风格切换？食品饮料掀起涨停潮，券商：这些个股值得关注,证券之星
249,2021-08-09,273份半年报亮相，多公司拟大额分红,Wind
250,2021-08-07,国内财经媒体头版2021年8月7日星期六,Wind
251,2021-08-07,二季度社保、QFII、险资持仓抢先看，A股连续13天成交超1.2万亿,Wind
252,2021-08-06,二季度社保、QFII、险资持仓抢先看，10股被联合抢筹,Wind
253,2021-08-06,2021年过去一半 红牛和体质能量为什么挡不住东鹏特饮,亿邦动力
254,2021-08-06,隐形重仓股曝光，百亿私募二季度调仓方向明确,Wind
255,2021-08-05,中国银河：予东鹏饮料(605499.SH)“推荐”评级 核心主营产品比重增加 上半年营收高增,智通财经
256,2021-08-05,东鹏饮料(605499)2021年半年报点评：营收大幅增加 发力全国市场,新浪
257,2021-08-05,东鹏饮料华中区域总部落户长沙,中国证券网
258,2021-08-04,普洛斯，为何领投了一家 PE,ZAKER
259,2021-08-04,调研记录|东鹏饮料（605499.SH）：长沙工厂预计在2024年3月投产 董事长聚焦点新品研发和推出等事宜,智通财经
260,2021-08-04,券商首次关注8股并给予买入评级（8月4日）,Wind
261,2021-08-04,社保基金、QFII调仓路线曝光，同时重仓化工股,Wind
262,2021-08-03,备案产品数量创年内新高，私募最新持仓透露布局方向,Wind
263,2021-08-03,东鹏饮料接受24家机构调研！短期主力资金净流入，市场资金早已察觉,每日经济新闻
264,2021-08-03,东鹏饮料(605499)：大鹏迎风起 扶摇而直上,新浪
265,2021-08-03,禁买线预警，看“聪明钱”如何爆买A股？,Wind
266,2021-08-03,组团抄底来了！谢治宇、邓晓峰、冯柳等最新持仓曝光,Wind
267,2021-08-03,东鹏饮料二季度净利环比下滑，净利近9成分红、林木勤吃相难看？ 盈利能力下降,中访网
268,2021-08-02,食品饮料行业研究周报：白酒需自上而下拨云见日 关注食品超跌标的,新浪
269,2021-08-02,联商超市周报：重客隆超市要全关 茅台市值蒸发1.05万亿,联商网
270,2021-08-02,东鹏饮料(605499)2021年半年报点评：高增趋势不改 东鹏展翅全国,西南证券
271,2021-08-02,德邦证券8月金股组合,微信
272,2021-08-02,估值回落后，怎么看当下食饮板块？,智通财经
273,2021-08-02,机构强推买入 六股成摇钱树,证券之星
274,2021-08-02,西南证券首予东鹏饮料买入评级：高增趋势不改，东鹏展翅全国,每日经济新闻
275,2021-08-02,国金证券维持东鹏饮料买入评级：业绩符合预期，全国化布局稳步推进,每日经济新闻
276,2021-08-02,81股获券商买入评级 新城控股目标涨幅达108.40%,Wind
277,2021-08-02,东鹏饮料靠营销驱动推广费半年达3.41亿 盈利6.76亿分红6亿林木勤被指掏空公司,长江商报
278,2021-08-01,【华西食饮】东鹏饮料（605499.SH）2021上半年业绩点评：上市将加速成长,国金食品饮料寇星
279,2021-07-31,上半年，东鹏特饮救了卖馒头的,ZAKER
280,2021-07-31,巴比食品(605338)：开店逻辑验证 内生外延发展,新浪
281,2021-07-31,巴比食品(605338)：同店恢复 享受猪价下行成本红利,华安证券
282,2021-07-30,东鹏饮料(605499)21年中报点评：业绩符合预期 全国化布局稳步推进,国金证券股份有限公司
283,2021-07-30,101股获买入评级 最新:东鹏饮料,中财网
284,2021-07-30,华鑫证券给予东鹏饮料推荐评级：能量饮料营收快速增长，市场扩展战果显着,每日经济新闻
285,2021-07-30,巴比食品(605338)2021年半年度业绩预告点评：更看扩张加速 盈利具备支撑,新浪
286,2021-07-30,押对宝？巴比食品3年前投资的东鹏饮料，今贡献净利润超1.4亿,和讯
287,2021-07-30,东鹏饮料多次风险提示后股价跌去33％“千亿”市值或欠缺成长性支撑,发现网
288,2021-07-30,东鹏饮料(605499)：高歌猛进全国拓市 品牌形象深入人心,新浪
289,2021-07-30,【开源食饮】东鹏饮料：空白市场高速扩张，Q3净利率有望恢复——公司信息更新报告,宇光看食饮
290,2021-07-30,东鹏饮料大手笔分红后欲投资私募基金，一名董事投出弃权票,经济观察报
291,2021-07-30,东北证券：维持东鹏饮料(605499.SH)“买入”评级 目标价228元,智通财经
292,2021-07-30,【窥业绩】上半年净利增长超5成，东鹏饮料（605499.SH）如何讲好成长故事？,财华社
293,2021-07-30,中银证券维持东鹏饮料增持评级：主销产品放量+渠道拓展有力，业绩快速增长,每日经济新闻
294,2021-07-30,东鹏饮料发布公告 拟6亿元投资建设生产基地项目,资本邦
295,2021-07-30,巴比食品中报预告：净利润增长超258%，东鹏饮料贡献1亿利润,36氪
296,2021-07-30,关注半年报｜东鹏饮料赚了，最后却是巴比食品赢了？,搜狐
297,2021-07-30,投资东鹏饮料获得丰厚利润，巴比食品上半年业绩预增2倍多,资本邦
298,2021-07-30,2股中期分红 东鹏饮料派现最大方,证券时报网
299,2021-07-30,券商首次关注5股并给予买入评级（7月30日）,Wind
300,2021-07-30,开源证券维持东鹏饮料增持评级，近期获20份券商研报关注，目标均价涨幅21.6%,每日经济新闻
301,2021-07-30,[公司]东鹏饮料拟长沙投建华中区域总部及生产基地项目,全景网
302,2021-07-30,46股获券商买入评级 志邦家居目标涨幅达107.75%,Wind
303,2021-07-30,能量饮料行业下半场，东鹏的时间窗口到来了,斑马消费
304,2021-07-30,巴比食品上半年业绩预增，投资东鹏饮料贡献大半利润,新京报
305,2021-07-30,【东吴晨报0730】【宏观】【行业】轻工、食品饮料【个股】东鹏饮料、百川畅银,东吴研究所
306,2021-07-30,【食品饮料-苏铖】东鹏饮料：渠道开拓超预期,安信证券研究
307,2021-07-30,“醒着拼”的东鹏饮料发中报，“饮料界茅台”名副其实吗？,美股研究社
308,2021-07-29,消费参考丨外资分化：星巴克在华增长放缓 百胜扩张加速,21世纪经济报道
309,2021-07-29,天风证券维持东鹏饮料增持评级：全国化拓张成效显现，费用加码助力品牌提升和扩张,每日经济新闻
310,2021-07-29,东鹏饮料上半年业绩增五成 高度依赖单品问题犹存,GPLP犀牛财经
311,2021-07-29,“千亿”东鹏饮料大手笔分红：逾3亿红利装入实控人口袋,第一财经
312,2021-07-29,东鹏饮料(605499)2021年半年报点评：收入延续高增 加速推进全国化,新浪
313,2021-07-29,巴比食品(605338)更新点评：“量”“价”表现可期 外生内延谱新章,新浪
314,2021-07-29,东鹏饮料上半年营收36.8亿元，豪掷3亿认购私募基金,21世纪经济报道
315,2021-07-29,东鹏饮料(605499.SH)：与长沙金霞开发区签署项目入园协议书,格隆汇
316,2021-07-29,32股获机构买入型评级 百润股份、东鹏饮料关注度最高,证券时报网
317,2021-07-29,东鹏饮料(605499.SH)拟6亿元在长沙市开福区投建华中区域总部及生产基地,智通财经
318,2021-07-29,川财证券维持东鹏饮料增持评级：盈利能力稳步提升，大力推动全国化进程,每日经济新闻
319,2021-07-29,东鹏饮料：拟6亿元投建东鹏饮料华中区域总部及生产基地,财联社
320,2021-07-29,多元催化剂加速东鹏饮料全国化进程,中金在线
321,2021-07-29,35股获机构买入型评级 百润股份、东鹏饮料关注度最高,证券时报网
322,2021-07-29,东鹏饮料半年报：非能量饮料收入减少33% 销售费用大增成效几何？ 盈利能力下降,新浪
323,2021-07-29,32股今日获机构买入评级12股上涨空间超20%,证券时报网
324,2021-07-29,巴比食品：上半年预计净利润同比增长258.96%~294.85%,Wind
325,2021-07-29,快讯｜巴比食品上半年净利大涨近300%，主要系持有东鹏饮料收益增加,财经网
326,2021-07-29,东吴证券给予东鹏饮料买入评级：收入延续高增，加速推进全国化,每日经济新闻
327,2021-07-29,东鹏饮料中报点评：省内外均表现亮眼，费用投放谋长远【太平洋食饮】,食品饮料大消费黄付生
328,2021-07-29,东鹏饮料(605499.SH)拟3亿元参投招银朗曜二期基金以投资先进制造等领域,智通财经
329,2021-07-29,东鹏饮料(605499.SH)拟出资3亿元认购私募基金份额,格隆汇
330,2021-07-29,东鹏饮料：拟3亿元认购基金投资领域为先进制造、新能源等,财联社
331,2021-07-29,光大证券：维持东鹏饮料(605499.SH)“增持”评级 大单品持续放量 收入稳健增长,智通财经
332,2021-07-29,安信证券：维持东鹏饮料(605499.SH)“买入”评级 目标价225元,智通财经
333,2021-07-29,国泰君安：维持东鹏饮料(605499.SH)“增持”评级 目标价下调21%至235.1元,智通财经
334,2021-07-29,A股异动 | 东鹏饮料(605499.SH)涨逾8% 中期净利同比增53.14% 上市以来股价翻逾4倍,格隆汇
335,2021-07-29,方正证券：维持东鹏饮料(605499.SH)“推荐”评级 全国化进程稳步推进 业绩有望持续高增,智通财经
336,2021-07-29,东鹏饮料(605499)：加强费用投放 开拓渠道驱动成长,新浪
337,2021-07-29,东鹏饮料(605499)2021年中报点评：大单品持续放量 收入稳健增长,光大证券
338,2021-07-29,东鹏饮料(605499)：大单品高增驱动盈利改善 新设产能构建市场扩张支点,新浪
339,2021-07-29,【招商食品】东鹏饮料：费用投入高增，全国化步伐加快,招商食品饮料
340,2021-07-29,东鹏饮料全国化布局成效卓着 上市后首份半年报净利同比增53.14%,证券时报网
341,2021-07-29,上市公司中期分红一览,证券时报网
342,2021-07-29,东鹏饮料拟认购私募基金份额 加华资本宋向前投出弃权票,和讯
343,2021-07-29,国海证券维持东鹏饮料买入评级：省外持续扩张，新品持续培育,每日经济新闻
344,2021-07-29,东鹏饮料首份半年报出炉，上半年净利增逾五成,资本邦
345,2021-07-29,国盛证券维持东鹏饮料增持评级：全国化顺利推进，新品增长瞩目,每日经济新闻
346,2021-07-29,【东鹏饮料中报点评：全国化进程稳步推进，短期品牌投放影响业绩210728】,虎哥的研究
347,2021-07-29,半年报解读|东鹏饮料上市后首份成绩单出炉 二季度净利润环比下滑 盈利能力下降,财联社
348,2021-07-29,东鹏饮料(605499)：Q2收入较快增长 费用投放有所加大,新浪
349,2021-07-29,安信证券维持东鹏饮料买入评级：渠道开拓超预期，持续兑现高成长，目标价225元,每日经济新闻
350,2021-07-29,东鹏饮料：有向河南灾区捐赠东鹏特饮、东鹏饮用水等物资,Wind
351,2021-07-29,东鹏饮料：本次水灾对公司在河南省的业绩会略有影响,Wind
352,2021-07-29,东鹏饮料：目前公司没有收购同行业上下游的计划,Wind
353,2021-07-29,民生证券维持东鹏饮料推荐评级，2021年中报点评：区域扩张及渠道下沉提速效果显着,每日经济新闻
354,2021-07-29,【东鹏饮料（605499.SH）】大单品持续放量，收入稳健增长——2021年中报点评（陈彦彤）,光大证券
355,2021-07-29,东鹏饮料首份半年报出炉 全国化布局稳步推进,上证报
356,2021-07-29,半年报业绩大增，股价高点回撤三成：东鹏开始去“虚火”,华夏时报
357,2021-07-28,东鹏饮料公布半年报 上半年净利增加53.14%,新浪
358,2021-07-28,【开源食饮每日资讯0728】2021H1东鹏饮料净利润同比增长53.14%。,宇光食饮日讯
359,2021-07-28,晚间重要公告2021年7月28日星期三,Wind
360,2021-07-28,东鹏饮料：上半年营收增长49.11%净利润增长53.14%,发布易
361,2021-07-28,东鹏饮料上半年业绩增长逾五成 拟10派15元,上证报
362,2021-07-28,东鹏饮料上市后首份中报出炉 归属净利润同比增长53.14%,北京商报
363,2021-07-28,东鹏饮料：2021年半年度净利润约6.76亿元，同比增加53.14%,每日经济新闻
364,2021-07-28,东鹏饮料(605499.SH)拟设长沙子公司投建华中区域总部及生产基地项目,智通财经
365,2021-07-28,东鹏饮料(605499.SH)上半年归母净利同比增53%至6.76亿元 拟10派15元,智通财经
366,2021-07-28,东鹏饮料(605499.SH)：上半年净利增53.14%至6.76亿元 拟10派15元,格隆汇
367,2021-07-28,东鹏饮料(605499.SH)：拟设长沙公司实施华中区域总部及生产基地项目,格隆汇
368,2021-07-28,东鹏饮料半年报：上半年净利同比增长53%拟10派15元,财联社
369,2021-07-28,东鹏饮料：上半年净利润同比增长53.14%,Wind
370,2021-07-28,东鹏饮料：拟投资设立全资子公司长沙东鹏维他命饮料有限公司,Wind
371,2021-07-26,40余家食品企业驰援河南防汛救灾 元气森林等食品行业新生品牌表现积极,中国网
372,2021-07-26,饮料板块周报：白酒中报拉开帷幕 继续推荐五粮液(推荐),国海证券
373,2021-07-25,【开源食饮】食品饮料重仓比例回落，板块性价比逐渐显现——行业周报,宇光看食饮
374,2021-07-24,风雨一起撑| 东鹏饮料第三批捐赠物资陆续到达,凤凰网
375,2021-07-20,消费行业周报：次高端酒企上半年业绩实现较高增长 建议持续关注,新浪
376,2021-07-19,萧楠二季度大幅增持银行板块，招商银行入围易方达科顺重仓股，美的集团出局,每日经济新闻
377,2021-07-19,食品饮料行业跟踪周报：周观点 白酒延续高增 底部布局食品,新浪
378,2021-07-17,深度*公司*东鹏饮料(605499)：费用投放加大 渠道有序拓展,新浪
379,2021-07-16,111股获买入评级最新:伟明环保,中财网
380,2021-07-16,中银证券维持东鹏饮料增持评级：费用投放加大，渠道有序拓展,每日经济新闻
381,2021-07-16,二季度基金持仓浮出水面，顶流基金经理亲自“踩点”这些公司（附名单）,Wind
382,2021-07-16,德邦证券维持东鹏饮料买入评级：市场渠道开拓见效，费投与新品为成长蓄力,每日经济新闻
383,2021-07-16,国海证券维持东鹏饮料买入评级，近期获12份券商研报关注，目标均价涨幅16.12%,每日经济新闻
384,2021-07-16,川财证券维持东鹏饮料增持评级，2021半年度业绩预告：公司目前艺术陶瓷尚未应用于白酒包装,每日经济新闻
385,2021-07-16,【食品饮料】东鹏饮料—费用投放加大，渠道有序拓展,中银证券研究
386,2021-07-16,明星代言股真香！倍轻松上市首日飙涨,北京商报
387,2021-07-15,安信证券首予东鹏饮料买入评级：Q2稳健增长，费用投放导致利润承压，目标价275元,每日经济新闻
388,2021-07-15,东鹏饮料(605499)重大事件点评：全国化持续推进 东鹏务实向上,国海证券
389,2021-07-15,信达证券维持东鹏饮料买入评级：品牌投放力度大，加快走向全国化,每日经济新闻
390,2021-07-15,饮料板块周报：中报验证成新催化剂暨二季度业绩前瞻,国海证券
391,2021-07-15,东鹏饮料(605499.SH)：“东鹏?牛磺酸B族维生素饮料”获得国产保健食品注册证书,智通财经
392,2021-07-15,肖战代言的倍轻松上市首日股价飙涨525% 明星代言股真的更香吗,北京商报
393,2021-07-15,光大证券：维持东鹏饮料(605499.SZ)“增持”评级 收入、业绩符合市场预期,智通财经
394,2021-07-15,招商证券：重申东鹏饮料(605499.SH)“强烈推荐-A”评级 Q2营收同比预增22.9%-30.8%符合预期,智通财经
395,2021-07-15,国盛证券维持东鹏饮料增持评级：立足长远，加码品宣,每日经济新闻
396,2021-07-15,东鹏饮料(605499)：加大品牌投放 区域走向全国,新浪
397,2021-07-15,民生证券维持东鹏饮料推荐评级，2021年半年度业绩预告点评：21Q2 收入维持高增，加大费用投放快速突围,每日经济新闻
398,2021-07-14,晚间重要公告2021年7月14日星期三,Wind
399,2021-07-14,东鹏饮料预计上半年净利润增长超50%,贝壳财经
400,2021-07-14,东鹏饮料：预计上半年净利润同比增长51%-55%,第一财经
401,2021-07-14,东鹏饮料：预计 2021 年上半年净利润为 6.65 亿元到 6.85 亿元，增幅为 50.69% 到 55.22%,ZAKER
402,2021-07-14,东鹏饮料：上半年预计净利润同比增长50.69%~55.22%,Wind
403,2021-07-14,东鹏饮料(605499.SH)半年度净利预增50.69%-55.22%,格隆汇
404,2021-07-14,东鹏饮料：预计上半年净利同比增长50.69%-55.22%,财联社
405,2021-07-14,东鹏饮料：预计上半年净利润同比增长50.69%到55.22%,Wind
406,2021-07-14,【东鹏饮料（605499.SZ）】渠道拓展持续推进，全国化扩张值得期待——2021年半年度业绩预告点评（陈彦彤）,光大证券
407,2021-07-13,近17亿业绩窟窿未填平，国民技术的“董事长专属”定增,第一财经
408,2021-07-11,巨大的财富效应之下 资金加速流入消费赛道,投资界
409,2021-07-10,东鹏饮料市值千亿 机构抱团推高意为割韭菜？,ZAKER
410,2021-07-09,模仿红牛：代工厂厂长身家冲上500亿,网易
411,2021-07-09,估值明显偏离业绩表现 东鹏饮料如何撑起千亿市值？,南方日报
412,2021-07-09,东鹏饮料: 华泰联合关于东鹏饮料使用闲置自有资金购买理财产品的核查意见,证券之星
413,2021-07-08,食品饮料的资金争夺战,和讯
414,2021-07-08,东鹏饮料：目前公司原材料成本稳定,每日经济新闻
415,2021-07-08,市值破千亿，东鹏特饮能撕掉“高仿红牛”标签的吗？,36氪
416,2021-07-08,“暴富”的东鹏饮料：高市值背后的远虑与近忧,凤凰网
417,2021-07-08,东鹏饮料，「拐点」将至？,和讯
418,2021-07-07,潮汕首富易主 东鹏造富特饮第一牛股,创业邦
419,2021-07-07,东鹏饮料50亿营收或难撑千亿市值，压货虚增收入问题仍存疑 欺诈造假,中访网
420,2021-07-07,潮汕首富易主 东鹏造富特饮第一牛股,ZAKER
421,2021-07-06,新消费︱都是抄作业，东鹏竟干翻元气森林？,搜狐
422,2021-07-06,食品饮料行业：必选大众品触底待反弹 白酒H2呈接力式发展,新浪
423,2021-07-06,东鹏饮料是否值得“千亿市值”？,每日财报
424,2021-07-05,国海证券维持东鹏饮料买入评级：全国化持续推进，东鹏务实向上,每日经济新闻
425,2021-07-05,153家公司获机构调研（附名单）,证券之星
426,2021-07-05,食品饮料行业跟踪周报：波动中需寻找具有性价比的稳定增长标的,新浪
427,2021-07-02,东鹏饮料上市首份投资者调研报告 涉及未来经营、产品定价等问题,和讯
428,2021-07-02,国盛证券首予东鹏饮料增持评级：于展翅起舞时再论东鹏,每日经济新闻
429,2021-07-02,滴滴与东鹏饮料的“影子股东” ST加加持股4家年内新股,和讯
430,2021-07-02,东鹏饮料(605499)首次覆盖报告：于展翅起舞时再论东鹏,新浪
431,2021-07-01,主力探秘：换手率识别庄家,财富动力网
432,2021-07-01,6月金股组合盈利25.37% 7月荐股名单出炉,新浪
433,2021-07-01,东鹏饮料(605499)：能量饮料风起 东鹏展翅正当时,光大证券
434,2021-06-30,黑马频出，上半年中国上市企业市值500强揭晓,Wind
435,2021-06-30,连续7天成交破万亿，创业板指站上6年来新高，7月A股机会在哪里？,第一财经
436,2021-06-30,"券商6月金股组合""战绩""：川财证券25.37%夺冠 中原最差",新浪
437,2021-06-30,食品饮料行业研究周报：可选势头强劲至中报 H2必选数据有望回暖,新浪
438,2021-06-30,市值破千亿，东鹏特饮能撕掉“高仿红牛”标签的吗？,36氪
439,2021-06-30,周谈 | Weekly Talk：可选势头强劲至中报，H2必选数据有望回暖,食品饮料光头阳线
440,2021-06-29,信达证券维持东鹏饮料买入评级：不简单的东鹏,每日经济新闻
441,2021-06-28,东鹏饮料，有点“上头”,新浪
442,2021-06-28,食品饮料行业周报：如何解读白酒税改传闻？,新浪
443,2021-06-27,板块拾金丨万亿元大题材“BIPV概念”横空出世，七月的翻身行情会在哪？,第一财经
444,2021-06-27,【中泰食品】周思考26：如何看待618数据以及白酒消费税？,食品饮料俱乐部
445,2021-06-25,农夫山泉市值蒸发3000亿 金龙鱼海天味业回调40% 资本市场迷恋的“液体黄金”风光不再？ 连续下跌,金融投资报
446,2021-06-25,股价飙涨5倍后，东鹏饮料终于“刹车”，它真的值近千亿市值吗？,AI财经社
447,2021-06-25,机构强推买入六股成摇钱树,证券之星
448,2021-06-25,曾被视为红牛模仿者，如今成功上市，一年卖出24亿瓶！,搜狐
449,2021-06-25,广东区域股市周报：3亿融资买入亿纬锂能 北讯退跌34.34%跌幅第一,每日经济新闻
450,2021-06-25,中银国际：东鹏饮料（605499.SH）能量饮料后起之秀，市占率有较大提升空间，首予“增持”评级,智通财经
451,2021-06-25,【食品饮料】东鹏饮料—能量饮料后起之秀，市占率有较大提升空间,中银证券研究
452,2021-06-25,巴比食品：猪肉价格变化直接影响公司产品生产成本,Wind
453,2021-06-25,跌超7%！东鹏饮料暴涨5倍后迎来大跌，专家：远未调整到位 连续下跌,南都报
454,2021-06-25,游资、机构共同推动次新股行情,Wind
455,2021-06-24,ST加加：公司间接持有东鹏饮料的股份,每日经济新闻
456,2021-06-24,“红牛”之争仍在继续 功能饮料市场已“马”嘶“鹏”飞,证券日报网
457,2021-06-24,农夫山泉不再甜，市值蒸发3200亿，创始人钟睒睒失去亚洲首富宝座 连续下跌,时代财经
458,2021-06-24,【机构风向标】价格创新高个股数量井喷，半导体、化工最活跃！14股获多家机构“买入”评级,证券时报网
459,2021-06-24,恒大股价直线拉升！两只千亿次新股崩了，白酒税率传大消息,Wind
460,2021-06-24,突发！中国恒大宣布还钱，股价直线拉升！,证券时报网
461,2021-06-24,突发！恒大重磅宣布，股价直线拉升！两只千亿次新股崩了，白酒税率突传大消息！海底捞狂跌2500亿，创始人张勇火了：我是不抱有希望的,中国基金报
462,2021-06-24,罕见！5家机构狂砸11亿抢筹 东鹏饮料火了！中一签暴赚19万 还能嗨多久？,电鳗快报
463,2021-06-24,上市27天，市值暴涨833亿，潮汕首富换人了！,创业邦
464,2021-06-23,4000亿“不死鸟”崩盘，这份数据引发空袭？四大信号指明方向,Wind
465,2021-06-23,东鹏饮料市值破千亿：我国功能饮料相关企业1.4万家,第一财经
466,2021-06-23,啥情况？千亿白马跌超10%！外资加仓，半导体又火了,Wind
467,2021-06-23,25天市值翻3倍 东鹏饮料还能“醒着拼”吗？,全天候科技
468,2021-06-23,IPO为圈钱？东鹏饮料业绩增长频遭质疑,中访网
469,2021-06-23,五日龙虎榜追踪 机构抢筹这45股,证券之星
470,2021-06-22,上市16天拿下千亿市值 汕尾新首富诞生身家538亿 更有网红奶茶即将登陆港股,新浪
471,2021-06-22,2600亿疫苗白马闪崩！两桶油狂拉，中石油涨30%,Wind
472,2021-06-22,机构资金最近入驻这些股,证券之星
473,2021-06-21,15个涨停后终于“刹车”，高位抢筹东鹏饮料的机构们真的冷静了吗？,第一财经
474,2021-06-21,监管出手，2000亿巨头突然崩了！多只白酒股跳水,Wind
475,2021-06-21,饮料板块周报：行情持续演绎 股东大会持续催化,国海证券
476,2021-06-21,高估值下两大问题遭诟病东鹏饮料(605499.SH)跌超7%,格隆汇
477,2021-06-21,东鹏饮料(605499)：乘势而上 能量饮料龙头大有可为,国金证券股份有限公司
478,2021-06-21,民生证券研究周观点,新浪
479,2021-06-21,【招商食品 | 最新】白酒聚焦核心品种，食品配置价值提升,招商食品饮料
480,2021-06-21,今天，大肉签又来了！本周12只新股发行！,中国基金报
481,2021-06-21,一签狂赚22万，股民沸腾！今天，大肉签又来了！,Wind
482,2021-06-21,【国金晨讯】推荐快速进化的整车企业；中报行情如何看待？东鹏饮料：乘势而上，能量饮料龙头大有可为,国金证券研究所
483,2021-06-21,国金证券给予东鹏饮料买入评级：乘势而上，能量饮料龙头大有可为，目标价291.15元,每日经济新闻
484,2021-06-21,突发疫情！一市深夜紧急通告：全员核酸检测！一签狂赚22万，股民沸腾！今天，大肉签又来了！本周12箭齐发,中国基金报
485,2021-06-21,林木勤差异化竞争致胜 东鹏饮料16天冲上千亿市值,长江商报
486,2021-06-21,陆家嘴财经早餐2021年6月21日星期一,Wind
487,2021-06-21,【开源食饮】高端白酒前景乐观，着眼长期坚守价值——行业周报,宇光看食饮
488,2021-06-21,最牛主板新股中一签大赚22万元，下周还有12只新股连发！,上证报
489,2021-06-20,今年最牛新股一签大赚21.94万元，下周新股又来了！,Wind
490,2021-06-20,明天，大肉签又来了！,中证报
491,2021-06-20,谁是上半年最赚钱的新股？有的上市不足月 单签浮盈已超20万,经济观察报
492,2021-06-20,食品饮料：基础建设年 稳中求进取,新浪
493,2021-06-20,食品行业周报：截至2021年5月底 全国共生产食糖1066.05万吨,新浪
494,2021-06-19,超级大肉签，一签躺赚22万，机构为它“挤破头”！低位次新股崛起，低估值潜力股名单来了,证券时报
495,2021-06-19,ST加加：公司和加华共同成立合兴基金,Wind
496,2021-06-19,平价红牛上市，东鹏特饮连获15个涨停板，潮汕老板身家暴增到600亿元,时代周报
497,2021-06-19,千亿东鹏饮料开启疯狂模式 鸿蒙概念股思特奇上涨乏力,财富动力网
498,2021-06-19,彻底火了!机构扫货净买10股 东鹏饮料成为资金最爱,财富动力网
499,2021-06-18,喝出多少富豪？东鹏500亿红牛千亿，奈雪奶茶百亿，卖水成为首富,凤凰网
500,2021-06-18,机构抢筹难消“泡沫”疑虑东鹏饮料正面回应两大质疑炒作风险仍需警惕,财联社
501,2021-06-18,营收不到50亿市值却破千亿，东鹏饮料的“爆炒”！,环球老虎财经
502,2021-06-18,年内最赚钱新股诞生！上市16个交易日总市值破千亿丨一只热股,第一财经
503,2021-06-18,50亿营收能撑千亿市值？股价严重背离基本面 东鹏饮料资本泡沫何时破,华夏时报
504,2021-06-18,东鹏饮料(605499.SH)再次提示风险,智通财经
505,2021-06-18,"中一签赚22万！今年""最牛新股""来了",中国基金报
506,2021-06-18,16天涨近5倍，千亿牛股今日1分钟却遭上亿资金砸开涨停,华尔街见闻
507,2021-06-18,吃力活在红牛影子里的东鹏特饮，或许会成为脱缰的“疯牛”,凤凰网
508,2021-06-18,太疯狂了！股价暴拉14个涨停板！更有机构尾盘狂买11亿！公司连续发文提示风险！股价还能嗨多久？,雪球
509,2021-06-18,奈雪的茶上市，市值超300亿，要不要参与打新？,新浪
510,2021-06-18,A股收盘综述：沪弱深强态势明显，新能源产业链强势反包,Wind
511,2021-06-18,百龙创园：公司未和东鹏饮料有产品的合作关系,每日经济新闻
512,2021-06-18,白酒板块集体大跌超2％ 茅台“死忠粉”林园现身五粮液 连续下跌,中国基金报
513,2021-06-18,千亿大牛股16天飙涨近5倍 股民下单遭警示 其他违规处罚,中证报
514,2021-06-18,千亿牛股16天涨近5倍，1分钟上亿资金砸开涨停板,Wind
515,2021-06-18,股民下单遭警示！1分多钟上亿资金砸盘，炸开涨停板，千亿大牛股16天飙涨近5倍；芯片股爆发，券商看好两大机会,中证报
516,2021-06-18,疯涨的东鹏饮料：千亿市值撑起潮汕富豪新贵,搜狐
517,2021-06-18,市值突破千亿大关，东鹏饮料能够摆脱“高仿红牛”的标签吗？,36氪
518,2021-06-18,茅台突然大跌900亿！又一千亿巨头诞生，发生了什么,Wind
519,2021-06-18,"发生了什么？刚刚，茅台突然大跌900亿！芯片龙头继续疯狂，""最牛""汽车股拉涨停！又一千亿巨头诞生了 连续下跌",中国基金报
520,2021-06-18,机构抢筹东鹏饮料 游资打板比亚迪｜龙虎榜,第一财经
521,2021-06-18,A股午盘综述：芯片板块保持热度，金融、周期股持续下探,Wind
522,2021-06-18,又一山寨饮料逆袭？曾被视为红牛模仿者，现市值达920亿,搜狐
523,2021-06-18,16日涨近5倍，东鹏饮料彻底火了！中一签暴赚22万，5家机构罕见包揽龙虎榜,财联社
524,2021-06-18,预盈预增板块走强 东鹏饮料涨停,新浪
525,2021-06-18,斩获14个涨停板 依赖单一品牌的东鹏饮料背离基本面,GPLP犀牛财经
526,2021-06-18,第15个交易日涨停，东鹏饮料总市值突破千亿大关,第一财经
527,2021-06-18,东鹏饮料涨停 市值突破千亿元,中证网
528,2021-06-18,东鹏饮料大幅高开9.99%，市值突破千亿元大关,36氪
529,2021-06-18,东鹏饮料开盘几近涨停，总市值突破千亿大关,Wind
530,2021-06-18,中一签暴赚19万！龙虎榜机构狂砸11亿抢筹，东鹏饮料股价还能嗨多久？,证券时报
531,2021-06-18,A股早报2021年6月18日星期五,Wind
532,2021-06-18,喝下“千亿” 东鹏饮料功效还有多久？,财联社
533,2021-06-18,罕见！5家机构砸11亿抢筹，东鹏饮料还能火多久,Wind
534,2021-06-18,东北证券【提示公告】关于东鹏饮料（605499）股票交易异常波动的提示公告,东北证券金融世界
535,2021-06-18,半导体突涨机构趁机抛售 游资齐买三峡能源抢占主动,财富动力网
536,2021-06-18,东鹏饮料提示风险仍拉14连板 千亿市值在望,新浪
537,2021-06-18,罕见！5家机构狂砸11亿抢筹 东鹏饮料火了 中一签暴赚19万,券商中国
538,2021-06-17,喝下“千亿”东鹏饮料功效还有多久,财联社
539,2021-06-17,时间线丨跻身最赚钱新股Top3，5张图带你看懂东鹏饮料,第一财经
540,2021-06-17,周谈 | Weekly Talk：啤酒旺季供销两旺，饮料板块有望全面回暖,食品饮料光头阳线
541,2021-06-17,东鹏饮料终结14连板收涨5% 半个月内五次风险提示,证券日报网
542,2021-06-17,最新龙虎榜动向：8.25亿资金抢筹东鹏饮料，机构与北向资金同时卖出3股（名单）,21世纪经济报道
543,2021-06-17,东鹏饮料龙虎榜数据（6月17日）,Wind
544,2021-06-17,数据复盘｜电子行业获主力资金大幅加仓 机构抢筹东鹏饮料等股,证券时报网
545,2021-06-17,奥瑞金：公司是东鹏饮料金属包装的核心供应商，为其提供制罐及灌装一体化服务,每日经济新闻
546,2021-06-17,东鹏饮料终结十四连板收涨5%，五机构合计买入超11亿元,第一财经
547,2021-06-17,机构今日买入这18股，卖出科蓝软件9773万元丨龙虎榜,第一财经
548,2021-06-17,主力爆买15.8亿都没能买涨停明天悬了？,证券之星
549,2021-06-17,6月17日龙虎榜解析：东鹏饮料净买入额最多，还有25只个股被机构扫货,每日经济新闻
550,2021-06-17,东鹏特饮&红牛的江湖之争，加华资本宋向前：敬畏市场尊重对手,经济网
551,2021-06-17,龙虎榜：东鹏饮料再涨5% 五机构席位买入11.39亿元,e公司
552,2021-06-17,龙虎榜|东鹏饮料收涨5%五机构合计买入11.39亿元,财联社
553,2021-06-17,东鹏饮料上市后连拉14个涨停？东鹏特饮这么涨到底有多危险？,网易
554,2021-06-17,东鹏饮料市值超960亿，股权激励下会诞生多少千万富翁？,中投网
555,2021-06-17,东鹏比茅台还上头！14 连板，市值能冲破 1000 亿吗？,ZAKER
556,2021-06-17,市值逼近千亿！东鹏饮料连续 14 天涨停，这是在逼中沃上市吗？,ZAKER
557,2021-06-17,盒马X会员店进京；永辉扩张仓储店；京东控股华冠；美团买菜升仓,搜狐
558,2021-06-17,机构看中这些股 近五日大手笔净买入,证券之星
559,2021-06-17,14连板市值超900亿 东鹏饮料百倍市盈率之惑,新京报
560,2021-06-17,每日市场热点分析,新浪
561,2021-06-17,Wind风控日报2021年6月17日星期四,Wind
562,2021-06-17,中一签可赚1辆奔驰！疯狂新股连拉14个涨停，靠卖饮料真能值千亿市值？,每日经济新闻
563,2021-06-17,上市公司正负面新闻2021年6月17日星期四,Wind
564,2021-06-17,厌恶风险机构无情抛售多氟多 赵老哥偏爱短线博弈次新股,财富动力网
565,2021-06-16,东鹏饮料：“饮料黑马”还能嗨多久？,新浪
566,2021-06-16,晚间重要公告2021年6月16日星期三,Wind
567,2021-06-16,“大肉签”东鹏饮料开板又涨停，中签赚超18万。或存隐忧？,奥一网
568,2021-06-16,拉萨军团格局三峡能源，东鹏饮料明天冲击一签二十万？丨6.16龙虎榜,第一财经
569,2021-06-16,食品饮料行业研究周报：啤酒旺季供销两旺 饮料板块有望全面回暖,新浪
570,2021-06-16,十四连板东鹏饮料：公司近期股价波动较大，市盈率显着高于行业平均水平,腾讯网
571,2021-06-16,东鹏饮料龙虎榜数据（6月16日）,Wind
572,2021-06-16,涨停复盘 | 无视指数大跌 “肉签”东鹏饮料14连板,第一财经
573,2021-06-16,东鹏饮料再发风险提示：公司股票市盈率高于同行业平均水平,中新经纬
574,2021-06-16,千亿市值在望！5次风险提示难挡14连板，东鹏饮料还能涨多久？,第一财经
575,2021-06-16,2021-06-1618:13东鹏饮料日换手率达73.14%?总市值达920亿元,中证网
576,2021-06-16,万倍回报！“功能饮料第一股”实控人靠267万赚到457亿,搜狐
577,2021-06-16,每经18点|方便老年人就医，国家卫健委推出十项举措；14连板东鹏饮料再提示股价波动风险；青海海西州茫崖市发生5.8级地震,每日经济新闻
578,2021-06-16,14连板东鹏饮料：公司近期股价波动较大，注意二级市场交易风险,Wind
579,2021-06-16,广州万隆：A股大跌原因！,广州万隆
580,2021-06-16,海融科技：东鹏饮料非我司合作客户,每日经济新闻
581,2021-06-16,东鹏饮料日换手率达73.14% 一机构买入2.88亿元,e公司
582,2021-06-16,东鹏饮料涨停一机构买入2.88亿元,第一财经
583,2021-06-16,东鹏饮料、三峡能源逆势大涨，机构大手笔买入,Wind
584,2021-06-16,6月16日主力资金净流出507亿元,证券时报网
585,2021-06-16,今日这些个股异动 主力资金青睐能源、抛售汽车,第一财经
586,2021-06-16,A股资金流向（6月16日）：资金大幅撤离新能源产业链龙头,Wind
587,2021-06-16,主力动向｜36股主力买入超亿元！东鹏饮料、伊利股份、飞利信、中国化学、美的集团位居前五！,上游新闻
588,2021-06-16,“东茅”搅翻A股：林木勤家族财富暴增600多亿，加华资本捡漏,融资中国
589,2021-06-16,李志林丨创业板科创板齐大跌，大盘考验3498点缺口,中金在线
590,2021-06-16,A股收盘综述：新能源产业链批量跌停，创业板指下挫逾4%,Wind
591,2021-06-16,“中国红牛”14天14板！5次风险提示难挡涨停，“醒着拼”的东鹏饮料即将拼下千亿市值！,中国财富网
592,2021-06-16,创业板暴跌 锂电池板块跌停潮 半导体板块暴拉 机构：短期市场缺乏上攻动能 连续下跌,新浪
593,2021-06-16,什么情况？创业板暴跌，锂电池板块掀跌停潮！这一板块却暴拉…港股最赚钱新股？时代天使中一签大赚6万港元 连续下跌,证券时报
594,2021-06-16,发生了什么？创业板大跌，2000亿锂电双巨头跌停,Wind
595,2021-06-16,解盘：题材股分化，大基建、半导体、乡村振兴、IGBT略涨,Wind
596,2021-06-16,A股午盘综述：新能源板块集体遭遇杀跌,Wind
597,2021-06-16,东鹏饮料主动在6月15日晚间发布公告提示风险,中投网
598,2021-06-16,连续警示股价严重背离基本面，13连板后东鹏饮料今日打开涨停,第一财经
599,2021-06-16,人气股东鹏饮料主动提示风险：股价严重偏离基本面,中金在线
600,2021-06-16,东鹏饮料再度涨停，收获14连板，换手率超60%,金融界
601,2021-06-16,东鹏饮料距离成为“中国的红牛”还有多远？花式营销 收入结构单一,发现网
602,2021-06-16,14连板！东鹏饮料再度涨停 中一签新股大赚超18万元,第一财经
603,2021-06-16,东鹏饮料股价触及涨停收获14连板,第一财经
604,2021-06-16,东鹏饮料快速走高，股价触及涨停,Wind
605,2021-06-16,东鹏饮料盘中再度逼近涨停,e公司
606,2021-06-16,东鹏饮料打开一字涨停累计上涨351.70%,证券时报网
607,2021-06-16,东鹏饮料打开涨停 此前收获13连板,新浪
608,2021-06-16,东鹏饮料上市第14个交易日打开涨停,Wind
609,2021-06-16,功率半导体新一轮涨价潮来袭，A股潜在受益股名单,Wind
610,2021-06-16,A股早报2021年6月16日星期三,Wind
611,2021-06-16,股市动态 | 财经早资讯：华林证券高管变动引关注；东鹏饮料13连板提示风险,财经网
612,2021-06-16,功率半导体巨头酝酿大提价 A股潜在受益股名单出炉,证券时报
613,2021-06-16,【民生证券研究院】晨会纪要20210616,MS研究
614,2021-06-16,功率半导体新一轮涨价潮来袭，A股潜在受益股名单,证券时报网
615,2021-06-16,大资金慌了！连续涨停后 人气股突发公告 什么情况？,中财网
616,2021-06-16,东兴大消费：端午出游基本恢复至疫情前 关注大众消费复苏,新浪
617,2021-06-16,多家券商发布下半年投资策略，两大关键词被反复提及,Wind
618,2021-06-16,多家券商发布下半年投资策略 两大关键词被反复提及,证券时报
619,2021-06-15,东鹏饮料十三连涨停、股价破两百，发公告自称严重背离基本面,南都报
620,2021-06-15,中一签盈利16.28万！东鹏饮料斩获13连板后五大风险提示来了,上游新闻
621,2021-06-15,两极分化：特饮新贵东鹏饮料一签怒赚16万元 游资抢筹天地板次新股,财联社
622,2021-06-15,东鹏饮料斩获十三连板，再度提示风险：股价已严重背离基本面,第一财经
623,2021-06-15,13个涨停板，东鹏饮料：目前股价已严重背离公司基本面情况,e公司
624,2021-06-15,千亿市值在望！东鹏饮料13个一字涨停能量大爆发，距离成为“中国的红牛”还有多远？,21世纪经济报道
625,2021-06-15,十三连板东鹏饮料(605499.SH)：公司面临产品结构相对单一的风险 经营问题,智通财经
626,2021-06-15,连获13个“涨停板” 东鹏饮料提示风险,e公司
627,2021-06-15,十三连板东鹏饮料：目前股价已严重背离基本面情况,财联社
628,2021-06-15,东鹏饮料：公司目前股票价格已严重背离公司基本面情况，也显着高于行业平均水平,新浪
629,2021-06-15,东鹏饮料：公司股票价格已严重背离基本面，存在估值较高的风险,36氪
630,2021-06-15,“大肉签”东鹏饮料13连板，再次提示股票交易风险,Wind
631,2021-06-15,“大肉签”东鹏饮料中一签大赚16万元 无锡振华却一度上演天地板,上证报
632,2021-06-15,“大肉签”东鹏饮料中一签大赚16万元，这只次新股却一度上演天地板！,中国证券网
633,2021-06-15,东鹏饮料：上市20天连获13个“涨停板” 公司提示四大风险,新浪
634,2021-06-15,资本一跃，东鹏特饮失去黄金时代,36氪
635,2021-06-15,主力出逃超400亿：砸盘有色龙头股 扫货24股超亿元,新浪
636,2021-06-15,东鹏饮料一字板继续 东鹏饮料继续一字涨停,至诚财经
637,2021-06-15,6月15日主力资金净流出403亿元,证券时报网
638,2021-06-15,连员工宿舍都卖了？突发两大利空！500亿巨头直线暴跌！万亿保险龙头、千亿房企龙头再创新低，还能继续补仓吗？ 连续下跌,雪球
639,2021-06-15,A股资金流向（6月15日）：主板两只新股疯狂“吸金”,Wind
640,2021-06-15,67只股涨停最大封单资金28.23亿元,证券时报网
641,2021-06-15,多项财务指标刷新行业记录，13连板的东鹏饮料股市“不困”,21世纪经济报道
642,2021-06-15,ST加加：公司间接持有东鹏饮料0.543%的股份,Wind
643,2021-06-15,60万股民懵了！700亿巨头闪崩跌停！有色钢铁大跌,Wind
644,2021-06-15,超级干货！下半年市场潜力板块和牛股来了，机构最新投资策略曝光，最看好的股票都在这里（附全名单）,e公司
645,2021-06-15,47只股上午收盘涨停(附股),证券时报网
646,2021-06-15,上市12个交易日股价翻三倍，东鹏饮料业绩创新高,投资者网
647,2021-06-15,【预见】上市十二连板的东鹏饮料，在股市真的不会困？,财华社
648,2021-06-15,东鹏饮料 13 个一字涨停！单签盈利近 16 万 本周还有“肉签”上市,ZAKER
649,2021-06-15,国泰君安晨报,新浪
650,2021-06-15,【方正食饮210615】小酒情绪退潮，坚守行业长线趋势,虎哥的研究
651,2021-06-15,东鹏饮料(605499.SH)连续13日涨停市值超800亿公司提示风险,格隆汇
652,2021-06-15,本周A股将有10只新股申购,金融投资报
653,2021-06-15,大肉签又来？就在今日！近期多只10w+新股，本周疫苗、芯片新股全都有…（附新股申购日历）,证券时报
654,2021-06-15,晨报0615 | 宏观专题、A股策略专题、东鹏饮料（605499）、陕鼓动力（601369）、极米科技（688696）,国泰君安证券研究
655,2021-06-15,"""功能性饮料第一股""东鹏饮料上市 多项财务指标刷新行业记录",投资者网
656,2021-06-15,陆家嘴财经早餐2021年6月15日星期二,Wind
657,2021-06-15,东鹏饮料本周挑战1签20万，有望成年内最赚钱新股,Wind
658,2021-06-15,东鹏饮料本周挑战1签20万，成有望年内最赚钱新股,格隆汇
659,2021-06-15,一签狂赚20万？又有新股大肉签，疫苗股、芯片股都来了！,中国基金报
660,2021-06-14,天风证券首予东鹏饮料增持评级：精准卡位功能饮料赛道，上市为全国化腾飞插上翅膀,每日经济新闻
661,2021-06-14,一签赚10万，一周俩肉签！明天机会又来了,中证报
662,2021-06-14,【开源食饮】白酒持续看好，调味品等待时机——行业周报,宇光看食饮
663,2021-06-14,首席消费官周报：麦当劳确认数据遭泄露 东鹏饮料提示若干风险 安全事故,GPLP犀牛财经
664,2021-06-14,借鉴怪物饮料(MNST.US)，探东鹏饮料(605499.SH)等中国能量饮料发展空间,智通财经
665,2021-06-13,华为鸿蒙加码，座舱智能化引发交互革命丨一周重点研究报告,开源证券研究所
666,2021-06-12,犀牛财经日报：BOSS直聘登陆美股1571辆保时捷将被召回 产品问题,GPLP犀牛财经
667,2021-06-12,上市公司正负面新闻2021年6月12日星期六,Wind
668,2021-06-12,每日市场热点分析,新浪
669,2021-06-11,晚间重要公告2021年6月11日星期五,Wind
670,2021-06-11,每经20点 |广东佛山全市餐饮场所暂停堂食；东鹏饮料：面临产品结构相对单一、销售区域较为集中及新产品推广不及预期等风险,每日经济新闻
671,2021-06-11,东鹏饮料：相对单一的产品结构使公司经营业绩对能量饮料销售依赖较高 经营问题,Wind
672,2021-06-11,交易异动！东鹏饮料：近3个交易日上涨33.1%，无未披露的重大信息,每日经济新闻
673,2021-06-11,东鹏饮料(605499.SH)股价异动 面临产品结构相对单一等风险 经营问题,智通财经
674,2021-06-11,东鹏饮料(605499.SH)提示若干风险：产品结构相对单一、销售区域较为集中及新产品推广不及预期等风险 经营问题,格隆汇
675,2021-06-11,东鹏饮料龙虎榜数据(6月11日）,Wind
676,2021-06-11,主力资金：主力紧急抢筹两只白马股 买入资金超17亿元,新浪
677,2021-06-11,东鹏饮料：目前，“累了困了，喝东鹏特饮”、“年轻就要醒着拼”都是公司的slogan,每日经济新闻
678,2021-06-11,6月11日主力资金净流出421亿元,证券时报网
679,2021-06-11,信达证券：东鹏饮料（605499.SH）行业创新先行者，专注性价比优势，首予“买入”评级,智通财经
680,2021-06-11,88只股涨停最大封单资金49.35亿元,证券时报网
681,2021-06-11,东鹏饮料上市接连录得12个涨停，这家机构赚了60亿,投中网
682,2021-06-11,东鹏饮料的核心战场：能量饮料真的存在增量吗？,亿邦动力
683,2021-06-11,百元股数量达163只，一日增加5只,证券时报网
684,2021-06-10,【机构风向标】20股获多家机构“买入”评级，10股看涨空间超20%,证券时报网
685,2021-06-10,6月10日主力资金净流出105亿元,证券时报网
686,2021-06-10,IPO收紧还是放松？一文看清,Wind
687,2021-06-10,91只股涨停最大封单资金50.53亿元,证券时报网
688,2021-06-10,59只股上午收盘涨停(附股),证券时报网
689,2021-06-10,东鹏饮料3.2亿元闲置自有资金购买理财产品,中国经济网
690,2021-06-09,东鹏饮料成今年主板第一“肉签” 新股行情来了？,第一财经
691,2021-06-09,突发！中国恒大宣布还钱，股价直线拉升！,证券之星
692,2021-06-09,上市后狂拉10个涨停，东鹏饮料还能“浪”多久？,格隆汇
693,2021-06-09,主力资金：主力悄悄出逃大热门股 卖出资金13亿元,新浪
694,2021-06-09,中一签暴赚11万、东鹏饮料10连板 本周还有8只新股可打,券商中国
695,2021-06-09,股市动态 | 周期股强势归来，二三线白酒企稳回升，东鹏特饮十连板,财经网
696,2021-06-09,疯了！一则消息，这家公司午后突然暴拉！投资者们嗨了，高呼永远的神！成交额飙至两市第一，还能上车吗？,雪球
697,2021-06-09,A股资金流向（6月9日）：券商龙头遭抛售,Wind
698,2021-06-09,95只股涨停最大封单资金47.92亿元,证券时报网
699,2021-06-09,新股行情火爆！中一签赚超11万！钛白粉、煤炭板块爆发这只近期牛股却惨遭跌停,证券时报
700,2021-06-09,中一签暴赚超11万，东鹏饮料实控人身家飙至380亿！,上游新闻
701,2021-06-09,“东茅”搅翻A股：林木勤家族财富暴增600多亿，加华资本捡漏,36氪
702,2021-06-09,火爆！中一签赚超11万，本周还有8只新股可申购！钛白粉、煤炭板块集体爆发,证券时报
703,2021-06-09,刚刚，广州通报：4岁和5岁儿童感染！防控关键阶段，张文宏重磅发声！煤炭股集体暴涨，暴赚11万大肉签来了，实控人身家飙至380亿！,中国基金报
704,2021-06-09,刚刚，中一签爆赚11万！东鹏饮料连续10涨停，这家人身家直逼400亿！白酒股也绝地反击？,e公司
705,2021-06-09,东鹏饮料总市值超600亿元,北京商报网
706,2021-06-09,东鹏饮料总市值突破600亿元，中一签可赚11万元,第一财经
707,2021-06-09,机构五日抢筹12股 主力资金大量流入,证券时报网
708,2021-06-09,东鹏饮料开盘再度涨停 收获上市以来连续第十个涨停,e公司
709,2021-06-09,新股东鹏饮料连续10日涨停，总市值突破600亿元,Wind
710,2021-06-09,每日市场热点分析,新浪
711,2021-06-09,新股大爆发！刚有一签赚14万，今天或见10万大肉签,Wind
712,2021-06-09,【晨观方正】宏观/家电/电新/环保/科技&电子/食品饮料/建材建筑 20210609,新浪
713,2021-06-08,日常消费行业阿里线上月报：5月膳食营养补充剂／纯牛奶／饮料行业表现较好,新浪
714,2021-06-08,交易异动！东鹏饮料：不存在影响公司股票交易价格异常波动的重大事宜,每日经济新闻
715,2021-06-08,东鹏饮料(605499.SH)股价异动 不存在应披露而未披露信息,智通财经
716,2021-06-08,96只股涨停最大封单资金39.57亿元,证券时报网
717,2021-06-08,东鹏饮料(605499)：能量饮料风头正盛 东鹏特饮振翅高飞,新浪
718,2021-06-08,中信证券：东鹏饮料快速崛起的能量饮料龙头，后起之秀空间巨大,证券时报网
719,2021-06-08,周谈 | Weekly Talk：啤酒旺季动销有望超预期，食品配料迎来春天,食品饮料光头阳线
720,2021-06-08,又有“大肉签”诞生，中一签暴赚14万元！,Wind
721,2021-06-08,又有“大肉签”诞生，中一签暴赚14万元！东鹏饮料也可赚近10万元,中国证券网
722,2021-06-08,东鹏饮料(605499.SH)连续第9日涨停 市值571亿元,格隆汇
723,2021-06-08,券商首次关注4股并给予买入评级（6月8日）,Wind
724,2021-06-08,两市百元股数量达159只，科创板股票占38.36%,证券时报网
725,2021-06-08,26股获券商买入评级，伊利股份目标涨幅达59.19%,Wind
726,2021-06-08,中信证券：给予东鹏饮料目标价170元 “买入”评级,e公司
727,2021-06-08,东鹏饮料（605499）：大鹏乘风，扶摇万里,中信证券研究
728,2021-06-08,东鹏饮料林木勤：深耕能量饮料赛道,长江商报
729,2021-06-07,东鹏饮料(605499.SH)注册资本增加至4亿元,智通财经
730,2021-06-07,东鹏饮料：聘王皓星为证代,每日经济新闻
731,2021-06-07,东鹏饮料(605499.SH)聘请王皓星担任证券事务代表,智通财经
732,2021-06-07,食品行业周报：《推动四川白酒产业高质量发展的若干措施》审议通过,新浪
733,2021-06-07,东方证券首予东鹏饮料买入评级：能量饮料风头正盛，东鹏特饮振翅高飞,每日经济新闻
734,2021-06-07,17股今日获机构买入评级5股上涨空间超10%,证券时报网
735,2021-06-07,涨停板解密：火爆上攻，三板块个股遭资金抢筹！（6月7日）,Wind
736,2021-06-07,113只股涨停最大封单资金40.39亿元,证券时报网
737,2021-06-07,东方证券：东鹏饮料（605499.SH）深耕能量饮料行业，首予“买入”评级,智通财经
738,2021-06-07,75只股上午收盘涨停(附股),证券时报网
739,2021-06-07,东鹏饮料(605499.SH)连续第八日涨停市值超500亿元,格隆汇
740,2021-06-07,【方正食饮210607】小酒热度继续扩散，板块短期还看情绪催化,虎哥的研究
741,2021-06-07,16股获券商买入评级，中芯国际目标涨幅达49.26%,Wind
742,2021-06-06,冲击500亿，东鹏特饮会成为下一个农夫山泉吗？,钛媒体
743,2021-06-06,【开源食饮】能量饮料赛道优质，三孩政策提升奶粉预期畅——行业周报,宇光看食饮
744,2021-06-06,东鹏饮料冲击一签赚十万，易中签新股又来了！,Wind
745,2021-06-06,一签赚十万，“功能饮料第一股”还差3个板！下周，容易中签的新股又来了,中证报
746,2021-06-06,三年耗资11亿打广告 股市连嗨七天何时醒？东鹏饮料能否撑起472亿市值,华夏时报
747,2021-06-05,近期券商研报力推这些股票，最高有144%上涨空间,Wind
748,2021-06-05,食品饮料行业2021年中期投资策略报告：景气持续向上 享受高端化趋势,新浪
749,2021-06-05,七连板！仅靠一款产品，东鹏饮料能撑得住472亿市值吗？,奥一网
750,2021-06-05,券商首次关注6股并给予买入评级（6月5日）,Wind
751,2021-06-04,国海证券首予东鹏饮料买入评级，深度报告：能量饮料趁势起，鹏城新星看东鹏,每日经济新闻
752,2021-06-04,国海证券：东鹏饮料（605499.SH）能量饮料龙二，业绩增长亮眼，首予“买入”评级,智通财经
753,2021-06-04,东鹏饮料(605499)新股分析：恒心积跬步 突围能量圈,新浪
754,2021-06-04,【招商食品 | 深度】东鹏饮料：恒心积跬步，突围能量圈,招商食品饮料
755,2021-06-04,78只股涨停最大封单资金36.14亿元,证券时报网
756,2021-06-04,那个差点破产的企业被他重新做上市了,--
757,2021-06-04,49只股上午收盘涨停(附股),证券时报网
758,2021-06-04,东鹏饮料(605499.SH)连续第七日涨停 市值472亿元,格隆汇
759,2021-06-04,饮料制造板块集体大涨，东鹏饮料封涨停,第一财经
760,2021-06-04,每日市场热点分析,新浪
761,2021-06-03,【机构风向标】8股看涨空间超20%，15股获多家机构“买入”评级,证券时报网
762,2021-06-03,19股今日获机构买入评级5股上涨空间超20%,证券时报网
763,2021-06-03,川财证券：5月金股组合盈利7.99% 6月荐股名单出炉,新浪
764,2021-06-03,八大券商主题策略：看多白酒板块！5、6月份是一年内持有白酒股最好的时间段,中金在线
765,2021-06-03,86只股上午收盘涨停(附股),证券时报网
766,2021-06-03,饮料制造板块热度不减，三维度优选潜力领跑股丨牛熊眼,第一财经
767,2021-06-03,东鹏饮料(605499.SH)连续第六日涨停 市值429亿元,格隆汇
768,2021-06-03,券商首次关注5股并给予买入评级（6月3日）,Wind
769,2021-06-03,21股获券商买入评级，新城控股目标涨幅达56.36%,Wind
770,2021-06-02,广东区域股市周报：7亿融资买入TCL科技 招商银行市值增长1098.46亿,每日经济新闻
771,2021-06-02,东北证券首予东鹏饮料买入评级：鹏程万里，能量饮料第一股展翅,每日经济新闻
772,2021-06-02,东北证券：东鹏饮料（605499.SH）持续深耕能量饮料领域，给予“买入”评级,智通财经
773,2021-06-02,中一签赚超5万 东鹏饮料上市7天连续5个涨停 公司提示交易异常,每日经济新闻
774,2021-06-02,85只股涨停最大封单资金16.20亿元,证券时报网
775,2021-06-02,新股火了：暴涨700%！ST突发涨停潮，热门股闪崩,Wind
776,2021-06-02,日常消费行业零研月报：4月多数品类商超销售较3月改善,新浪
777,2021-06-02,东鹏饮料成功上市，能否搅动能量饮料行业竞争格局的变化？,36氪
778,2021-06-02,68只股上午收盘涨停(附股),证券时报网
779,2021-06-02,德邦证券：东鹏饮料（605499.SH）高性价比开拓瓶装能量饮料市场，首予“买入”评级,智通财经
780,2021-06-02,冠军的超级陪练，加华资本一周之内收获两家上市公司,投中网
781,2021-06-02,东鹏饮料(605499.SH)连续第五日涨停市值390亿元,格隆汇
782,2021-06-02,东鹏饮料(605499)深度报告：能量特饮粘性高 鹏程百亿小目标,新浪
783,2021-06-01,德邦证券首予东鹏饮料买入评级，深度报告：能量特饮粘性高，鹏程百亿小目标,每日经济新闻
784,2021-06-01,东鹏饮料(605499.SH)股价异动 不存在应披露而未披露信息,智通财经
785,2021-06-01,东鹏饮料龙虎榜数据(6月1日）,Wind
786,2021-06-01,104只股涨停最大封单资金17.36亿元,证券时报网
787,2021-06-01,东鹏饮料3连板,Wind
788,2021-06-01,东鹏饮料(605499)深度：能量饮料东风起，时看云海化鲲鹏,中信建投证券研究
789,2021-05-31,东鹏饮料上市连续涨停，背后只有唯一机构投资方加华资本,环球老虎财经
790,2021-05-31,20股获买入评级 最新:东鹏饮料,中财网
791,2021-05-31,头顶“功能饮料第一股”的光环 东鹏饮料能否弯道“超牛”,新浪
792,2021-05-31,一周|薇娅道歉山寨联名；京东虚假宣传被罚；总局重罚十荟团,搜狐
793,2021-05-31,【华安金工】单周上市规模200亿，和辉光电涨幅不及预期——“打新定期跟踪”系列之二十八,金工严选
794,2021-05-31,一周食品行业动态：十荟团因不正当价格行为被罚150万元 正大股份拟登陆沪市主板,中国食品网
795,2021-05-31,85只股上午收盘涨停(附股),证券时报网
796,2021-05-31,奥瑞金：公司系东鹏饮料金属包装的核心供应商,Wind
797,2021-05-31,东鹏饮料成功登陆A股 将继续深耕能量饮料市场,中国经营报
798,2021-05-31,民生研究周观点,新浪
799,2021-05-31,【招商食品 | 最新】白酒批价抬升，食品估值性价比凸显,招商食品饮料
800,2021-05-31,21股获券商买入评级，东鹏饮料目标涨幅达197.86%,Wind
801,2021-05-31,晨报0531 | “挑战四千点”策略系列、居民储蓄专题、债券牛市专题、港股打新专题、东鹏饮料（605499）,国泰君安证券研究
802,2021-05-31,云集Q1营收腰斩 上市两年市值缩水超九成丨电商财经要闻,亿邦动力
803,2021-05-30,搜狐快消周报丨东鹏饮料成功上市；物美宣布投放2万瓶茅台,搜狐
804,2021-05-30,东鹏饮料，已是多数新品牌的天花板,投资界
805,2021-05-30,东鹏特饮连续涨停 “功能饮料第一股”34年里有何隐秘,联商网
806,2021-05-30,IPO周报｜京东物流上市市值2500亿港元紧追顺丰，东鹏饮料上交所敲锣缔造「中国功能饮料第一股」,IPO早知道
807,2021-05-29,东鹏饮料上市，是最后的巅峰，还是新的开始？,创业邦
808,2021-05-29,5月28日20只个股获券商关注，凌霄泵业目标涨幅达33.47%,每日经济新闻
809,2021-05-29,估值约300亿美元！晶圆代工巨头“格芯”筹备IPO；凭“人格主导色”刷屏的网易云音乐宣布赴港上市|IPO周报,创业邦
810,2021-05-28,东鹏特饮：消费股里下一个“进击的巨人”？,36氪
811,2021-05-28,19股今日获机构买入评级,证券时报网
812,2021-05-28,A股收评：两市午后跳水，沪指险守3600，锂电板块掀涨停潮,证券之星
813,2021-05-28,“功能饮料”品牌东鹏饮料上市：产品相对单一，关联经销商遭质疑 经营问题,凤凰网
814,2021-05-28,东鹏饮料(605499)深度研究报告：鲲化为鹏 志图神州,新浪
815,2021-05-28,华西证券：东鹏饮料（605499.SH）能量饮料黑马上市，首予“买入”评级,智通财经
816,2021-05-28,东鹏特饮上市：潮汕商人林木勤靠国企改制身价超百亿,亿邦动力
817,2021-05-28,66只股上午收盘涨停(附股),证券时报网
818,2021-05-28,华西证券：东鹏饮料（605499.SH）品牌营销促业绩大增，国产功能饮料即将上市,智通财经
819,2021-05-28,“高仿红牛”IPO：46%毛利率，功能饮料是怎样一门生意？,锦缎
820,2021-05-28,东鹏饮料(605499.SH)上市第二日涨停市值逼近300亿,格隆汇
821,2021-05-28,民生证券：东鹏饮料（605499.SH）差异化竞争与渠道下沉并举，首予“推荐”评级,智通财经
822,2021-05-28,中金公司给予东鹏饮料跑赢大盘的初始评级，目标价124元,Wind
823,2021-05-28,5月27日31只个股获券商关注，东鹏饮料目标涨幅达158.14%,每日经济新闻
824,2021-05-28,东鹏饮料(605499)：差异化竞争与渠道下沉并举 竞争力持续强化,新浪
825,2021-05-28,中金公司：给予东鹏饮料目标价124元,格隆汇
826,2021-05-27,“功能饮料第一股”上市首日涨超40%，东鹏冲击功能饮料“王座”,观察者网
827,2021-05-27,东鹏饮料A股上市，产品单一及与经销商关联等问题待解,奥一网
828,2021-05-27,华西证券首予东鹏饮料买入评级：能量饮料黑马上市，未来龙头指日可待,每日经济新闻
829,2021-05-27,东鹏饮料上市！曾数十次拒绝VC/PE投资，背后却是个坚韧的创业故事,证券时报网
830,2021-05-27,大盘站上3600点！国君高呼：蓝筹空间打开,Wind
831,2021-05-27,东鹏饮料今日上市 实控人身家超130亿,新浪
832,2021-05-27,57岁林木勤“醒着拼”身家超140亿元,福布斯
833,2021-05-27,净利润增长122%的东鹏饮料，成是红牛，败可不止于红牛,搜狐
834,2021-05-27,首日封板！功能饮料“千年老二”东鹏饮料能撑起多大的市值？,格隆汇
835,2021-05-27,东鹏饮料上市 精准卡位能量饮料,证券时报网
836,2021-05-27,“山寨”的逆袭！又一饮料巨头上市，谢霆锋为其代言！,新浪
837,2021-05-27,A股沸腾了！一板块大爆发，大盘站上3600点！外资罕见爆买146亿，又一个百亿富豪诞生！国君高呼：挑战4000点！蓝筹空间打开,中国基金报
838,2021-05-27,“功能饮料第一股”东鹏饮料终上市，总市值不足300亿,环球老虎财经
839,2021-05-27,市场要闻｜“行业老二”率先上市，东鹏饮料市值达到266.5亿元,36氪
840,2021-05-27,“功能饮料第一股”来了！东鹏特饮首日大涨44%，六成份额靠广东,AI财经社
841,2021-05-27,单品年销 46 亿，这个谢霆锋代言过的品牌敲钟了！潮汕创始人身家超百亿,ZAKER
842,2021-05-27,市值266亿，东鹏特饮如何成为“功能饮料第一股”？,搜狐
843,2021-05-27,IPO留言板 | 京东物流登陆港交所，东鹏饮料连续涨停，网易云音乐分拆上市，“爱玛电动车”9年上市梦？,36氪
844,2021-05-27,东鹏饮料上市，董事长林木勤称将继续专注于做功能饮料,贝壳财经
845,2021-05-27,“山寨红牛”东鹏特饮上市：市值267亿 为林木勤家族企业,雷帝触网
846,2021-05-27,从东鹏饮料IPO看功能饮料行业：新零售、新消费民族品牌冠军 如何实现A股资本运作,第一财经
847,2021-05-27,东鹏饮料上市成“功能饮料第一股”，过度依赖广东市场问题待解 经营问题,贝壳财经
848,2021-05-27,国货功能性饮料品牌强势突围 东鹏饮料成功登陆资本市场,中国金融新闻网
849,2021-05-27,刚刚，又一潮汕大佬 IPO 敲钟：东鹏饮料市值 260 亿,ZAKER
850,2021-05-27,东鹏饮料正式登陆A股：市值超266亿元，加华资本为唯一机构投资方,和讯
851,2021-05-27,从濒临倒闭到市值266亿，一瓶饮料撑起的IPO 减资破产,36氪
852,2021-05-27,东鹏饮料：能量饮料助力业绩高增长新品放量扩容成长空间,搜狐
853,2021-05-27,沪指小幅低开 东鹏饮料上市首日高开近20%,中新经纬
854,2021-05-27,顶格涨停！谢霆锋曾代言的那家公司上市了，潮汕商人林木勤身家超132亿,上游新闻
855,2021-05-27,关于N东鹏（605499）盘中临时停牌的公告,上交所
856,2021-05-27,今日上市：东鹏饮料,中国经济网
857,2021-05-27,东鹏饮料(605499)：东风万里鹏正举 扶摇入青云,新浪
858,2021-05-27,N东鹏：券商定位区间均值为144.63-162.71元,Wind
859,2021-05-27,5月27日新股提示：欧林生物等申购 东鹏饮料上市 崧盛股份中签号出炉 东航物流等公布中签率,上证报
860,2021-05-27,东鹏饮料今日上市 发行价格46.27元/股,上证报
861,2021-05-27,新股发行与上市一览（5月27日）,Wind
862,2021-05-27,东鹏饮料林木勤：深耕能量饮料赛道,上证报
863,2021-05-27,东北证券【新股】5月27日迈拓股份、欧林生物等申购，东鹏饮料上市,东北证券金融世界
864,2021-05-27,股海导航 5月27日沪深股市公告提示,新浪
865,2021-05-27,A股IPO动态：东鹏饮料(605499.SH)今日上市,格隆汇
866,2021-05-27,华泰联合证券助力东鹏饮料主板上市，赋能新零售、新消费打造能量饮料A股第一股,华泰联合证券
867,2021-05-26,晚间公告热点追踪：格力电器发布重要公告 46万股东坐不住了,新浪
868,2021-05-26,公告精选：格力电器拟斥资75亿至150亿回购股份；木林森上半年业绩大幅预增,e公司
869,2021-05-26,东鹏饮料敲钟在即：抢先红牛，凭何展翅？丨C位,第一财经
870,2021-05-26,ST加加(002650.SZ)：间接参股的东鹏饮料5月27日上市,格隆汇
871,2021-05-26,ST加加：间接参股公司东鹏饮料将于明日在上交所上市,财联社
872,2021-05-26,“中国能量饮料第一股”，何时能摘掉“红牛追随者”的标签,36氪
873,2021-05-26,“国内能量饮料第一股”——东鹏饮料，下一个养元饮品还是农夫山泉？,新浪
874,2021-05-26,东鹏特饮上市背后，创始人家族持股 71％，还有重要经销商间接入股,ZAKER
875,2021-05-26,东鹏特饮母公司27日上市 预计上半年净利增幅达63%,中新经纬
876,2021-05-26,东鹏饮料上市：被红牛死死压制，经销商持股或有猫腻,凤凰网
877,2021-05-26,新股发行与上市一览（5月26日）,Wind
878,2021-05-26,【食品饮料-苏铖】东鹏饮料：进击的能量饮料巨头，持续兑现高成长,安信证券研究
879,2021-05-25,快讯 | 1年卖50亿的东鹏饮料即将上市，早期投资人又将暴富？,每日经济新闻
880,2021-05-25,东鹏饮料5月27日登陆A股 募资总额18.51亿元,中华网
881,2021-05-25,东鹏饮料(605499.SH)将于5月27日在上交所上市,智通财经
882,2021-05-25,东鹏饮料(605499.SH)：公司股票5月27日起上市交易,格隆汇
883,2021-05-25,东鹏饮料：5月27日在上交所上市，股票代码605499,每日经济新闻
884,2021-05-25,东鹏饮料：本公司股票将于2021年5月27日在上海证券交易所上市,36氪
885,2021-05-25,单品年销46亿，谢霆锋代言过的东鹏饮料敲钟了,36氪
886,2021-05-25,安信证券：东鹏饮料（605499.SH）进击的能量饮料巨头，持续兑现高成长,智通财经
887,2021-05-24,星空独家｜东鹏特饮IPO，弃购背后谁累了？,星空财富
888,2021-05-24,东鹏饮料上市，林木勤“草根逆袭”身家超140亿,猎云网
889,2021-05-24,“大肉签”来了！碰瓷“红牛”的东鹏饮料即将登陆A股,格隆汇
890,2021-05-23,搜狐快消周报丨国际奶粉巨头雅培收909万元罚单；呷哺呷哺解聘行政总裁,搜狐
891,2021-05-22,东鹏饮料上市在即，却被质疑联合持股经销商压货并财务造假？ 欺诈造假,凤凰网
892,2021-05-20,东鹏饮料(605499.SH)披露发行结果：遭弃购11.6321万股 由主承销商包销,格隆汇
893,2021-05-20,ST加加：公司间接持有东鹏饮料0.543%的股份,每日经济新闻
894,2021-05-20,巴比食品：公司间接持有东鹏特饮股份,Wind
895,2021-05-19,5月19日新股提示：肇民科技等申购 电气风电上市 海程邦达等中签号出炉 和辉光电公布中签率,上证报
896,2021-05-18,挑战红牛？东鹏饮料开启申购，面临的16项风险,搜狐
897,2021-05-18,晚间重要公告2021年5月18日星期二,Wind
898,2021-05-18,东鹏饮料中签号出炉 共36009个,e公司
899,2021-05-18,东鹏饮料(605499.SH)IPO网上摇号中签结果出炉：中签号共36009个,格隆汇
900,2021-05-18,东鹏饮料：中签号码共有36009个,Wind
901,2021-05-18,东鹏饮料(605499)中签率出炉东鹏饮料(605499)中签率多少?,至诚财经
902,2021-05-18,东鹏饮料IPO：年营收不足红牛1/4，能量饮料占95%；产能利用率不足七成拟扩产 盈利能力下降,搜狐
903,2021-05-18,5月18日新股提示：和辉光电申购 康拓医疗等上市 泰百川畅银等中签号出炉 海程邦达等公布中签率,上证报
904,2021-05-18,东鹏饮料IPO背后：产品结构单一 未来发展存疑 经营问题,搜狐
905,2021-05-17,东鹏饮料(605499.SH)：网上发行最终中签率为0.03190046%,格隆汇
906,2021-05-17,东鹏饮料：卡位能量饮料赛道，多管齐下打造竞争优势,食品饮料光头阳线
907,2021-05-17,指数涨到肉痛，但本周有大肉签，中一签或赚10万!丨复盘论,第一财经
908,2021-05-17,德邦证券--食品饮料行业周报：啤酒旺季来临，关注东鹏饮料上市【行业研究】,金融界股吧
909,2021-05-17,国盛证券发布东鹏饮料研报：乘东风起舞，见鲲鹏展翅,每日经济新闻
910,2021-05-17,【新股】东鹏饮料、海程邦达今日发行,国信证券证券金融事业部
911,2021-05-17,又有大肉签！中一签或大赚10万,Wind
912,2021-05-17,东鹏饮料今日申购 功能饮料第一股上市在即,证券时报网
913,2021-05-17,新股日历丨今日新股申购：海程邦达 & 东鹏饮料,国融证券资讯
914,2021-05-17,今日申购：海程邦达、东鹏饮料,中国经济网
915,2021-05-17,A股早报2021年5月17日星期一,Wind
916,2021-05-17,每日理财观察：证监会立案调查涉嫌操纵中源家居等股票相关账户,Wind
917,2021-05-17,9只新股本周可申购,证券时报网
918,2021-05-17,5月17日新股提示：海程邦达等申购 睿昂基因等上市 泰福泵业等中签号出炉 百川畅银等公布中签率,上证报
919,2021-05-17,新股发行与上市一览（5月17日）,Wind
920,2021-05-17,新股提示：海程邦达、东鹏饮料今日申购,Wind
921,2021-05-17,东北证券【新股】5月17日海程邦达、东鹏饮料申购，睿昂基因、亚辉龙上市,东北证券金融世界
922,2021-05-17,又有大肉签！中一签或大赚10万,中国基金报
923,2021-05-17,陆家嘴财经早餐2021年5月17日星期一,Wind
924,2021-05-17,新股提示：海程邦达、东鹏饮料今日申购,e公司
925,2021-05-16,下周打新又有肉签！今年最容易中签的科创板新股来了？,Wind
926,2021-05-16,下周打新又有肉签！今年最容易中签的科创板新股来了？,中证报
927,2021-05-16,下周操盘攻略：疫情反复，疫苗热度不减,Wind
928,2021-05-16,新股指南：明日，东鹏饮料、海程邦达可申购，前者发行价46.27元是肉签,东方网
929,2021-05-14,东鹏饮料上市在即！市占率15%仅次于红牛,腾讯网
930,2021-05-14,东鹏饮料IPO：增速超同行，出广不容易专题,财经网
931,2021-05-14,东鹏饮料(605499)：发行价格确定为46.27元/股 发行日期5月17日（T日）,金融界
932,2021-05-14,东鹏饮料：发行价格为46.27元/股，5月17日网上、网下申购,每日经济新闻
933,2021-05-14,东鹏饮料(605499.SH)IPO定价46.27元/股5月17日开启申购,格隆汇
934,2021-05-14,“煤飞色舞”全歇菜！“聪明资金”调仓路线曝光！,国元证券订阅号
935,2021-05-14,下周7只新股发行预计募资174.21亿元,Wind
936,2021-05-14,东鹏饮料(605499.SH)5月17日开启申购 每股定价46.27元,智通财经
937,2021-05-13,新股排查丨东鹏饮料业绩增速高于同行，毛利率稳定费用率下降,21世纪经济报道
938,2021-05-13,东鹏饮料(605499.SH)：网上路演时间5月14日(周五)14:00—17:00,格隆汇
939,2021-05-13,东鹏饮料公开招股经销商间接入股存利益捆绑嫌疑,搜狐
940,2021-05-13,新股发行与上市一览（5月13日）,Wind
941,2021-05-12,东鹏特饮产品结构单一 销售区域集中外拓进展缓慢,GPLP犀牛财经
942,2021-05-12,“高仿红牛”东鹏特饮将成功能饮料第一股，600亿市场狼烟再起,AI财经社
943,2021-05-12,新股发行与上市一览（5月12日）,Wind
944,2021-05-11,东鹏饮料启动招股：一季度业绩大涨 研发费用不及销售费用4%,中华网
945,2021-05-11,齐鲁银行(601665)、海程邦达(603836)和东鹏饮料(605499)新股网下询价策略,新浪
946,2021-05-11,核准制新股申购策略报告：齐鲁银行预期大概率延期发行,新浪
947,2021-05-11,国产功能饮料第一股上市在即被指产品结构“太过单一”,南都报
948,2021-05-11,新股发行与上市一览（5月11日）,Wind
949,2021-05-10,东鹏饮料分公司存经营混淆异象 实控人配偶控制企业或为其“让路”,和讯
950,2021-05-10,一季度净利润增长122.52%，东鹏饮料确定5月17日申购,新京报
951,2021-05-10,"东鹏饮料IPO透视：经销商入股被监管问询,利益捆绑遭质疑 问询",南都报
952,2021-05-10,新股发行与上市一览（5月10日）,Wind
953,2021-05-08,东鹏饮料“重营销轻研发” 产能利用率不足却募资再扩张,科技新闻网
954,2021-04-05,“功能饮料第一股”东鹏饮料明日敲钟上市，加华陪跑进入新征程 | 加华Family,36氪
955,2020-09-08,农夫山泉不再甜，市值蒸发3200亿，创始人钟睒睒失去亚洲首富宝座 连续下跌,证券之星
956,2020-09-08,【预见】上市十二连板的东鹏饮料，在股市真的不会困？,财华社
