,2021-12-31,又一央企搬离北京！全球最大造船集团总部迁往上海，员工今起已在新址办公,华夏时报
0,2021-12-31,北船重工升级并正式脱离武船集团“回归”青岛,国际船舶
1,2021-12-30,国防军工行业：中国船舶集团国企改革三年行动系列报告一：柴油机业务整合 风电资产注入,光大证券
2,2021-12-30,中船科技重大资产重组停牌，购买5家公司股权“跑步”进入风电市场,华夏能源网
3,2021-12-30,早知道·财讯热搜榜TOP10（12月30日）,新华网
4,2021-12-30,中国船舶：子公司收到政府补助5152万元,我的钢铁
5,2021-12-30,中船系旗下公司整合提速,深圳商报
6,2021-12-30,中国船舶集团旗下资产整合提速 涉3家A股公司风电柴油机两大板块,长江商报
7,2021-12-30,中国船舶集团加速旗下资产整合 中国动力与中船科技各有打法,上证报
8,2021-12-30,“中国神船”整合破冰 旗下上市公司率先拉开重组序幕,证券日报
9,2021-12-29,中国造船业再传捷报！首艘全球最大24000TEU集装箱船出坞下水,国际船舶
10,2021-12-29,“中国神船”整合风电资产：“当家花旦”终要亮相A股？,21世纪经济报道
11,2021-12-29,掘金海上风电！中船集团加速风电、动力资产整合，旗下8家上市公司股价上涨,21世纪经济报道
12,2021-12-29,【明日主题前瞻】未来能源的重要组成部分 核电建设加速,财联社
13,2021-12-29,重磅!“中国神船”又来大动作,格隆汇
14,2021-12-29,涨停复盘 | 医疗股逆势上涨 九安医疗13天10板,第一财经
15,2021-12-29,三家关联公司齐发公告，“中国神船”推进旗下资产整合,环球老虎财经
16,2021-12-29,中国船舶(600150.SH)：下属子公司12月16日至12月28日收到与收益相关的政府补助5152.70万元,格隆汇
17,2021-12-29,中国船舶(600150.SH)子公司收到政府补助5152.7万元,智通财经
18,2021-12-29,股市动态 | A股全年成交金额创纪录！三羊马复牌收获17连板，白酒又崩了,财经网
19,2021-12-29,中国首制全球最大型集装箱船在沪东中华出坞,新民网
20,2021-12-29,中国船舶：重组为解决同业竞争问题 业务本身不会改变丨公司问答,第一财经
21,2021-12-29,中国首制全球最大24000TEU集装箱船顺利出坞,Wind
22,2021-12-29,收评：两市午后低位盘整沪指失守3600点 白酒概念表现萎靡,新浪
23,2021-12-29,巨亏50%减持，这家险资回应了。自曝销售数据，7倍新冠牛股再涨停，两月22个板。“中国神船”新动作，概念股冲高 重大损失,证券时报
24,2021-12-29,新冠自检概念股两个月暴涨逾7倍，机构关注度排名,证券时报网
25,2021-12-29,中国海装要上市了！中船科技拟购买其100%股权,索比光伏网
26,2021-12-29,午评：A股全年成交额创历史记录 两市早盘震荡走低创指跌逾1%,新浪
27,2021-12-29,又要产生一个西仪股份？中国船舶大动作，涉及3家A股公司,证券之星
28,2021-12-29,中船旗下资产整合，涉两大业务！中国动力股价高开,中新经纬
29,2021-12-29,哪家央企布局氢能最“激进”？,中国能源网china5e
30,2021-12-29,A股异动 | 中国动力(600482.SH)一度大涨约8% 拟与中船工业集团、中国船舶共同投资组建合资公司,格隆汇
31,2021-12-29,中船旗下资产整合提速，相关概念股应声大涨,第一财经
32,2021-12-29,涉两大业务！中国船舶集团旗下上市公司资产整合,国际船舶
33,2021-12-29,早评：沪指高开0.02% 军工、养殖板块领涨,网易
34,2021-12-29,A股三大指数涨跌不一：沪指微涨0.02% 中船系领涨两市,凤凰网
35,2021-12-29,中国船舶筹划对外投资暨关联交易,电鳗快报
36,2021-12-29,A股异动 | 中国动力涨9% 拟与中船工业集团、中国船舶共同组建合资公司,格隆汇
37,2021-12-29,A股指数开盘涨跌不一沪指微涨 中船系领涨两市,财华社
38,2021-12-29,中国船舶集团旗下资产整合提速！涉及这两大板块,上证报
39,2021-12-29,“中国神船”大动作，推进旗下资产整合，涉及3家A股公司,Wind
40,2021-12-29,重磅！“中国神船”大动作，推进旗下资产整合，涉及3家A股公司,中证报
41,2021-12-29,盘前必读丨易纲发声释放重磅信号，千亿量化巨头幻方公开致歉,第一财经
42,2021-12-29,中船旗下资产整合 事涉风电与柴油机两大业务,全景网
43,2021-12-28,晚间要闻2021年12月28日星期二,Wind
44,2021-12-28,中国动力(600482.SH)筹划与中船工业集团、中国船舶共设合资公司以规范同业竞争,智通财经
45,2021-12-28,中国动力：拟与中船工业集团等共同组建合资公司,e公司
46,2021-12-28,中国动力：拟与中船工业集团、中国船舶共同投资组建合资公司,财联社
47,2021-12-28,中国船舶：拟与中船工业集团、中国动力共同投资组建合资公司,Wind
48,2021-12-28,中国船舶集团七一一所成功签订低速抱轴变频轴发系统批量订单,e公司
49,2021-12-27,斥资200亿！中国海洋工程装备技术“国家队”来了，中船携手“三桶油”等十巨头组建海工平台,华夏时报
50,2021-12-27,央企总部加速离京背后：留在北京的重要性显著下降,新浪
51,2021-12-27,出资200亿！“三桶油”等10家企业，共同组建巨无霸新公司！,润滑油信息网
52,2021-12-27,陆家嘴财经早餐2021年12月27日星期一,Wind
53,2021-12-27,年内7家央企“京外”落户，未来三年或成密集迁出期,Wind
54,2021-12-26,200亿元大手笔！中国船舶领投、“三桶油”参股，中国海工技术公司组建,中证报
55,2021-12-25,杭州土地出让金超3千亿，全球最大造船集团总部落沪 | 财经日日评,吴晓波频道
56,2021-12-24,200亿元中国海工技术问世 中国船舶领投 “三桶油”参股,e公司
57,2021-12-24,发改委：中国船舶集团总部迁驻上海,中证网
58,2021-12-24,中国船舶集团有限公司总部迁驻上海 向世界一流船舶集团迈进,新民网
59,2021-12-24,中集集团(000039.SZ)：子公司拟与中国船舶等企业共同组建中国海工技术,格隆汇
60,2021-12-24,晚间重要公告2021年12月24日星期五,Wind
61,2021-12-24,中集集团：子公司拟出资18亿元组建中国海工技术,Wind
62,2021-12-24,中国船舶今日大宗交易成交10.44万股，成交价25.69元溢价14.53%,Wind
63,2021-12-24,中国船舶集团总部正式迁驻上海,证券时报网
64,2021-12-24,“山东舰”总体研制团队等获得“央企楷模”称号,中新网
65,2021-12-24,年度世界名船仅6艘，中国船舶集团占两席！,国际船舶
66,2021-12-23,中国船舶：旗下广船国际2021年接单金额超200亿元 创历史纪录,e公司
67,2021-12-23,韩国造船实力远超中国？全方对比两国实力差距，为中国造船业正名,搜狐
68,2021-12-23,中国船舶大船集团正式挺进大型LNG船领域 －国务院国有资产监督管理委员会,国资委
69,2021-12-22,中国船舶长兴造船基地二期工程港池项目开工,国际船舶
70,2021-12-22,【异动股】航母概念板块下挫，中航重机(600765.CN)跌5.35%,财华社
71,2021-12-22,再获4艘订单！广船国际全年接单量创历史新高,国际船舶
72,2021-12-22,中国船舶旗下沪东中华与GTT公司联合研发全球最新一代LNG船通过认可 －国务院国有资产监督管理委员会,国资委
73,2021-12-21,中国船舶：旗下大船集团正式挺进大型LNG船领域,Wind
74,2021-12-21,中国船舶：旗下大船集团正式挺进大型LNG船领域,e公司
75,2021-12-21,交通运输部：中国船舶交管系统覆盖水域范围居世界第一,中新网
76,2021-12-21,首单3家船厂14艘散货船！又一家中国金融租赁公司进军航运业,国际船舶
77,2021-12-21,22股获券商买入评级，中国船舶目标涨幅达67.26%,第一财经
78,2021-12-21,22股获券商买入评级，中国船舶目标涨幅达67.26%,Wind
79,2021-12-20,陕柴重工与大船集团签署15.5万吨穿梭油轮辅机项目,国际船舶
80,2021-12-20,浦东加快构建大型邮轮新兴产业集群,浦东时报
81,2021-12-20,7家船厂26艘订单！中国船舶集团“乔迁大礼”,国际船舶
82,2021-12-20,中国第二家！大船集团进军大型LNG船市场获首单,国际船舶
83,2021-12-20,海关总署：11月中国船舶进口179艘，同比下降30.6%,我的钢铁
84,2021-12-19,外高桥造船启动大型邮轮创新中心建设,国际船舶
85,2021-12-19,6股获买入评级 最新:中远海控,中财网
86,2021-12-19,46船套！这两家船企签署压载水系统批量订单及FGSS战略合作协议,国际船舶
87,2021-12-18,航运造船事件点评：行业新里程碑 江南、大船首获LNG船订单 招商轮船进入LNG即期运输市场,新浪
88,2021-12-17,里程碑节点，中国首制大型邮轮实现坞内起浮，2023 年交付,IT之家
89,2021-12-17,南京金陵船厂发明专利获中国船舶与海洋工程行业专利金奖,国际船舶
90,2021-12-17,中国首制大型邮轮实现坞内起浮里程碑节点,中新网
91,2021-12-17,中国船舶：下属子公司获得政府补助3029万元,国际船舶
92,2021-12-16,中韩日造船业布局与格局,国际船舶
93,2021-12-16,中国船舶(600150.SH)下属子公司收到政府补助3029.25万元,智通财经
94,2021-12-16,中国船舶(600150.SH)：11月1日起累计收到政府补助3029.25万元,格隆汇
95,2021-12-16,中国船舶沪东中华与法国GTT公司联合研发 全球最新一代“长恒系列”LNG获国际认可,新民网
96,2021-12-16,中国船舶集团董事长雷凡培会见中远海运集团董事长万敏一行,国际船舶
97,2021-12-16,2022年跨境物流行业年度策略：中国物流集团扬帆起航 实现全球物流自主可控,新浪
98,2021-12-15,央企总部加速迁出 北京产业“腾笼换鸟”,中新网
99,2021-12-15,融资客青睐7股，厦门空港买入占比高达53.32%,Wind
100,2021-12-15,皆为全国首制！中国船舶“宏利”号、“扶摇号”同天交付－国务院国有资产监督管理委员会,国资委
101,2021-12-14,黄浦区委、区政府领导带队走访中国船舶集团有限公司,东方网
102,2021-12-14,A股收盘综述：元宇宙再现涨停潮，白酒、电力、数字货币逆市上扬,Wind
103,2021-12-14,军工股短线拉升，中国海防、中国船舶、亚星锚链表现活跃,Wind
104,2021-12-13,中国动力子公司与宁波聚和物流举行甲醇主机合作意向书签字仪式,Wind
105,2021-12-10,“扶摇”直上！国内首台深远海浮式风机获重大进展,北极星电力
106,2021-12-10,我国万米深潜次数和人数居世界首位，“奋斗者”号载人潜水器圆满完成科考任务,科技日报
107,2021-12-10,中国船舶科技论坛“先进材料在舰船及海工领域应用”分论坛在厦门召开,中国有色
108,2021-12-09,2022年全球二手船发展现状及市场规模分析 散货船交易占比最高【组图】,前瞻研究院
109,2021-12-09,中船邮轮自主研发设计的大型邮轮获得意大利船级社原则性（AIP）认可证书,中新网
110,2021-12-09,【*中船小公募（第二期）】不超20亿，3年（2.70%-3.70%）5年（2.90%-3.90%），双向互拨，AAA/AAA,中信建投固定收益部
111,2021-12-09,湖北省委书记应勇来中国船舶集团七一二所黄冈产业园调研,e公司
112,2021-12-09,中国船舶集团七一二所签订佛山首艘大型纯电动游览船电池动力系统供货合同,e公司
113,2021-12-09,“重回”青岛！北船重工升格中国船舶集团二级子公司,国际船舶
114,2021-12-09,冲刺年终！再交两艘高品质船舶,我的钢铁
115,2021-12-08,新周期在路上，造船业能扬眉吐气了么？,星空财富
116,2021-12-08,2022年全球船队资产行业区域市场竞争格局分析 中日处于领先地位,前瞻研究院
117,2021-12-08,解盘：大盘震荡走高，白酒、军工、半导体、光刻胶领涨,Wind
118,2021-12-07,中国物流集团亮相，还有中国稀土集团…央企重组“不为大”,新浪
119,2021-12-07,海关总署：11月中国船舶出口357艘，同比下降74%,我的钢铁
120,2021-12-07,中国船舶沪东中华再签3艘17.4万立方米LNG运输船建造合同,中新网
121,2021-12-05,申万宏源交运一周天地汇：航运产业链利润向港口转移开始兑现期 推荐关注上港集团、招商港口等,新浪
122,2021-12-04,“中国船舶”入驻黄浦,东方网
123,2021-12-02,中船澄西交付民生信托85000吨散货船9号船,国际船舶
124,2021-12-02,广船国际为欧洲船东TORM建造首艘11.4万吨油船命名交船,国际船舶
125,2021-12-01,热点推送丨工作群信息泄露咋办？大数据构建四大安全特性杜绝泄密,上游新闻
126,2021-12-01,中国电子推出国资云蓝信工作群服务，助力政企数字化转型，提供安全移动办公,金融界
127,2021-12-01,194艘！中国船舶集团提前一个月完成全年交船任务,中国船舶报
128,2021-11-30,中国船舶集团与中国石油化工集团签战略合作框架协议,e公司
129,2021-11-30,中国石化与中国船舶签署战略合作框架协议,Wind
130,2021-11-30,中国石化与中国船舶签署战略合作框架协议,电力新闻网
131,2021-11-30,解盘：人气回暖，数字货币、网络安全、军工、大数据领涨,Wind
132,2021-11-30,航母概念股突击上涨，海格通信冲击涨停,Wind
133,2021-11-30,中国船舶集团提前一个月超额完成全年交船任务,中新网
134,2021-11-29,中船财务股权变更获批,中国银行保险报
135,2021-11-29,亚星锚链：正茂集团及其子公司目前没有涉及矿产品,Wind
136,2021-11-26,武船集团调整领导班子姜涛担任董事长,国际船舶
137,2021-11-26,与马士基集团在箱船领域首次合作收官！这家船厂交付最后一艘2200TEU集装箱船,国际船舶
138,2021-11-25,北向资金连续5日净买入成交额创5个月新低，再度净买入贵州茅台超3亿元,Wind
139,2021-11-25,沪东中华交付达飞第三艘15000TEU船提前完成年度任务,国际船舶
140,2021-11-24,10个多月交船17艘！中国船舶沪东中华提前38天完成年度任务,东方网
141,2021-11-24,中国船舶集团与中信集团签署战略合作协议,国际船舶
142,2021-11-23,A股收盘综述：沪指三连阳冲击3600点未果,Wind
143,2021-11-23,首次实现2艘LNG整船同日出坞 中国船舶沪东中华建造效率全球领先,中新网
144,2021-11-23,解盘：资金持续流入，铁矿石、光模块、稀土永磁、煤炭领涨,Wind
145,2021-11-23,军工股午前拉升，亚星锚链等快速走强,Wind
146,2021-11-23,中国船舶七一一所二氧化碳压缩机正式投产 助力实现“双碳”目标－国务院国有资产监督管理委员会,国资委
147,2021-11-22,中国船舶现1笔大宗交易 共成交372.40万元,新浪
148,2021-11-22,中国船舶今日大宗交易成交17.50万股，成交价21.28元折价7.03%,Wind
149,2021-11-20,申万宏源交运一周天地汇：“沿海捎带”限制放开利好枢纽港 中通2022年业绩指引超预期,新浪
150,2021-11-18,中国船舶集团与中金公司签署战略合作协议,e公司
151,2021-11-18,中国船舶(600150.SH)选举沈梁为监事会主席,智通财经
152,2021-11-18,提前5个月！沪东中华又一艘大型LNG-FSRU命名,国际船舶
153,2021-11-18,海关总署：10月中国船舶进口183艘，同比增长21.2%,我的钢铁
154,2021-11-18,解盘：资金小幅流入，锂矿、风电、稀土、纯碱领涨,Wind
155,2021-11-18,中国船舶集团向巴基斯坦海军交付一艘新型护卫舰－国务院国有资产监督管理委员会,国资委
156,2021-11-17,2022年中国船舶涂料行业竞争格局及市场份额分析 中远佐敦占据国内市场份额超过30%,前瞻研究院
157,2021-11-16,打破检测垄断！中国船企第一家！,我的钢铁
158,2021-11-16,中国船舶造阿尔及利亚豪华客滚船首航 －国务院国有资产监督管理委员会,国资委
159,2021-11-15,【异动股】船舶制造板块拉升，中国船舶(600150.CN)涨5.77%,财华社
160,2021-11-15,申万宏源交运造船数据跟踪：22国签署《绿色航运走廊的克莱德班克宣言》 船舶替代周期有望提前,新浪
161,2021-11-12,[公司]中船汉光：间接控股控股中国船舶集团承诺3年内不转让、减持公司股份,全景网
162,2021-11-11,铸起“海上生命线”——记中国船舶集团七〇四所海上保障项目团队,经济日报
163,2021-11-11,2022年中国船舶涂料行业供需现状及市场规模分析 船舶涂料市场受造船业景气影响较大,前瞻研究院
164,2021-11-11,【*中国船舶小公募】不超20亿，3年（2.80%-3.80%）、5年（3.00%-4.00%），AAA/AAA，上交所，今日簿记,中信建投固定收益部
165,2021-11-11,船舶制造行业：这轮复苏才刚刚开始,新浪
166,2021-11-11,中国船舶援建1500吨海事巡逻舰交付,我的钢铁
167,2021-11-10,中国船舶租赁与上船院签署战略合作框架协议,国际船舶
168,2021-11-09,军工板块获资金增配，机构持股最大增仓变动超50%,Wind
169,2021-11-09,兵器工业集团携手中国船舶集团研发数字化专用系统－国务院国有资产监督管理委员会,国资委
170,2021-11-08,我国迄今为止出口吨位最大、技术最先进水面战斗舰艇今交付,澎湃新闻
171,2021-11-08,【异动股】船舶制造板块下挫，中国船舶(600150.CN)跌5.39%,财华社
172,2021-11-08,【异动股】船舶制造板块低开，中国船舶(600150.CN)跌2.1%,财华社
173,2021-11-08,海关总署：10月中国船舶出口325艘,我的钢铁
174,2021-11-08,数说“进博购物车”里的溢出效应,Wind
175,2021-11-05,中国船舶集团签约31个采购项目：总金额14亿元，同比增九成,澎湃新闻
176,2021-11-05,中国船舶集团31个项目集中签约,中新网
177,2021-11-05,中国船舶集团获国家科学技术多项奖励,国际船舶
178,2021-11-05,中国船舶集团旗下中国动力子公司河柴重工签5000万元订单,Wind
179,2021-11-05,中国船舶集团旗下中国动力子公司河柴重工签5000万元订单,e公司
180,2021-11-05,中国船舶集团与农业银行签署战略合作协议,国际船舶
181,2021-11-04,中船应急：七一九所减持1465万股公司股份 减持股份,中证网
182,2021-11-04,向海图强，这家企业的底气何来？,中国能源网china5e
183,2021-11-03,中国船舶集团：与建设银行签署战略合作协议,e公司
184,2021-11-03,【行情】国防军工板块午后持续低迷，亚星锚链跌近8%，中国船舶、中兵红箭、富吉瑞跟跌,金十数据
185,2021-11-03,中船广西建造“绿色珠江”工程两型LNG动力散货船首制船交付,国际船舶
186,2021-11-03,A股早报2021年11月3日星期三,Wind
187,2021-11-02,10股特大单净流入资金超2亿元,证券时报网
188,2021-11-02,涨停板解密：市场回落，军工股逆市火爆！（11月2日）,Wind
189,2021-11-02,A股资金流向：主要行业主力资金悉数出逃，光伏股遭大幅抛售,Wind
190,2021-11-02,快讯：中国船舶涨停 报于24.85元,金融界
191,2021-11-02,11月2日中国船舶涨停分析：航母，海工装备，军工研究所概念热股,证券之星
192,2021-11-02,A股收盘综述：“宁王”力扛创业板，多只航母概念股尾盘暴拉涨停,Wind
193,2021-11-02,中国船舶首板，中船系集体拉升,Wind
194,2021-11-02,中船科技、中国船舶尾盘涨停，航母板块继续扩大升幅,Wind
195,2021-11-02,解盘：资源股低迷，半导体、食品、IGBT、航母领涨,Wind
196,2021-11-01,中国船舶最新公告：子公司收到政府补助合计2992.95万元,证券之星
197,2021-11-01,华金证券维持中国船舶增持评级：归母净利润高增长，看好造船景气长周期向上,每日经济新闻
198,2021-11-01,华金证券：给予中国船舶增持评级,证券之星
199,2021-11-01,中国船舶：公司下属子公司获得政府补助2992.95万元,每日经济新闻
200,2021-11-01,图解中国船舶三季报：第三季度单季净利润同比增428.29%,证券之星
201,2021-11-01,Mysteel：船舶制造行业10家上市企业前三季度营收756亿元,我的钢铁
202,2021-11-01,中国海装破冰平价海上风电！,中国能源网
203,2021-11-01,中船系上市公司2021第三季度业绩发布,钢企网
204,2021-10-31,中国船舶(600150.SH)第三季度净利润1.51亿元 同比增长428.29%,格隆汇
205,2021-10-30,中国船舶三季度营收下降净利润同比大增 盈利能力下降,国际船舶
206,2021-10-29,中国船舶第三季度净利润同比增长428%,上证报
207,2021-10-29,中国船舶租赁(03877.HK)：中船集团100%股权划转至中国船舶集团的工商变更登记完成,格隆汇
208,2021-10-29,中船防务：主营业务毛利持续提升 前三季度业绩稳步增长,中证网
209,2021-10-29,黄旭华，捐出1100万！,新京报
210,2021-10-29,中船防务(00317)：中船工业集团100%股权划转至中国船舶集团完成工商变更登记,智通财经
211,2021-10-29,中船防务(00317.HK)：控股股东股权无偿划转完成工商变更登记 减持股份,格隆汇
212,2021-10-29,中国船舶：第三季度净利润1.51亿元 同比增长428%,财联社
213,2021-10-29,中国船舶：前三季度净利润同比增长138.92%,Wind
214,2021-10-29,中国船舶旗下公司拟转让上海江兴置业85%股权，底价3935万,贝壳财经
215,2021-10-29,2021年软科中国船舶与海洋工程学科排名发布,国际船舶
216,2021-10-29,中国船舶前三季度经济运行稳中向好,中国船舶网
217,2021-10-29,中船综合院举办聚焦低碳零碳船舶动力沙龙,国际船舶
218,2021-10-27,中国船舶集团旗下大船集团6天实现6节点,我的钢铁
219,2021-10-27,中国船舶再次培育“世界冠军”！全球最大全能型LNG加注船建成命名！,我的钢铁
220,2021-10-26,造船行业系列报告(二)：如何看待运价波动与造船订单持续性,广发证券
221,2021-10-23,申万宏源交运一周天地汇：低货值货物出口替代高货值 加班船市场预冷预计集运一二级市场价差有望收窄,新浪
222,2021-10-21,支持浦东高水平改革开放 上海海关推进企业集团保税监管改革,浦东时报
223,2021-10-21,速度质量双提升！15000TEU超大型集装箱船再交付,我的钢铁
224,2021-10-21,上海海关推进企业集团保税监管改革,浦东时报
225,2021-10-20,中国船舶：监事会主席莘国梁因年龄原因辞职 董监高成员变化,中国经济网
226,2021-10-20,中国船舶：监事会主席莘国梁辞职 董监高成员变化,每日经济新闻
227,2021-10-20,中国船舶(600150.SH)：莘国梁辞去监事会主席等职务,智通财经
228,2021-10-20,中国船舶：监事会主席辞职,Wind
229,2021-10-20,大船集团再获Golden Ocean四艘85000吨散货船订单,国际船舶
230,2021-10-20,中国海装16MW半直驱海上风机重磅发布！,北极星电力
231,2021-10-20,沪东中华交付达飞第2艘15000箱集装箱船,国际船舶
232,2021-10-19,中国船舶集团签约广东省首批内河船舶LNG动力改造项目,我的钢铁
233,2021-10-19,预计将于2023年上半年出坞 中国首制大型邮轮在上海外高桥实现全船贯通,东方网
234,2021-10-18,“上海制造”新订单助中船集团坐稳世界第一,文汇报
235,2021-10-18,中国船舶黄埔文冲拿下史上最大单笔支线箱船订单－国务院国有资产监督管理委员会,国资委
236,2021-10-17,外高桥造船联合中船贸易在沪签订10艘7000TEU集装箱船造船合同,中证网
237,2021-10-17,市场火爆，上海外高桥造船再接大单，这一船型手持订单全球第一,上观
238,2021-10-17,中国船舶集团党组书记董事长雷凡培调研外高桥造船,国际船舶
239,2021-10-16,厚普股份：目前公司没有与中国船舶集团或其旗下公司合作研发生产液化天然气运输船方面的业务,每日经济新闻
240,2021-10-15,中国船舶集团与浦发银行签署战略合作协议,Wind
241,2021-10-15,中国船舶集团与浦发银行签署战略合作协议,e公司
242,2021-10-15,中国首制大型邮轮在中国船舶外高桥造船 实现全船贯通,中新网
243,2021-10-15,中国船舶外高桥造船再获10艘7000TEU集装箱船造船合同,中新网
244,2021-10-15,中国船舶集团首批20项集团标准正式颁布,国际船舶
245,2021-10-14,前9个月我国船企新订单大增223.3%！成本上涨，造船厂“增收不增利” 盈利能力下降,中证报
246,2021-10-14,A股共发生131宗大宗交易成交37.94亿元（10月14日）,Wind
247,2021-10-14,中国船舶现1笔大宗交易 共成交990.00万元,新浪
248,2021-10-14,中国船舶今日大宗交易成交45万股，成交价22.0元溢价0.0%,Wind
249,2021-10-14,深冷股份：公司与中国船舶无业务合作,Wind
250,2021-10-13,2021年中国船舶工业发展现状分析 行业业绩恢复增长【组图】,证券之星
251,2021-10-13,海关总署：9月中国船舶出口369艘,海关总署
252,2021-10-13,中国船舶旗下连云港杰瑞科创园管理公司挂牌增资,乐居财经
253,2021-10-12,第21届中国国际海事会展12月将在上海举办,国际船舶
254,2021-10-12,中国船舶集团自主研发“系列船舶工业CAE软件”成功发布,国际船舶
255,2021-10-12,【机会挖掘】全球造船订单纷至沓来 机构认为造船板块推荐优先级提升,证券时报网
256,2021-10-11,前三季度超350家船东下单造船,Wind
257,2021-10-11,全球造船订单纷至沓来，前三季度超350家船东下单造船,Wind
258,2021-10-11,航运大周期开启，瞄准风口洼地，这一板块巨头已悄然入局,e公司
259,2021-10-11,申万宏源交运造船数据跟踪：散货船造价大涨有接力集装箱订单趋势 把握预期低点布局机会,新浪
260,2021-10-11,景气周期来了？造船业谨防被“捧杀”,国际商报
261,2021-10-11,大船集团和招商轮船签署1艘11.5万吨原油船建造合同,国际船舶
262,2021-10-09,又是烟雾弹？韩国造船企业并未包揽北极二期项目所有订单？,我的钢铁
263,2021-10-09,4艘LNG船！沪东中华获卡塔尔百船项目首批订单,国际船舶
264,2021-10-08,申万宏源十大金股组合,新浪
265,2021-10-08,24艘！黄埔文冲正式签署史上最大民船订单,国际船舶
266,2021-10-08,2021年风电整机商名录！20家企业 362款风电机组型号！,北极星电力
267,2021-10-08,中国船舶租赁今年预计接新船达36艘,中新网
268,2021-10-08,【十大券商一周策略】年线有望三连阳,Wind
269,2021-10-07,中船防务控股子公司签订民品大单 合同总金额约10亿美元,中证网
270,2021-10-07,航运、造船行业十一数据回顾：投资者高估中国因素对全球航运影响 BDI 突破5600点 散货船造价大涨,新浪
271,2021-10-05,陆家嘴财经早餐2021年10月5日星期二,Wind
272,2021-10-04,全球史上最大LNG船队项目首批订单揭晓，中企率先斩获4艘,Wind
273,2021-10-04,全球史上最大LNG船队项目首批订单揭晓，中企率先斩获4艘,澎湃新闻
274,2021-09-30,中国船舶长兴造船基地二期工程2号船坞项目开工,国际船舶
275,2021-09-30,同场竞技中力拔头筹 中国船舶沪东中华获卡塔尔LNG百船项目首批订单,中新网
276,2021-09-30,中国船舶租赁今年预计接新船达36艘,中新网
277,2021-09-30,中国船舶重工股份有限公司 2021年第三季度报告,证券日报
278,2021-09-30,中船海洋与防务装备股份有限公司 2021年第三季度报告,证券日报
279,2021-09-29,献礼国庆！中法两国元首曾见证签约的船又交付！,我的钢铁
280,2021-09-27,科技行业先进制造行业周报：SEMI：二季度全球半导体设备出货金额达到249亿美元,新浪
281,2021-09-26,申万宏源交运造船数据跟踪：船舶用钢供需座谈会 造船钢铁唇齿相依提高国际竞争力,新浪
282,2021-09-26,申万宏源交运一周天地汇：新造船价格持续上涨 内贸集运价格继续上升 旺季效应拉升BDI,新浪
283,2021-09-26,中国船舶：子公司累计收到政府补助3565万元,国际船舶
284,2021-09-25,工业和信息化部：2020年中国船舶工业经济运行报告,199IT
285,2021-09-24,中国船舶(600150.SH)控股股东拟向中船邮轮增资23.8亿元,智通财经
286,2021-09-24,中国船舶：获得政府补助3565.15万元,每日经济新闻
287,2021-09-24,中国船舶(600150.SH)子公司获政府补助3565.15万元,智通财经
288,2021-09-24,船舶用钢供需座谈会召开,中国船舶报
289,2021-09-24,融资客青睐3股，捷强装备买入占比高达41.99%,Wind
290,2021-09-24,中国船舶集团七一二所燃料电池发动机成功列入工信部机动车产品公告,Wind
291,2021-09-24,中国船舶集团七一二所燃料电池发动机成功列入工信部机动车产品公告,e公司
292,2021-09-23,杭齿前进：公司船用齿轮箱产品有供应到中国船舶下属公司,Wind
293,2021-09-23,快讯：船舶制造板块继续走强 中国船舶涨超8%,新浪
294,2021-09-23,【牛人重仓】中国船舶:连续3日涨逾5%，今日资金流入16657.45万元，北向资金持股7047.94万股，融资余额268585.62万元；前3个交易日，北向资金增持-413.42万股，融资额增加24062.13万元，主力资金净流入111570.37万元,每日经济新闻
295,2021-09-23,【牛人重仓】中国船舶:3日内股价涨逾20%，今日资金流入16084.05万元，北向资金持股7047.94万股，融资余额268585.62万元；前3个交易日，北向资金增持-413.42万股，融资额增加24062.13万元，主力资金净流入111570.37万元,每日经济新闻
296,2021-09-23,A股融资融券日报：两融余额增加66.65亿元（9月22日）,Wind
297,2021-09-22,申万宏源交运一周天地汇：关注阳明海运后续集装箱船订单 台风“灿都”推升空海运价格,新浪
298,2021-09-22,中国船舶集团与南光集团加强智慧物流产业园建设、清洁能源等合作,证券时报网
299,2021-09-22,中船系继续走强 中国船舶涨停,证券之星
300,2021-09-22,【行情】国防军工板块午后持续拉升，中国船舶涨停，钢研高纳、亚星锚链、中航重机跟涨,金十数据
301,2021-09-22,快讯：中国船舶涨停 报于28.61元,金融界
302,2021-09-22,【行情】船舶制造股大幅走高，中国船舶涨停，亚星锚链、中船科技、中国重工、中船防务等涨幅居前,金十数据
303,2021-09-22,中国船舶首板,Wind
304,2021-09-18,中国船舶集团提前四个月完成年度经营承接目标,我的钢铁
305,2021-09-17,中国船舶一个月飙涨90%！造船业的超级周期来了？,格隆汇
306,2021-09-17,前8月全球新船订单飙升近300% 船企迎来修复性增长,证券时报
307,2021-09-17,前8月全球新船订单飙升近300%，船企迎来修复性增长,Wind
308,2021-09-16,中国船舶集团民船海工订单破千亿,e公司
309,2021-09-16,中国船舶集团发布“十四五”规划,产业经济新闻网
310,2021-09-15,再次出发，甲醇汽车期待点“火”,Wind
311,2021-09-15,北向资金动向盘点：周期股下跌，净卖第一却是食品饮料,Wind
312,2021-09-14,低估值板块补涨，“中字头”成靓丽风景线,Wind
313,2021-09-13,国防军工行业周报暨9月策略：军工短期调整是中长期配置良机,新浪
314,2021-09-11,2大政策发布！A股3700之后怎么走？3大数据值得注意,Wind
315,2021-09-10,A股资金流向（9月10日）：金融、消费成为中流砥柱，资金回流半导体行业,Wind
316,2021-09-10,沪指站上3700点！本周两融、北上资金流入500亿元,Wind
317,2021-09-10,申万宏源：首予中国船舶(600150.SH)“买入”评级 碳中和措施保证长期订单持续性,智通财经
318,2021-09-09,中国船舶和中国重工简单对比及重组展望,雪球
319,2021-09-09,A股收盘综述：上证指数迫近3700，“煤超风”、“钢铁侠”助阵,Wind
320,2021-09-09,中字头个股持续走强，中国化学涨停创历史新高,证券之星
321,2021-09-09,船舶制造板块走高 中国船舶涨近9% 新船需求显着回弹,格隆汇
322,2021-09-09,中国船舶(600150)：站在造船新一轮周期2021-2038的起点上,新浪
323,2021-09-07,双坞联动！中国船舶江南造船年度第四批次出坞计划如期开始,航运在线
324,2021-09-06,中国船舶集团《2020企业社会责任报告》发布－国务院国有资产监督管理委员会,国资委
325,2021-09-06,中信建投：新造船市场逐渐活跃，关注长期投资机会,Wind
326,2021-09-03,中国船舶：两船重组境内外反垄断审查工作已完成,经济观察报
327,2021-09-03,【异动股】船舶制造板块下挫，中国船舶(600150.CN)跌6.26%,财华社
328,2021-09-02,交易异动！中国船舶：近3个交易日上涨24.31%,每日经济新闻
329,2021-09-02,中国船舶龙虎榜数据(9月2日）,Wind
330,2021-09-02,中国船舶(600150.SH)股价异动 不存在应披露未披露信息,智通财经
331,2021-09-02,龙虎榜丨机构今日买入这17股，抛售中国船舶3.77亿元,第一财经
332,2021-09-02,龙虎榜|中国船舶三日累涨24.31% 三机构合计卖出8.66亿元,财联社
333,2021-09-02,龙虎榜：中国船舶三日涨超20% 三个机构席位卖出8.65亿元,e公司
334,2021-09-02,中国船舶：扣非亏损主要是受毛利较低等因素影响 | 公司问答 亏损,第一财经
335,2021-09-02,每日市场热点分析,新浪
336,2021-09-02,军工“大订单”再得印证，中国船舶合同负债457亿元 偿债能力下降,阿尔法工场
337,2021-09-02,中国船舶集团研制的“达飞·和风”号交付－国务院国有资产监督管理委员会,国资委
338,2021-09-02,A股日成交额突破1.7万亿元，低估值权重板块集体反弹,Wind
339,2021-09-02,中国船舶“点燃”造船板块 周期反转之际仍存成本压力,全景网
340,2021-09-01,军工股又火了！千亿市值中国船舶涨停，股民一日赚6.8万,搜狐
341,2021-09-01,中国船舶上半年净利润增长81% 海工业务收入大幅增长,上证报
342,2021-09-01,极度分裂！多只千亿巨头罕见跌停，保险券商白酒狂飙,Wind
343,2021-09-01,热门赛道熄火，“中字头”扛起护盘大旗！A股不到两小时成交破万亿,Wind
344,2021-09-01,3000亿大白马被砸跌停，锂电光伏军工大跳水！外资加仓超60亿,Wind
345,2021-09-01,解盘：白马股拉升，水泥、大基建、保险、白酒领涨,Wind
346,2021-09-01,中船系个股继续走强 中国船舶集团正式发布“十四五”规划,格隆汇
347,2021-09-01,【异动股】船舶制造板块拉升，中国船舶(600150.CN)涨10.0%,财华社
348,2021-09-01,中船系个股继续走强 中国船舶再度涨停,e公司
349,2021-09-01,中国船舶6天3板,Wind
350,2021-08-31,畅销30年的老字号：中国船舶“广船型”给力!,我的钢铁
351,2021-08-31,航空航天与国防行业周报：重视军工主机厂的价值,新浪
352,2021-08-31,交通运输行业航运造船2021Q4展望：干散及内贸集运有望超预期 造船景气度持续提升,新浪
353,2021-08-31,快讯：中国船舶涨停 报于23.89元,金融界
354,2021-08-31,中国船舶(600150.SH)封涨停 本月累计涨幅超60%,格隆汇
355,2021-08-31,船舶板块持续拉升 中国船舶涨停,e公司
356,2021-08-31,中船系炒作卷土重来，中国船舶封板,Wind
357,2021-08-30,申万宏源交运一周天地汇：造船板块推荐优先级提升重点标的中国船舶 华贸物流中报成长性验证继续推荐,新浪
358,2021-08-30,中国船舶租赁(03877.HK)与久远工程公司订立装修合同,格隆汇
359,2021-08-30,安信证券首予中国船舶买入评级：国内造船行业复苏态势显着，公司未来业绩有望持续上升,每日经济新闻
360,2021-08-30,中国船舶上半年营收271亿 造船量占全国1/4,我的钢铁
361,2021-08-30,中国船舶集团和上海交通大学共建上海海洋装备前瞻技术研究院揭牌成立,国际船舶
362,2021-08-29,95家国企上榜世界500强，国际贸易增长推动企业稳定发展,Wind
363,2021-08-28,中国船舶上半年利润大增新船订单占全国总量25%,国际船舶
364,2021-08-28,【最全】2021年中国船舶制造行业上市公司全方位对比(附业务布局汇总、业绩对比、业务规划等),前瞻研究院
365,2021-08-28,上市公司正负面新闻2021年8月28日星期六,Wind
366,2021-08-28,中国船舶(600150.SH)：上半年净利增81.3%至2.598亿元,格隆汇
367,2021-08-27,晚间重要公告2021年8月27日星期五,Wind
368,2021-08-27,中国船舶(600150.SH)半年度归母净利同比增长81.3%至2.6亿元,智通财经
369,2021-08-27,中国船舶：2021年半年度净利润约2.6亿元，同比增加81.3%,每日经济新闻
370,2021-08-27,中国船舶2021年上半年实现净利润1.83亿元，同比大幅增长876.63%,经济观察网
371,2021-08-27,中国船舶：上半年净利润同比增长81.3%,Wind
372,2021-08-27,中国船舶租赁：拟于9月30日派发中期股息0.03港元/股,Wind
373,2021-08-27,中科海讯：中国船舶主要从公司采购产品及服务,Wind
374,2021-08-27,中科海讯：和中国船舶合作相关占比大约70%,Wind
375,2021-08-27,10万亿赛道再迎重磅，千亿目标曝光，一风险需警惕,Wind
376,2021-08-26,13秒赚2万多！“宁王”一则消息：一分钟狂拉90%,Wind
377,2021-08-26,军工股午后逆势拉升，景嘉微冲击涨停,Wind
378,2021-08-26,亿纬动力：助力国内首艘海上纯电动拖船扬帆起航,Wind
379,2021-08-26,黑色系价格“翻天覆地”，钢企称钱被铁矿赚走了,Wind
380,2021-08-26,央企重组整合步入新赛道，重点领域锁定输配电装备,Wind
381,2021-08-26,每日理财观察：监管出手！六大行超5000只理财产品望加速改造,Wind
382,2021-08-25,央企重组整合步入新赛道，重点领域锁定输配电装备,第一财经
383,2021-08-25,改革红利！“中国神船”提速，军工迎最佳中报季,Wind
384,2021-08-25,A股收盘综述：三大指数均连升3日，光伏板块全线爆发,Wind
385,2021-08-25,快讯：中船系个股午后持续拉升 中国船舶、中船科技双双涨停,新浪
386,2021-08-25,中国船舶总部将迁往上海，两船重组进入实质性操作阶段,Wind
387,2021-08-25,中国船舶集团副总经理钱建平：两船重组进入实质性操作阶段,财联社
388,2021-08-25,A股午盘综述：白酒股领涨大市，券商集体回调,Wind
389,2021-08-25,快讯：中国船舶涨停 报于20.99元,金融界
390,2021-08-25,中国船舶租赁上半年净利6.46亿港元 船舶组合达163艘,我的钢铁
391,2021-08-24,中国船舶：公司下属子公司获得政府补助8107.16万元,每日经济新闻
392,2021-08-24,中国船舶(600150.SH)获得政府补助8107.16万元,智通财经
393,2021-08-21,国内自主设计豪华客滚船“吉龙岛”号交付使用,科技日报
394,2021-08-20,广船国际交付国内最豪华客滚船“吉龙岛”号,经济日报
395,2021-08-20,航母板块异动，中国船舶直线拉升5%,Wind
396,2021-08-20,中国目前最豪华客滚船“吉龙岛”号在广州南沙命名交付,中新网
397,2021-08-18,航空航天与国防行业周报：看好军工材料及红外行业,新浪
398,2021-08-17,中国船舶七〇八所将为中海油设计10万吨级FPSO－国务院国有资产监督管理委员会,国资委
399,2021-08-13,解盘：资源股崛起，盐湖提锂、钛白粉、稀土、军工略涨,Wind
400,2021-08-11,海南省政府与中国船舶集团签署战略合作协议,e公司
401,2021-08-11,上半年中国造船业接单量位居全球之首,央视
402,2021-08-11,目前中国造船工业的业绩如何？,中投网
403,2021-08-11,中国船舶迎交付旺季 新订单量占全球总量51%,财联社
404,2021-08-11,中国船舶成功交接巴基斯坦SAPT二期工程发电机组－国务院国有资产监督管理委员会,国资委
405,2021-08-11,中国船柴与北船重工签订30台套主机订货协议,国际船舶
406,2021-08-09,中船动力集团与外高桥造船举行两型系列船主机合同签约仪式,国际船舶
407,2021-08-06,能源材料行业每日点评及数据跟踪,新浪
408,2021-08-06,A股早报2021年8月6日星期五,Wind
409,2021-08-05,中国船舶龙虎榜数据（8月5日）,Wind
410,2021-08-05,涨停板解密：逆市强劲，国防军工火爆上攻！（8月5日）,Wind
411,2021-08-05,吓哭了！新华社一篇报道，千亿药茅跌停，紧急回应来了,Wind
412,2021-08-05,中国船舶首次登上《财富》五百强，排名第240位,证券之星
413,2021-08-05,8月5日股市收盘点评 明日股票大盘行情分析,至诚财经
414,2021-08-05,A股收盘综述：资金畏高指数集体回调，军工股逆势爆发,Wind
415,2021-08-05,实控人增持地产股，是板块春天到了，还是一日游行情？,Wind
416,2021-08-05,千亿巨头罕见跌停，6倍大牛股突然大跌！,Wind
417,2021-08-05,军工板块全线爆发，核心个股业绩高增长将逐渐兑现，优质股名单收好（附股）丨牛熊眼,第一财经
418,2021-08-05,解盘：资金继续回流，航母、大飞机、摄像头、芯片略涨,Wind
419,2021-08-05,A股午盘综述：沪市权重力扛指数，军工股全线爆发,Wind
420,2021-08-05,军工股持续走强，中国船舶、航天彩虹、中国海防相继涨停,Wind
421,2021-08-05,军工股集体大涨，中国船舶首板,Wind
422,2021-08-05,军工板块持续发力，航天彩虹封板,Wind
423,2021-08-03,全球造船企业首位！中国船舶集团入选世界500强,国际船舶
424,2021-08-03,再续合作新篇章，结伴砥砺庆百年——交银租赁成功完成8艘系列木屑船建造合同签约,证券之星
425,2021-08-02,航空航天与国防行业周报：看好军工次新标的,新浪
426,2021-08-02,更新换代潮来袭！高研发投入军工个股名单出炉！,Wind
427,2021-07-31,申万宏源交运一周天地汇：亚马逊封号加速独立站份额上升 跨境物流板块迎来布局良机,新浪
428,2021-07-29,中国船舶(600150)：归母净利润预增约30% 发债有助进一步降本,光大证券
429,2021-07-29,午盘解读：三大指数集体上涨 光刻胶板块大涨,新浪
430,2021-07-29,全球首艘无人装备“航母”开工 相关产业有望受益,金融界
431,2021-07-27,勐腊入村开展养蜂技术培训,云南日报
432,2021-07-27,上半年央企重组大动作不断 由大到强迈向一流,中国经济网
433,2021-07-23,交通运输行业2021年中报前瞻及交运基金持仓分析：跨境电商物流景气度持续 交运基金增配大宗供应链板块,新浪
434,2021-07-23,大船集团再获北海船务1艘15.5万吨穿梭油轮订单,国际船舶
435,2021-07-22,全部10艘！外高桥造船交付福茂集团“腾梅”轮,国际船舶
436,2021-07-21,盛夏，成员单位交付多艘船舶,我的钢铁
437,2021-07-20,航空航天与国防行业周报：关注中报期业绩有望上升品种,新浪
438,2021-07-20,央企重组加速落地 资源全面整合时代来临,中国机经网
439,2021-07-20,国资委公布央企重组计划：电力、通信、化工…2021还有哪些央企即将重组？,国际电力网
440,2021-07-19,中国海装协同攻关的10MW齿轮箱成功下线！,北极星电力
441,2021-07-18,走进中国船舶集团：未来船舶将向数字化与低碳化转型,澎湃新闻
442,2021-07-15,上半年央企重组大动作不断 由大到强迈向一流,中证报
443,2021-07-15,央企重组攥指成拳,经济日报
444,2021-07-14,中国船舶智慧供应链研究中心在江苏科技大学揭牌,国际船舶
445,2021-07-14,张炳南会见中国船舶集团上海船舶公司董事长李恒劭一行,乐居财经
446,2021-07-12,航空航天与国防行业周报：看好红外产业链,新浪
447,2021-07-12,华龙投顾周刊2021年第26期：万亿红包对冲周线级别风险,华龙掘金
448,2021-07-12,交银租赁首次介入木屑船航运领域,中国金融新闻网
449,2021-07-11,2021世界人工智能大会“AI赋能海洋”智能船舶创新论坛成功举行,国际船舶
450,2021-07-09,中国船舶集团通过国有股权无偿划转间接控制中船防务58.52%股份 资产异常,经济观察报
451,2021-07-08,中国船舶(600150.SH)将于7月15日分红 每股派0.035元,智通财经
452,2021-07-08,今年上半年，中国船舶集团造船完工102艘/917.2万载重吨,我的钢铁
453,2021-07-08,达成“双过半”！中国船舶集团上半年新船订单份额全球第一－国务院国有资产监督管理委员会,国资委
454,2021-07-07,航空航天与国防行业：看好板块估值切换,新浪
455,2021-07-07,中国船舶助力“天路”升级－国务院国有资产监督管理委员会,国资委
456,2021-07-07,北向资金动向盘点：医药大跌，未曾“砸盘”,Wind
457,2021-07-06,将中国船推向世界的比例尺 丈量中国船舶远航世界之路,国资委
458,2021-07-06,九家上市公司齐齐装入“中国神船” “南北船”驶入整合深水区,海事服务网
459,2021-07-06,上半年全球新船订单突破7000万载重吨,国际船舶
460,2021-07-06,实现双过半！中国船舶集团船海业务生产经营双线突破,国际船舶
461,2021-07-05,重磅消息！中国船舶集团启动实质性联合重组！,北极星电力
462,2021-07-05,陆家嘴财经早餐2021年7月5日星期一,Wind
463,2021-07-04,中国船舶等公司控股股东股权整体划入中国船舶集团 “南北船”合并进入实质性阶段,证券日报网
464,2021-07-02,中船集团9家上市公司齐发公告旗下资产整合有望提速,财联社
465,2021-07-02,“南北船”驶入整合深水区！九大上市公司注入中船集团,华夏时报
466,2021-07-02,中国船舶(600150.SH)子公司获政府补助4271.74万元,智通财经
467,2021-07-02,中国船舶(600150.SH)：下属累计收到科研专项补助4271.74万元,格隆汇
468,2021-07-02,中国船舶集团启动实质性整合，中船系板块走强丨一大板块,第一财经
469,2021-07-02,一月交一艘 全球最大双燃料集装箱船建造项目收官,中新网
470,2021-07-02,稳了！A股业绩浪坚定向前，库存紧张稀土板块逆势大涨3%！,e公司
471,2021-07-02,中国船舶：“南北船”整合后将有利于理顺股权结构丨公司问答,第一财经
472,2021-07-02,南北船合并后启动整合，9家上市公司装入“中国神船”,Wind
473,2021-07-02,【行情】中船系开盘走强，中国船舶涨超5%，中船防务、江龙船艇、中船科技等跟涨，消息面上，南北船合并后启动整合，9家上市公司装入中国船舶,金十数据
474,2021-07-02,港股公告精选：石化双雄业绩强劲,Wind
475,2021-07-02,中船系上市公司：中国船舶集团将成为间接控股股东 控制人变化,国际船舶
476,2021-07-02,南北船合并后启动整合 9家上市公司装入中国船舶 专家：造船业重组成趋势,e公司
477,2021-07-01,中船汉光：国资委同意中船工业与中船重工实施联合重组新设中国船舶集团,财联社
478,2021-07-01,公告精选丨两桶油扭亏为盈，半年大赚近千亿元！还有一大批公司业绩爆发,21世纪经济报道
479,2021-07-01,晚间重要公告2021年7月1日星期四,Wind
480,2021-07-01,【公告抢先看】晚间公告：亚玛顿与淮海基金签署战略合作协议 协助对接光伏建筑一体化项目客户,金融界
481,2021-07-01,中船防务：无偿划转导致中国船舶集团间接控制公司58.52%的股份,Wind
482,2021-07-01,中国船舶租赁(03877)：中国船舶集团建议收购中船集团的全部股权,智通财经
483,2021-07-01,中船汉光(300847.SZ)：中国船舶集团成为间接控股股东 控制人变化,智通财经
484,2021-07-01,久之洋、中船应急、中船汉光：中国船舶集团将成为公司的间接控股股东 控制人变化,e公司
485,2021-07-01,中国船舶工业集团：控股股东变更为中国船舶集团 控制人变化,Wind
486,2021-07-01,中国重工：控股股东股权无偿划转，中国船舶集团将成为公司的间接控股股东,Wind
487,2021-07-01,中国海防(600764.SH)：国务院国资委拟将中船重工集团全部股权无偿划转至中国船舶集团 资产异常,格隆汇
488,2021-07-01,中船防务：中国船舶集团间接控制公司58.52%股份,财联社
489,2021-07-01,中国海防：国资委将控股股东的全部股权无偿划转至中国船舶集团 减持股份,财联社
490,2021-07-01,中国海防：国资委将公司控股股东中船重工集团的全部股权无偿划转至中国船舶集团,Wind
491,2021-06-30,中船汉光(300847.SZ)：国务院国资委同意中船工业集团与中船重工集团实施联合重组新设中国船舶集团,格隆汇
492,2021-06-30,中船防务(00317.HK)：中国船舶集团成为公司间接控股股东 控制人变化,格隆汇
493,2021-06-30,23000标准箱！全球首创最大、最先进双燃料动力集装箱船交付,东方网
494,2021-06-30,首座命名！中国LNG全产业链族谱又添重器,中国燃气网
495,2021-06-30,再添造船利器！广船国际薄板分段流水线建成试产,国际船舶
496,2021-06-30,两家位于上海的造船厂携手并进 全球最大双燃料动力集装箱船建造项目全部按时完工实现收官,上观
497,2021-06-29,航空航天与国行业周报：看好板块上游,新浪
498,2021-06-29,上半年10大央企氢能布局最新动向,北极星电力
499,2021-06-28,我国首制！这一重器命名,新浪
500,2021-06-26,科考实习船“中山大学”号在上海交付，十月前往南海西沙海域,澎湃新闻
501,2021-06-24,中船租赁举行2021国际干散货航运市场交流研讨会,国际船舶
502,2021-06-23,中国船舶集团与国机集团签署战略合作协议,e公司
503,2021-06-23,2021年中交通运输投资策略：追赶海外千亿市值龙头 低估值国企的戴维斯双击之旅,新浪
504,2021-06-23,上半年10家燃料电池企业投扩产 行业增量市场将爆发？,北极星电力
505,2021-06-23,央企携手！将再建超大型液化天然气船－国务院国有资产监督管理委员会,国资委
506,2021-06-23,提前完成全年接单目标！中国船舶集团召开船海业务经营会议,国际船舶
507,2021-06-23,中国船舶集团船海业务“云展厅”与“商情信息系统”正式上线,国际船舶
508,2021-06-21,交运一周天地汇：BDI突破前高逢低布局招商轮船 近期推荐新增中国外运 浙商中拓,新浪
509,2021-06-21,中船澄西交付国银租赁一艘85000吨散货船,国际船舶
510,2021-06-18,东方精工：公司有信心在不久的将来满足上市公司分拆子公司上市应符合的净利润要求,Wind
511,2021-06-18,江南造船交付马士基第二艘2200TEU集装箱船,国际船舶
512,2021-06-15,中船动力双燃料超级发动机已接到75台订单,国际船舶
513,2021-06-10,中远海控又涨停了！聪明的投资者想到了造船业,Wind
514,2021-06-09,中船广西公司获20艘LNG动力货船设计合同,国际船舶
515,2021-06-09,国防军工行业周报,新浪
516,2021-06-08,一次性载运136节火车车厢！全球最大火车专用运输船交付,科技日报
517,2021-06-08,航空航天与国防行业周报：看好军工上游元器件和材料端,新浪
518,2021-06-07,国产半导体设备材料“卖断货”！科技股全面爆发 通信板块名单梳理,中金在线
519,2021-06-07,【机会挖掘】部分航线集装箱价格上涨近10倍 行业景气度强势上行,证券时报网
520,2021-06-03,中国船舶(600150.SH)下属子公司近期收到政府补助3952万元,智通财经
521,2021-06-03,中国船舶(600150.SH)：收到与收益相关的政府补助3952.13万元,格隆汇
522,2021-06-03,中国船舶：公司下属子公司获得政府补助3952.13万元,每日经济新闻
523,2021-06-01,这一船舶市场起步即止步?,中国船舶报
524,2021-06-01,航空航天与国防行业周报：看好军工全产业链,新浪
525,2021-05-31,大型船舶LNG动力改装未来难言乐观,中国船舶报
526,2021-05-31,要闻：本周531亿市值限售股解禁,财富动力网
527,2021-05-27,中国船舶集团4家船厂4型船舶入选制造业单项冠军名单,国际船舶
528,2021-05-26,江南造船四艘世界最大双燃料集装箱船圆满收官,澎湃新闻
529,2021-05-26,中国船舶集团再签订两艘主建成熟船型－国务院国有资产监督管理委员会,国资委
530,2021-05-24,航空航天与国防行业周报：看好中航工业集团下属军机产业链标的,新浪
531,2021-05-24,世界先进水平的自卸船下水,Wind
532,2021-05-24,国银租赁购买8艘新造49600吨油化船,国际船舶
533,2021-05-24,造船行业进入上行区间，关注板块长期投资机会,中信建投证券研究
534,2021-05-22,国防军工行业：疫情影响造船上行周期提前到来 关注造船市场长期投资机会,新浪
535,2021-05-21,【机会挖掘】集装箱舱位“一舱难求” 行业进入长周期复苏,证券时报网
536,2021-05-20,今年接单破100亿！这家船厂再签8艘油轮大单！,航运在线
537,2021-05-19,中国船舶：南北船重组国际反垄断审查已完成,中国船舶报
538,2021-05-19,独霸LNG船市场？三星重工启动“超级差距”战略,国际船舶
539,2021-05-19,直击业绩说明会|中国船舶：手持订单较为饱满 航运业景气度已延伸至造船业,财联社
540,2021-05-18,中国船舶(600150.SH)下属子公司近期收到政府补助4774万元,智通财经
541,2021-05-18,中国船舶：公司下属子公司获得政府补助4774.05万元,每日经济新闻
542,2021-05-18,中国船舶(600150.SH)：收到与收益相关的政府补助4774.05万元,格隆汇
543,2021-05-18,船舶工业集团板块活跃 中国船舶涨幅居前,新浪
544,2021-05-18,航空航天与国防行业周报：看好军工主机厂,新浪
545,2021-05-16,【招商机械·行业点评】集装箱船舶行业点评——未来两年有望保持高景气,荣行机械
546,2021-05-14,全球首制乙烷运输船B型舱完工 江南造船实现关键性技术突破,东方网
547,2021-05-13,船舶工业推动“碳达峰、碳中和”技术方案研讨会在上海召开,国际船舶
548,2021-05-13,中航证券--军工行业周报：十年里第四次“月线四连阴”后的判断【行业研究】,金融界股吧
549,2021-05-12,中国策略简评-MSCI中国半年度调整：新增60只、剔除21只,新浪
550,2021-05-12,7艘之后，又签2艘16000箱集装箱船,我的钢铁
551,2021-05-11,中国船舶集团：大船集团签署2艘16000箱集装箱新造船订单,证券时报网
552,2021-05-10,北向资金连续3日净买入，白酒股重获资金加仓,Wind
553,2021-05-10,第二届海洋工程装备检测试验技术国家工程实验室论坛落下帷幕,国际船舶
554,2021-05-08,大船集团再获2艘16000TEU集装箱船订单,国际船舶
555,2021-05-07,中国船舶(600150)：业务规模优势进一步显现,新浪
556,2021-05-07,中国船舶集团甘肃张掖新能源产业园正式开工奠基！,北极星电力
557,2021-05-07,中国船舶中标柬埔寨吴哥国际机场项目,微信
558,2021-05-06,一带一路概念股早盘爆发 中国船舶等多股涨停,中国经济网
559,2021-05-06,快讯：军工板块异动 中国船舶拉升封板,新浪
560,2021-05-06,船舶制造板块大幅走高中国船舶(600150.SH)涨停,格隆汇
561,2021-05-06,船舶制造板块异动拉升 中国船舶涨停,e公司
562,2021-05-06,【行情】船舶制造板块大幅拉升，中国船舶涨停，封单超12万手，亚星锚链涨6%，中船科技、江龙船艇、亚光科技、中国重工等纷纷跟涨,金十数据
563,2021-05-03,官方网站 证监会指定信息披露媒体,中国证券网
564,2021-05-02,中国船舶集团成员单位领导人员最新调整,国际船舶
565,2021-05-01,中国船舶集团提前完成全年船海经营目标 拿下超百亿元集装箱船巨单,中新网
566,2021-04-30,中国船舶集团提前完成全年船海经营目标 拿下超百亿元集装箱船巨单,中新网
567,2021-04-30,全球首台7X82DF型双燃料主机在中国船舶中国船柴成功交验－国务院国有资产监督管理委员会,国资委
568,2021-04-29,中国船舶集团牵头研制的国内首台套30兆瓦级燃气轮机驱动压缩机组通过验收－国务院国有资产监督管理委员会,国资委
569,2021-04-29,中国船柴交验全球首台7X82DF型双燃料主机,国际船舶
570,2021-04-28,中国船舶(600150)公布2020年报 营业收入增长4.91%,金融界
571,2021-04-28,中国船舶一季度扭亏为盈净利9192万元,国际船舶
572,2021-04-28,年产超10000台套，我国轻轨直流供电装备实现自主化,Wind
573,2021-04-27,中国船舶(600150.SH)年度归母净利同比降84.93%至3.06亿元 拟10股派0.35元 盈利能力下降,智通财经
574,2021-04-27,中国船舶(600150.SH)一季度净利达9191.73万元 同比扭亏为盈,格隆汇
575,2021-04-27,中国船舶(600150.SH)2020年净利降84.93%至3.06亿元 拟10派0.35元 盈利能力下降,格隆汇
576,2021-04-27,中国船舶：2020年净利润同比减少84.93% 盈利能力下降,Wind
577,2021-04-27,中国船舶：一季度净利润9191.73万元，扭亏为盈,Wind
578,2021-04-27,中国船舶沪东中华又交付一艘双燃料集装箱船,中新网
579,2021-04-26,恒指冲高回落收跌0.43%，电子烟概念爆发,Wind
580,2021-04-23,造“中国之最”科考船，用“国内之最”河钢材,兰格钢铁网
581,2021-04-23,A股早报2021年4月23日星期五,Wind
582,2021-04-22,A股共发生57宗大宗交易成交15.57亿元（4月22日）,Wind
583,2021-04-22,中国船舶今日大宗交易成交500万股，成交价16.17元折价1.88%,Wind
584,2021-04-22,国内首例！中国船舶集团自主研制船用中压软启动器实现重大突破－国务院国有资产监督管理委员会,国资委
585,2021-04-21,华创证券：海军建军72周年纪念日临近，海洋强国战略受关注,Wind
586,2021-04-20,中国船舶集团设计建造的我国首艘具备破冰能力大型航标船下水－国务院国有资产监督管理委员会,国资委
587,2021-04-19,海上风电的“慢思维”与“快功力”,中国能源网china5e
588,2021-04-17,集运行业淡季变旺，产业链景气度上升,Wind
589,2021-04-16,全球集装箱新船订单爆发，中国拿下一半订单，这些厂商已卡位,财联社
590,2021-04-16,盘前情报丨第五批国家带量采购目录流出，大量注射剂被纳入，关注龙头药企（名单）,21世纪经济报道
591,2021-04-15,中国船舶旗下外高桥造船公司第500艘商品船交付,中证网
592,2021-04-14,中船澄西获8.2万吨散货船,我的钢铁
593,2021-04-14,中国船舶外高桥造船第500艘船“德梅”号交付美国福茂集团,中新网
594,2021-04-12,2020年380多家公司增发募资8400亿元 折价增发下最高浮盈近4倍,投资者网
595,2021-04-12,有赚头！五大行AIC公司2020年分羹49亿,Wind
596,2021-04-11,我国船舶工业创新能力持续增强,Wind
597,2021-04-11,我国船舶工业创新能力持续增强,新华网
598,2021-04-09,银河证券：民船拖累船舶行业经营业绩情况有望得到改善,Wind
599,2021-04-08,国防军工：船运价格上涨 带动造船行业回暖,新浪
600,2021-04-08,收盘综述：三大指数集体收跌 低碳冶金概念强势,新浪
601,2021-04-08,中国船舶集团自主研发的我国首台低速双燃料发动机交付－国务院国有资产监督管理委员会,国资委
602,2021-04-07,交运&军工：造船行业长周期改善开始 大幅盈利尚需耐心,新浪
603,2021-04-07,中国船舶：接到大笔订单 利润或在建造年和交付年体现丨公司问答,第一财经
604,2021-04-07,中国船舶：4月7日主力资金净流入额占板块295.08%,每日经济新闻
605,2021-04-07,我国万吨级海洋科考船开建 设有温盐深仪及测深仪等设备,中国机经网
606,2021-04-07,中远海控引爆海运股涨停潮！中金火速大幅调高目标价,Wind
607,2021-04-07,中国造船企业承接的最大单笔集装箱船订单来了|予菲视点,第一财经
608,2021-04-07,中国船舶集团承接13艘16000TEU集装箱船百亿元订单,上证报
609,2021-04-07,日赚1.7亿元！海运业绩大爆发,Wind
610,2021-04-07,超百亿！中国船舶集团承接最大单笔集装箱船订单－国务院国有资产监督管理委员会,国资委
611,2021-04-07,集装箱船批量接单，造船市场回暖明显,Wind
612,2021-04-07,集装箱船批量接单造船市场回暖明显,中证报
613,2021-04-07,造船业复苏强劲 集装箱船批量接单,证券时报
614,2021-04-07,集装箱船批量接单 造船市场回暖 相关上市公司有望迎业绩改善良机,证券日报
615,2021-04-06,中远海控预增50倍日赚1.7亿 或破07年中国远洋记录,新浪
616,2021-04-06,这一行业“井喷”！中国企业史上最大单笔订单来了，总价超百亿！,每日经济新闻
617,2021-04-06,集装箱船批量接单 今年国际造船市场订单可观,e公司
618,2021-04-06,中国船舶(600150.SH)一季度获政府补助3839.51万元,智通财经
619,2021-04-06,中国船舶：4月6日主力资金净流入额占板块33.63%,每日经济新闻
620,2021-04-06,解盘：资金持续回流，燃料电池、新能源、次新股领涨,Wind
621,2021-04-06,船舶板块集体大涨 中国船舶涨停,e公司
622,2021-04-06,中船系盘中异动，中国船舶涨停,Wind
623,2021-04-06,【早报】科技股要爆发了吗？,云掌财经
624,2021-04-06,【异动股】船舶制造板块高开，中国船舶(600150-CN)涨4.27%,财华社
625,2021-04-06,中国船舶：子公司与船东签订多艘集装箱船建造合同，总金额约7.5亿美元,资本邦
626,2021-04-06,订单、预采购大幅增长，什么行业如此景气火热？,Wind
627,2021-04-06,中国船舶：广船国际获多艘16000TEU集装箱船建造合同,国际船舶
628,2021-04-06,A股早盘利好利空：旅游、影视市场火爆，机构：反弹已在逐步开启,腾讯网
629,2021-04-06,假期重磅消息一览：道指暴涨400点！券商普遍看多,Wind
630,2021-04-06,陆家嘴财经早餐2021年4月6日星期二,Wind
631,2021-04-05,单笔订单超百亿！这一行业正迎来订单潮,中国证券网
632,2021-04-05,全球集运行业正迎来订单潮,Wind
633,2021-04-03,上市公司正负面新闻2021年4月3日星期六,Wind
634,2021-04-02,晚间重要公告2021年4月2日星期五,Wind
635,2021-04-02,中国船舶(600150.SH)控股子公司签订7.5亿美元重大合同 金额约占公司2019年营收的21%,智通财经
636,2021-04-02,中国船舶：控股子公司广船国际签订约7.5亿美元集装箱船建造合同,Wind
637,2021-04-02,中国船舶：子公司签订约7.5亿美元合同,e公司
638,2021-04-02,中国船舶：子公司签订7.5亿美元16000TEU集装箱船的建造合同,格隆汇
639,2021-04-02,中船桂江造船首批50艘纯LNG动力散货船项目开工,国际船舶
640,2021-03-31,用友网络(600588)：云业务加速发展 企业战略进入新阶段,新浪
641,2021-03-30,机械行业周报：制造业研发费用加计扣除比例提升 释放研发及资本开支活力,新浪
642,2021-03-30,沪东中华和深圳燃气签署1+1艘79960方LNG船建造合同,海事服务网
643,2021-03-30,中海油气电集团签署50艘船舶供气协议,国际燃气网
644,2021-03-30,A股早报2021年3月30日星期二,Wind
645,2021-03-30,中国船舶沪东中华收获1+1艘79960立方米 液化天然气船建造合同,中国水运网
646,2021-03-29,航空航天与国防行业周报：看好存有市场化改革预期的标的,新浪
647,2021-03-29,中国船舶外高桥造船交付第200套上层建筑,中新网
648,2021-03-29,用友网络(600588)：云收入高速增长 YONBIP平台广受客户好评,新浪
649,2021-03-29,中国船舶集团完全自主研制小水线面双体深海装备综合试验船下水－国务院国有资产监督管理委员会,国资委
650,2021-03-29,陆家嘴财经早餐2021年3月29日星期一,Wind
651,2021-03-28,下周操盘攻略：重磅数据将公布！前期快速下跌的情况不会重演,Wind
652,2021-03-28,“女人的茅台”5000多股东解禁收益率超200%！这些股票解禁压力大（附名单） 解禁,中证报
653,2021-03-27,下周323亿市值限售股解禁，环比增加40.42% 解禁,Wind
654,2021-03-27,下周解禁：27.57亿股限售股将上市流通 解禁,大众证券报
655,2021-03-26,船舶与海工装备特色产业基地：高擎“火炬” 向海图强,科技日报
656,2021-03-26,三天三大生产节点 中国船企造船提速,中新网
657,2021-03-25,中国船舶集团与辽宁葫芦岛市政府签署战略合作协议,证券时报网
658,2021-03-25,造船业今年为何仍然招工难？,中国船舶报
659,2021-03-25,中国船舶集团第6艘23000TEU超大型双燃料集装箱船交付－国务院国有资产监督管理委员会,国资委
660,2021-03-25,中国船舶工业股份有限公司关于发行股份购买资产之非公开发行限售股上市流通公告 解禁,中证报
661,2021-03-24,中国船舶：8.15亿股限售股3月30日上市流通 解禁,Wind
662,2021-03-24,中国船舶(600150.SH)：约8.15亿股限售股3月30日解禁 解禁,格隆汇
663,2021-03-23,航空航天与国防行业周报：看好军工电子和原材料,新浪
664,2021-03-23,渤船集团建造深海装备综合试验船出坞,国际船舶
665,2021-03-23,广船国际获海洋综合科学考察船建造订单,中华商务网
666,2021-03-22,广船国际签约承建国内最大综合科考船,中新网
667,2021-03-21,全海深载人潜水器“奋斗号”交付，科学家探究海斗深渊梦想成真,澎湃新闻
668,2021-03-20,又一艘海上“绿巨人”交付！江南造船双燃料集装箱船建造升级,东方网
669,2021-03-19,国资委：将组织实施国有企业数字化转型专项行动计划,Wind
670,2021-03-18,中信证券：2020年A股主承销金额同比增长12.08%,Wind
671,2021-03-18,外高桥造船再获英美资源集团2艘LNG动力散货船订单,国际船舶
672,2021-03-18,中国船舶集团“奋斗者”号全海深载人潜水器正式交付－国务院国有资产监督管理委员会,国资委
673,2021-03-17,圆满收官！北船重工交付招商轮船第6艘32.5万吨VLOC,国际船舶
674,2021-03-17,中国船舶集团与广东省航运集团签订50艘LNG动力散货船订单－国务院国有资产监督管理委员会,国资委
675,2021-03-15,航空航天与国防行业周报：年报披露期 关注业绩高增速标的,新浪
676,2021-03-13,签了！50艘LNG船，“绿色珠江”项目正式起航！,新浪
677,2021-03-11,上海市发布重大工程项目清单，15家上市公司榜上有名,云掌财经
678,2021-03-11,中国船舶集团去年交船量位居全球第一,中国工业报
679,2021-03-11,中国船舶外高桥造船同日交付两座钻井平台－国务院国有资产监督管理委员会,国资委
680,2021-03-05,我国首艘甲醇双燃料液货船开始建造,Wind
681,2021-03-04,中国船舶七〇二所研发设计的 “海上风电号”风电安装平台顺利交付,中国机经网
682,2021-03-01,航空航天与国防行业周报：关注成飞产业链标的,新浪
683,2021-03-01,船东多观望 中国船舶出口压力大,产业经济新闻网
684,2021-03-01,陆家嘴财经早餐2021年3月1日星期一,Wind
685,2021-02-28,中信证券：3月风险个股提示,Wind
686,2021-02-26,今日能源看点：赵辰昕任国家发展改革委党组成员、秘书长！海南省清洁能源汽车推广2021年行动计划发布！,国际能源网
687,2021-02-25,中国船舶集团与三峡集团签署战略合作协议,Wind
688,2021-02-24,中国船舶集团与三峡集团签署战略合作协议,证券时报网
689,2021-02-23,干货来了！国资委：加快国有资本优化和结构调整,Wind
690,2021-02-22,中国船舶：独立董事辞职 董监高成员变化,Wind
691,2021-02-10,中国船舶：国内首支百米级风电叶片下线,e公司
692,2021-02-08,国内船企多措并举关怀就地过年员工,国际船舶
693,2021-02-07,中船贸易求新求变助力中国船舶集团旗下船企,国际船舶
694,2021-02-07,国际化蝶变，中船贸易再出发,国际船舶
695,2021-02-06,打“虎”亲兄弟！上海船厂百亿海工资产有救了？,国际船舶
696,2021-02-05,签约29艘！中国船舶集团新年首月开门红,国际船舶
697,2021-02-04,会畅通讯助力2021年度中国船舶集团全球合作伙伴会议顺利举行,牛华网
698,2021-02-03,航空航天与国防行业周报：看好板块上游品种,新浪
699,2021-02-02,中国船舶集团承建的肯尼亚蒙巴萨人行浮桥正式建成通行－国务院国有资产监督管理委员会,国资委
700,2021-02-01,再融资新规迎接周年考——定增投资胜率高，平均涨幅超过33%,Wind
701,2021-01-31,中泰金工定向增发跟踪周报（01/31）,ZTQuant
702,2021-01-30,下周1516亿市值限售股解禁，环比增加930.1% 解禁,Wind
703,2021-01-28,全国首艘符合IGC新规的LPG船在中国船舶交付－国务院国有资产监督管理委员会,国资委
704,2021-01-26,零壹租赁周报(1.18日-1.24日)：中国船舶融资租赁步入发展快车道；招银租赁拟发40亿金融债,零壹财经
705,2021-01-26,中国船舶工业股份有限公司 非公开发行限售股上市流通公告 解禁,中证报
706,2021-01-25,中国船舶(600150.SH)：约2.5亿股限售股将于2月1日起上市流通 解禁,智通财经
707,2021-01-25,中国船舶(600150.SH)：2.5亿股限售股1月31日解禁 解禁,格隆汇
708,2021-01-20,中国船舶租赁步入发展快车道,中国水运网
709,2021-01-18,中国船企接单量重回世界第一 2021造船用钢市场发展现状及投资前景预测,新浪
710,2021-01-18,国内首艘30米级海上风电高速运维船正式开工！,北极星电力
711,2021-01-11,中国船舶集团：成功中标中石化LNG接收站国产卸料臂应用项目,e公司
712,2021-01-11,中国船舶(600150.SH)：获得政府补助,格隆汇
713,2021-01-11,中国船舶广船国际助力大数据中心走进海洋时代 国内首个海底数据舱揭幕,南方日报
714,2021-01-08,中船科技积极参与上海市重大项目,中证网
715,2021-01-04,中国船舶1元转让上海金茂盛融游艇俱乐部股权 资产异常,国际船舶
716,2021-01-04,总投资180亿元！中国船舶长兴造船基地二期工程奠基,新民晚报
717,2021-01-04,中国船舶长兴造船基地二期工程奠基，总投资180亿元,澎湃新闻
718,2021-01-04,中国船舶长兴造船基地二期工程开工，位于上海长兴岛南岸沿线,澎湃新闻
719,2021-01-04,年均交船超500万载重吨！外高桥造船交出亮眼“成绩单”,航运在线
720,2021-01-01,龙头地位稳固！2020年股权承销榜出炉,Wind
721,2020-12-31,中国船舶外高桥造船“十三五”年均交船超500万载重吨,中证网
722,2020-12-31,中国船舶子公司&明阳智能，签下4亿合约！,国际电力网
723,2020-12-31,深海技术科学太湖实验室在七〇二所正式揭牌成立,国际船舶
724,2020-12-30,交银租赁订购4艘全球最大载箱量集装箱船舶,21财经搜索
725,2020-12-30,中国电子有限公司揭牌成立，混改试点引入超百亿战投,Wind
726,2020-12-30,扬子江船业首获2艘全球最大24000TEU集装箱船订单,国际船舶
727,2020-12-29,年终献礼！沪东江南联手再获4艘24000TEU集装箱船订单,国际船舶
728,2020-12-28,临港新片区智芯源产业项目集中签约并交付，9个月引资65亿,Wind
729,2020-12-25,远达环保：公司无碳交易平台、风电新能源的业务及经验,Wind
730,2020-12-24,中国船舶关于签订募集资金专户存储四方监管协议的公告,国际船舶
731,2020-12-23,远达环保：现在无碳交易平台,Wind
732,2020-12-22,中国海防(600764)：潜龙在渊 蓄势待发,新浪
733,2020-12-22,江苏省政府与中国船舶集团在宁签署战略合作协议,Wind
734,2020-12-22,中国船舶获得政府补助3158.30万元,国际船舶
735,2020-12-21,江苏省政府与中国船舶集团签署战略合作协议,证券时报网
736,2020-12-21,中国船舶(600150.SH)累计获政府补助3158.3万元,智通财经
737,2020-12-21,中国船舶(600150.SH)：下属子公司收到政府补助资金3158.3万元,格隆汇
738,2020-12-21,中国船舶：订单爆满 子公司都在满负荷运转,证券日报
739,2020-12-20,券业年内股债承销突破10万亿，创历史新高,券商中国
740,2020-12-18,中国船舶：中国船舶关于董事辞职的公告 董监高成员变化,新浪
741,2020-12-18,中国船舶：公司董事盛纪纲因工作原因递交辞呈,金融界
742,2020-12-18,中国船舶：董事盛纪纲辞职 董监高成员变化,Wind
743,2020-12-17,昔日股王今何在？“茅台魔咒”再迎大考,Wind
744,2020-12-15,中国船舶注册资本增加至44.72亿，增幅达224.53%,企查查
745,2020-12-15,150亿元！中国船舶集团与辽宁省兴城市政府签约100万千瓦风电项目,中国船舶
746,2020-12-11,全球第一！江南造船年内交付8艘VLGC,新浪
747,2020-12-11,中国船舶集团与工商银行签署战略合作协议,e公司
748,2020-12-10,远达环保：与中国船舶海装风电公司签的合作协议暂未涉及具体业务,Wind
749,2020-12-10,北船重工交付第6艘32.5万吨矿砂船,国际船舶
750,2020-12-09,中国船舶现1笔大宗交易 共成交279.70万元,新浪
751,2020-12-09,中国船舶今日大宗交易成交16.45万股，成交价17.0元折价11.55%,Wind
752,2020-12-09,我国成功研制新一代大型船舶靠泊关键驱动设备,Wind
753,2020-12-09,A股午盘综述：上证指数涨0.06%，创业板指跌0.32%,Wind
754,2020-12-09,中船科技涨停，领涨航母概念股,Wind
755,2020-12-09,【行情】军工板块异动，中船科技直线封板，亚星锚链、中国船舶、天海防务等急拉,金十数据
756,2020-12-08,创新技术 坚守品质 中国船舶集团有限公司第七一八研究所荣获“VOCs治理影响力企业”,北极星电力
757,2020-12-07,航天科技集团与中国船舶签署战略合作协议,Wind
758,2020-12-07,中国船舶现1笔大宗交易 共成交203.28万元,新浪
759,2020-12-07,王满昌：从“乘风破浪”到“御风逐海” 中国海装助推国家能源结构向深度“脱碳”转型,重庆晨报
760,2020-12-07,中国海装董事长、党委书记王满昌：从“乘风破浪”到“御风逐海” 助推国家能源结构向深度“脱碳”转型,重庆晨报
761,2020-12-07,首批10艘！两家船厂将分享荣盛石化VLCC大单,国际船舶
762,2020-12-04,中国首条大型薄板平面流水线分段线完工交付,中国船舶报
763,2020-12-03,中国船舶与中国航天科工签署战略合作协议,e公司
764,2020-12-02,深海，我们勇往直“潜”——中国船舶集团万米载人深潜装备研制概览－国务院国有资产监督管理委员会,国资委
765,2020-11-30,中国船舶投资成立中船动力（集团）有限公司，注册资本52亿,证券时报网
766,2020-11-30,中国船舶投资成立新公司，经营范围含环境保护专用设备等,企查查
767,2020-11-29,我国形成船舶燃油系统自主研制能力,经济日报
768,2020-11-27,中船科技(600072.SH)子公司中船九院获政府补助1700万元,智通财经
769,2020-11-27,中船科技(600072.SH)：10月1日以来获得政府补助3492.36万元,格隆汇
770,2020-11-26,A股收盘综述：上证指数涨0.22%，汽车、顺周期板块回调,Wind
771,2020-11-24,昨天涨停、今天跌停！暴涨240%妖股栽了，多家顶级游资被埋,中国基金报
772,2020-11-23,工信部：加快邮轮游艇等重大装备项目落地和产业化发展，更好服务海南自贸港建设,Wind
773,2020-11-23,中国海装的风电战略！,北极星电力
774,2020-11-20,中国船舶集团两名专家入选国务院学位委员会学科评议组成员,国际船舶
775,2020-11-18,中国海装“海上浮式风电装备研制”项目洽谈会举行,北极星电力
776,2020-11-17,昨天涨停、今天跌停！暴涨240%“大妖股”怎么了？,中国基金报
777,2020-11-16,里程碑式“牵手”：沪东中华完成世界最大流量单次LNG燃料加注,新浪
778,2020-11-13,中国船舶：拟转让中山公司51%的股权 资产异常,Wind
779,2020-11-12,国内首艘30m级海上风电专业运维船拟明年投运！,北极星电力
780,2020-11-12,中国首制！大型邮轮开始总装,中国经济网
781,2020-11-12,10909米！“奋斗者”号在马里亚纳海沟成功坐底－国务院国有资产监督管理委员会,国资委
782,2020-11-11,中国首制大型邮轮迎来里程碑节点,中证网
783,2020-11-11,中船澄西获通利航运3艘8.2万吨散货船订单,国际船舶
784,2020-11-11,“抢筹”A股定增，外资机构投资路线图浮现,Wind
785,2020-11-10,中国首制大型邮轮入坞总装 预计2023年完工交付,科技日报
786,2020-11-10,中国首制大型邮轮转入坞内连续搭载总装，2023年完工交付,澎湃新闻
787,2020-11-09,第三届中央企业熠星创新创意大赛导师培训会在京举办,科技日报
788,2020-11-07,中国船舶集团签订23项合约,Wind
789,2020-11-07,中国船舶集团签订23项合约,e公司
790,2020-11-07,买买买！央企进博会开启全球“大扫货”，“豪华购物车”里装了啥？,中证报
791,2020-11-07,中国船舶集团与浙江荣盛集团签署战略合作框架协议及合资合作协议,e公司
792,2020-11-06,【直击进博会】中国船舶集团与19家合作商23个项目签约－国务院国有资产监督管理委员会,国资委
793,2020-10-31,中国船舶前三季度净利1.63亿元同比下降87% 盈利能力下降,国际船舶
794,2020-10-30,中国船舶(600150.SH)：前三季净利同比降86.63%至1.63亿元 盈利能力下降,格隆汇
795,2020-10-30,中国船舶(600150.SH)前三季度净利润降86.63%至1.63亿元 盈利能力下降,格隆汇
796,2020-10-30,中国船舶公布三季报 前三季净利减少86.63%,新浪
797,2020-10-30,中国船舶：前三季度净利润同比减少86.63% 盈利能力下降,Wind
798,2020-10-29,大船集团亮相大连海事展宣布全力进军LNG船市场,国际船舶
799,2020-10-29,东方锅炉与中国船舶第七一八研究所签订氢能项目合作框架协议,北极星电力
800,2020-10-28,江南造船交付首艘全球最大双燃料集装箱船,国际船舶
801,2020-10-27,世界最大双燃料集装箱船在上海交付，可装23112个集装箱,澎湃新闻
802,2020-10-23,中国船舶第七〇八所签订3000吨自升自航式海上风电施工平台设计合同！,北极星电力
803,2020-10-22,中国舰船研究院举办2020年学位授予典礼,国际船舶
804,2020-10-21,山船重工全面推进成本工程实现企业扭亏脱困,国际船舶
805,2020-10-19,中国船舶集团举行“院士行”活动并与大连理工大学签署战略合作协议,e公司
806,2020-10-18,拿什么保卫我国造船业的成本优势,中国船舶报
807,2020-10-16,乘风破浪，壮阔启航！只为风电更好的未来,中国能源网
808,2020-10-15,中国海装精彩亮相2020北京风能展并发布会“H155-5MW陆上风电机组”产品,中国能源网
809,2020-10-14,中国海装发布H155-5MW陆上机组 并与鉴衡认证中心签署了战略合作协议,北极星电力
810,2020-10-14,中国海装发布5MW陆上风电产品 并与鉴衡认证中心签署了战略合作协议,北极星电力
811,2020-10-14,中国船舶：获2020年中国标准创新贡献奖一等奖,e公司
812,2020-10-14,2020年1-8月中国船舶出口量及金额增长情况分析,前瞻研究院
813,2020-10-14,我国近日成功研制CTA170涡轮增压器,中国机经网
814,2020-10-13,CWP2020揭秘丨大展位大家庭 你是否有很多问号？,北极星电力
815,2020-10-08,中国船舶：双燃料动力集装箱船交付,经济日报
816,2020-10-02,中国船舶子公司9月获得政府补贴1.68亿元,国际船舶
817,2020-10-01,IPO融资创新高，前三季度股权承销排行榜出炉,Wind
818,2020-09-30,中国船舶(600150.SH)子公司近日获1.676亿元政府补助,格隆汇
819,2020-09-30,【中金电子与通信】中国船舶（600150.SH）：仍然面临较大的需求压力，关注重大资产重组进展,乐平科技视角
820,2020-09-30,重庆红江与河柴重工签署战略合作协议,国际船舶
821,2020-09-28,上船院与北船重工签署战略合作协议,国际船舶
822,2020-09-24,广船国际1机投产1船开工,我的钢铁
823,2020-09-24,高端中国制造赋能，海上“绿巨人”首航,Wind
824,2020-09-23,进出口银行融资支持的全球首制最大双燃料集装箱船交付,中国金融新闻网
825,2020-09-22,全球第一艘23000箱双燃料动力集装箱船在上海交付,央视
826,2020-09-22,全球首艘23000TEU双燃料动力集装箱船交付,中证网
827,2020-09-15,首台+首秀——中国船舶集团风电全产业链乘风破浪,北极星电力
828,2020-09-15,我国正加速“掘金”海上风电安装船市场,羊城晚报
829,2020-09-15,外高桥造船1-8月造船完工量同比增长10%,我的钢铁
830,2020-09-11,全国第一！外高桥造船前8月完工量355万载重吨,国际船舶
831,2020-09-11,微招聘 | 打造全球风电产业龙头企业！我们广纳贤才 职等你来,北极星电力
832,2020-09-10,2020船舶用钢行业竞争分析及未来市场投资前景预测,中研网
833,2020-09-09,中国船舶集团研发直流快速断路器投入应用 打破国外垄断,新华网
834,2020-09-08,中国船舶造新“北京一号”正式亮相－国务院国有资产监督管理委员会,国资委
835,2020-09-08,中国船舶：子公司收到政府补助3615.73万元,中证网
836,2020-09-08,中国船舶：7月至8月收到政府补助3615.73万元 主要为科研专项补助和增产奖励,发布易
837,2020-09-08,中国船舶(600150.SH)：7-8月获得政府补助3615.73万元,格隆汇
838,2020-09-02,中国船舶集团：疫情防控和科研生产“双胜利”,和讯
839,2020-08-31,中国神航要来？两大千亿级集团大动作，军工风再起,券商中国
840,2020-08-30,利润大跌事出有因？中国船舶上半年净利大降 盈利能力下降,国际船舶
841,2020-08-29,上市公司正负面新闻2020年8月29日星期六,Wind
842,2020-08-28,收购资产调整前期会计报表 中国船舶上半年净利同比下降9成 盈利能力下降,e公司
843,2020-08-28,晚间重要公告2020年8月28日星期五,Wind
844,2020-08-28,中国船舶(600150.SH)半年度净利润降90.69%至1.34亿元 盈利能力下降,格隆汇
845,2020-08-28,中国船舶：上半年净利同比下降90.69% 盈利能力下降,e公司
846,2020-08-28,中国船舶：上半年净利润1.34亿元同比减少90.7% 盈利能力下降,格隆汇
847,2020-08-28,中国船舶：上半年净利润同比减少90.69% 盈利能力下降,Wind
848,2020-08-28,中国重工上半年净利同大降96% 盈利能力下降,国际船舶
849,2020-08-26,中国船舶集团与上海交通大学签战略合作框架协议,e公司
850,2020-08-12,中国船舶8月11日盘中涨停,中国船舶网
851,2020-08-11,武船集团重装公司与中海油签订LNG加注趸船合作框架协议,国际船舶
852,2020-08-11,2020年中国船舶涂料市场规模和发展前景分析 2025年将突破380亿元【组图】,前瞻研究院
853,2020-08-11,解盘：权重拉升指数，稀土、航母、白酒领涨,Wind
854,2020-08-11,产能将超海螺水泥！“中国神泥”横空出世！,雪球
855,2020-08-11,海西湾：驶出中国船舶海工“梦之队”,国际船舶
856,2020-08-10,江南造船原董事长陈金海逝世，曾领导新型驱逐舰潜艇研制,澎湃新闻
857,2020-08-10,中国船舶集团605院中标综合补给船设计项目,国际船舶
858,2020-08-10,中国船舶集团定点扶贫云南3县成效显著,经济日报
859,2020-08-08,化工行业周报：经济数据回暖提振石油需求 万华化学成立船舶运营公司,新浪
860,2020-08-07,军工板块异动拉升，中国船舶大涨6%,第一财经
861,2020-08-05,没卖掉？中国船舶再次转让旗下房地产公司股权 资产异常,航运在线
862,2020-08-04,中国船舶拟转让上海江兴置业85%股权 底价未披露 资产异常,中国网
863,2020-08-03,*ST湘电(600416)：低质量经营资产的剥离与业务关闭画上句号 公司Q3扭亏可期,新浪
864,2020-08-03,配套融资圆满成功中国船舶374亿重组收官,中新网
865,2020-08-02,中国船舶配套融资成功收官 将推动船海产业做强做优,证券日报
866,2020-08-01,中国船舶配套融资圆满成功,中新网
867,2020-07-31,中国船舶配套融资收官 军民船舶总装平台扬帆起航,中国证券网
868,2020-07-31,38.668亿！中国船舶重大资产重组配套募资收官,国际船舶
869,2020-07-31,有多难?详阅中国船舶工业半年报,中港网
870,2020-07-31,中国船舶集团与宜昌市政府签订海洋装备科技园项目合作协议,国际船舶
871,2020-07-30,上半年 全球造船业中国成绩最好,中国工业报
872,2020-07-30,上半年船舶工业经济运行分析,国际船舶
873,2020-07-29,中国船舶集团和西北工业大学签署战略合作协议,国际船舶
874,2020-07-27,桂江造船签订2艘19米拖轮建造合同,国际船舶
875,2020-07-26,中国船舶集团为我国首次火星探测任务保驾护航,国际船舶
876,2020-07-21,中国船舶集团获业绩考核A级 旗下上市公司重组未来可期,证券日报
877,2020-07-21,中国船舶集团1元甩卖旗下船企全部股权 资产异常,中港网
878,2020-07-21,集团荣获业绩考核A级，中国船舶重组未来可期,挖贝网
879,2020-07-21,“实验6”号成功下水！我国海洋科考又添利器,中国船舶网
880,2020-07-21,中船动力完成520mm缸径柴油机原理样机平均有效压力2.6MPa性能试验,国际船舶
881,2020-07-20,8户中央企业连续16年获得经营业绩考核A级,Wind
882,2020-07-17,中国船舶子公司挂牌上海舟欣置业60%股权 含多处未处理待开发资产,观点地产网
883,2020-07-16,“船舶用甲醇燃料发动机”技术研讨会在天津大学召开,国际船舶
884,2020-07-16,外高桥造船一周连续交付2艘好望角型散货船,国际船舶
885,2020-07-16,*ST湘电(600416)：剥离后口径收入或出现94.8%左右增长 龙头启航,新浪
886,2020-07-15,中国船舶集团与交通运输部海事局签署战略合作协议,Wind
887,2020-07-15,中国船舶集团“四定力”助推丘北脱贫打胜仗,云南网
888,2020-07-15,中国船舶集团与交通部海事局开展战略合作，共维护造船产业链,格隆汇
889,2020-07-15,中船投资上半年盈利8.83亿超额完成目标,国际船舶
890,2020-07-15,中国船舶大幅拉升5.66% 股价创近2个月新高,中国船舶网
891,2020-07-15,2020船舶配套自动化系统应用现状及前景分析,中研网
892,2020-07-15,2020年6月中国船舶出口量同比下降30.8%,中商情报网
893,2020-07-14,扬州中远海运重工建造船舶取得中国船舶档案中心签发首张SCF符合声明,国际船舶
894,2020-07-10,中国船舶工业的软件之忧,中国船舶报
895,2020-07-10,中国船舶集团和中国船级社签署战略合作协议,国际船舶
896,2020-07-10,首个IPO！中船汉光创业板成功挂牌上市,国际船舶
897,2020-07-09,中船汉光登陆创业板 打造信息安全系统集成服务商,中证网
898,2020-07-09,[路演]雷凡培：中船汉光是中国船舶集团倾力打造创新型优质公司,全景网
899,2020-07-09,上市公司正负面新闻2020年7月9日星期四,Wind
900,2020-07-08,晚间重要公告2020年7月8日星期三,Wind
901,2020-07-08,中国船舶：6月两家子公司总计收到政府补助3821.18万元,Wind
902,2020-07-08,中国船舶(600150.SH)近日获3821.18万元政府补助,格隆汇
903,2020-07-08,中国船舶加大集中采购力度精准配送 保证全供应链成本最低,央视
904,2020-07-08,解盘：超200亿资金流入，稀土永磁、军工、新材料领涨,Wind
905,2020-07-08,【行情】中船概念板块拉升走强，中船防务涨近8%，中船科技、中船应急、中国重工、中国船舶等跟涨,金十数据
906,2020-07-07,军工行业周报：市场交易情绪升温 关注军工优质低估值品种修复行情,新浪
907,2020-07-06,中国船舶：签署1.2亿美元海外订单,e公司
908,2020-07-04,中国船舶集团积极开展工业节能诊断服务,中国船舶网
909,2020-07-03,黄埔文冲龙穴厂区建造首艘集装箱船交付,国际船舶
910,2020-07-03,如虎添翼！国内最大室内船台在中国船舶集团黄埔文冲完工投产,中国水运网
911,2020-07-03,中国船舶集团海装风电2020年首个自建风场全部机组完成吊装,北极星电力
912,2020-07-01,军工行业周报：上半年外资增持军工新材料、信息化等板块优质个股,新浪
913,2020-07-01,时间到!中国船舶外高桥造船交卷!,航运在线
914,2020-06-30,外高桥造船上半年交船超222万载重吨实现“双过半”目标,国际船舶
915,2020-06-30,LNG全产业链携手发力 中国船舶再签大单,e公司
916,2020-06-30,河钢承钢高端卷板首次直供中国船舶,上海有色
917,2020-06-30,中国船舶外高桥造船交付18万吨散货船，时间过半任务过半,澎湃新闻
918,2020-06-29,中国船舶第七一八研究所天津分部正式揭牌入驻,北极星电力
919,2020-06-29,1-5月份中国船舶工业企业效益状况持续改善,国际船舶
920,2020-06-23,年内多家上市公司 市场化债转股成绩显著,证券日报
921,2020-06-23,年内多家上市公司市场化债转股成绩显著,证券日报
922,2020-06-22,国防军工行业2020年下半年投资策略：无畏疫情 坚定增长,光大证券
923,2020-06-22,浙矿股份：未与中国船舶工业集团合作，也未参与“天鲲二代”项目,Wind
924,2020-06-18,中国船舶：董事会选举张英岱为公司董事长,中证网
925,2020-06-18,中国船舶(600150.SH)：选举张英岱为公司第七届董事会董事长,格隆汇
926,2020-06-18,中国船舶七二五所顺利完成可交换债券发行,国际船舶
927,2020-06-17,中国船舶变更2019年年度股东大会会议地址,国际船舶
928,2020-06-17,氢能船舶插上“政策”翅膀,中国能源网china5e
929,2020-06-17,广船国际交付第3个沉管隧道管节钢壳,国际船舶
930,2020-06-17,中国船舶集团召开科技创新大会,国际船舶
931,2020-06-16,中国船舶集团七二二所成功研制出40G高性能数据处理平台,Wind
932,2020-06-16,中国船舶集团七二二所成功研制出40G高性能数据处理平台,e公司
933,2020-06-15,低硫燃料油现货价格 船用燃料油市场预测 2020年船舶燃料油行业发展前景趋势及现状分析,中研网
934,2020-06-15,交通运输部研究推进氢能等在航运产业应用,交通运输部
935,2020-06-09,看这家整机厂商如何护航“风电产业之都”,新能源网
936,2020-06-08,中国船舶(600150.SH)：收到政府补助资金3476.48万元,格隆汇
937,2020-06-08,2020年5月中国船舶出口量同比增长8.5%,中商情报网
938,2020-06-02,建筑装饰行业专题研究：目前仍处债转股政策推进窗口期 建筑央企国企订单落地速度有望加快,新浪
939,2020-06-02,世界最大船用双燃料发动机全球发布,央视
940,2020-06-02,中国船舶集团提出的船舶消防标准成功立项,国际船舶
941,2020-06-01,中国船舶集团发布高质量发展战略纲要,e公司
942,2020-06-01,一批重点工程取得新进展 中国船舶全产业链恢复生产,央视
943,2020-06-01,审核用时减少，效率提升 并购重组大单不断,中国经济网
944,2020-05-31,5个月已交付5艘船舶 中国船舶全产业链恢复生产,央视
945,2020-05-29,中国船舶集团与广东省人民政府、中国海油签署框架协议,Wind
946,2020-05-27,2020年1-4月中国船舶出口量同比下降33.7%,中商情报网
947,2020-05-26,中国船舶集团发布世界最大船用双燃料低速机,Wind
948,2020-05-26,世界最大船用双燃料低速机全球发布,中证网
949,2020-05-26,【华创军工|行业深度】军工行业2019年报&2020年一季报总结：板块高景气度持续得到验证，比较优势凸显,华创军工研究
950,2020-05-25,订单逆势增长！中国船舶集团在渝企业交出亮丽答卷,经济日报
951,2020-05-23,来自中国船舶集团的两会代表委员建言：调整外籍船舶修理废钢处置政策,中证网
952,2020-05-22,艾可蓝(300816)：排放标准不断升级 尾气后处理企业前景广阔,新浪
953,2020-05-21,北船重工与山钢、五矿营钢签订船板战略合作协议,国际船舶
954,2020-05-20,中国船舶：2019年年度股东大会延期至2020年6月18日,Wind
955,2020-05-20,中船广西与中船重工集团国际工程有限公司战略合作,国际船舶
956,2020-05-20,揭秘送转股 34只除权以来股价上涨 5股强势起飞,证券时报
957,2020-05-20,疫情下并购重组审核、实施常态化，前4个月实施金额超5000亿元,Wind
958,2020-05-19,招商轮船与大船集团在北京、香港、大连三地举行“云签约”仪式,招商轮船
959,2020-05-19,大船集团获招商轮船2艘新一代节能环保VLCC订单,国际船舶
960,2020-05-19,中国船舶大船集团本部VLCC订单突破百艘,中国水运网
961,2020-05-15,国内船企联合研发“钒液流电池”船用技术,国际船舶
962,2020-05-15,中国船企揽获65%新船订单 撑起全球造船业“半壁江山”,和讯
963,2020-05-14,数字化转型来袭，中国船舶集团海装风电客户关系管理系统正式上线,新能源网
964,2020-05-13,2020年4月中国船舶出口量同比下降33.9%,中商情报网
965,2020-05-12,中国船舶集团新增订单逆势增长,电缆网
966,2020-05-12,频频签约大额订单！中国船舶前四月新接订单好于去年同期,央视
967,2020-05-12,中国船舶：勇揽大单造好船,经济日报
968,2020-05-11,了不得！“极地先锋”515天战冰斗雪毫发无损,航运在线
969,2020-05-11,中国船舶集团新船订单比去年同期增长5%,国际船舶
970,2020-05-09,外高桥造船与国银租赁签署3艘21万吨散货船合同,国际船舶
971,2020-05-09,中国船舶集团高层到外高桥造船现场调研邮轮项目,国际船舶
972,2020-05-05,上交所发布沪市主板公司2019年年报整体分析报告,Wind
973,2020-04-30,中国船舶(600150.SH)：签订46亿元的总计12艘12万吨级双燃料阿芙拉成品油船建造合同,格隆汇
974,2020-04-30,中国船舶旗下企业通过“云签约”再接约46亿元造船大单,央视
975,2020-04-30,京穗沪三地“云签约”，总价超30亿船舶订单花落广船国际,中国发展网
976,2020-04-30,12艘，46亿元!中国船舶集团再签大单,科技日报
977,2020-04-30,中国船舶一季度净利润大降99.84% 盈利能力下降,国际船舶
978,2020-04-30,中国船舶集团与中国海油签署战略合作协议,国际船舶
979,2020-04-30,中国船舶集团两大船厂再获46亿元大单,国际船舶
980,2020-04-29,中国船舶：一季度净利润同比减少99.84% 盈利能力下降,Wind
981,2020-04-29,中国船舶(600150.SH)一季度净利降99.84%至226.46万元 盈利能力下降,格隆汇
982,2020-04-29,中国船舶：一季度净利润同比下降99.84% 盈利能力下降,格隆汇
983,2020-04-29,上海外高桥造船复工以来梅开二度，再获新油船建造订单,上观
984,2020-04-29,中国船舶集团旗下单位与交银租赁签署12艘双燃料油船建造合同,新华网
985,2020-04-29,中国船舶集团与交通银行签署12艘12万吨双燃料油船建造合同,Wind
986,2020-04-29,交行为船舶工业复工复产注入新动力,中新网
987,2020-04-29,市场化改革持续推进 并购重组成提高上市公司质量重要方式,金融界
988,2020-04-28,历史低价 中国船舶集团成功发行30亿元公司债券,国际船舶
989,2020-04-27,安排上！一大批百亿元大项目来了！,央视
990,2020-04-26,中船动力获23000TEU集装箱船主机和发电机组合同,国际船舶
991,2020-04-26,中企海外项目新签 中标16个项目动态汇总（2020-4-24）,北极星节能
992,2020-04-24,中国船舶签订200亿元订单 为低谷中的造船行业注入新动力,证券时报网
993,2020-04-24,银河证券：中国船舶签订200亿元订单 为低谷中造船行业注入新动力,金融界
994,2020-04-23,超200亿元！这家公司拿下我国迄今最大造船出口订单→,央视
995,2020-04-23,中国船舶集团一季度接获新船订单31艘船,央视
996,2020-04-23,【东吴七点半】市场缩量低开高走，农业板块再度升温（4.23）,东吴财经通
997,2020-04-23,中国船舶(600150)：营业收入同比增长，注入资产有望提升盈利能力,中信建投证券研究
998,2020-04-23,中国船舶集团承接卡塔尔超200亿元船舶大订单,e公司
999,2020-04-23,中国船舶集团“云签约”最大造船订单,中国船舶网
1000,2020-04-23,航母概念股直线冲高，亚星锚链等拉升明显,Wind
1001,2020-04-23,一季度中国船舶集团承接新订单31艘船 总价94亿元人民币,央视
1002,2020-04-23,200亿超级大单！沪东中华拿下了这份中国迄今最大造船出口合同,环球老虎财经
1003,2020-04-23,原油昂首阔步 化工品多头狂欢,中华商务网
1004,2020-04-23,收盘 · 五分钟了解今日期货市场发生了什么（内含主力合约涨跌情况）|宁证期货|,宁证期货
1005,2020-04-22,中船科技今日盘中涨幅超4% 去年净利润同比增长110.54%,证券日报
1006,2020-04-22,中国船舶集团获卡塔尔石油公司LNG船订单 总金额超过200亿元人民币,新华网
1007,2020-04-22,中国船舶揽下卡塔尔天然气项目 总金额超200亿人民币,央视
1008,2020-04-22,200亿!沪东中华斩获卡塔尔首批LNG船大单,国际船舶
1009,2020-04-22,A股收盘：深成指收涨逾1% 贵州茅台派息超200亿元,英为财情
1010,2020-04-22,中国船舶集团与卡塔尔石油公司签订LNG船订单,新华网
1011,2020-04-22,中国船舶集团揽下卡塔尔天然气项目首批订单,中证网
1012,2020-04-22,中国船舶集团获200亿元造船合同,北京商报
1013,2020-04-22,和信投顾：多方强势反击 主线行情已逐步明朗,新浪
1014,2020-04-22,收评：三大指数低开高走沪指涨0.6% 农业股迎涨停潮,新浪
1015,2020-04-22,中国船舶(600150.SH)领船舶股集体拉升 沪东中华拿下超200亿元大单,格隆汇
1016,2020-04-22,船舶制造股异动拉升，中国船舶涨逾5%,第一财经
1017,2020-04-22,中国迄今最大造船出口订单：沪东中华拿下超200亿元大单,澎湃新闻
1018,2020-04-22,船舶板块拉升，中国船舶一度涨逾5%。沪东中华拿下超200亿大单,证券时报网
1019,2020-04-22,船舶制造股拉升 中国船舶涨逾5%,上证报
1020,2020-04-22,快讯：中船系板块持续拉升 中国船舶、中船科涨5%,新浪
1021,2020-04-22,中船科技、中国船舶双双拉升，涨幅均超4%,Wind
1022,2020-04-22,中国迄今最大造船出口订单诞生，沪东中华拿下超200亿元大单,Wind
1023,2020-04-22,中国迄今最大造船出口订单诞生，沪东中华拿下超200亿元大单,上观
1024,2020-04-17,中国船舶(600150.SH)2019年度净利降17.26%至4.05亿元 盈利能力下降,格隆汇
1025,2020-04-17,中国船舶：2019年净利同比降17% 盈利能力下降,e公司
1026,2020-04-17,中国船舶：2019年净利润同比减少17.26% 盈利能力下降,Wind
1027,2020-04-17,数说中国经济“复苏”,央视
1028,2020-04-16,重大突破！万米深海科考绞车实现国产化研制！,央视
1029,2020-04-16,国内首次实现工程化应用！中国船舶集团七二五所自主研发印刷板式换热器取得重大突破！,中国机经网
1030,2020-04-16,各类订单进展顺利 “中国船舶”企业复工复产率达95%,央视
1031,2020-04-16,上市公司急忙定增“解渴”3月预案数创近4年新高,面包财经
1032,2020-04-15,2020年3月中国船舶出口量同比下降31.8%,中商情报网
1033,2020-04-10,国资委召开部分重点行业中央企业经济运行工作座谈会,Wind
1034,2020-04-07,国外风电技术壁垒，突破！操作系统兼容互认证，通过！这俩硬核产品不简单,中国船舶
1035,2020-04-05,3月A股市值荣耀榜出炉！深度震荡下 你的“自选股”还好么？,金融界
1036,2020-04-03,中船动力集团成立新领导班子任命,国际船舶
1037,2020-04-02,中国船舶定增收购江南造船100%股权,国际船舶
1038,2020-04-02,中国船舶工业股份有限公司 关于发行股份购买资产发行结果暨股本变动情况的补充公告,中证报
1039,2020-04-01,疫情下的危与机：中国船舶再签新订单 开启多船型领域合作新篇章,证券日报
1040,2020-03-31,中船防务(600685.SH)：广船国际27.4214%股权完成过户登记,格隆汇
1041,2020-03-31,中船防务：重大资产出售的标的资产已经完成过户 资产异常,Wind
1042,2020-03-31,中国船舶重齿公司与多个国家的合作伙伴携手抗疫,新能源网
1043,2020-03-30,上证指数收盘跌近1%，科技股集体哑火,Wind
1044,2020-03-26,浙江发布国内首个船舶拍卖市场白皮书,国际船舶
1045,2020-03-24,中国船舶(600150.SH)：重组涉及的标的资产已完成过户,格隆汇
1046,2020-03-24,中船防务：重大资产出售暨关联交易完成资产过户 预计获得投资收益29.24亿元 资产异常,中证网
1047,2020-03-24,中船防务(600685.SH)：广船国际股权完成过户登记,格隆汇
1048,2020-03-24,中船防务(00317)：广船国际27.4214%股权过户登记已交易至中国船舶名下,智通财经
1049,2020-03-24,中国海防：着力水下攻防体系建设 公司估值水平偏低,南方财经网
1050,2020-03-21,疫情下的危与机：中国船舶再签新订单,证券日报
1051,2020-03-20,疫情下的危与机：中国船舶再签新订单 开启多船型领域合作新篇章,证券日报
1052,2020-03-20,武汉船机等多家在鄂船企复工复产,中国船舶报
1053,2020-03-20,保交船抢订单 中国船舶员工复工“万”无一失,上证报
1054,2020-03-19,中船防务(600685.SH)：广船国际27.4214%股权完成过户登记,格隆汇
1055,2020-03-18,15天跨界量产口罩机 中国船舶集团硬核战疫,中证报
1056,2020-03-10,中船防务：拟出售澄西扬州49%股权获利3.23亿元 资产异常,中证网
1057,2020-03-10,中船防务转让澄西扬州49%股权给中国船舶及中船澄西 共计9.64亿元 资产异常,资本邦
1058,2020-03-10,中国船舶整合海上风塔及修船业务,国际船舶
1059,2020-03-10,盘前必读公告：这些股不容错过！,巨丰财经
1060,2020-03-09,晚间公告热点追踪：多只口罩概念股发布公告提示风险,新浪
1061,2020-03-09,根据未来发展方向 中船防务(00317)以9.64亿元出售中船澄西扬州49%股权 资产异常,智通财经
1062,2020-03-09,中国船舶(600150.SH)：中船澄西拟1.55亿元收购广西船海12.56%股权,格隆汇
1063,2020-03-09,中国船舶(600150.SH)及控股子公司拟受让澄西扬州49%股权,格隆汇
1064,2020-03-09,中船防务(600685.SH)拟9.64亿元转让澄西扬州49%股权 资产异常,格隆汇
1065,2020-03-09,2020年1-2月中国船舶出口量同比下降34.3%,中商情报网
1066,2020-03-06,选股当衡量股东整体回报率,中财网
1067,2020-03-06,交通运输部回应其他国家对中国船舶进行管控,中新网
1068,2020-03-06,【报道】针对一些国家对中国船舶采取管控措施，交通运输部副部长刘小明说，一些远洋船舶到了目的国家早过了14天隔离观察期，是安全的,金十数据
1069,2020-03-05,上市公司定增动态：新规激发市场活力 预案数量创新高,面包财经
1070,2020-03-04,中国船舶集团又好又快研制生产口罩机、压条机 “一机难求”难不倒军工央企,经济日报
1071,2020-03-03,口罩产量井喷，距离实现“口罩自由”不远了,科技日报
1072,2020-03-03,中国船舶：监事辞职,Wind
1073,2020-03-03,世界最大造船集团中船集团的400亿“疫情防控债”融资券来了,搜狐
1074,2020-03-03,中国船舶集团成功发行市场规模最大“疫情防控债”,国际船舶
1075,2020-02-28,中国船舶资产重组获批央企产业升级再起航,企业观察报
1076,2020-02-28,造航母的也来生产口罩机器，央企太拼了！,每日经济新闻
1077,2020-02-27,全球最大造船集团“变身”口罩设备制造商,国际船舶
1078,2020-02-27,中国船舶集团：口罩防护服等生产设备全面量产,中证网
1079,2020-02-27,我有口罩机压条机！造航母的中船开始量产口罩防护服生产设备,澎湃新闻
1080,2020-02-26,万亿投资计划出炉！以基建为重点，拉动经济增长，A股已沸腾,Wind
1081,2020-02-26,上证指数收盘跌0.8%，创业板指跌超4%,Wind
1082,2020-02-26,中船系板块走势强劲中国船舶飙涨停多只个股大涨,财界网
1083,2020-02-26,中国船舶2月26日盘中涨停,中国船舶网
1084,2020-02-26,解盘：科技股集体回调，大基建、广电系、乡村振兴、一带一路领涨,Wind
1085,2020-02-26,A股异动|中国船舶涨逾7%重组事项获中国证监会核准,格隆汇
1086,2020-02-26,中船系早盘集体走强 中国船舶涨逾6%,中国经济网
1087,2020-02-26,船舶股异动,Wind
1088,2020-02-26,上市公司正负面新闻2020年2月26日星期三,Wind
1089,2020-02-25,防疫物资生产关键设备样机正式下线,Wind
1090,2020-02-25,公告精选：中核钛白上调钛白粉售价；中国船舶重组获核准,证券时报
1091,2020-02-25,25日晚公告精选丨中国船舶：重大资产重组获得中国证监会核准,21世纪经济报道
1092,2020-02-25,晚间重要公告2020年2月25日星期二,Wind
1093,2020-02-25,中国船舶：发行股份购买资产并募集配套资金事项获核准,新京报
1094,2020-02-25,中国船舶(600150.SH)：重组事项获中国证监会核准,格隆汇
1095,2020-02-25,中国船舶：373.68亿发行股份购买资产获证监会批复,新浪
1096,2020-02-25,中国船舶：重大资产重组获证监会核准批复,e公司
1097,2020-02-25,中国船舶：重大资产重组获证监会核准批复,Wind
1098,2020-02-25,中船防务(00317.HK)：广船国际股权完成过户登记,格隆汇
1099,2020-02-24,港口码头开始繁忙了！,Wind
1100,2020-02-24,央企巨头复工后在忙啥？科技成果改革推进看点纷呈,Wind
1101,2020-02-09,【拔萃视点】中资美元债周评,搜狐
1102,2020-02-07,各国对中国船舶靠港管制“一刀切”？拒绝谣言,我的钢铁
1103,2020-02-07,多国港口收紧中国船舶靠港规定 船公司称影响有限,21世纪经济报道
1104,2020-02-03,中国船舶跌停报于19.27元,金融界
1105,2020-01-30,【抗击疫情央企在行动】中国船舶集团向湖北省等疫区捐赠5000万元,新华网
1106,2020-01-23,全球最大造船集团船海业务成绩单出炉,中国经济网
1107,2020-01-22,中国船舶集团第10家上市公司中船汉光IPO过审,国际船舶
1108,2020-01-21,中国船舶第4季度获7709万元政府补助,国际船舶
1109,2020-01-20,中国船舶(600150.SH)第四季度获7709.04万元政府补助,格隆汇
1110,2020-01-20,82亿元拍下!中国船舶集团共同开发建南方总部,国际船舶
1111,2020-01-15,雷凡培：钢铁与船舶应深化互利合作,中国冶金报
1112,2020-01-15,英媒关注中国“南北船”合并,腾讯网
1113,2020-01-14,Qatargas高层到访沪东中华欲合作建造LNG船,国际船舶
1114,2020-01-13,2019年，船舶海工上市企业的“盛宴”,航运交易公报
1115,2020-01-13,中国船舶374亿重组顺利过会 南北船联合重组加速整合,新浪
1116,2020-01-12,每经19点丨上海银行：向宝能集团授信属于正常商业行为；发改委：2019年中国人均GDP将首超1万美元；多家航空公司春运加开航班,每日经济新闻
1117,2020-01-11,2019中国十大并购评选揭晓 高瓴入主格力电器在列,新浪
1118,2020-01-10,2020年并购重组第一单 中国船舶374亿重组过会,国际金融报
1119,2020-01-10,中国船舶374亿元重组获无条件通过,北京商报
1120,2020-01-10,中国船舶并购重组事项获通过 公司1月13日起复牌,证券日报
1121,2020-01-10,中国船舶：黄旭华获2019年度国家最高科学技术奖,证券时报网
1122,2020-01-10,中国船舶(600150.SH)：重组事项获无条件通过13日复牌,格隆汇
1123,2020-01-10,证监会：中国船舶发行股份购买资产获无条件通过,Wind
1124,2020-01-10,证监会：中国船舶工业股份有限公司（发行股份购买资产）获无条件通过。,金十数据
1125,2020-01-09,新年首单 中国船舶374亿重组迎考,北京商报网
1126,2020-01-09,中国船舶：并购重组事项明日上会 股票停牌,e公司
1127,2020-01-09,中国船舶：重组上会 10日开市起停牌 重大事项停牌,金融界
1128,2020-01-09,中国船舶：公司发行股份购买资产事项明日上会，股票停牌 重大事项停牌,Wind
1129,2020-01-08,中国首艘国产航母山东舰文创产品发布,科技日报
1130,2020-01-06,中国船舶集团与通用技术集团签订战略合作框架协议,机电之家
1131,2020-01-06,证监会：中国船舶发行股份购买资产1月10日上会,Wind
1132,2020-01-03,中国船舶(600150.SH)：重组事项近日上会当天停牌,格隆汇
1133,2020-01-03,中国船舶：重组事项将于近日上会,e公司
1134,2020-01-03,限硫令下的中国船舶减排力争上游,中国环境报
1135,2019-12-31,【东北基础化工】日报/埃克森美孚惠州乙烯项目正式开工 20200423,东北基础化工
1136,2019-12-31,2019年中国证券市场十大新闻,中证报
1137,2019-12-30,中船防务(00317)与中国船舶订立2020-2022框架协议,智通财经
1138,2019-12-30,2019这一年|新诞生的4家“超级央企”,新京报
1139,2019-12-30,中国船舶(600150.SH)：沪东重机共获2.64亿元剩余土地收储补偿款,格隆汇
1140,2019-12-29,2人落马！中国船舶集团一天打两虎 其他违规处罚,国际船舶
1141,2019-12-27,2019年1-11月中国船舶进口量同比下降32.1%,中商情报网
1142,2019-12-27,中国船舶集团与通用技术集团签订战略合作框架协议,国际船舶
1143,2019-12-27,中国船舶重齿公司首套危废处理系统投入运行,北极星电力
1144,2019-12-27,7900亿元全球“船老大”诞生 造船业刮起整合风潮,证券日报
1145,2019-12-25,中国船舶373.68亿定增收购江南造船100%股权、外高桥造船36.2717%股权及中船澄西21.4598%股权等五家公司股权,21世纪经济报道
1146,2019-12-25,中国船舶集团新一届董事会成立首月全面高效履职,中国船舶
1147,2019-12-25,中国船舶集团增资加码邮轮业务,国际船舶
1148,2019-12-24,中国船舶(600150.SH)：外高桥造船放弃对邮轮科技同比例增资权持股将降至19.57%,格隆汇
1149,2019-12-20,中国船舶(600150.SH)：陈琪辞任董事等职 董监高成员变化,格隆汇
1150,2019-12-20,中国船舶：董事辞职 董监高成员变化,Wind
1151,2019-12-19,邯郸推进氢能装备产业发展,中国能源网china5e
1152,2019-12-18,首艘国产航母交付海军 整条产业链闻风“股”舞,新浪
1153,2019-12-16,中国船舶海洋信息装备产业园在云栖小镇开工,中国船舶网
1154,2019-12-16,这种船全球不过十几艘 中国开工建造第九艘,杭州网
1155,2019-12-12,中船系午后小幅拉升 中国船舶涨逾3%,中国经济网
1156,2019-12-12,中国船舶牵头全球首个“智慧海洋”国际标准成功立项,国际船舶
1157,2019-12-11,2019年11月中国船舶出口量同比下降12.1%,中商情报网
1158,2019-12-07,深圳将设100亿海洋基金，股东包括前海金控、中国船舶和工商银行,21世纪经济报道
1159,2019-12-07,江苏科技大学发布《中国船舶与海工装备制造业专利指数发展报告》,国际船舶
1160,2019-12-06,招商局王宏出席招商轮船与中国船舶集团VLCC签约仪式,中港网
1161,2019-12-06,8大基地投资百亿 中国海装风电智能化装备产业园项目落户象山,北极星电力
1162,2019-12-06,中国海装与宁波市象山县政府签订200万千瓦海上风电资源及产业投资合作协议,中国机经网
1163,2019-12-06,重磅！中国海装拿下浙江2GW海上风资源！,新能源网
1164,2019-12-06,中国船舶重组后亮出“真本事”,中国经济网
1165,2019-12-05,中国船贸密集签约近45亿元闪耀中国国际海事展,国际船舶
1166,2019-12-05,京鲁船业推出超级节能型8.8万载重吨散货船,国际船舶
1167,2019-12-05,百年康明斯盛装出席2019中国国际海事展,工程机械商贸
1168,2019-12-05,【名企】亿纬锂能与中船动力研究院签约，共同推进新能源船舶发展！,新能源网
1169,2019-12-05,中国船舶集团发布全球首艘氢燃料试点船舶设计方案,国际船舶
1170,2019-12-05,中国船级社2019年绿色技术论坛召开,中港网
1171,2019-12-04,中船集艾邮轮配套“三个中心”正式揭牌,国际船舶
1172,2019-12-04,哈工程和中国船舶集团签署战略合作协议,国际船舶
1173,2019-12-04,科技赋能丨中国海装一专利获中国船舶集团发明专利实施一等奖,北极星电力
1174,2019-12-04,300亿！中国船舶集团挂牌后首亮相 将签数十项造船配套产品合同,中国水运网
1175,2019-12-04,中国“神”船首次公开亮相 百亿级大单惹眼,上证报
1176,2019-12-04,校企联合助推造船强国建设,科技日报
1177,2019-12-04,船舶工业向高端转型,科技日报
1178,2019-12-04,中国船舶集团海事展密集签约掀起最高潮,国际船舶
1179,2019-12-03,中国船舶集团发布国内第一艘纯电池动力客船,第一财经
1180,2019-12-03,中国船舶集团正式起航！百亿级大订单惹眼,上证报
1181,2019-12-03,300亿合同!中国船舶集团首次亮相海事展,国际船舶
1182,2019-12-03,中国海装获中国风电三十年整机制造企业突出贡献奖,新能源网
1183,2019-12-03,每经9点丨格力电器股权转让落地，今日开市起复牌；外资全年增持中国债券有望突破1万亿元；北京顺义一加工厂房发生爆炸致1人死亡2人失联,每日经济新闻
1184,2019-12-02,中国船舶集团签署近300亿元船海项目，新领导班子分工落定,澎湃新闻
1185,2019-12-02,中国船舶集团与劳氏船级社集团签订战略合作备忘录,e公司
1186,2019-12-02,牛！全球最大造船集团一出手就签下300亿订单,上游新闻
1187,2019-12-02,中国船舶集团将与客户签订300亿元订单,Wind
1188,2019-12-02,中国船舶集团挂牌后首次亮相，签下300亿元订单,中国水运网
1189,2019-12-02,创投周报｜中国船舶集团在京揭牌；小红书开放直播平台,新京报
1190,2019-12-01,沪东中华打造全方位LNG产业链成绩斐然,中国船舶报
1191,2019-11-30,2019年1-10月中国船舶进口量为2469艘 同比下降35%,中商情报网
1192,2019-11-29,广州造船业搭“中国神船”掘金蓝海,南方网
1193,2019-11-29,【华泰军工年度策略报告】多重催化，军工行业有望底部反转,和讯
1194,2019-11-28,全球最大造船集团正式成立 领导班子明确11人,新浪
1195,2019-11-28,23888TEU!新纪录!世界最大集装箱船将由中国造!,中港网
1196,2019-11-27,8000亿神船诞生！中国中车、宝武钢铁之后，还有多少巨无霸在路上？,证券时报
1197,2019-11-27,银河证券：两船合并落下帷幕，资产运作有望加速,证券时报网
1198,2019-11-27,巨丰投顾：科技股仍是市场上行主要推手,巨丰财经
1199,2019-11-27,"""南北船""合并成全球最大 优势互补将建世界一流企业",央视
1200,2019-11-27,“南北船”合体起航 合并资产近8000亿元,北青网
1201,2019-11-27,中国船舶集团11名领导一览：5人来自南船，6人来自北船,澎湃新闻
1202,2019-11-27,中船集团和中船重工合并 世界最大造船厂揭开面纱,杭州网
1203,2019-11-27,财经早报：214亿北上资金抢筹 2新股今日申购,新浪
1204,2019-11-27,年内最大IPO 阿里首日超腾讯,广州日报
1205,2019-11-27,财经早知道｜慢性髓性白血病治疗药物甲磺酸氟马替尼获批上市,上游新闻
1206,2019-11-27,“中国神船”揭开面纱，领导班子亮相,一带一路高参
1207,2019-11-27,“南船”“北船”正式实施联合重组 全球最大造船集团横空出世,经济日报
1208,2019-11-27,7900亿元全球最大造船集团成立 造船业洗牌加剧倒逼船企整合,证券日报
1209,2019-11-27,南北船合体铸就全球之最 A股公司望迎来资产重估机会,中证报
1210,2019-11-27,资产近8000亿 全球最大船企中国船舶诞生,北京商报
1211,2019-11-26,又一个全球最大来了！,经济日报
1212,2019-11-26,中国船舶集团有限公司成立 雷凡培任董事长,新浪
1213,2019-11-26,对话中国船舶集团董事长雷凡培：世界一流船舶集团怎么建,澎湃新闻
1214,2019-11-26,MSCI最大扩容生效创指涨逾1%外资抄底净流入额创A股历史最高,财华社
1215,2019-11-26,中国船舶集团有限公司成立 公司领导班子配备,e公司
1216,2019-11-26,我国首艘渔业捕捞加工一体船入列海洋试点国家实验室科考船队,工业新闻网
1217,2019-11-26,中船系股票异动频频 中国船舶领衔多只个股跟涨,财界网
1218,2019-11-26,【异动股】船舶制造板块拉升，中国船舶(600150-CN)涨5.06%,财华社
1219,2019-11-26,中船系午后持续活跃 中国船舶涨逾5%,中国经济网
1220,2019-11-26,“南北船”合并 全球最大造船集团中国船舶集团揭牌,新京报
1221,2019-11-26,全国最大造船集团成立 注册资本1100亿人民币,金融界
1222,2019-11-26,中国船舶集团有限公司在京揭牌，全球最大造船集团来了,新京报
1223,2019-11-26,源达：今日MSCI最大扩容生效 密切关注沪深港通资金动向,中金在线
1224,2019-11-26,沪指高开震荡 阿里巴巴二次上市股价飙升,新浪
1225,2019-11-26,全球最大造船集团成立，相关公司或迎来资产重估机会,第一财经
1226,2019-11-26,军工板块开盘冲高中国船舶大涨6%,新浪
1227,2019-11-26,军工板块开盘活跃 中国船舶涨逾5%,证券时报网
1228,2019-11-26,军工股早盘集体走强 中国船舶涨逾7%,中国经济网
1229,2019-11-26,【行情】中船系概念股集体走强，中国船舶涨6%，中船防务、中船科技、中国应急跟涨。,金十数据
1230,2019-11-26,南北船题材快速冲高，中国船舶大涨6%,Wind
1231,2019-11-26,南北船合体：中国船舶集团成立 为全球最大造船集团,央视
1232,2019-11-26,【“南北船”合体！全球最大造船集团——中国船舶集团有限公司成立】今天上午，重组后的中国船舶集团有限公司在北京召开成立大会,金十数据
1233,2019-11-26,“南北船”合体！全球最大的造船集团——中国船舶集团有限公司今日在京揭牌成立。（央视新闻）,金十数据
1234,2019-11-25,中国船舶：董事南大庆辞职,Wind
1235,2019-11-22,中国船舶集团高层集体调研渤船集团,国际船舶
1236,2019-11-22,罕见！央企下属中船科技重组照样被否 并购重组异常,上证报
1237,2019-11-21,南北船题材逆势活跃，中船防务涨逾3%,Wind
1238,2019-11-07,中国船舶(600150.SH)：发行股份购买资产事项获受理,格隆汇
1239,2019-11-07,中国船舶：收到《中国证监会行政许可申请受理单》,Wind
1240,2019-11-07,中国船舶：拟购买多方股权 交易合计作价373.68亿元,新浪
1241,2019-11-04,【民生军工】国防军工2019年三季报综述：业绩环比提升，军工基本面持续向好,MS国防军工
1242,2019-10-30,中国船舶(600150.SH)前三季度营收163.47亿元 同比增长45.98%,格隆汇
1243,2019-10-30,中国船舶：重组申报材料延期向中国证监会报送,Wind
1244,2019-10-30,中国船舶：前三季净利同比下降68.9% 盈利能力下降,证券时报网
1245,2019-10-30,中国船舶：前三季度净利润同比减68.90% 盈利能力下降,Wind
1246,2019-10-28,28日公司新闻聚焦：阿里入股美年健康 安邦财险退出招商银行,证券时报
1247,2019-10-27,【招商军工周报】南北船重组获批，军工行业有望迎资产整合和业绩改善共振（1021-1027）,招商军工研究
1248,2019-10-26,国务院批准“南北船”实施联合重组，三条主线掘金军工板块,第一财经
1249,2019-10-26,国资委批复“南北船”重组,中证网
1250,2019-10-26,“南北船”正式合并 中国船舶集团启航,上证报
1251,2019-10-25,中国船舶租赁(03877.HK)：中船集团与中船重工联合重组获批准,格隆汇
1252,2019-10-25,中国神船来了：南北船重组获批 相关指数今年涨逾50%,中证报
1253,2019-10-25,久之洋(300516.SZ)：中船集团与中船重工联合重组获得批准,格隆汇
1254,2019-10-25,中船防务重大资产重组项目获股东高票通过,中港网
1255,2019-10-25,公告精选：工行、农行、交行披露三季报；安邦财产保险通过二级市场减持招商银行股票,e公司
1256,2019-10-25,中国重工(601989.SH)：控股股东与中船集团联合重组事项获批准,格隆汇
1257,2019-10-25,“中国神船”终于来了！南北船合并获批，概念股会不会再来一波？,上游新闻
1258,2019-10-25,国务院批准“南北船”实施联合重组 中国船舶集团正式启航,e公司
1259,2019-10-25,中船集团与中船重工联合重组获国务院批准,e公司
1260,2019-10-25,周五上市公司晚间重要公告（更新中）,金融界
1261,2019-10-25,中国造船订单量全球第一！中日韩船企厮杀再升级,格隆汇
1262,2019-10-25,中国船舶重组方案获批 船舶业整合进行时,证券日报
1263,2019-10-25,安信证券：船企重组叠加业绩向好 造船行业拐点已到来,智通财经
1264,2019-10-25,板块异动 | 中船集团解决同业竞争拉开序幕 中船系及军工板块走强,智通财经
1265,2019-10-25,【10月25日】市场前瞻及题材机会（附股）,云掌财经
1266,2019-10-25,"这个板块今日要爆发？国资委批复中国船舶重组，两船整合迈出重要一步！又出事了，全球最大生产商关闭旗下矿场，供应骤减下这种原材料价格即将飙涨！【10月25日只炒消息】
经营问题",和讯
1267,2019-10-25,早知道：国资委批复中国船舶重组；5G手机对MLCC拉货力度攀升,e公司
1268,2019-10-25,国资委批复中国船舶重组 两船整合迈出重要一步（附受益股）,金融界
1269,2019-10-24,【金财富早知道】2019-10-25,赢家之星
1270,2019-10-24,【报道】中国船舶10月24日晚间公告，公司已收到国务院国资委原则同意公司资产重组及配套融资方案的批复。本次资产重组内容为,金十数据
1271,2019-10-24,国资委原则同意中国船舶重组方案,中证网
1272,2019-10-24,中国船舶：国务院批复公司资产重组及配套融资的总体方案,金融界
1273,2019-10-24,中国船舶：重大资产重组获国务院国资委批复,Wind
1274,2019-10-24,快讯：中船系板块持续拉升 中国船舶涨逾4%,新浪
1275,2019-10-24,南北船概念午后异动，中国船舶大涨4%,Wind
1276,2019-10-22,中国船舶：控股子公司涉及仲裁事项 诉讼纠纷,Wind
1277,2019-10-18,上交所调整两融标的，新增2只股票10只基金,Wind
1278,2019-10-14,周一上市公司晚间重要公告（更新中）,金融界
1279,2019-10-14,中国船舶(600150.SH)第三季度获1.91亿元政府补助,格隆汇
1280,2019-10-14,中国船舶：获得政府补助1.96亿元,金融界
1281,2019-09-26,【异动股】船舶制造板块下挫，中国船舶(600150-CN)跌6.57%,财华社
1282,2019-09-26,中船系股价下挫：久之洋跌停 中国船舶大跌8％ 连续下跌,金融界
1283,2019-09-26,南北船题材集体跳水，久之洋闪崩触及跌停,Wind
1284,2019-09-17,巨丰热点：中船防务发布重组草案 中船系逆势走强,巨丰财经
1285,2019-09-17,港股异动 | 拟向中国船舶出售广船国际27.42%股权 中船防务(00317)现涨逾3% 资产异常,智通财经
1286,2019-09-17,中船防务拟将重大资产置换 调整为重大资产出售 资产异常,中证报
1287,2019-09-16,公告汇总：中船防务披露与中国船舶重组草案,网易
1288,2019-09-16,中国船舶(600150.SH)调整重组方案：拟收购江南造船等、组建动力平台及资产置换,格隆汇
1289,2019-09-16,中国船舶：2019年第二次临时股东大会延期至10月25日,Wind
1290,2019-09-12,证监会：中国船舶等三公司并购重组申请9月19日上会,Wind
1291,2019-09-05,南北船概念领衔军工股逆势上冲，中船科技冲击涨停,Wind
1292,2019-09-04,参与央企改革，连续五板！机构抢筹，为何这么美？,Wind
1293,2019-09-02,上交所：调整上证一带一路主题等指数样本股,Wind
1294,2019-08-30,南北船概念尾盘脉冲，中船防务强势封板,Wind
1295,2019-08-28,中国船舶(600150.SH)：中船投资已累计增持2.91亿元的股份 增持完毕,格隆汇
1296,2019-08-23,【异动股】船舶制造板块下挫，中国船舶(600150-CN)跌2.86%,财华社
1297,2019-08-23,中船系午后集体回调 中国船舶跌逾3%,中国经济网
1298,2019-08-22,一图读懂中国船舶中报:营收增27.95% 净利下降78.29% 盈利能力下降,新浪
1299,2019-08-22,中国船舶上半年收入增长28%筹划重组推进市场化债转股进程,挖贝网
1300,2019-08-22,中国船舶(600150.SH)半年度净利润降78.29%至4517.62万元 盈利能力下降,格隆汇
1301,2019-08-22,中国船舶中报：上半年净利润4518万元，同比下降78.29% 盈利能力下降,Wind
1302,2019-08-20,“中国神船”加速驶来！387亿元重大重组方案公布,经济网
1303,2019-08-19,【招商军工周报】南船下属上市公司资本运作方案调整，两船合并提速（0812-0818）,招商军工研究
1304,2019-08-16,中船集团重组，387亿元对价21家交易对手,经济网
1305,2019-08-16,毕其功于一役：中国船舶调整方案推动债转股项目和业务整合共赢,挖贝网
1306,2019-08-16,中国船舶重组方案调整后更具可操作性 南北船合并提速驶向深海,21世纪经济报道
1307,2019-08-16,千亿巨无霸+千亿巨无霸=“中国神船”来了！能否复制“中国神车”的神话？,央视
1308,2019-08-16,南北船整合进入倒计时 中船集团旗下上市平台加速重组,证券日报
1309,2019-08-15,重组方案落地两只“船”都涨停，“南北船”终极合并已提速,格隆汇
1310,2019-08-15,中国船舶(600150.SH)披露调整重大资产重组方案,格隆汇
1311,2019-08-15,涨停揭秘：科技股迎来市场反弹 华为海思再现涨停潮！,巨丰财经
1312,2019-08-15,中船防务优化调整重大资产重组方案 进一步解决同业竞争问题行业战略重组进程加速,中证网
1313,2019-08-15,中国船舶加速推进资产整合 打造中船集团旗下船海产业领先平台,证券日报
1314,2019-08-15,366亿重大资产重组方案微调：中国船舶中船防务复牌后涨停,澎湃新闻
1315,2019-08-15,"果然双双涨停！""中国神船""来了，336亿重大重组方案敲定",中国基金报
1316,2019-08-15,中国船舶披露重组方案：优化国有经济布局、强化核心竞争优势,挖贝网
1317,2019-08-15,沪指午盘跌0.62%！医药股逆市飙升 中石油股价创历史新低 连续下跌,第一财经
1318,2019-08-15,披露调整后重大资产重组方案并复牌 中国船舶、中船防务双双涨停,中证网
1319,2019-08-15,【异动股】船舶制造板块拉升，中国船舶(600150-CN)涨停,财华社
1320,2019-08-15,巨丰热点：中国船舶重组方案发布 船舶股逆势活跃,巨丰财经
1321,2019-08-15,A股三大股指均跌逾1% 中国船舶、中船防务涨停,第一财经
1322,2019-08-15,中国船舶、中船防务复牌双双涨停,Wind
1323,2019-08-15,中国船舶收购中船集团核心军民船资产 将为两船合并铺路？,金融界
1324,2019-08-15,盘前必读｜美债收益率倒挂引衰退担忧，欧美股市重挫,第一财经
1325,2019-08-15,中国船舶披露调整后重大资产重组方案 股票今起复牌,中新经纬
1326,2019-08-14,中国船舶：公司股票8月15日开市起复牌,Wind
1327,2019-08-14,中国船舶发布调整重大资产重组方案公告,Wind
1328,2019-08-14,南北船合并概念股大涨 军工板块关注度有望继续提升,大众证券报
1329,2019-08-14,多家公司发布重组公告 南北船内部整合提速,第一财经
1330,2019-08-14,【安信军工】中国船舶：与原方案相比仅减少广船国际32.54%股权，中船集团船舶总装资产上市平台定位进一步明晰,安信军工冯福章
1331,2019-08-13,船舶板块盘中强势 中船科技大涨6%,巨丰财经
1332,2019-08-09,中国船舶：下周一起继续停牌不超3个交易日,e公司
1333,2019-08-09,中国船舶：自8月12日开市起继续停牌,第一财经
1334,2019-08-09,中国船舶：重大资产重组项目调整事项仍在沟通中，股票继续停牌 重大事项停牌,Wind
1335,2019-08-09,华为概念表现活跃 南北船合并概念强势爆发,渤海证券
1336,2019-08-08,中国船舶、中船防务：明日继续停牌一天,e公司
1337,2019-08-08,中国船舶(600150.SH)明日停牌一天,格隆汇
1338,2019-08-08,中船防务、中国船舶：股票继续停牌1个交易日,Wind
1339,2019-08-08,一则公告引爆军工股“狂欢”，下半年把握两条投资主线,第一财经
1340,2019-08-08,中船防务调整重组方案：广船国际逾27%股权拟卖给中国船舶,澎湃新闻
1341,2019-08-08,中船集团重组方案生变 中船防务拟售广船国际控制权 并购重组异常,凤凰网
1342,2019-08-08,中船系概念股强势领涨，久之洋、中船科技涨停,第一财经
1343,2019-08-08,巨丰热点：中船系再度活跃 中船科技盘中大涨8%,巨丰财经
1344,2019-08-08,港股异动︱拟向中国船舶出售广船国际27.42%股权 中船防务(00317)大涨9.2% 资产异常,智通财经
1345,2019-08-08,因重大资产重组项目调整 中船防务、中国船舶临时停牌,中证网
1346,2019-08-08,央行辟谣降息传闻！全球三大指数巨头今天开始加注中国筹码！|0808,恒泰头派账户
1347,2019-08-08,中国船舶、中船防务：重组项目调整的有关事项尚待进一步核实，停牌1日 重大事项停牌,Wind
1348,2019-08-08,中船防务(00317-HK)放弃行使广船国际优先购买权,财华社
1349,2019-08-08,MSCI：共计10只个股添加到MSCI中国A股在岸指数，无剔除,Wind
1350,2019-08-08,周四最新重磅公司传闻集锦(8月08日),证券之星
1351,2019-08-07,中船防务调整重组方案 拟向中国船舶出售广船27.42%股权 资产异常,中证网
1352,2019-08-07,中船防务：重组拟出售广船国际控制权 控制人变化,e公司
1353,2019-08-07,中船防务(00317)拟向中国船舶出售广船国际27.42%股权 资产异常,智通财经
1354,2019-08-07,【安信军工】中船防务重大资产重组方案调整，不再注入动力类资产同时保留黄埔文冲船厂控制权,安信军工冯福章
1355,2019-08-02,【中信建投军工|行业简评】中国船舶限硫令征求意见稿公布，关注清洁能源投资机会,韬扬军工高端制造沙龙
1356,2019-07-29,军工股尾盘异动，三角防务领涨5%,Wind
1357,2019-07-29,上半年全国造船三大指标一升两降 不利于整个船舶业的长远发展,中国工业报
1358,2019-07-24,军工股稳步走升，三角防务率先封板,Wind
1359,2019-07-19,中国船舶(600150.SH)子公司1-6月累计收到政府补助资金2.43亿元,格隆汇
1360,2019-07-19,中国船舶：获得政府补助逾2.4亿元,金融界
1361,2019-07-18,券商晚间评级：满仓5股待飙涨,中财网
1362,2019-07-17,南北船板块再度活跃，中船科技涨超4%,Wind
1363,2019-07-15,15日强势板块分析：软件板块走势活跃 券商股上扬,证券时报网
1364,2019-07-15,南北船概念尾盘爆发，中国应急涨停,Wind
1365,2019-07-10,军工板块重组整合奏响强音，行业景气度上行，相关概念股或迎布局良机,第一财经
1366,2019-07-09,工业综合：中报披露渐近 情绪或有调整,德邦证券
1367,2019-07-08,股价低迷，改名来帮忙！盘点A股“奇葩”事,Wind
1368,2019-07-08,“中国神船”再度扬帆起航 军工证券化加速,证券市场周刊
1369,2019-07-08,中船系股票全线回落，这些军工产业链个股或迎配置良机,第一财经
1370,2019-07-08,南北船合并概念深度调整，龙头久之洋跌超5%,Wind
1371,2019-07-08,【军工行业*陈显帆】两船合并正式开启，船舶系资本运作有望加速,东吴研究所
1372,2019-07-08,操盘必读｜停牌1000天“钉子户”复牌；*ST康得或被强制退市；新城控股上半年销售金额1224亿,上游新闻
1373,2019-07-06,“中国神船”的新能源命题：海装风电上市不确定性增加？,和讯
1374,2019-07-04,南北船战略重组 国防军工板块“站上风口”,大众证券报
1375,2019-07-04,南北船合并概念股回落，中国应急打开涨停,Wind
1376,2019-07-04,南北船合并板块再度走强，久之洋、中国应急纷纷涨停,腾讯网
1377,2019-07-04,【军工/刘倩倩团队】军工行业事件点评：南北船筹划战略性重组，合并在即,太平洋证券研究
1378,2019-07-04,重组规则优化提升股市效率,中证报
1379,2019-07-04,军工行业资产整合有望加速 六股现上车良机,证券时报网
1380,2019-07-04,"军工行业点评:两船合并正式拉开序幕,军工领域国企改革再进一步",证券之星
1381,2019-07-03,联合资信：关注中国船舶工业集团有限公司筹划战略性重组,Wind
1382,2019-07-03,睿策略：市场强势震荡 蓝筹股持续创新高,恒泰睿财
1383,2019-07-03,重磅 | 中国神船来了！,经济网
1384,2019-07-03,南北船合并！没上船别急，还有这些可以买（附股）,红周刊
1385,2019-07-03,南北船近万亿资产重组 独闯市场20年后再做一家人,长江商报
1386,2019-07-03,南北船合并吹响国企改革号角 谁是下一个“中国神船”？,投资快报
1387,2019-07-03,“南北船”整合历时4年将落地 8家相关上市公司总市值超2700亿元,证券日报
1388,2019-07-03,8家上市公司“联手”官宣 分家20年南北船有望合体,新京报
1389,2019-07-03,"两船战略重组,关注后续资产整合",国海证券
1390,2019-07-03,国防军工行业点评报告:南、北船集团开启战略性重组,浙商证券
1391,2019-07-02,南北船重组成真、概念股狂欢，巨无霸合并释放这个信号,第一财经
1392,2019-07-02,“南北船”重组推动船舶板块大涨,大众证券报
1393,2019-07-02,"""中国神船""呼之欲出 今日暴涨250亿 能否复制""神车""涨6倍的行情？",第一财经日报
1394,2019-07-02,中国神船来了，股价异动，谁能笑到最后？,虎嗅网
1395,2019-07-02,“南北船”将重组 中国造船“旗舰店”渐行渐近,华夏时报
1396,2019-07-02,重组松绑+超跌，黑五类涨停潮迎“价值回归”,Wind
1397,2019-07-02,A股十二年“股王”记：千元股价背后的“茅台魔咒”,中新经纬
1398,2019-07-02,南北船时隔20年再谋合体 中国神车6倍涨幅万亿市值神话难再现,金融界
1399,2019-07-02,南北船合并大幕拉开 谁是其中的科创之王？,新浪
1400,2019-07-02,工业综合：两大造船集团拟战略性重组 荐9股,广发证券
1401,2019-07-02,工业综合：情绪渐起 荐3股,德邦证券
1402,2019-07-02,"""中国神船""引概念股全线大涨！ 未来还有哪些""神""",券商中国
1403,2019-07-02,“南北船合并”重磅消息袭来 相关个股应声大涨,中新经纬
1404,2019-07-02,大机会来了！南北船合并预期坐实 船舶概念全线大涨 这些投资标的值得关注,21世纪经济报道
1405,2019-07-02,国盛证券：南北船合并官宣军工重组预期升温(附股),新浪
1406,2019-07-02,"一则大消息，立马飙涨200亿！又一个""中国神车""来了，旗下竟有8家上市公司",中国基金报
1407,2019-07-02,南北船合并官宣:航运业苦等多年 公司高管员工数曝光,新浪
1408,2019-07-02,军工板块大涨，机构看好国防军工“成长+改革”主线机会,第一财经
1409,2019-07-02,巨丰热点：南北船合并尘埃落定 中国船舶等个股 一字涨停,巨丰财经
1410,2019-07-02,“两船合并”正式拉开序幕，旗下8公司开盘齐刷刷“涨停”，总市值飙升250亿,上游新闻
1411,2019-07-02,南北船筹划战略性重组，概念股躁动，中国船舶等5股涨停,腾讯网
1412,2019-07-02,中船重工正与中国船舶工业集团筹划战略重组，概念股掀涨停潮,Wind
1413,2019-07-02,“中国神船”真的要来了！“两船合并”正式拉开序幕（附策略）,证券时报网
1414,2019-07-02,中国“神船”来了！南船北船拟重组将成市值最高造船公司,新京报
1415,2019-07-02,【招商军工】船舶行业战略重组大幕拉开，军工行业资产整合有望加速,招商军工研究
1416,2019-07-02,【国金研究】南北船筹划战略性重组：新一轮军工资产整合有望启动,国金证券研究所
1417,2019-07-02,“南北船”战略重组 涉及8家A股上市公司——道达早评,每日经济新闻
1418,2019-07-02,中国神船来了！8家上市公司同日公告 南北船合并指数已上涨50%,中证报
1419,2019-07-02,“中国神船”真要来了！南北船合并获确认，8只概念股都发了公告,上游新闻
1420,2019-07-02,东兴军工点评南北船合并：短期存事件驱动机会 军工重组加速推进,腾讯网
1421,2019-07-02,中船重工中船集团筹划战略性重组 业内人士称可促进低端产能退出,新华网
1422,2019-07-01,重磅消息确认：“南北船”正筹划战略性重组,第一财经
1423,2019-07-01,【太平洋军工】行业事件点评：南北船正式合并，“中国神船”扬帆起航,太平洋军工瞭望台
1424,2019-07-01,中国船舶：控股股东中船集团正与中船重工集团筹划战略性重组,Wind
1425,2019-07-01,久之洋：实控人中船重工正与中国船舶工业集团筹划战略性重组,Wind
1426,2019-06-28,国联证券研究所7月投资组合,国联研究
1427,2019-06-26,军工板块尾盘大涨，机构：反弹已至，坐观潮起,第一财经
1428,2019-06-26,中国船舶尾盘涨停,e公司
1429,2019-06-26,航母概念股尾盘拉升，中国船舶、中船防务涨停,Wind
1430,2019-06-26,南北船合并概念尾盘急拉，中国船舶冲击涨停,Wind
1431,2019-06-25,"国防军工行业周报:反弹已至,坐观潮起",德邦证券
1432,2019-06-23,A股年中考：总市值增加10万亿，人均赚6.89万元,中证网
1433,2019-06-18,工业综合：布局核心资产和资产证券化两条主线 荐7股,广发证券
1434,2019-06-17,工业综合：局势风云变幻 荐3股,德邦证券
1435,2019-06-17,军工板块逆市走强 机构看好低位布局机会,中证报
1436,2019-06-17,改革有望加速推进 行业有望迎来底部反转！军工板块王者归来,投资快报
1437,2019-06-17,"军工行业:聚焦南船重组及外溢效,应看好主战装备、军民融合",国金证券
1438,2019-06-16,工业综合：军品采购需求创新高 关注行业绩优白马,川财证券
1439,2019-06-14,军工股大涨！中国船舶、中船防务一度涨停,格隆汇
1440,2019-06-14,巨丰热点：船舶板块大涨 天海防务等个股盘中涨停,巨丰财经
1441,2019-06-14,【异动股】船舶制造板块拉升，中国船舶(600150-CN)涨停,财华社
1442,2019-06-14,南北船合并概念股全线走强 中国船舶涨停,中证网
1443,2019-06-14,航母概念股早盘快速拉升 中国船舶、中信重工涨停,证券时报网
1444,2019-06-14,国防军工板块异动拉升 中国船舶等个股涨停,每经网
1445,2019-06-14,航母概念早盘异动 中国船舶率先涨停,金融界
1446,2019-06-14,军工股携手冲高，中国船舶冲击涨停,Wind
1447,2019-05-29,券商首次关注3股并给予买入评级（5月29日）,Wind
1448,2019-05-29,24股获券商买入评级 大华股份目标涨幅达49.14%,Wind
1449,2019-05-29,"中国船舶深度报告:民船业务拐点将至,业绩有望探底回升",申万宏源
1450,2019-05-24,军工行业:高德红外、四创电子,正点财经
1451,2019-05-09,并购重组集中在五大行业 聚焦主业是大方向,证券日报
1452,2019-05-08,中国船舶关于延期回复上交所询问的公告 问询,和讯
1453,2019-05-06,【民生军工】2018年年报及2019年一季报业绩综述：Q1业绩改善明显，全年增长可期,MS国防军工
1454,2019-05-05,中国船舶一季度净利同比大降95% 盈利能力下降,国际船舶
1455,2019-04-30,中国船舶一季度净利372万元同比下滑95% 现金流量净额为2.01亿元 盈利能力下降,挖贝网
1456,2019-04-28,江南造船新闻－江南造船动态,国际船舶
1457,2019-04-26,中国船舶：一季度净利润同比减94.83% 盈利能力下降,Wind
1458,2019-04-24,【异动股】船舶制造板块下挫，中国船舶(600150-CN)跌7.06%,财华社
1459,2019-04-23,[快讯]14:45嘉化能源、中国船舶封跌停,中财网
1460,2019-04-23,【异动股】船舶制造板块下挫，中国船舶(600150-CN)跌5.89%,财华社
1461,2019-04-23,【异动股】海工装备板块下挫，中国船舶(600150-CN)跌6.42%,财华社
1462,2019-04-23,军工股表现分化 天和防务、航天发展涨逾1% 海上阅兵将举行,证券时报网
1463,2019-04-23,海洋强国+军民融合提振相关题材 3只个股被两类机构交叉持有,证券日报
1464,2019-04-22,【异动股】船舶制造板块下挫，中国船舶(600150-CN)跌3.43%,财华社
1465,2019-04-19,中国船舶收重组问询函：说明重组预估增值的原因及合理性 问询,Wind
1466,2019-04-19,南北船合并概念股大涨,大众证券报
1467,2019-04-18,中国船舶再现涨停！广发银行200亿综合授信助力？,21世纪经济报道
1468,2019-04-18,巨丰资金流向：两市窄幅缩量调整 家电板块净流入3.91亿,巨丰财经
1469,2019-04-18,什么？“郭台铭参选”概念居然不是地表最强 南北船合并预期引A股“躁动”,21世纪经济报道
1470,2019-04-18,【异动股】海工装备板块拉升，中国船舶(600150-CN)涨8.63%,财华社
1471,2019-04-18,【异动股】船舶制造板块拉升，中国船舶(600150-CN)涨6.43%,财华社
1472,2019-04-18,[快讯]10:30中国船舶、厦工股份等3只股票封涨停,中财网
1473,2019-04-18,中国船舶早盘封涨停 成交额15.38亿元封单14.13万手,腾讯网
1474,2019-04-18,船舶板块集体拉升 中国船舶涨停,e公司
1475,2019-04-18,南北船合并概念强势 中国船舶涨逾7%,中证网
1476,2019-04-18,船舶制造板块大涨 中国船舶涨超8%,证券时报网
1477,2019-04-16,军工行业:高德红外、四创电子,正点财经
1478,2019-04-16,南船系资产腾挪 南北船重组或提速,时代周报
1479,2019-04-15,南北船合并概念快速拉升 中国船舶等拉升迹象明显,证券时报网
1480,2019-04-15,南北船合并概念快速拉升，中国船舶等多股短线拉升,Wind
1481,2019-04-15,"国防军工行业:多家军工集团实现开门红,行业景气度有望持续上行",东北证券
1482,2019-04-12,北上资金单周净流出129亿，已连续6日净流出，操作这只股票有失水准,e公司
1483,2019-04-12,中国船舶龙虎榜数据（4月12日）,Wind
1484,2019-04-11,产品暴赚90%，任泽松迎来“第二春”！国企改革风起，“壳王”辛宇再度崛起？,每日经济新闻
1485,2019-04-11,中国船舶龙虎榜数据(4月11日）,Wind
1486,2019-04-10,工业综合：南北船分板块整合思路明确 荐9股,和讯
1487,2019-04-09,“南船”整合迎来实质性突破 南北船资产整合再升温,第一财经
1488,2019-04-09,头号研报：军工证券化加速 上攻热情已点燃,巨丰财经
1489,2019-04-09,风险还是机遇！摘帽行情再次打响，机构也在玩,Wind
1490,2019-04-09,“南北船”资产整合提速 中国船舶中船防务连续两日涨停,金融界
1491,2019-04-09,中信建投高端制造最新投资策略,中信建投证券研究
1492,2019-04-08,【中信建投军工|公司简评】中国船舶：拟注入江南造船等资产，打造集团船舶制造平台,微信
1493,2019-04-08,【招商军工|深度报告】中国船舶：集团总装平台地位确立，船舶龙头扬帆起航,招商军工研究
1494,2019-04-08,【招商军工周报】南船披露调整后重组预案，重点关注行业资产证券化（0401-0407）,招商军工研究
1495,2019-04-08,中船防务复牌涨停 券商持续看好船舶、军工板块,第一财经
1496,2019-04-08,巨丰热点：两船公布重大资产重组预案 船舶板块活跃,巨丰财经
1497,2019-04-08,中国船舶、中船防务复牌涨停,证券时报网
1498,2019-04-08,中国船舶复牌涨停，将全资控股江南造船等5家船舶造修公司,Wind
1499,2019-04-08,天风证券：中国船舶买入评级,天风证券
1500,2019-04-08,南北船资产整合提速：中国船舶、中船防务双双披露新重组方案,澎湃新闻
1501,2019-04-05,中船防务(00317-HK)拟与母企互换资产 置入资产预估值共111.24亿人民币,财华社
1502,2019-04-05,中国应急（300527.SZ）9日6涨停 知名游资轮番进场抢筹,格隆汇
1503,2019-04-05,中国船舶、中船防务将于8日复牌 有哪些看点？,新浪
1504,2019-04-05,中船集团旗下资产大挪移：核心军工资产上市，“中国神船”启航,21世纪经济报道
1505,2019-04-04,中国船舶披露重组预案：将全资控股江南造船等5家船舶造修公司,e公司
1506,2019-04-04,中国船舶：公司股票4月8日起复牌,腾讯网
1507,2019-04-04,中国船舶：拟以江南造船与公司所持沪东重机100%股权等值部分进行置换,Wind
1508,2019-04-02,复盘者联盟：白马股集体调整 染料、区块链板块强者恒强,腾讯网
1509,2019-04-02,"中国船舶、中船防务重大资产重组点评:按板块整理上市公司平台,料为南北船合并做铺垫",正点财经
1510,2019-04-02,快讯：国防军工板块持续拉升 中国应急等多股涨停,新浪
1511,2019-04-01,两公司停牌推升南北船合并预期 概念股大涨6%以上,大众证券报
1512,2019-04-01,复盘者联盟：三大指数全天单边大涨，区块链概念大规模涨停,腾讯网
1513,2019-04-01,工业综合：船舶行业战略重组开启 荐5股,国海证券
1514,2019-04-01,工业综合：看好2019-2020年军工改革和资产证券化加速带来的投资机会 荐12股,和讯
1515,2019-04-01,【国金研究】军工行业深度点评：南造船拟置入中国船舶；看好船舶行业战略重组及外溢效应,国金证券研究所
1516,2019-04-01,ST板块蠢蠢欲动，摘帽行情进入“表演季”,证券时报
1517,2019-03-31,【招商军工周报】中船集团开启资产重组，行业资产证券化有望加速（0325-0331）,招商军工研究
1518,2019-03-31,工业综合：军工资产证券化有望加速 荐5股,东北证券
1519,2019-03-29,【安信军工】中船集团重磅资本运作方案解读电话会议纪要—20190329,安信军工冯福章
1520,2019-03-29,南北船要合并了？中船集团资本运作变阵，旗下两大A股公司停牌，一批股票率先暴涨！,e公司
1521,2019-03-29,港股异动︱南北船加速合并 中船防务(00317)涨超7%,智通财经
1522,2019-03-29,巨丰热点：中船集团重组方案调整引发市场猜想 中船科技盘中涨停,巨丰财经
1523,2019-03-29,南北船合并再进一步 中国重工等相关概念股高开,腾讯网
1524,2019-03-29,中国船舶、中船防务停牌调整重大资产重组项目 南北船合并或再进一步,中证网
1525,2019-03-29,南北船合并预期再次升温？核心资产注入，机构看好2019年军工行情,证券时报网
1526,2019-03-29,南北船合并再进一步 关注旗下5家上市公司,金融界
1527,2019-03-29,中船防务平台定位重置，南北船整合提速可期,毅军凸起
1528,2019-03-28,上市公司明日停复牌（3月29日）,金融界
1529,2019-03-28,"*ST船舶:龙头业绩扭亏,利润持续提升可期",正点财经
1530,2019-03-27,*ST船舶：3月29日起撤销退市风险警示 股票简称变更为“中国船舶”,e公司
1531,2019-03-26,军工梦回2017！南北船合并倒计时 “军工一哥”连夜打call,金融界
1532,2019-03-25,军工股上演涨停潮底气何在？一文看懂背后逻辑,Wind
1533,2019-03-25,军工行业周报(第58期):关注改革预期以及一季报业绩较好标的,正点财经
1534,2019-03-25,【公司点评】ST船舶 (600150)丨业绩扭亏为盈，国企改革助力未来资产注入,中国银河证券研究
1535,2019-03-24,工业综合：板块个股业绩向好 军工景气度回升,川财证券
1536,2019-03-23,热点直击丨”中国神船“再启航,东吴财经通
1537,2019-03-21,科创板两榜名单出炉：百度入选AT出局，华兴红杉高瓴上榜IDG晨兴无缘,挖贝网
1538,2019-03-21,【每日晨报】0321丨新能源汽车发展拉动锂钴需求迅速增长,中国银河证券研究
1539,2019-03-21,179家公司业绩四连增 10只低估值绩优股诠释白马真谛,证券日报
1540,2019-03-21,"*ST船舶:2018年扭亏为盈,即将摘星脱帽",安信证券
1541,2019-03-19,*ST船舶：2018年盈利近5亿元实现扭亏 申请撤销退市风险警示,e公司
1542,2019-03-19,*ST船舶(600150.SH)2018年度业绩扭亏为盈至4.89亿元 拟10派1.07元,格隆汇
1543,2019-03-19,*ST船舶：2018年业绩同比扭亏净利为4.89亿元,Wind
1544,2019-03-08,"军工行业重大事项点评:军工集团资产证券化重大进展,或将带来板块催化",正点财经
1545,2019-03-07,【安信军工-行业报告】军工行业债专题研究,安信军工冯福章
1546,2019-03-07,工业综合：军工行业债专题研究,安信证券
1547,2019-03-01,MSCI已过，年报行情升级，除了高送转，还有它,Wind
1548,2019-02-28,两会召开在即，国企改革再次刷屏，这些要点必看,Wind
1549,2019-02-26,工业综合：军民船迎双拐点背景下船舶板块值得重点关注 荐5股,安信证券
1550,2019-02-12,开门红如期上演！年报季接踵而至 本月关注这64股,中财网
1551,2019-01-27,19只*ST股年报业绩预告“翻身”，6只走到退市边缘,Wind
1552,2019-01-22,*ST船舶2018年净利最高可达5.25亿 实现扭亏为盈,挖贝网
1553,2019-01-21,*ST船舶2018年基本面改善 业绩扭亏为盈摘帽在望,挖贝网
1554,2019-01-21,经济数据点燃春季躁动，预喜股成最大赢家，这些必看,Wind
1555,2019-01-21,业绩预告扭亏为盈 *ST船舶无视利好仍跌停,金融界
1556,2019-01-21,"国防军工行业周报:民船重组有望,军船持续景气",国海证券
1557,2019-01-20,*ST船舶：2018年预计扭亏为盈 净利超4.35亿元,证券之星
1558,2019-01-18,*ST船舶2018年度业绩预盈 净利润4.35亿-5.25亿,腾讯网
1559,2019-01-18,*ST船舶：2018年度预计盈利超4.35亿元 实现扭亏,e公司
1560,2019-01-05,581只个股连续上涨3日以上，风范股份累计上涨77.62%,Wind
1561,2019-01-02,近800家上市公司2018年业绩预喜,中证报
1562,2018-12-26,*ST船舶：全资子公司收到土地收储补偿款逾2亿元,金融界
1563,2018-12-25,调整外籍船舶修理废钢处置政策,中证报
1564,2018-12-20,41只ST股预告全年业绩 12股净利预盈,证券时报
1565,2018-12-12,跌出价值！大数据寻找打折股票，博弈“捡漏”机会,Wind
1566,2018-12-06,"*ST船舶:2018年三季度归母净利润3.1亿元,Q3扣非归母净利润转正",正点财经
1567,2018-12-03,"国防军工行业:国家队发力商业航天,关注航天产业链机会",东北证券
1568,2018-11-29,31股获券商买入评级 比音勒芬目标涨幅达57.50%,Wind
1569,2018-11-25,工业综合：北斗三号基本系统星座部署完成,川财证券
1570,2018-11-21,"*ST船舶:控股子公司外高桥造船获得总价36亿元的散货船订单,船钢板价下跌有望提升船企盈利水平",安信证券
1571,2018-11-16,*ST船舶：签订民船产品最大订单 维持看好中长期发展前景,中金公司
1572,2018-11-15,11月15日晚间上市公司十大重磅公告,巨丰财经
1573,2018-11-15,*ST船舶：控股子公司签订36亿元散货船建造合同,e公司
1574,2018-11-15,*ST船舶：控股子公司签订36亿元散货船建造合同,Wind
1575,2018-11-15,政策暖风频吹，军工整合暗流涌动，这些必看,Wind
1576,2018-11-14,摘帽行情提前打响，机构持股最多竟然是它,Wind
1577,2018-11-12,【盘中动态】ST概念股集体涨停,每日经济新闻
1578,2018-11-12,16股获券商买入评级 攀钢钒钛目标涨幅达57.76%,Wind
1579,2018-11-09,21只个股逆势封板 ST板块后续能否延续强势走势？,重庆商报
1580,2018-11-09,"*ST船舶:民船龙头向高端升级,维持“强烈推荐”",国联证券
1581,2018-11-08,“摘星脱帽”窗口期临近，ST股反复走强,Wind
1582,2018-11-07,船舶制造板块早盘走高 *ST船舶盘中涨停,证券时报网
1583,2018-11-07,军工股盘中异动，*ST船舶涨停,Wind
1584,2018-11-06,中国首制大型邮轮迎来里程碑节点,中证报
1585,2018-11-05,中国金融租赁公司已成全球船舶融资主要来源,国际船舶
1586,2018-11-05,*ST船舶将签订2艘大型邮轮新造船合同 中国首艘国产豪华邮轮2023年交付,中证网
1587,2018-11-05,*ST船舶：将签订2艘大型邮轮新造船合同 合同价15.4亿美元,e公司
1588,2018-11-05,乌鸡变凤凰！退市股重新上市，曙光看这里,Wind
1589,2018-10-30,*ST船舶：前三季度业绩同比扭亏净利为3.1亿元,Wind
1590,2018-10-18,【招商军工|19中期策略】业绩明显改善，国改进程箭在弦上,招商军工研究
1591,2018-10-16,10月16日有27家公司获重要股东增减持 华邦健康已被连续增持36次,Wind
1592,2018-10-15,*ST船舶：控股股东一致人近两个月累计增持公司1%股份,Wind
1593,2018-10-12,A股市场破净股一览（10月12日）,Wind
1594,2018-10-10,大变局：价格倒挂、逆市定增，寻找折上折标的,Wind
1595,2018-09-28,首份三季报10月9日出炉！716家预喜、173家翻倍,Wind
1596,2018-09-19,"军工行业研究:军工混改推进路径渐明,股权控制类别等正加紧修订",国金证券
1597,2018-09-10,看好中国｜建军强国——卫星发射进入密集期 关注导航概念机会,巨丰财经
1598,2018-09-07,破发、倒挂……大数据寻找弱市下的“避风港”,Wind
1599,2018-09-04,*ST船舶两位高管辞职 南北船再现高层对调 董监高成员变化,证券日报
1600,2018-08-31,"*ST船舶:1H18扭亏为盈,静待主营业绩反转",国联证券
1601,2018-08-29,8月29日有50家公司获重要股东增减持 中飞股份已被连续减持53次 减持股份,Wind
1602,2018-08-29,巨丰早参：央行组合拳三连击 稳定外汇市场预期,巨丰财经
1603,2018-08-28,*ST船舶：控股股东方面拟1至5亿元增持股份,e公司
1604,2018-08-28,*ST船舶：控股股东一致人增持50万股，拟累计增持1亿元-5亿元,Wind
1605,2018-08-28,*ST船舶控股股东的一致行动人拟增持股份1-5亿元,金融界
1606,2018-08-27,航空航天军工行业周报：中报业绩密集发布 持续关注拐点逻辑的信号验证,中财网
1607,2018-08-24,[买入评级]*ST船舶(600150)中报点评：民船制造龙头 半年业绩迎来反转,中财网
1608,2018-08-24,*ST船舶：1H18净利润超预期，重申“推荐”,中金公司
1609,2018-08-23,*ST船舶：上半年业绩同比扭亏净利为2.03亿元,Wind
1610,2018-08-20,看好中国｜建军强国——混改叠加知识产权试点 军工迎阶段性机会,巨丰财经
1611,2018-08-20,[优于大市评级]海通军工行业周报：关注低估值品种,中财网
1612,2018-08-14,涨停板复盘：创业板指跌近1% 两市成交量创半年新低,新浪
1613,2018-08-13,航母板块异动，*ST船舶涨停,Wind
1614,2018-08-06,国企市值管理“觉醒”,中国经济周刊
1615,2018-08-05,机械制造：坚定战略推荐油服及半导体设备板块 荐5股,中泰证券
1616,2018-07-30,[增持评级]机械设备行业周报：稳内需、扩基建持续升温 力推工程机械龙头!战略推荐油服、半导体设备龙头,中财网
1617,2018-07-27,船舶制造行业发展现状分析 新接船舶订单量累计增速大幅上升,前瞻研究院
1618,2018-07-27,国防军工行业事件点评:2018Q2军工板块的基金重仓持股分析,东兴证券
1619,2018-07-24,军工混改率先掀起第三批央企混改试点炒作大幕！,巨丰财经
1620,2018-07-22,ST风云录：摘帽、戴帽、退市，你经历过吗,搜狐
1621,2018-07-20,46股获券商买入评级 正泰电器目标涨幅达56.32%,Wind
1622,2018-07-19,[互动]*ST船舶：豪华邮轮项目正稳步推进,全景网
1623,2018-07-19,上市公司并购重组升温 8起百亿级公司公布重组预案,财经
1624,2018-07-19,"*ST船舶:ST仅代表过去,民船龙头有望迎来业绩反转",安信证券
1625,2018-07-18,安信研究|晨会在线 20180718,安信证券研究
1626,2018-07-16,船舶制造板块涨幅居前 *ST船舶涨停,中国经济网
1627,2018-07-13,整合优质资产，国资改革多点开花，好戏在后头,Wind
1628,2018-07-13,并购重组案例日趋增多 较一季度呈翻倍式增长,股城网
1629,2018-07-09,年内逾2百家沪市公司披露增持计划 6股真金,证券日报
1630,2018-07-08,沪市公司上半年投资价值凸显 增持回购彰显信心,上交所
1631,2018-06-28,*ST船舶：转让邮轮科技部分股权,中证网
1632,2018-06-25,同样的“债转股”，不一样的降杠杆效果,Wind
1633,2018-06-19,A股市场破净股一览（6月19日）,Wind
1634,2018-06-11,[增持评级]机械设备行业周报：5月挖掘机销量增71% 坚定推荐工程机械龙头战略看好油服、半导体设备、机器人、军民融合,中财网
1635,2018-06-05,《国际油污损害赔偿基金索赔系列手册》中文版在沪首发,中新网
1636,2018-05-30,*ST船舶打造世界级精品船 助推中国走向造船强国,证券日报
1637,2018-05-29,一季度船舶行业新接订单同比增180% 中国船舶有望持续盈利,证券日报
1638,2018-05-28,[增持评级]机械设备行业周报：油价短期波动不改中长期趋势 持续战略看好油服!力推半导体设备、机器人、军民融合!,中财网
1639,2018-05-27,“不死鸟”神话终结，A股进入“退市常态化”时代,经济观察报
1640,2018-05-25,*ST船舶大减值玄机,证券市场周刊
1641,2018-05-25,42股获券商买入评级 *ST船舶目标涨幅达72.50%,Wind
1642,2018-05-25,ST板块投资生死局：平均每户股民浮亏3万,第一财经日报
1643,2018-05-24,剥离海工包袱 龙头扭亏可期,红周刊
1644,2018-05-21,机械制造：布油一度破80美元 荐3股,中泰证券
1645,2018-05-21,中国中铁“债转股”仍存不确定性 中国船舶、中国铝业之前债转股复牌后皆出现3个跌停,中国经济周刊
1646,2018-05-21,北上资金单周净买入创纪录，七成“入摩”标的获增持,证券时报
1647,2018-05-18,【安信军工-公司深度0401】中国船舶：PB处10年历史底部，民船回暖提供弹性,安信军工冯福章
1648,2018-05-15,[火线]股王陨落：*ST船舶创11年新低军工一哥唱多,顶尖财经网
1649,2018-05-14,[增持评级]机械设备行业周报：战略看好油服!持续看好半导体设备、机器人、军民融合,中财网
1650,2018-05-14,首艘国产航母开始海试 相关上市公司望受市场关注,金融界
1651,2018-05-11,[中性评级]机械设备行业深度研究：供需力量加速逆转 船舶制造业有望走出周期底部,中财网
1652,2018-05-09,【安信军工-行业报告】军工混改：实质性进展和阶段性行情,安信军工冯福章
1653,2018-05-09,[增持评级]机械设备行业周报：美油逼近70美元大关 关注中东局势 战略看好油服!持续看好半导体设备、机器人、军民融合,中财网
1654,2018-05-08,[领先大市-A评级]国防军工行业深度分析：一季报显示军工行业基本面改善 依旧首选航空装备,中财网
1655,2018-05-06,中国中铁发力债转股 负债率下降市场是否能买单,e公司
1656,2018-05-04,非经常性损益增厚利润，16家*ST公司由亏转盈,中证报
1657,2018-04-30,359股获券商买入评级 中金环境目标涨幅达119.61%,Wind
1658,2018-04-27,几家欢喜几家愁！ST族全扫描，这些要点值得一看,--
1659,2018-04-26,中国船舶一季度转盈 料上半年将继续实现盈利,苏南网
1660,2018-04-26,*ST船舶龙虎榜数据（4月26日）,Wind资讯
1661,2018-04-25,【解盘论市】我们轻微上扬起嘴角的微笑，等待神创姑娘荣耀归来,Wind
1662,2018-04-25,*ST船舶：一季度净利同比扭亏,e公司
1663,2018-04-25,*ST船舶：一季度业绩同比扭亏净利为7198.3万元,Wind
1664,2018-04-25,连亏两年被披星戴帽 中国船舶两跌停,金融界
1665,2018-04-24,工业综合：2018Q1军工板块的基金重仓持股分析 荐9股,东兴证券
1666,2018-04-24,4月24日涨跌停,中证网
1667,2018-04-24,中国船舶连亏两年被披星戴帽 ST船舶复牌封死跌停板,新浪
1668,2018-04-24,沪深两市上市公司更名一览表（4月24日）,Wind
1669,2018-04-24,沪深两市上市公司复牌一览表（4月24日）,Wind
1670,2018-04-24,中国船舶连亏两年被戴帽 昔日第一高价股为何成熊股？,重庆商报
1671,2018-04-23,看好中国｜国产航母海试有望带来结构性机会,巨丰财经
1672,2018-04-23,两公司被调出两融标的证券名单,证券日报网
1673,2018-04-23,中国船舶和罗顿发展明日起被调出融资融券名单,e公司
1674,2018-04-23,国产航母海试在即 产业链上市公司全面曝光,和讯
1675,2018-04-23,[推荐评级]中国船舶(600150)年报点评：计提资产减值致连续两年亏损 看好2018年扭亏为盈,中财网
1676,2018-04-23,今日停复牌股票一览表（2018年4月23日）,证券日报
1677,2018-04-23,4家公司临停中国船舶拟披露重要公告,顶尖财经网
1678,2018-04-23,交易提示：中国船舶、罗顿发展、安泰集团、宁波中百临时停牌,e公司
1679,2018-04-23,23日停复牌：中国船舶将戴帽 23日停牌1天,中证网
1680,2018-04-22,行业回暖 中国船舶去年仍亏23亿将被*ST,每日经济新闻
1681,2018-04-22,4月22日晚间重要公告速读,和讯
1682,2018-04-22,4月22日公告精选：腾讯近4亿元受让长亮科技7.14%股份,和讯
1683,2018-04-22,22日晚公告精编丨长亮科技转让腾讯7.14%股份，中国船舶将戴帽,21世纪经济报道
1684,2018-04-22,周末上市公司晚间重要公告,顶尖财经网
1685,2018-04-22,工业综合：国防军工周报,和讯
1686,2018-04-22,公告精选：腾讯近4亿元受让长亮科技7.14%股份；中兴通讯正采取措施以遵守美国拒绝令,e公司
1687,2018-04-22,多公司发布晚间重要公告 明日走势或将反转,和讯
1688,2018-04-22,4月22日上市公司晚间公告速递,新浪
1689,2018-04-22,[快讯]4月22日晚间沪深两市重要公司公告一览,中财网
1690,2018-04-22,中国船舶：24日起实施退市风险警示,Wind
1691,2018-04-22,中国船舶：24日起实施退市风险警示,e公司
1692,2018-04-21,本周核发2家IPO批文，22股发布重要公告，其中2股可能被ST,银行信息港
1693,2018-04-20,公告精选：多公司推高送转方案；雏鹰农牧控股股东等抛5亿元增持计划,e公司
1694,2018-04-20,晚间重要公告2018年4月20日星期五,--
1695,2018-04-20,中国船舶：去年亏损23亿 连续两年亏损,e公司
1696,2018-04-20,中国船舶：2017年亏损23亿元 营业收入下降22%,中国网
1697,2018-04-20,中国船舶2017年净亏损23亿 四季度净利润比前三季度大减,腾讯网
1698,2018-04-20,中国船舶：2017年亏损同比收窄净亏23亿元,Wind
1699,2018-04-17,219亿资金恐慌逃离 五类股遭主力机构抛,证券之星
1700,2018-04-17,大洋一号起航海试 哪些航母概念股值得关注？,南方财富网
1701,2018-04-17,沪指距十年前6124点几近腰斩 超3成股股价低于熔断底,深圳商报
1702,2018-04-17,游资短线突袭 准“披星戴帽”股频现涨停,证券时报
1703,2018-04-16,机械制造：油价大涨 荐10股,中泰证券
1704,2018-04-16,戴帽股即将扩容！小心，游资明着要“大干一场”，背后全是套路,e公司
1705,2018-04-16,知识产权保护五领域展现“中国智慧” 知识产权概念股一览,南方财富网
1706,2018-04-13,快讯：军工股早盘异动拉升 亚星锚链涨逾7%,红周刊
1707,2018-04-12,中国船舶：控股股东中船集团目前未得到任何有关合并事项的通知,中证网
1708,2018-04-11,迪马股份控股股东启动重组 中国华融拟深度参与,每日经济新闻
1709,2018-04-10,迪马股份大股东引入华融资产 东银控股启动债务重组进程,证券时报网
1710,2018-04-10,首艘国产航母或将海试 国产航母概念股有哪些？,金融界
1711,2018-04-10,应对危机，迪马股份大股东引入华融资产重组债务,经济观察网
1712,2018-04-09,迪马股份智慧农业双双公告 AMC带头大哥华融参与东银债务重组,21世纪经济报道
1713,2018-04-09,聚焦不良资产主业 四大AMC实现稳健增长,金融界
1714,2018-04-09,一季度混基中邮人品爆发业绩绝尘 北信瑞丰等惨垫底,中国经济网
1715,2018-04-08,中国海军建军节在即 首艘国产航母或将海试,e公司
1716,2018-04-08,航空航天军工行业热点速评：中美贸易摩擦升级对航空航天船舶产业的影响,中财网
1717,2018-04-06,高能预警！10余只股票或在“清明后”被*ST，有一家公司原因与众不同(附业绩“排雷”名单),e公司
1718,2018-04-04,两市午后跳水 创业板跌逾1%(解读),证券之星
1719,2018-04-04,光伏价格趋稳 充电桩首次招标超预期 四股齐飞,证券之星
1720,2018-04-04,【主题研究】船舶工业专题：下行十年 拐点将至,中财网
1721,2018-04-04,快讯：军工股早盘集体走高 新余国科涨停,新浪
1722,2018-04-04,战略重视军工板块投资机会 两股值得重点关注,证券之星
1723,2018-04-03,涨停揭秘：两市全线回落调整 超跌次新股迎涨停潮,巨丰财经
1724,2018-04-03,[买入-B评级]中国船舶(600150)公司分析：PB处10余年历史底部 民船回暖提供弹性,中财网
1725,2018-04-03,安信冯福章：中国船舶PB处10年历史底部,金融界
1726,2018-04-03,军民融合板块全线回暖 龙头新余国科冲击涨停,证券之星
1727,2018-04-03,今日热点板块和概念预测 重点关注这些个股（4月3日）,中财网
1728,2018-04-03,一带一路贸易投资论坛将举行 机构逾20亿增持10只股,证券日报
1729,2018-04-02,船舶融资租赁迎来发展高潮,中港网
1730,2018-04-02,巨丰复盘：两市冲高回落 贸易战概念股再度走强,巨丰财经
1731,2018-04-02,明日之星：黄金又开始蠢蠢欲动,中财网
1732,2018-04-02,巨丰收评：市场获利回吐 释放上行压力,巨丰财经
1733,2018-04-02,24天！又一只独角兽将上会闯关！或创造A股IPO新速度！,证券之星
1734,2018-04-02,午评：沪指冲高回落涨0.18% 军工股和科技股持续活跃,证券时报网
1735,2018-04-02,国防军工概念股延续强势,e公司
1736,2018-04-02,“南北船合并”概念股集体冲高,Wind
1737,2018-04-02,[中性评级]船舶行业点评：行业触底 中国将加快整合和去产能,中财网
1738,2018-04-02,“南北船合并”概念股尽数走低,Wind
1739,2018-04-01,监管层出王炸！周末13大消息影响下周股市（附股+点评）,新浪
1740,2018-04-01,国防军工板块三月份表现强势 六股或迎布局良机,证券日报
1741,2018-03-31,【川财研究*每日复盘】20180330：沪指缩量震荡，计算机板块持续发力,川财研究
1742,2018-03-31,三月创业板指创两年最大月涨幅 四月机构扎堆看好银行等四行业,中财网
1743,2018-03-31,两船旗下公司澄清合并传闻,中证报
1744,2018-03-31,首季A股疲软 创业板逆市上扬,瑞达期货
1745,2018-03-31,国防军工板块三月份上涨6.22%?六股人气旺,证券日报
1746,2018-03-30,公告精选：美的集团拟10派12元；新乐视智家拟与腾讯签署互联网电视项目合作协议,e公司
1747,2018-03-30,外媒：“南北船”合并已定!,中港网
1748,2018-03-30,【解盘论市】神创姑娘周涨10.11%，轻微上扬起嘴角的微笑,Wind
1749,2018-03-30,中国船舶控股股东：未得到任何有关合并事项的通知,新浪
1750,2018-03-30,中船集团：未得到任何有关两船合并事项的通知,Wind
1751,2018-03-30,收评：创业板周涨10.11%重返1900点 创两年来最大单周涨幅,证券时报网
1752,2018-03-30,3月收官创业板站上1900点 创两年来最大月涨幅,中证网
1753,2018-03-30,30日潜力排行榜居前的板块(附股),证券之星
1754,2018-03-30,媒体：国务院原则上批复南北船合并 中国神船呼之欲出！,中财网
1755,2018-03-30,军工板块集体走强 隆华节能等多只个股涨停,中国经济网
1756,2018-03-30,7000亿“中国神船”浮出水面 内部人士透露行业四大利好,金融界
1757,2018-03-30,军工板块盘中拉升，创业板指涨近2%,搜狐
1758,2018-03-30,午评：芯片引领最强风口，军工板块重归活跃,新浪
1759,2018-03-30,中证午评：权重低迷沪指盘整 题材活跃创业板再显强势,中证网
1760,2018-03-30,军工股获重磅利好 创业板再扛反攻大旗,证券之星
1761,2018-03-30,国防军工板块领涨两市 中直股份涨逾8%,中证网
1762,2018-03-30,今日午评：科技股助力创业板继续大涨 市场情绪偏暖,中财网
1763,2018-03-30,午评：投资主线已清晰50一日游,中财网
1764,2018-03-30,创业板指涨1.8%，题材股全线走强,21世纪经济报道
1765,2018-03-30,南北船合并获批复是真的吗 南北船合并概念股名单,股城网
1766,2018-03-30,午评：创指单边上涨沪指涨0.12% 题材股全面回暖,新浪
1767,2018-03-30,军工板块急速上杨,证券之星
1768,2018-03-30,深圳市场给力 半导体船舶板块突发大涨,和讯
1769,2018-03-30,消息称国务院批复中船集团与中船重工合并 相关概念股大涨,腾讯网
1770,2018-03-30,中船集团与中船重工集团合并获批 军工板块急速上扬,新浪
1771,2018-03-30,创业板涨2%，船舶、航空、半导体等涨幅居前,和讯
1772,2018-03-30,中国船舶等船舶股直线拉升 中船科技触及涨停,证券时报网
1773,2018-03-30,中国船舶、中船防务等直线拉升,Wind
1774,2018-03-30,媒体：中国船舶与中船重工合并获批，合计营收至少5080亿,--
1775,2018-03-30,406股获买入评级 48只股或涨超50%,中金在线
1776,2018-03-28,大参考：第一届数字中国建设峰会召开在即 产业链公司迎机遇,巨丰财经
1777,2018-03-28,普涨行情再现 科技股持续爆发,中财网
1778,2018-03-28,换帅引“两船”合并猜想 旗下公司股价集体上涨,金融界
1779,2018-03-28,高端制造提速 优势企业浮出水面,金融界
1780,2018-03-27,[增持-A评级]中国船舶(600150)公司快报：市场化债转股助力新征程,中财网
1781,2018-03-27,中船集团换帅 积极推进混改,财界网
1782,2018-03-27,快讯：军工板块盘中持续走强 安达维尔等股强势涨停,新浪
1783,2018-03-27,船舶制造板块全线走强 中船防务涨超8%,证券时报网
1784,2018-03-27,创业板强劲反弹 500ETF遭融券抛售,和讯
1785,2018-03-27,重磅！央企整合再掀冲击波：“两船合并”按下快进键,中财网
1786,2018-03-26,33股每笔成交量增超50%,证券时报网
1787,2018-03-26,A股市场资金变动一览（3月26日）,Wind
1788,2018-03-26,中国船舶复牌后连续四日跌停,Wind
1789,2018-03-26,【国信军工|动态报告】中国船舶（600150）：债转股方案落地，轻装上阵开启新征程,国信军工研究
1790,2018-03-26,中船集团迈出债转股第二步 机构聚焦改革进展,证券时报
1791,2018-03-26,换帅！雷凡培任中国船舶工业集团有限公司董事长,搜狐
1792,2018-03-25,工业综合：国防军工周报,和讯
1793,2018-03-25,机械制造：关注上海原油期货推出 荐10股,和讯
1794,2018-03-24,避险情绪浓游资机构登海种业现分歧,投资快报
1795,2018-03-23,兴证军工石康团队每日资讯20180324：中核集团田湾核电站2号机组2017年WANO综合指数世界第一,国防军工参考
1796,2018-03-23,中国船舶龙虎榜数据（3月23日）,Wind资讯
1797,2018-03-23,今日沪指跌3.88% 钢铁行业跌幅最大,证券时报网
1798,2018-03-23,供给侧改革去杠杆 中国船舶探索国企改革新模式,苏南网
1799,2018-03-23,两市股指跌超3%沪指失守3200 农业黄金股逆市涨,中新网
1800,2018-03-23,资产注入预期落空，中国船舶连续三日跌停,Wind
1801,2018-03-23,三大股指高开低走 打破盘整格局需外力刺激,大众证券报
1802,2018-03-23,中国船舶中船防务大跌 新华保险华融瑞通等浮亏10亿,中国经济网
1803,2018-03-22,【华创机械】每日公告速递2018-03-21,华创机械
1804,2018-03-22,兴证军工石康团队每日资讯20180323：中国第2艘927型海洋水声监视船下水以弥补反潜短板,国防军工参考
1805,2018-03-22,中国船舶“股债穿梭术”被券商看好 资金为何不买账,新浪
1806,2018-03-22,沪指下挫跌0.53% 独角兽概念异动拉升,中金在线
1807,2018-03-22,今日大盘| 三大指数高开低走，暂时观望为宜,股涨通
1808,2018-03-22,跌停板解密：两个股连续跌停！（3月22日）,Wind
1809,2018-03-22,中国船舶龙虎榜数据（3月22日）,Wind资讯
1810,2018-03-22,沪指弱势震荡跌0.53% 公共交通板块逆势上涨,中新网
1811,2018-03-22,三大股指再度下挫 白马股暴跌揭秘,证券之星
1812,2018-03-22,天信投资：沪指箱体百点震荡 成长投资全面来袭,中金在线
1813,2018-03-22,沪指下跌0.53% 上海九百等逾50股涨停,财富动力网
1814,2018-03-22,三大指数高开低走 权重板块表现低迷,大众证券报
1815,2018-03-22,深圳新兰德投顾趋势巡航：大盘大跌或许没有意外,金融界
1816,2018-03-22,CFi收盘揭秘：指数全线收跌 一现象提示下跌是假象,中财网
1817,2018-03-22,收评：沪指弱势震荡跌0.53% 深成指跌近1%,中国网
1818,2018-03-22,[买入评级]中国船舶(600150)点评：重组落地涅槃重生 船舶制造龙头或迎反转,中财网
1819,2018-03-22,新零售概念强势崛起,红周刊
1820,2018-03-22,沪指震荡下挫上证50跌近1%，行业板块涨互现,21财经搜索
1821,2018-03-22,午评：两市低开震荡翻绿 无人零售板块爆发,中国经济网
1822,2018-03-22,今日午评：加息对上证50有冲击 创业板上演强者恒强,中财网
1823,2018-03-22,开盘观察：外围利空冲击有限 创业板迎逢低布局良机,中财网
1824,2018-03-22,沪深两市周四小幅高开 风险偏好仍有望继续上修,股城网
1825,2018-03-22,开盘：沪指涨0.01%两桶油改革概念股涨居前,顶尖财经网
1826,2018-03-22,中国船舶、中船防务复牌后连续大跌,Wind
1827,2018-03-22,资产注入预期落空 中国船舶、中船防务复牌大跌,大众证券报
1828,2018-03-21,造船股票有哪些?造船概念股一览,财富动力网
1829,2018-03-21,3月21日A股龙虎榜揭秘，机构净买入22只净卖出14股,--
1830,2018-03-21,两大重要关口到来 警惕变盘临界点(附股),证券时报
1831,2018-03-21,十大异动股点评：云计算成长空间打开 光环新网迎涨停,巨丰财经
1832,2018-03-21,【解盘论市】莫慌！未来三天之内必有暴力拉升,Wind
1833,2018-03-21,跌停板解密：股指下探跌停股仅3只！（3月21日）,Wind
1834,2018-03-21,3月21日异动股点评：三圣股份遭遇过山车 盘点四牛与四熊,中财网
1835,2018-03-21,[火线]中国船舶中船防务复牌跌停私密会议透露了这些看点,金融界
1836,2018-03-21,今日大盘上证指数走势跌10点 三大股指集体翻绿（3月21日）,中国网
1837,2018-03-21,美联储3月重磅议息会议考验市场 创业板指尾盘跳水大跌近2%,中国网
1838,2018-03-21,今日资金抢入六只强势股一览（2018年3月21日）,中财网
1839,2018-03-21,CFi收盘揭秘：一利好引发沪指拉升 资金终究不买账,中财网
1840,2018-03-21,[领先大市-A评级]船舶制造行业快报：2018年1-2月中国新船成交量继续大幅反弹,中财网
1841,2018-03-21,中国船舶：注入新鲜血液降杠杆 增持评级,中泰证券
1842,2018-03-21,[增持评级]中国船舶(600150)点评：市场化债转股：注入新鲜血液、“降杠杆”,中财网
1843,2018-03-21,中国船舶跌停54亿收购难发行 两年亏了50亿谋债转股,中国经济网
1844,2018-03-21,央行本周或有大动作 二次暴走已就绪?,证券之星
1845,2018-03-21,停牌近半年南船双子复牌大跌 南北船整合预期暂落空,金融界
1846,2018-03-21,午评：沪指高开高走涨0.48% 军工板块发力走强,中国网
1847,2018-03-21,午评：沪指半日涨0.48%重返3300点 券商和军工股盘中爆发,证券时报网
1848,2018-03-21,[推荐评级]中国船舶(600150)公司动态：拟收购少数股权以优化公司治理 期待公司2018年扭亏为盈,中财网
1849,2018-03-21,中国船舶什么时候复牌？中国船舶600150复牌时间公布,财富动力网
1850,2018-03-21,开盘观察：科技题材股复苏 将成推升创业板指主流,中财网
1851,2018-03-21,快讯：停牌近半年的中国船舶复牌跌停 逾15万手大单封板,中国网
1852,2018-03-21,中国船舶、中船防务复牌重挫,Wind
1853,2018-03-21,中国船舶复牌跌停 报22.20元,证券时报网
1854,2018-03-21,东北证券 | 看市：3月21日两市停、复牌个股一览,东北证券i投资
1855,2018-03-21,中国船舶拟发行股份收购外高桥造船与中船澄西股份,中国经济网
1856,2018-03-21,今日特别提示（2018年3月21日）,中财网
1857,2018-03-21,早评：市场调整后或反弹 创业板突破前高后将加速上涨,证券之星
1858,2018-03-21,巨丰热点前瞻：市场结构性调整后或反弹 结构性机会值得关注,巨丰财经
1859,2018-03-21,国企混改加速推进,大众证券报
1860,2018-03-21,中国船舶54亿收购两公司股权,大众证券报
1861,2018-03-21,今日停复牌股票一览表（2018年3月21日）,南方财富网
1862,2018-03-21,中船集团旗下公司产整合值得期待 中国船舶、中船防务相继发布股权收购方案,投资快报
1863,2018-03-21,中国船舶工业股份有限公司对上海证券交易所《关于中国船舶工业股份有限公司(上接D51版),证券日报
1864,2018-03-20,20日晚公告精选丨多公司发布分红公告,21世纪经济报道
1865,2018-03-20,中国船舶：股票3月21日复牌,Wind
1866,2018-03-20,兴证军工石康团队每日资讯20180321：老式59坦克基础上改装的无人坦克亮相备受关注,国防军工参考
1867,2018-03-20,中船集团百亿债转股方案出台 中国船舶中船防务明日复牌,腾讯网
1868,2018-03-20,中国船舶：3月21日复牌,e公司
1869,2018-03-20,全球造船业深度整合 中国船舶供给侧改革发力,中新网
1870,2018-03-18,机械制造：聚焦优质成长 荐10股,中泰证券
1871,2018-03-17,通讯：中国品牌新加坡亚太海事展实施精准推广,新华网
1872,2018-03-16,行业低迷已久　“船舶业第一大省”江苏如何破局?,新华报业
1873,2018-03-15,新造船市场“熊市2.0”：国轮国造,国际船舶
1874,2018-03-14,兴证军工石康团队每日资讯20180315：“3000家民企进军工采购一线”,国防军工参考
1875,2018-03-14,中船重工市场化债转股背后:力争2020年证券化率至70%,证券日报
1876,2018-03-14,中船重工“市场化债转股第一单”背后的故事(上接A1版),证券日报
1877,2018-03-13,A股下一轮牛市大概会是什么时候？,银行信息港
1878,2018-03-11,汽车：战略看好油服及锂电及半导体设备与工业互联网 荐10股,中泰证券
1879,2018-03-09,拟购标的扣非后归属净利持续为负 中国船舶收问询函,北京商报网
1880,2018-03-06,【中信建投中小市值】一周策略回顾与展望,中信建投
1881,2018-03-06,收评:沪指2月收官跌0.99% 月跌幅超6%创两年之最,银行信息港
1882,2018-03-05,【招商军工-行业每日要闻0305】,招商军工研究
1883,2018-03-05,[增持评级]机械设备行业周报：把握工业互联网、油服战略性投资机遇坚守“大国重器”-高端装备“核心资产”,中财网
1884,2018-03-05,中船集团逾百亿元收购案呼之欲出,财界网
1885,2018-03-05,48只ST股年报业绩预告扭亏 11只基金新进*ST华菱浮盈逾8000万元,证券日报
1886,2018-03-02,【中泰军工—行业周报(32周)】行业景气度持续向上，逆周期属性有望凸显,李聪军工研究
1887,2018-03-02,“整理”资产 南北船铺路重组？,华夏时报
1888,2018-03-02,军工行业日报：首次海上火箭发射将由长征十一号执行,中财网
1889,2018-03-02,中船集团债转股项目迈出第二步 公司负债率将大幅下降,财界网
1890,2018-03-01,22股将被ST投资者需警惕风险,顶尖财经网
1891,2018-03-01,【川财研究*国防军工】官方首次确认核动力航母项目,川财研究
1892,2018-02-28,“股权证券化”再添一员 中船集团探路市场化债转股,21世纪经济报道
1893,2018-02-27,百亿回购，中船集团发股“还”增资,航运交易公报
1894,2018-02-27,中航关注【军工上市公司重要公告】,睿智俱乐部
1895,2018-02-27,【中证盘前播报】举牌方有意谋求梅雁吉祥控制权，武汉凡谷去年亏损5亿元，贵州燃气再次提示风险，智飞生物2017净利增逾12倍,中证报
1896,2018-02-27,中船两公司回购子公司股份 引入“债转股”投资者,全景网
1897,2018-02-27,27日早间利好消息汇总,证券时报
1898,2018-02-27,中船集团逾百亿元收购案出炉,证券时报
1899,2018-02-27,中国船舶工业股份有限公司独立董事关于公司发行股份购买资产相关事项的独立意见,证券时报
1900,2018-02-26,【华创机械】每日公告速递2018-2-26,华创机械
1901,2018-02-26,【晚间热点扫描】证监会对獐子岛三高管出具警示函,腾讯网
1902,2018-02-26,中船集团“债转股”迈出第二步 两上市公司引入9位投资者,21世纪经济报道
1903,2018-02-26,沪深上市公司18年2月26日晚间上市公司重要公告,全景网
1904,2018-02-26,多公司发布晚间重要公告 明日走势或将反转,和讯
1905,2018-02-26,公告精选：梅雁吉祥举牌方有意谋求控制权；贵州燃气提示风险,e公司
1906,2018-02-26,中国船舶：54亿元收购外高桥造船、中船澄西少数股东股权,e公司
1907,2018-02-26,中国船舶：拟54亿元收购两家控股子公司少数股东权益,Wind
1908,2018-02-26,[增持评级]机械设备行业周报：战略重视油服、工业互联网优质标的预计3-4月工程机械销量数据靓丽,中财网
1909,2018-02-26,兴证军工石康团队每日资讯20180227：中国海空军1个月获10多架稀缺军机,国防军工参考
1910,2018-02-23,A股开门大涨2%！再送你一份牛股修炼手册,微信
1911,2018-02-22,普涨环境下暗流涌动，警惕三类“黑天鹅”,--
1912,2018-02-21,股市巨震下谁在买？在买谁？,巨丰财经
1913,2018-02-14,金融界A股头条：MSCI中国A股指数剔除理由曝光,金融界
1914,2018-02-14,中国船舶拟回购子公司股权,中证报
1915,2018-02-13,公告精选：中国船舶拟收购外高桥造船及中船澄西部分股权；多家公司大股东质押股份平仓风险解除，明日复牌,每日经济新闻
1916,2018-02-13,公告精选：6家公司解除爆仓风险 增持潮经久不息,e公司
1917,2018-02-13,中国船舶启动债转股“后招” 发行股份回购两子公司股权,e公司
1918,2018-02-13,长兴重工重回江南造船,航运交易公报
1919,2018-02-13,2月13日上市公司晚间公告速递,新浪
1920,2018-02-13,中国船舶重组进展：拟收购外高桥造船及中船澄西部分股权,e公司
1921,2018-02-13,中国船舶：拟发行股份购买外高桥造船36.2717%股权及中川澄西12.088%股权,Wind
1922,2018-02-13,工业综合：业绩向好 盈利能力有望持续提升,国信证券
1923,2018-02-10,八部委联合出台重磅指导意见 海洋经济发展迎来金融“风口”,金融界
1924,2018-02-09,南北船债转股会令产能削减吗?,中港网
1925,2018-02-09,权重砸盘，价值投机谢幕，年报披露日引爆风险点,--
1926,2018-02-09,2月9日晚间中国财经信息网独家证券快报,中财网
1927,2018-02-08,降杠杆，又一重武器亮相，这次真动格了……,--
1928,2018-02-06,市场再现“仙股” 连续快速下跌后 A股将向何处去,金融时报
1929,2018-02-06,19家公司预亏超10亿 多家基金“踩雷”,新京报
1930,2018-02-05,[领先大市-A评级]船舶制造行业快报：2017年全球新船成交量大幅反弹 大部分船型交付情况明显好转,中财网
1931,2018-02-05,[推荐评级]国防军工行业周报：业绩预告超六成个股实现增长 推荐关注主战装备龙头,中财网
1932,2018-02-05,【川财研究*阅读笔记系列】第18期：严监管阳光下的信托持股闪崩阴影,川财研究
1933,2018-02-05,预亏股摆雷阵炸伤基金 利好优质机构投资者,国际金融报
1934,2018-02-04,机械制造：预计3-4月销量有望超预期 荐10股,中泰证券
1935,2018-02-03,市场再现“仙股” 连续快速下跌后A股将向何处去,金融时报
1936,2018-02-03,应健中：爆仓的多米诺骨牌效应,中财网
1937,2018-02-03,贺宛男：十大预亏王告诉我们什么？,中财网
1938,2018-02-03,李志林:这件事为何能祸市?水皮：刘姝威多次做坏人,中财网
1939,2018-02-02,小心了！ST海润仅仅是拉开A股仙股的开始？,搜狐
1940,2018-02-02,年关将至 A股送您一顶绿“帽子”,金融界
1941,2018-02-02,"古中人：央企中船重工斥资约3,920万港元增持长盈",金融界
1942,2018-02-02,百股跌停！全因业绩预告“报忧”占比高？,财界网
1943,2018-02-02,财经观察家｜田渭东：乐视巨亏116亿，贾跃亭如何出局？,巨丰财经
1944,2018-02-02,降杠杆成A股致命一击？揭秘被动清盘背后三个真相,顶尖财经网
1945,2018-02-02,南北船合并再升温 仅差国资委“意见”,证券日报
1946,2018-02-01,昔日A股王者或遭ST，船舶沉没谁之过？,搜狐
1947,2018-02-01,扇贝跑了、存酒挥发、高管失联……一波上市公司业绩背锅侠来了,经济观察报
1948,2018-02-01,A股迎开年首场百股跌停 新会计准则成最大凶器,资金管理网
1949,2018-02-01,1月31日，在这个上市公司披露年度业绩预告的大限之日到来之前，A股发生了多起奇葩又惊人的雷爆事件。各路上市公司的巨亏和库存离奇失踪惊呆了所有投资者——,银行信息港
1950,2018-02-01,业绩“触雷”公司继续集体“卧倒” 网友调侃 ，他们这样说！,每日经济新闻
1951,2018-02-01,A股年度业绩扫雷：735股预亏预减，14家降幅超10倍,澎湃新闻
1952,2018-02-01,A股市场不悲观 全面风格切换条件还不具备,中证报
1953,2018-02-01,业绩快报“诛心” A股百股跌停,中财网
1954,2018-02-01,权重绩优股吸金仍在“路上”,每经网
1955,2018-02-01,"A股集中放""雷""原因找到了！百亿巨亏史当属这5家",证券时报
1956,2018-02-01,上市公司密集“变脸”： 监管从严财务“洗澡”诉求暗涌,21世纪经济报道
1957,2018-02-01,基金困锁A股黑天鹅 机构神伤觅白马避风港,21世纪经济报道
1958,2018-02-01,上市公司业绩连曝巨亏 獐子岛等企业如此回应,经济观察网
1959,2018-02-01,百股跌停！“巨亏股”引发市场震荡，还有哪些地雷股需要注意？,21世纪经济报道
1960,2018-01-31,百亿巨亏史当属这5家A股集中放“雷”原因找到了,顶尖财经网
1961,2018-01-31,创业板1天缩水1357亿 这一份上市公司地雷清单请收好,新浪
1962,2018-01-31,航运板块步入复苏周期 多家上市公司业绩预喜,e公司
1963,2018-01-31,一月A股行情收官 讲故事的全趴下了——道达投资手记,每经网
1964,2018-01-31,A股排雷，比惨大会！,银行信息港
1965,2018-01-31,A股市场雷声不断：乐视亏成毛、扇贝跑了、董事长坠楼身亡，惨不忍睹！| 金融聚焦,大宗内参
1966,2018-01-31,2017逾600家公司业绩预告数据：乐视网亏损占第一,证券时报网
1967,2018-01-31,连环地雷炸出A股百股跌停 十大亏损王变脸王曝光,金融界
1968,2018-01-31,业绩地雷引爆 沪指下探回升跌0.21%,大众证券报
1969,2018-01-31,业绩地雷引爆 逾600家公司掐点公布业绩预告,证券时报
1970,2018-01-31,百股跌停，信息量太大，沪指跌近1% ! 韭菜你还好吗？,每日经济新闻
1971,2018-01-31,集体跌停！N家上市公司连环炸 今天是什么日子？,中证报
1972,2018-01-31,集体跌停！A股爆出N个上市公司连环炸 有人抢着亏损(名单),中证报
1973,2018-01-31,湖北宜化亏损额超公司市值 巨亏预警公司集体跌停,第一财经
1974,2018-01-31,火热发布！上市公司业绩预告天雷冠军榜,21世纪经济报道
1975,2018-01-31,公告预亏股开盘重挫，多股跌停,Wind
1976,2018-01-30,A股连环炸？今夜扇贝跑了、酒蒸发了、董事长也不见了！,金融界
1977,2018-01-30,【招商军工-行业每日要闻0130】,招商军工研究
1978,2018-01-30,警防业绩雷：乐视网预亏116亿 石化油服亏106亿,新浪
1979,2018-01-30,中国船舶资本增持长盈集团股份,国际船舶
1980,2018-01-30,1月30日晚间重要业绩预告速读,第一财经
1981,2018-01-30,周二晚间上市公司利空公告,顶尖财经网
1982,2018-01-30,中国船舶预计2017年仍将亏损 幅度为22亿元到25亿元,新浪
1983,2018-01-30,中国船舶：2017年预亏22亿元-25亿元,e公司
1984,2018-01-30,中船集团“债转股”公布，旗下四船企引资百亿,航运交易公报
1985,2018-01-30,海洋探索将迎新格局 近6亿资金涌入6只海工装备股,证券日报
1986,2018-01-29,一招增加上亿利润 你根本挑不出毛病而且合法合规,金融界
1987,2018-01-29,"国防军工行业周报:中国船舶中船防务降杠杆,汽轮发电机组重大突破全电推进应用有望加速",国海证券
1988,2018-01-29,"机械设备行业:布油站稳60美金,行业景气度实质性反转",东吴证券
1989,2018-01-28,一财研选｜海工装备再获金融支持政策，这些行业龙头机会显现！,第一财经
1990,2018-01-26,9大企业增资102亿 中船集团债转股启动,21世纪经济报道
1991,2018-01-26,推市场化债转股方案 中国船舶、中船防务引9家机构共增资102亿,证券时报
1992,2018-01-26,中船集团两大上市公司平台同日推出市场化债转股方案,金融界
1993,2018-01-26,中国船舶：全资子公司拟7176万元转让中船圣汇26,金融界
1994,2018-01-26,"机械设备行业:金融服务指导意见发布,统筹优化金融资源推动海洋经济高质量发展",东吴证券
1995,2018-01-25,公告精选：千山药机大股东质押股票跌破平仓线；乐视网提示实控人变更风险,e公司
1996,2018-01-25,公告精选：千山药机大股东质押股票跌破平仓线；多家公司业绩大幅预增（更新中）,e公司
1997,2018-01-25,中船防务：两下属企业拟实施债转股 将获增资48亿元,e公司
1998,2018-01-25,晚间重要公告2018年1月25日星期四,--
1999,2018-01-25,25日晚间公司重大利好公告一览,证券之星
2000,2018-01-25,中国船舶：两下属企业拟实施债转股 将获增资54亿,e公司
2001,2018-01-25,中国船舶：2017年计提大额资产减值准备25.73亿元,Wind
2002,2018-01-25,【兴证军工】2017年Q4公募基金军工持仓分析,国防军工参考
2003,2018-01-25,公募基金对央企改革概念股青睐有加,财界网
2004,2018-01-24,【招商军工-行业每日要闻0124】,招商军工研究
2005,2018-01-24,中国船舶：子公司不构成关联交易 股票继续停牌,新浪
2006,2018-01-24,中国船舶：标的资产为外高桥造船和中船澄西股权，继续停牌,Wind
2007,2018-01-24,国资委重磅动作助力央企改革 基金锁定19只概念股,证券日报
2008,2018-01-23,年报序幕拉开 8股或将“披星戴帽”,长江商报
2009,2018-01-21,机械制造：工程机械涨价预期关注油价上涨 荐10股,中泰证券
2010,2018-01-20,业绩环比增长明显 军工行业拐点已现,投资快报
2011,2018-01-19,首届金骏马奖揭晓 长盛基金揽双项大奖,新浪
2012,2018-01-19,再造亚洲之最！黄海造船签订2000客位/3000米车道客滚船订单,船舶在线
2013,2018-01-19,2017全球造船业：中国第一 韩国第二,中国船舶报
2014,2018-01-18,中国进出口银行多措并举加大船舶融资力度,金融界
2015,2018-01-17,【招商军工-行业每日要闻0117】,招商军工研究
2016,2018-01-17,"机械设备行业:聚焦装备制造“核心资产”,三一、中车等,油价上涨关注海工装备风险释放,中集、振华",中证网
2017,2018-01-16,年报披露本周拉开帷幕 一批绩差股或遭ST,财界网
2018,2018-01-16,中国人寿掘金另类投资 王思东履新中国太平,时代周报
2019,2018-01-16,市值破万亿大关 贵州茅台高处不胜寒？,新京报
2020,2018-01-15,招商局李建红在香港会见中船重工董事长胡问鸣,中港网
2021,2018-01-14,机械制造：聚焦装备制造核心资产 荐35股,中泰证券
2022,2018-01-13,国防科工局集中披露消息 中船集团资产重组在即,经济观察网
2023,2018-01-12,八公司年报预警存戴帽风险,大众证券报
2024,2018-01-11,市场热点轮动明显加快 看多局势下不忘短期风险,广州日报
2025,2018-01-11,贵州茅台距万亿元市值不远 买还是不买,财界网
2026,2018-01-10,A股九连阳，为什么还有2500个股下跌（1月10日）,银行信息港
2027,2018-01-10,贵州茅台也会有套人的时候,中财网
2028,2018-01-10,江南造船正式签约2艘84000立方米超大型液化气船订单,起重机械网
2029,2018-01-10,年报披露季需防雷 一批绩差股或遭ST,证券时报
2030,2018-01-09,[同步大市-A评级]机械行业快报：2018年海工装备有望迎来新机遇,中财网
2031,2018-01-09,茅台早晚也有变中国石油的一天,新浪
2032,2018-01-08,江南造船（集团）获2艘84000立方米超大型液化气船订单,联合钢铁网
2033,2018-01-08,【晨会聚焦】地产限购边际松动影响几何,中泰证券研究所
2034,2018-01-07,机械制造：预计1月挖掘机销量增速继续超100% 荐10股,中泰证券
2035,2018-01-06,"油气装备与服务行业:重点推荐中集集团、振华重工,原油价格创两年新高,海工装备风险逐步释放",中国网
2036,2018-01-03,公告精选：中顺洁柔控股股东拟推10转10派1元；万科2017年合同销售额同比增45%,证券时报
2037,2018-01-03,晚间重要公告2018年01月03日星期三,--
2038,2018-01-03,航运景气度创七年来新高中国航运业迎来强势复苏,中港网
2039,2018-01-03,[快讯]1月3日晚间沪深两市重要公司公告一览,中财网
2040,2018-01-03,中国船舶：预计将在2月25日前申请复牌,凤凰网
2041,2018-01-03,中国船舶：预计将在2月25日前取得国资委对重组方案同意意见,Wind
2042,2018-01-03,我国造船业“一增一减”点燃发展引擎,中国水运网
2043,2018-01-02,机械设备行业:聚焦装备制造“核心资产”;关注新兴产业装备龙头,中国网
2044,2018-01-02,盘点12月的衰基金：上投摩根中欧南方富国岁末垂泪,中国经济网
