,2021-12-30,今年以来612家公司违规受罚 近两成个股已被风险警示,大众证券报
0,2021-12-30,公牛集团归还2.68亿元用于暂补流动资金的募集资金,乐居财经
1,2021-12-27,公牛集团注册资本拟减少至6.01亿元 减资破产,乐居财经
2,2021-12-27,公牛集团：公司及全资子公司计划向银行申请不超过25亿元授信,乐居财经
3,2021-12-27,公牛集团(603195.SH)：拟使用不超12亿元闲置募集资金暂补流动资金,格隆汇
4,2021-12-27,公牛集团(603195.SH)：拟向银行申请总额不超25亿元综合授信额度,格隆汇
5,2021-12-27,公牛集团(603195.SH)拟开展大宗原材料期货业务,智通财经
6,2021-12-22,2021家居上市公司喜与忧,财经网
7,2021-12-22,公牛集团使用1亿元闲置募集资金进行委托理财,乐居财经
8,2021-12-21,步入成熟期的家电龙头，还值得关注吗？,投资界
9,2021-12-20,公牛集团：在渠道端公司已建立了覆盖全国城乡、110多万家终端网点的线下销售网络,每日经济新闻
10,2021-12-20,公牛集团：目前公司及子公司生产经营情况正常,每日经济新闻
11,2021-12-20,公牛集团：公司充电桩产品目前未与下游运营商合作供货,Wind
12,2021-12-16,2021家居上市公司喜与忧,北京商报
13,2021-12-11,公牛集团：党建也是生产力,中国证券网
14,2021-12-10,快讯丨公牛集团提前归还4200万元暂补流动资金的募集资金 尚未归还数额8.9亿元,财经网
15,2021-12-10,公牛集团：提前归还 4200 万元至募集资金账户,乐居财经
16,2021-12-09,“十四五”农村规划吹风会两大要点：消费更新+粮食安全，五大板块异动！,Wind
17,2021-12-08,公牛集团：公司线下渠道以经销为主，目前终端网点没有直营店,每日经济新闻
18,2021-12-08,公牛集团：公司已建立覆盖全国城乡、110多万家终端网点的线下销售网络,Wind
19,2021-12-07,2022年轻工策略：变革下的重塑与突围 轻工龙头乘风破浪,新浪
20,2021-12-07,轻工制造行业周报：新型烟草政策密集发布 家居迎估值修复,新浪
21,2021-12-06,家用电器行业周报：集成灶市场增势强劲 国产品牌占优,新浪
22,2021-12-06,公牛集团：公司装饰渠道的终端门店主要指专业建材及灯饰渠道网点,每日经济新闻
23,2021-12-03,宝之特实业状告公牛集团，因买卖合同纠纷 诉讼纠纷,乐居财经
24,2021-12-03,家用电器行业周报：聚焦厨电新势力 洗碗机赛道寻良机,新浪
25,2021-11-30,公牛集团归还5000万元暂补流动资金的闲置募集资金,乐居财经
26,2021-11-29,轻工制造行业周报：电子烟监管迎实质性进展 看好行业长期发展,新浪
27,2021-11-25,3亿罚款驯服“公牛”,Ofweek
28,2021-11-23,风险教育！监管重拳出击，一大批公司被立案调查,Wind
29,2021-11-23,家用电器行业周报：10月家电零售数据向好 家空市场景气度上扬,新浪
30,2021-11-22,IDCC2021参会企业：公牛集团专注数据中心末端电源分配技术研发,中国IDC圈
31,2021-11-18,2021商越科技年度峰会 | 越向未来——新技术重构采购价值,凤凰网
32,2021-11-18,公牛集团收回4000万元募集资金现金管理产品本金,乐居财经
33,2021-11-18,电力设备专题报告(16)：南网发布“十四五”规划：总量温和增长 重心是解决新能源问题、配用电侧建设,新浪
34,2021-11-17,家用电器行业周报：地产政策或调整 重视家电投资机会,新浪
35,2021-11-16,公牛集团：控股股东股权结构变更 控制人变化,Wind
36,2021-11-16,零售、轻工日化行业动态：10月社零同比+4.9% 消费延续回暖态势,新浪
37,2021-11-16,卖插座的“公牛”为何被判定垄断？“全国统一零售价”不是挺正常的？,新浪
38,2021-11-15,公牛集团：存货增加主要系为应对公司转换器产线搬迁，适当增加部分备货所致,Wind
39,2021-11-15,公牛集团：收到的补助系慈溪市政府根据慈政办发〔2021〕9号文件发放的企业培育奖励,每日经济新闻
40,2021-11-15,公牛集团：存货增加主要系为应对公司转换器产线搬迁，适当增加部分备货所致,每日经济新闻
41,2021-11-06,"垄断罚没近3亿、市值跌破千亿,“插座茅”公牛不牛了！",Ofweek
42,2021-11-05,转售价格维持的历史与未来|蔚为大观,经济观察报
43,2021-11-04,【东吴轻工张潇团队】Q3基金持仓点评：轻工板块延续低配，细分赛道龙头及低估值公司受机构青睐,张潇的轻工消费洞察
44,2021-11-04,高瓴资本3季度只减仓不加仓：安全边际、成长性重定位,Wind
45,2021-11-04,高瓴资本三季度只减仓不加仓，安全边际与成长性需重新定位,Wind
46,2021-11-02,首创证券维持公牛集团买入评级：Q3 经营表现符合预期，盈利能力稳健,每日经济新闻
47,2021-11-02,公牛集团(603195)季报点评：照明业务释放发展动能 净利率逐步修复,新浪
48,2021-11-02,高瓴4大调仓逻辑曝光，接下来看好这些方向,Wind
49,2021-11-01,陈歆磊：从公牛电器被罚探讨转售价格限制,新浪
50,2021-11-01,开源证券维持公牛集团买入评级：高增速发展，省内外市场同步扩张,每日经济新闻
51,2021-11-01,高瓴资本三季报A股持仓全扫描,Wind
52,2021-10-31,高瓴大举减持！公牛集团公布三季报，明星基金经理加仓 减持股份,新浪
53,2021-10-30,西部证券给予公牛集团增持评级，2021年三季报点评，近期获4份券商研报关注，目标均价涨幅20.56%,每日经济新闻
54,2021-10-30,公牛集团(603195)：21Q3业绩符合预期 加码新品推广,新浪
55,2021-10-30,公牛集团：业绩基本符合预期，民用电工龙头稳健发展【华西轻工徐林锋团队】,轻工锋尚
56,2021-10-30,国金证券给予公牛集团增持评级，业绩短期承压，长期增长能力依然优异,每日经济新闻
57,2021-10-30,国金证券：给予公牛集团增持评级,证券之星
58,2021-10-29,华西证券给予公牛集团买入评级：业绩基本符合预期，民用电工龙头稳健发展,每日经济新闻
59,2021-10-29,中泰证券维持公牛集团买入评级，2021三季报点评：靴子落地，稳健持续,每日经济新闻
60,2021-10-29,安信证券维持公牛集团买入-A评级：Q3单季度盈利能力保持稳定,每日经济新闻
61,2021-10-29,安信证券：给予公牛集团买入评级，目标价位190.0元,证券之星
62,2021-10-29,公牛集团：其他收益不包含投资收益，主要是政府补助,每日经济新闻
63,2021-10-29,速览公牛、得邦等10家照明相关企业三季报，净利最高增长2240%,LED在线
64,2021-10-29,公牛集团：第三季度营收增速降至个位数，净利润下滑 | 季报拆解 盈利能力下降,乐居财经
65,2021-10-29,被罚3个亿！“插座茅”三季报净利下跌 谢治宇强势加仓,证券之星
66,2021-10-29,公牛集团(603195)：经营稳健 盈利能力稳定 竞争优势持续增强,新浪
67,2021-10-29,被罚3个亿，千亿“插座茅”净利跌了！高瓴大举减持，谢治宇强势加仓 盈利能力下降,Wind
68,2021-10-28,公牛集团第三季度净利下滑1.3%,北京商报
69,2021-10-28,公牛集团三季度净利7.85亿元降1.3%，政府补助达3.36亿，刚遭反垄断罚款2.95亿,搜狐
70,2021-10-28,公牛集团Q3净利润同比下滑1.30% 反垄断罚款近3亿元,贝壳财经
71,2021-10-28,公牛集团公布三季报 前三季净利增加37.98%,新浪
72,2021-10-28,北向资金逆市加仓超71亿，贵州茅台获大幅净买入13亿元,Wind
73,2021-10-28,公牛集团拟回购注销262.5万元激励股权,乐居财经
74,2021-10-28,公牛集团拟回购注销166.4万元股份,乐居财经
75,2021-10-28,图解公牛集团三季报：第三季度单季净利润同比减1.30%,证券之星
76,2021-10-28,公牛集团：第三季度净利润约7.85亿元，同比下降1.3%,每日经济新闻
77,2021-10-28,公牛集团：前三季度净利22.06亿元 同比增长37.98%,财联社
78,2021-10-28,公牛集团：三季度净利润7.85亿元，同比下降1.30%,Wind
79,2021-10-28,公牛集团：前三季度净利润同比增长37.98%,Wind
80,2021-10-26,北向资金再度净买入超8亿，连续9日抢筹宁德时代累计加仓超55亿,Wind
81,2021-10-25,南财脱水研报｜家电板块股票迎久违大涨，双十一叠加估值低位，防御价值凸显,21经济网
82,2021-10-25,公牛集团跌5.34% 中信证券海通证券近4个月前唱多,中国经济网
83,2021-10-25,家电行业周报21W43：房地产税落地 关税豁免与双十一新品关注,新浪
84,2021-10-22,家电股集体飙涨 机构：预计板块整体将迈入修复阶段,第一财经
85,2021-10-20,“公牛”被罚后，28家单项冠军、110家“小巨人”都来听课了,新浪
86,2021-10-19,家用电器行业周报：三季报陆续披露 看好龙头公司竞争优势扩大,新浪
87,2021-10-19,家用电器行业2021W42周度研究：三季度大家电数据点评,新浪
88,2021-10-18,公牛集团：渠道垄断红利消退,证券市场周刊
89,2021-10-18,公牛集团成立智能科技公司，注册资本1000万,Wind
90,2021-10-18,公牛集团于浙江新设智能科技公司，注册资本1000万元,乐居财经
91,2021-10-18,飞泰电子与公牛集团、拼多多等卷入侵害外观设计专利权纠纷,乐居财经
92,2021-10-18,轻工制造行业周报本周专题：轻工制造行业21年三季报业绩前瞻,新浪
93,2021-10-15,公牛集团：2021年三季报将于10月29日披露,每日经济新闻
94,2021-10-15,公牛集团：公司2021年上半年投资收益为9640万，主要为理财信托等投资收益,Wind
95,2021-10-12,家用电器行业研究周报：9月及Q3小家电数据点评,新浪
96,2021-10-12,反垄断处罚对公牛集团有何影响？,Ofweek
97,2021-10-12,公牛集团被罚3亿，企业如何避免陷入“垄断雷区”？,Ofweek
98,2021-10-11,招商家电｜家电行业2021年三季报业绩前瞻：山重水复疑无路、柳暗花明又一村,招商家电研究
99,2021-10-11,轻工制造行业周报本周专题：不利因素或边际缓解 探讨轻工出口链投资机会,新浪
100,2021-10-09,公牛集团：反垄断后无法控制终端价，超额利润还能维持吗？,证券之星
101,2021-10-09,计算机应用行业点评：挂钩收入大额罚款开启 互联网治理时代来临,新浪
102,2021-10-09,“插座一哥”公牛集团的“垄断生意”：借聊天群管控价格 被处近3亿元罚款,新浪
103,2021-10-09,又一巨头被罚！互联网反垄断“第二枪”落地,Wind
104,2021-10-08,公牛集团：目前业务主要覆盖电连接、智能电工照明、数码配件三大赛道,每日经济新闻
105,2021-10-08,2021年三季度A股上市公司舆情榜,大众证券报
106,2021-10-08,被罚近3亿！营收增速放缓，公牛集团能否保住“插座一哥”优势 盈利能力下降,投资时报
107,2021-10-08,"3亿罚金，让""插座一哥""公牛跌出""千亿市值俱乐部""",华尔街见闻
108,2021-10-08,家用电器行业研究周报：各家电品类近期上新产品总结,新浪
109,2021-10-07,北上资金加速买买买！前三季度净买入3000亿,Wind
110,2021-10-05,“公牛”被罚3亿，阮氏兄弟服了！,新浪
111,2021-10-05,“潮经济”周报｜爱奇艺、腾讯视频、优酷视频均发布取消超前点播；清华首个虚拟学生华智冰露脸唱歌；首个治疗新冠口服药或将诞生,21世纪经济报道
112,2021-10-03,市值跌破千亿，被罚2.9亿，公牛集团该如何破局？,深水财经社
113,2021-10-03,靴子落地！公牛集团因垄断被罚2.95亿元 还存在一隐忧,深水财经社
114,2021-10-03,3亿罚单背后：群雄环伺，叠加内部忧虑，公牛集团不确定性还很多,搜狐
115,2021-10-02,海运费跳水 天猫淘宝调整双十一交易流程｜一周电商大事,亿邦动力
116,2021-10-01,公牛为何这么牛？市值980亿的“插座茅”栽了个跟头,凤凰网
117,2021-09-30,轻工行业：静待消费龙头边际改善机遇,新浪
118,2021-09-30,逾2.94亿元！公牛集团因违反反垄断法被处罚,中国经济网
119,2021-09-30,公牛集团垄断长达六年，“插座大王”如何控制经销商？,搜狐
120,2021-09-30,公牛集团被罚近3亿背后：对经销商实施控价，为何构成垄断？,奥一网
121,2021-09-30,轻工行业2021年中报综述：估值收敛后关注龙头吸引力回升,新浪
122,2021-09-30,每经热评丨要罚公牛集团 更要鼓励竞争防垄断,每经头条
123,2021-09-30,公牛被罚近3亿，然后呢？,美股研究社
124,2021-09-30,中企植根非洲促进民生改善,中国贸易报
125,2021-09-29,公牛被罚2.95亿元 今年9月份65家公司违规受罚 其他违规处罚,大众证券报
126,2021-09-29,“插座第一股”为垄断付出了3亿代价,乐居财经
127,2021-09-29,CEO自习室：快手高级副总裁严强将离职 公牛回应高额罚款 董监高成员变化,亿邦动力
128,2021-09-29,同因垄断被罚，为何公牛被罚3%而不是4%？,财经网
129,2021-09-29,公牛集团因垄断被罚三个亿，网友：确实贵,中金在线
130,2021-09-29,垄断被罚，业绩疲软，公牛集团正在走下坡路 盈利能力下降,中金在线
131,2021-09-29,公牛集团：借款主要系密切银企合作，合理利用低成本资金，公司资金不存在被大股东挪用的情况,每日经济新闻
132,2021-09-29,大公司早报｜快手新架构进行商业化等业务闭环 公牛称尽快交3亿罚款,观察者网
133,2021-09-29,轻工造纸行业2021年中报回顾：家居印证格局优化 包装关注成本转嫁能力,新浪
134,2021-09-29,公牛“太壮”，涉嫌垄断被罚近3亿 其他违规处罚,搜狐
135,2021-09-29,3亿罚款驯服“公牛”,斑马消费
136,2021-09-29,多种方式限价管控销售 公牛集团违反《反垄断法》被重罚近3亿元 其他违规处罚,新快报
137,2021-09-29,再“牛”的企业也不能搞垄断,经济日报
138,2021-09-29,昔日“插座大王”，出事了！涉及垄断，这家千亿市值巨头遭重罚！收近3亿元“天价罚单”→ 其他违规处罚,央视财经
139,2021-09-28,反垄断被罚3亿！靠卖插座撑起千亿市值，公牛有多赚钱？,搜狐
140,2021-09-28,历时4月，公牛集团反垄断被罚近3亿,钛媒体
141,2021-09-28,公牛集团被罚2.95亿！“插座大王”老板娘曾多次借款给经销商,野马财经
142,2021-09-28,被罚近3亿元！反垄断利剑挥向公牛，“插座一哥”的地位还稳吗？丨C位,第一财经
143,2021-09-28,约2.6亿政府补助款没焐热，就被罚款近3亿元 公牛集团“垄断门”案终结,经济观察网
144,2021-09-28,公牛集团违反反垄断法被重罚近3亿 连续六年通过经销商管控产品价格 其他违规处罚,长江商报
145,2021-09-28,反垄断之下，公牛护城河还稳吗？,格隆汇
146,2021-09-28,公牛集团因价格垄断遭罚款约3亿元！其证券部称上半年已整改 金融监管处罚,科技新闻网
147,2021-09-28,经济日报评公牛集团被罚：搞垄断，再“牛”的企业也不行,经济日报
148,2021-09-28,联商头条：阿里旗下App接入微信支付 深圳文和友改名,联商网
149,2021-09-28,公牛集团回应被罚款近3亿：不复议 尽快交罚款,快科技
150,2021-09-28,被罚约2.95亿元！“插座一哥”公牛集团反垄断案结案,中国房地产网
151,2021-09-28,公牛集团称3亿罚单尽快交、不复议，今日收跌0.85%,乐居财经
152,2021-09-28,被罚 3 亿！插座巨头踩线反垄断，创始人兄弟身家超 800 亿,ZAKER
153,2021-09-28,“插座大王”公牛垄断被罚近3亿！毛利率超iPhone,凤凰网
154,2021-09-28,公牛将缴纳近3亿罚款 上半年净利达14亿元,电缆网
155,2021-09-28,一批公司被查，风险教育再度上演！,Wind
156,2021-09-28,公牛集团“垄断门”结案：被处近3亿元罚款 借聊天群管控价格,中国经营网
157,2021-09-28,“插座茅”回应3亿罚单：不复议，尽快交罚款,Wind
158,2021-09-28,千亿巨头违反反垄断法 公牛集团：罚款或将影响2021年利润 | 公司问答,第一财经
159,2021-09-28,千亿巨头违反反垄断法 公牛集团：罚款或将影响2021年利润,第一财经
160,2021-09-28,公牛集团对旗下产品实行价格管控，“插座一哥”被反垄断处罚2.9亿,钛媒体
161,2021-09-28,叶飞“自杀式举报”后，这家A股高管被“一锅端”,Wind
162,2021-09-28,公牛集团(603195.SH)跌逾1%，因违反反垄断法被罚近3亿元,证券之星
163,2021-09-28,公牛集团：公司充电桩产品尚在研发中,Wind
164,2021-09-28,公牛集团：目前限电未对公司生产产能造成重大影响,Wind
165,2021-09-28,公牛集团：目前限电未对公司生产产能造成重大影响,每日经济新闻
166,2021-09-28,A股“插座大王”遭重罚，公牛集团违反《反垄断法》被罚2.95亿元 其他违规处罚,资本邦
167,2021-09-28,A股异动 | 公牛集团(603195.SH)涨2% 机构料本次罚款整体对利润影响有限,格隆汇
168,2021-09-28,国金证券：维持公牛集团(603195.SH)“增持”评级 三大业务板块长期增长可期,智通财经
169,2021-09-28,股市动态|财经早资讯：国家电网回应“拉闸限电”；公牛集团被罚2.95亿元,财经网
170,2021-09-28,每日理财观察：“停电潮”愈演愈烈，一大批上市公司预警,Wind
171,2021-09-28,天价！千亿“插座茅”遭重罚！ 其他违规处罚,中国基金报
172,2021-09-28,盘前情报丨多家公司公告限电相关影响；公牛集团被罚2.9亿，盐湖股份被罚160万,21世纪经济报道
173,2021-09-28,针对“拉闸限电”，国家电网回应来了；辉瑞启动新冠口服药预防感染效果Ⅱ/Ⅲ期试验；公牛集团因违反反垄断法被罚近3亿元,每经头条
174,2021-09-28,每日财报|海航公布重整草案 公牛集团因垄断被罚2.9481亿,搜狐
175,2021-09-28,早报 (09.28) | 鲍威尔警告未来几个月通胀可能继续高企，供应瓶颈是元凶；千亿巨头公牛集团违反反垄断法，被罚近3亿,格隆汇
176,2021-09-28,【中证盘前】国家电网：最大可能避免出现拉闸限电情况；千亿巨头违反反垄断法，被罚近3亿；翻倍牛股鹏欣资源涉嫌信披违规，被立案调查,中证报
177,2021-09-28,盘前必读丨央行例会透露这些重磅信息，国家电网最新表态来了,第一财经
178,2021-09-28,全球出现“能源荒”，贵州茅台冲击涨停板 | 财经日日评,吴晓波频道
179,2021-09-28,公牛集团因垄断行为被罚近3亿 公司法务总监曾公开传授规避反垄断法实现控价,财联社
180,2021-09-27,千亿市值“插座茅”，违反《反垄断法》收近3亿元“天价罚单”,中证报
181,2021-09-27,因垄断被罚近3亿元，公牛集团能否稳坐“插座一哥”地位,北京商报
182,2021-09-27,传统行业反垄断并不遥远：“插座一哥”公牛集团被罚近3亿,新京报
183,2021-09-27,公告精选：公牛集团因违反反垄断法被罚约2.95亿元；多家上市公司回应限电影响,e公司
184,2021-09-27,刚刚，反垄断重锤砸向千亿巨头！“插座一哥”被罚近3亿！公司火速回应,中国财富网
185,2021-09-27,2.95亿反垄断处罚曝光：公牛集团建QQ、钉钉群管控价格，涉及所有产品,时代周报
186,2021-09-27,罚款近3亿！A股“插座大王”遭反垄断调查结果出炉，创始人兄弟身家曾超900亿 其他违规处罚,每日经济新闻
187,2021-09-27,因违反反垄断法 公牛集团收近3亿元“天价罚单”,新浪
188,2021-09-27,靴子落地！公牛集团因垄断被罚2.95亿元 还存在一隐忧,搜狐
189,2021-09-27,突发！公牛集团罚3亿，盐湖股份罚160万,新浪
190,2021-09-27,A股插座巨头踩线反垄断，被罚近3亿！年内股价高点回调30%,Wind
191,2021-09-27,晚间重要公告2021年9月27日星期一,Wind
192,2021-09-27,公牛集团因违反反垄断法被罚近3亿！称目前生产经营情况正常,奥一网
193,2021-09-27,反垄断调查“靴子落地”，公牛集团被罚近3亿 它究竟做了什么,每日经济新闻
194,2021-09-27,刚刚！A股插座巨头踩线反垄断，被罚近3亿！年内股价高点回调30%，明星机构仍扎堆看好,证券时报
195,2021-09-27,千亿巨头违反反垄断法，被罚近3亿！相当于净利13%，公司最新回应来了！,e公司
196,2021-09-27,公牛集团回应“被罚2.95亿元”：已结案，对经营没有重大影响,搜狐
197,2021-09-27,9月27日鹏欣资源、公牛集团等10家公司公告出现利空,证券之星
198,2021-09-27,踩线反垄断！去年刚上市的公牛集团被罚2.95亿元，相当于上年净利润12%,21世纪经济报道
199,2021-09-27,晚间公告｜9月27日这些公告有看头,第一财经
200,2021-09-27,公牛集团因违反反垄断法被罚近3亿元，占公司最近一期经审计净利润12.74%,华尔街见闻
201,2021-09-27,市场监管总局发布公牛集团股份有限公司达成并实施垄断协议案行政处罚决定书 其他违规处罚,市场监管总局
202,2021-09-27,公牛集团因垄断行为被罚款2.95亿元,质量新闻网
203,2021-09-27,“插座一哥”公牛集团违反反垄断法被罚2.95亿元，占上半年归母净利润的20.74%,搜狐
204,2021-09-27,突发！1000亿巨头发布重要公告，被罚款近3亿,每日经济新闻
205,2021-09-27,公牛集团因违反反垄断法被罚2.95亿元 为最近一期净资产的3.23%,中华网
206,2021-09-27,快讯丨公牛集团违反《反垄断法》罚款2.9481亿元 为2020年境内销售额3%,财经网
207,2021-09-27,公牛集团因反垄断被罚近3亿 股价较年内高点跌逾30%,证券之星
208,2021-09-27,反垄断调查“靴子”落地 公牛集团全面整改促发展,中证网
209,2021-09-27,下午突发|贵州茅台逆市大涨9.5% 公牛集团因违反反垄断法被罚近3亿元,鲸平台
210,2021-09-27,公牛集团违反反垄断法被罚2.95亿元，为境内销售额3%,乐居财经
211,2021-09-27,每经17点|国务院：禁止用人单位因女职工生育恶意调岗；公牛集团因违反反垄断法被罚近3亿元；黄河发生2021年第1号洪水,每日经济新闻
212,2021-09-27,公牛集团：因违反反垄断法，被罚款超2.9亿元,腾讯网
213,2021-09-27,违反反垄断法！公牛集团收到行政处罚决定书 被罚款2.9481亿元,快科技
214,2021-09-27,公牛集团：因违反反垄断法被罚2.95亿元,金融界
215,2021-09-27,反垄断调查“靴子”落地 公牛全面整改促发展,证券时报网
216,2021-09-27,公牛集团：因违反反垄断法被罚2.9亿元,第一财经
217,2021-09-27,公牛集团：因违反反垄断法被罚2.9481亿元,e公司
218,2021-09-27,公牛集团：因违反反垄断法被处2.9481亿元罚款,贝壳财经
219,2021-09-27,公牛集团因违反反垄断法被罚近3亿元,格隆汇
220,2021-09-27,公牛集团：收浙江证监局行政处罚决定书 金融监管处罚,Wind
221,2021-09-27,轻工制造行业周报：“双控”下纸企部分停机检修 关注后续供给端变化 探寻美国造纸业在长期环保趋势下的发展,新浪
222,2021-09-23,Open Euler欧拉发布在即，国产软件闻风起舞,Wind
223,2021-09-23,华为又一操作系统将发布，概念龙头闻风20CM涨停,Wind
224,2021-09-18,公牛集团申请“公牛魔盒”等科学仪器类商标,乐居财经
225,2021-09-14,公牛集团：上下游议价能力强 渠道优势明显 成本费用控制能力强,新浪
226,2021-09-10,公牛集团：充电桩产品还在研发中,每日经济新闻
227,2021-09-08,【大NEW说大咖面对面】公牛集团曹鹏：数据中心末端配电“应需而变”,中国IDC圈
228,2021-09-06,家用电器2021W36周度研究行业研究周报：小家电企业非电产品现状,新浪
229,2021-09-03,公牛集团：公司目前没有研发上市的太阳能电板产品,每日经济新闻
230,2021-09-03,家用电器行业深度：乘风破浪的扫地机 行业篇,新浪
231,2021-09-02,公牛集团：电连接业务是公司核心业务之一，公司推出了新能源汽车充电枪产品,每日经济新闻
232,2021-09-02,公牛集团：公司顺应消费趋势布局了墙壁式无线WIFI,财联社
233,2021-08-30,轻工行业9月投资策略：消费属性标的配置价值有所回升,新浪
234,2021-08-30,北向资金连续6日净买入累计加仓近200亿，继续大手笔加码新能源股,Wind
235,2021-08-30,家电行业周报21W35：一张图复盘科沃斯扫地机器人 关注家电低估值修复机会,新浪
236,2021-08-25,飞泰电子状告公牛集团、拼多多等，系侵害外观设计专利权纠纷 诉讼纠纷,乐居财经
237,2021-08-24,公牛集团(603195)：新老业务并进 渠道开拓进取,新浪
238,2021-08-24,公牛集团：6.8亿借款的阳谋,乐居财经
239,2021-08-23,公牛集团：6.8亿借款的“阴谋”｜中报风云51,乐居财经
240,2021-08-23,家用电器行业研究周报：疫情影响下 主要家电市场渠道结构变化,新浪
241,2021-08-23,轻工制造行业周报：复盘亚洲个护龙头尤妮佳的成长之路,新浪
242,2021-08-23,【银河轻工陈柏儒】公司点评丨公牛集团 (603195)：21H1营收业绩同步高增，品类双轮驱动与B端渠道拓展表现亮眼,中国银河证券研究
243,2021-08-21,家用电器行业周报：7月住宅竣工数据持续向好 白电需求明显回暖,华福证券有限责任公司
244,2021-08-21,公牛集团(603195)2021年中报点评：三大赛道业绩亮眼 民用电工龙头稳步前行,新浪
245,2021-08-21,公牛集团||渠道与品类拓展加速业绩释放，盈利能力逆势提升,吕明可选消费研究
246,2021-08-20,【东兴轻工】公牛集团：全渠道开拓顺利，成长确定性增强,新浪
247,2021-08-20,东吴证券：维持公牛集团(603195.SH)“买入”评级 目标价238元,智通财经
248,2021-08-20,东吴证券给予公牛集团买入评级，2021年中报点评，近期获13份券商研报关注，目标均价涨幅26.25%,每日经济新闻
249,2021-08-20,公牛集团：公司充电枪目前主要在电商平台销售,每日经济新闻
250,2021-08-20,公牛集团：公司基于数码线下渠道优势，拓展了手机电池、干电池等补充品类,每日经济新闻
251,2021-08-20,西部证券维持公牛集团增持评级，2021年中报点评：渠道品类拓展，业绩稳步增长,每日经济新闻
252,2021-08-20,每日理财观察：7月沪深两市日均交易量环比双增,Wind
253,2021-08-20,三雄极光：赔了夫人又折兵 | 中报风云34,和讯
254,2021-08-19,进一步深化渠道变革 公牛集团上半年净利润增长76.85%,证券日报网
255,2021-08-19,裘国根、邓晓峰、冯柳、林利军等私募大佬持仓动向,Wind
256,2021-08-19,裘国根出手，新进这些股！邓晓峰加仓纳思达、减持爱博医疗，附股 减持股份,和讯
257,2021-08-19,裘国根出手，新进这些股！邓晓峰、冯柳、林利军等私募大佬投资动向曝光,中国基金报
258,2021-08-19,券商首次关注5股并给予买入评级（8月19日）,Wind
259,2021-08-19,180股获券商买入评级，旺能环境目标涨幅达79.35%,Wind
260,2021-08-18,公牛集团(603195)：全渠道协同发展持续推进 充分发挥产品研发创新优势,新浪
261,2021-08-18,东方证券维持公牛集团增持评级：产品创新、全渠道深化持续推进，盈利能力稳步改善,每日经济新闻
262,2021-08-18,首创证券给予公牛集团买入评级：产品渠道精耕细作，净利率逆势提升,每日经济新闻
263,2021-08-18,天风证券维持公牛集团买入评级：三大赛道精耕细作，ToB渠道开拓表现亮眼,每日经济新闻
264,2021-08-18,公牛集团(603195)：Q2净利环比+34% 净利率持续提升,新浪
265,2021-08-18,围绕三大业务精耕细作 公牛集团上半年营收净利双增长,上证报
266,2021-08-18,公牛集团发半年报股价涨3.93% 净利增速超营收增速,中国经济网
267,2021-08-18,简评爱博医疗、安图生物、公牛集团,证券之星
268,2021-08-18,公牛集团(603195)：业绩符合预期 成长确定性高,光大证券
269,2021-08-18,西南证券维持公牛集团持有评级，2021年半年报点评：多品类协同发力，盈利能力持续释放,每日经济新闻
270,2021-08-18,公牛集团(603195)：收入表现优异 渠道持续深化 成长确定性增强,新浪
271,2021-08-18,公牛集团(603195)：降本提效显能力 新品类有望开启新成长,国金证券股份有限公司
272,2021-08-18,公牛集团股价涨5.2% 现报184.82元,乐居财经
273,2021-08-18,中国银河维持公牛集团推荐评级：21H1营收业绩同步高增，品类双轮驱动与B端渠道拓展表现亮眼,每日经济新闻
274,2021-08-18,公牛集团：因股利分配致筹资活动现金流降122.31%丨中报拆解 运营能力下降,乐居财经
275,2021-08-18,公牛集团、三雄极光等五家企业半年度业绩一览,LED在线
276,2021-08-18,“小插座”做成“大生意”，公牛集团营收净利双增的逻辑在哪？,美股研究社
277,2021-08-18,平平无奇的“小插座”，堆出千亿市值的公牛集团,美股研究社
278,2021-08-18,公牛集团：数码配件业务收入降10%至1.74 亿元丨中报拆解 盈利能力下降,乐居财经
279,2021-08-18,家用电器行业2021W33周观点：从电商数据看小米系家电品牌及其智能生态+,新浪
280,2021-08-18,公牛集团：上半年净利同比增加76.85%，B端渠道销售收入同比增346%,中国房地产网
281,2021-08-18,中泰证券：维持公牛集团(603195.SH)“买入”评级 受益装饰渠道综合化转型增长,智通财经
282,2021-08-18,国金证券维持公牛集团增持评级：降本提效显能力，新品类有望开启新成长,每日经济新闻
283,2021-08-18,民生证券维持公牛集团推荐评级，2021年度中报点评：渠道建设多点开花，盈利能力逆势提升,每日经济新闻
284,2021-08-18,华西证券维持公牛集团买入评级：盈利表现靓丽，民用电工龙头加快多元渠道与品类拓展,每日经济新闻
285,2021-08-18,公牛集团(603195)：收入增长强劲 持续降本增效,新浪
286,2021-08-18,公牛集团：盈利表现靓丽，民用电工龙头加快多元渠道与品类拓展【华西轻工徐林锋团队】,轻工锋尚
287,2021-08-18,千亿市值插座巨头2021上半年营收增长41.5%，净利润增长76.85%,亿欧网
288,2021-08-17,公牛集团：2021年半年度净利润约14.21亿元，同比增加76.85%,每日经济新闻
289,2021-08-17,公牛集团2021年上半年净利上涨76.85%,北京商报
290,2021-08-17,公牛集团：投资活动现金流骤降105.3%至9278.7万元丨中报快讯 运营能力下降,乐居财经
291,2021-08-17,公牛集团：上半年净利14.2亿元，同比增长76.85%,36氪
292,2021-08-17,公牛集团(603195.SH)：上半年净利增76.85%至14.21亿元,格隆汇
293,2021-08-17,公牛集团半年报：上半年净利14.2亿元 同比增长77%,财联社
294,2021-08-17,公牛集团：上半年净利润同比增长76.85%,Wind
295,2021-08-17,公牛集团：公司600W大功率户外储能电源于今年初上市,每日经济新闻
296,2021-08-17,公牛集团入选 国家产教融合型企业,钢企网
297,2021-08-16,北向资金今日大幅净买入62亿元，低估值消费白马股获追捧,Wind
298,2021-08-16,轻工制造行业周报：中报陆续揭晓 家居个护等细分龙头成长依旧,新浪
299,2021-08-12,公牛集团获得政府补助约2.59亿元,LED在线
300,2021-08-09,公牛集团(603195.SH)于8月6日收到政府补助款2.59亿元,智通财经
301,2021-08-09,天风证券给予公牛集团“买入”评级，目标价238.9元,乐居财经
302,2021-08-09,高瓴资本概念股整体活跃，甘李药业、良品铺子、健帆生物、公牛集团大涨,Wind
303,2021-08-09,公牛集团股价涨5.0% 现报187.34元,乐居财经
304,2021-08-09,天风证券维持公牛集团买入评级，跟踪报告一：从电商数据看公牛的新老业务,每日经济新闻
305,2021-08-09,公牛集团(603195)：从电商数据看公牛的新老业务,新浪
306,2021-08-09,公牛集团：时代孕育企业，公司目前已上市新能源充电枪产品,每日经济新闻
307,2021-08-06,公牛集团股价跌5.4% 现报176.30元,乐居财经
308,2021-08-03,公牛集团：公司充电枪目前主要在电商平台销售，产品将不断升级,每日经济新闻
309,2021-08-03,公牛集团：台风烟花在浙江登陆，对宁波等地带来较为严重的影响，公司已向宁波慈善总会捐赠抗洪救灾物品,每日经济新闻
310,2021-08-03,公牛集团：公司工厂建设正在按计划进行，将陆续投产,每日经济新闻
311,2021-08-02,轻工制造行业周报：英美烟草业绩靓丽 细分龙头安全边际明显,新浪
312,2021-08-02,北向资金7月动向：重点进攻高景气成长制造主线，周期性行业遭抛售,Wind
313,2021-08-02,轻工制造行业周报本周专题：钢琴行业稳中有进 “双减政策”提振行业预期,新浪
314,2021-07-29,轻工行业8月投资策略：市场回撤中静待优质企业安全边际,新浪
315,2021-07-28,【东吴轻工张潇团队】Q2持仓点评：轻工板块延续低配，家具龙头受机构青睐,张潇的轻工消费洞察
316,2021-07-28,轻工制造行业21Q2基金持仓点评：轻工板块延续低配 家具龙头受机构青睐,新浪
317,2021-07-26,轻工制造行业周报：菲莫国际减害产品高增 美国地产景气延续,新浪
318,2021-07-26,家电周报：6月地产竣工提速 关注空调需求拐点,新浪
319,2021-07-26,北上资金重点加仓名单来了！22股连续七周加仓,Wind
320,2021-07-22,家电及相关行业：地产竣工转好 厨电、空调需求受益,新浪
321,2021-07-22,零售、轻工日化行业：6月社零较19年同期+10% 消费持续回暖,新浪
322,2021-07-21,微观流动性跟踪双周报：北上率先转换风格 定价权归属被动转移,新浪
323,2021-07-21,【国金晨讯】政策落地，光伏压延玻璃扩产受控放开；公牛集团深度：核心稳固，笃行致远,国金证券研究所
324,2021-07-20,公牛集团(603195)：核心稳固 笃行致远,国金证券股份有限公司
325,2021-07-20,国金证券：维持公牛集团(603195.SH)“增持”评级 目标价244.8元,智通财经
326,2021-07-19,北向资金今日净买入近44亿元，持续加仓白酒、医药股,Wind
327,2021-07-19,轻工制造行业周报：6月家具出口高增 文具社零靓丽 龙头优势延续,新浪
328,2021-07-19,轻工制造行业周报：分享消费时代健康红利 按摩器具行业前景广阔,新浪
329,2021-07-19,什么情况？北上资金减仓锂茅、药茅、酒茅、免税茅,Wind
330,2021-07-19,轻工造纸行业2021年中报业绩前瞻：家居景气延续 龙头份额提升；左侧布局包装板块,新浪
331,2021-07-15,轻工行业2021年中期策略：存量看分化 新兴观成长,新浪
332,2021-07-13,轻工行业2021年中期投资策略：行业进一步分化 重点关注龙头公司,光大证券
333,2021-07-13,浙江区域股市周报：2亿融资买入浙江龙盛 公牛集团挤进板块市值5强,每日经济新闻
334,2021-07-13,轻工制造行业周报：中报预期催化延续 线上渠道贡献愈加突出,新浪
335,2021-07-12,北向资金今日净买入16.42亿元，新能源股表现分化,Wind
336,2021-07-09,家居｜公牛集团董事曹伟退出 新增ZHOU Wen Chuan为董事,财经网
337,2021-07-09,天风证券：家电新兴品类在低渗透率的前提下仍将维持较高景气度,Wind
338,2021-07-07,公牛集团：公司目前产能利用正常,每日经济新闻
339,2021-07-07,高瓴资本概念股涨势强劲，恩捷股份再创新高,Wind
340,2021-07-06,公牛集团(603195)2021年中报业绩预告点评：质地优良 经营持续提效,新浪
341,2021-07-06,公牛集团(603195)：2021H1归母净利同比预计+62%-93%,新浪
342,2021-07-06,轻工制造行业周报：床垫六月线上数据靓丽 布局中报业绩超预期主线,新浪
343,2021-07-06,家用电器行业2021W27周观点：如何看6月大、小家电消费趋势？,新浪
344,2021-07-05,家居｜公牛集团将于7月9日解除限售股21.55万股,财经网
345,2021-07-05,公牛集团(603195.SH)：21.55万股限制性股票7月9日解锁上市,格隆汇
346,2021-07-05,公牛集团：约21.55万股限售股7月9日解禁，占比0.04% 解禁,每日经济新闻
347,2021-07-05,轻工制造行业周报本周专题：轻工制造行业2021年中报业绩前瞻,新浪
348,2021-07-05,家电及相关行业动态：关注跨界布局 持续看好品牌出海与第三消费品类,新浪
349,2021-07-04,2021年中报业绩预告超预期个股,中信建投证券研究
350,2021-07-04,公牛集团(603195)：业绩增长超预期 巩固龙头地位,光大证券
351,2021-07-04,天风证券维持公牛集团买入评级：产品+渠道正向循环，三大赛道业绩表现亮眼,每日经济新闻
352,2021-07-04,西部证券维持公牛集团增持评级，21年半年度业绩预增点评：21H1业绩超预期，销售渠道变革助力业绩快速增长,每日经济新闻
353,2021-07-04,深度*行业*电力设备与新能源行业7月第1周周报：硅片电池片价格下调,新浪
354,2021-07-03,公牛集团(603195)：Q2盈利能力稳步改善 民用电工龙头强者恒强,新浪
355,2021-07-03,公牛集团(603195)2021年中期业绩预告点评：盈利能力逆势提升 利润超预期增长,新浪
356,2021-07-02,每日财报|宁波银行2020分红10股送5元公牛集团上半年净利润大增至少六成,搜狐
357,2021-07-02,华西证券：公牛集团新业务拓展不及预期风险，维持“买入”评级,乐居财经
358,2021-07-02,公牛集团(603195)：盈利回升 H1净利润预增62%-93%,新浪
359,2021-07-02,最高涨幅达388%！公牛集团等三企发布半年度预增公告,LED在线
360,2021-07-02,华西证券：公牛集团（603195.SH）三大赛道精耕细作，上半年业绩靓丽，维持“买入”评级,智通财经
361,2021-07-02,宁波兄弟的千亿之路：从小作坊到插座界“茅台”,36氪
362,2021-07-02,公牛集团(603195.SH)逆势涨7%上半年净利预增61.74%到92.85%,格隆汇
363,2021-07-02,公牛集团：三大赛道精耕细作，上半年业绩靓丽【华西轻工徐林锋团队】,轻工锋尚
364,2021-07-02,A股早报2021年7月2日星期五,Wind
365,2021-07-02,公牛集团(603195)：盈利能力逆势改善 业绩表现较为优异,新浪
366,2021-07-01,晚间重要公告2021年7月1日星期四,Wind
367,2021-07-01,120万股民嗨了！两桶油业绩火爆，半年暴赚1200亿！网友：要起飞？,中国基金报
368,2021-07-01,家居｜公牛集团2021年半年度净利润预增 13亿元到15.5亿元,财经网
369,2021-07-01,公牛集团：上半年净利润同比预增61.74%-92.85%,中证网
370,2021-07-01,公牛集团(603195.SH)预计半年度归母净利同比增加61.74%到92.85%,智通财经
371,2021-07-01,公牛集团：上半年净利同比预增62%-93%,e公司
372,2021-07-01,公牛集团(603195.SH)半年度预盈13亿-15.5亿元 同比增加61.74%-92.85%,格隆汇
373,2021-07-01,公牛集团：预计上半年实现净利润13亿元-15.5亿元，同比增加61.74%-92.85%,第一财经
374,2021-07-01,公牛集团：预计上半年净利同比增加62%-93%,财联社
375,2021-07-01,公牛集团：预计上半年净利润同比增长61.74%到92.85%,Wind
376,2021-06-29,家居｜公牛集团拟回购注销限制性股票3.1万股 剩余54.49万股,财经网
377,2021-06-27,【东兴大消费】周观点：关注消费者迭代带来的新赛道和新品牌,微信
378,2021-06-23,家居｜公牛集团回购价格下调到74.13元/股,财经网
379,2021-06-22,公牛集团(603195.SH)：21.8万股限制性股票解除限售条件成就,智通财经
380,2021-06-22,公牛集团(603195.SH)：21.796万股限制性股票可解锁,格隆汇
381,2021-06-21,【东兴大消费】周观点：5月社零总额同比增长12.4%，消费复苏确定性延续,微信
382,2021-06-21,家用电器行业2021W25周观点：如何看清洁电器市场的渗透率？,新浪
383,2021-06-20,轻工制造行业周报：由“618”看电商渠道在家居品销售中重要性,新浪
384,2021-06-18,最高涨幅达30%！近期LED行业涨价情况一览,LED在线
385,2021-06-16,轻工制造行业周报：5月家具出口数据靓丽 看好各版块细分龙头,新浪
386,2021-06-11,浙江区域股市周报：公牛集团跌出板块市值5强 132家机构调研锦浪科技,每日经济新闻
387,2021-06-11,东吴策略·行业风火轮：大众消费复苏 A股港股共振,新浪
388,2021-06-11,浙江7万亿板块出30只十倍股，看行业龙头全名单,Wind
389,2021-06-11,百元股数量达163只，一日增加5只,证券时报网
390,2021-06-10,公牛集团：公司充电枪已在电商平台上市，充电桩产品在加紧研发中，公司将围绕用户需求不断进行技术和产品的迭代创新和升级,每日经济新闻
391,2021-06-08,44家LED照明/显示企业2020年及1Q21业绩解读,LED在线
392,2021-06-08,六大券商周三看好的六大板块,证券之星
393,2021-06-08,公牛集团大涨,新浪
394,2021-06-08,公牛集团2021三季度净利7.85亿元，同比下降1.3%,亿欧网
395,2021-06-08,公牛集团反垄断案正式落地，插座龙头被罚近3亿,亿欧网
396,2021-06-08,千亿市值插座巨头2021上半年营收增长41.5%，净利润增长76.85%,亿欧网
397,2021-06-08,两市百元股数量达159只，科创板股票占38.36%,证券时报网
398,2021-06-08,盘前情报丨两部门发文打造区块链产业发展集聚区，相关企业迎发展机遇（附股）,21世纪经济报道
399,2021-06-07,【东兴大消费】周观点：618大促预售火爆，关注国产品牌和新锐品类,微信
400,2021-06-07,轻工行业周观点：浆跌累库致纸承压 家居龙头激励目标树稳增长预期 维持推荐行业细分龙头,新浪
401,2021-06-07,高瓴资本概念股表现活跃，海正药业、广联达、健康元、公牛、国瓷材料走强,Wind
402,2021-06-07,轻工制造行业周报：浆纸价格淡季承压 长期看木浆基本面仍有支撑,新浪
403,2021-06-04,公牛集团(603195.SH)授出68.75万股限制性股票 授予价为88.15元/股,智通财经
404,2021-06-04,公牛集团向542名激励对象授予6060万元限制性股票,乐居财经
405,2021-06-04,公牛集团(603195.SH)：向542名激励对象授予限制性股票共计68.75万股,格隆汇
406,2021-06-04,申万宏源关键假设表调整与交流精粹：涨价与人民币升值对各行业影响几何？信用债融资下滑反映了什么？,新浪
407,2021-06-02,公牛集团大跌 连续下跌,新浪
408,2021-06-02,高瓴资本概念股多数回调，公牛集团、广联达、国瓷材料、良品铺子跌幅居前,Wind
409,2021-06-01,5月这5家上市公司遭立案调查公牛集团、易见股份在列 其他违规处罚,第一财经
410,2021-06-01,轻工制造行业周报：家居需求旺盛依旧 消费成长策略延续,新浪
411,2021-06-01,高瓴资本概念股纷纷上扬，健帆生物、公牛、泰格、广联达、凯莱英涨幅居前,Wind
412,2021-05-31,轻工制造行业周报：原材料涨价持续 定制龙头抗冲击能力凸显,新浪
413,2021-05-31,轻工行业6月投资策略：电子烟行业短期仍以政策落地为核心关切,新浪
414,2021-05-30,多只智能家居概念股获社保基金和QFII青睐,证券时报网
415,2021-05-30,晨光文具(603899)深度报告系列一：线下渠道铸就护城河 文创巨头强者恒强,新浪
416,2021-05-30,黄金赛道10倍牛股诞生，高增长潜力股名单来了,第一财经
417,2021-05-30,公私募大咖集体出手 “疯狂的石头”遭哄抢！,网易
418,2021-05-30,智能家居国内市场规模将突破1900亿 潜力股名单来了,证券时报网
419,2021-05-28,7成公司预喜！下周16家高送转、43家高派现,Wind
420,2021-05-27,公牛集团(603195.SH)于6月3日每股派发现金红利2元,智通财经
421,2021-05-27,突遭反垄断调查 被阮氏“拴住”的公牛集团还能继续狂奔吗？,GPLP犀牛财经
422,2021-05-27,公牛集团：公司设有海外事业部负责海外业务,每日经济新闻
423,2021-05-26,浆价期现齐跌 废纸系降价去库成效初显 可关注个股推荐,腾讯网
424,2021-05-25,【银河轻工李昂/甄唯萱/章鹏】行业周报丨浆价期现齐跌，废纸系降价去库成效初显已企稳回升，维持推荐行业细分龙头,中国银河证券研究
425,2021-05-24,创益通：公司与特斯拉没有业务合作关系，公司的主要客户包括晟碟（西部数据）、莫仕、公牛集团、安克创新、星科金朋、埃梯梯等国内外知名公司,每日经济新闻
426,2021-05-24,5月24日晚间重要行业研究汇总(附股),中金在线
427,2021-05-24,中国银河维持轻工行业推荐评级：浆价期现齐跌，废纸系降价去库成效初显已企稳回升，维持推荐行业细分龙头,每日经济新闻
428,2021-05-24,轻工制造行业双周报：板块持续回调 龙头蓄力待发,华福证券有限责任公司
429,2021-05-24,轻工制造行业周报：定制家居渠道变革持续 整装加速企业分化,新浪
430,2021-05-22,“插座一哥”公牛集团涉“垄断门”遭立案调查 其他违规处罚,新浪
431,2021-05-22,遭遇反垄断调查 公牛集团渠道优势恐成垄断法门 其他违规处罚,中国网
432,2021-05-20,“反垄断”落锤不止 “插座一哥”公牛集团还能高枕无忧吗？,新浪
433,2021-05-20,晨会聚焦210520重点关注钢铁、欧派家居、江山欧派、公牛集团,国信研究
434,2021-05-20,24股获券商买入评级 博通集成目标涨幅达39.13%,Wind
435,2021-05-19,国家电网再提新型电力系统 这几条投资主线值得关注丨牛熊眼,第一财经
436,2021-05-19,公牛集团(603195)2020年报2021年一季报点评：产品结构优化 盈利质量更上层楼,新浪
437,2021-05-19,国信证券维持公牛集团买入评级，2020年报&2021年一季报点评：多线并进，平台化可期,每日经济新闻
438,2021-05-19,国信证券：公牛集团（603195.SH）看好龙头优势，维持“买入”评级,智通财经
439,2021-05-18,高瓴资本概念股涨跌不一，公牛集团涨势强劲,Wind
440,2021-05-18,国海证券--家用电器行业周报：原材料持续涨价，龙头通过优化产品结构并调价妥善应对【行业研究】,金融界股吧
441,2021-05-18,新财富500富人榜：家居行业首富易主，姚良松位居第二！,和讯
442,2021-05-17,"高瓴资本最新A股持仓标的,从行业来看，依然看好新能源、医药以及消费等领域",新浪
443,2021-05-17,公牛集团盈利原地踏步，正泰电器4亿现金扛380亿债|年报对比⑩,乐居财经
444,2021-05-17,东方证券维持公牛集团增持评级：产品矩阵持续丰富，盈利能力稳步改善,每日经济新闻
445,2021-05-17,东方证券：公牛集团（603195.SH）产品、品牌、渠道优势持续彰显，目标价201.66元，维持“增持”评级,智通财经
446,2021-05-17,再被教育！零容忍发威，违规公司风险监控,Wind
447,2021-05-17,公牛集团回应遭反垄断调查：积极配合，生产经营正常 其他违规处罚,中新经纬
448,2021-05-17,公牛集团大涨,新浪
449,2021-05-17,创始人2万资金赚下千亿身价插座巨头回应反垄断调查 关联方问题,快科技
450,2021-05-17,公牛集团：目前生产经营一切正常 将努力加快产品的研发上市进度,e公司
451,2021-05-17,公牛集团因涉嫌实施垄断行为被立案调查 要求经销商专营专销 其他违规处罚,GPLP犀牛财经
452,2021-05-17,反垄断调查将成常态，让超级企业从野马变成良马,吴晓波频道
453,2021-05-17,“插座大王”被反垄断调查 公牛还“牛”吗？ 其他违规处罚,中新网
454,2021-05-15,公牛集团遭垄断调查仍在发酵 “护城河”成色受质疑 其他违规处罚,财富动力网
455,2021-05-14,2分钟读财报|“插座茅”公牛遭反垄断调查 释放重要信号 其他违规处罚,新浪
456,2021-05-14,“插座一哥”公牛电器为何遭反垄断调查？问题出在“专营专销”上 其他违规处罚,新浪
457,2021-05-14,公牛集团年营收百亿：增长停滞 还遭高瓴减持 盈利能力下降,亿邦动力
458,2021-05-14,"涉嫌垄断被调查,“插座大王”公牛集团市值一天缩水53亿 其他违规处罚",华夏时报
459,2021-05-14,遭反垄断调查、股价大跌近5%，公牛集团做了什么？ 其他违规处罚,财经网
460,2021-05-14,千亿巨头涉垄断被调查，或与强势“经销商买断式销售”有关 其他违规处罚,南都报
461,2021-05-14,财经早报：监管部门已经对多只近期炒作股票重点关注,新浪
462,2021-05-14,公牛集团涉垄断被立案调查 市值超千亿拥庞大销售网络 其他违规处罚,长江商报
463,2021-05-14,恒大汽车折让20%出售股权，牧原股份董事长被约谈|财经日日评 资产异常,吴晓波频道
464,2021-05-14,“反垄断”监管落锤公牛集团 股价下跌4.62%,证券日报
465,2021-05-14,“反垄断”监管落锤公牛集团 专家建议企业建立有效合规管理体系,证券日报
466,2021-05-14,操纵市场价格的公牛，接受反垄断调查并不冤，但阴谋论却绝不可取 其他违规处罚,电科技
467,2021-05-13,公牛集团遭反垄断立案调查 投资人炸开了锅 其他违规处罚,每日经济新闻
468,2021-05-13,公牛被调查！高瓴、社保基金中招！不好整 其他违规处罚,和讯
469,2021-05-13,“插座一哥”公牛集团被反垄断调查，经销模式是导火索？ 其他违规处罚,新京报
470,2021-05-13,公牛集团涉垄断被查，掀起阮立平家族关联交易“冰山一角”,乐居财经
471,2021-05-13,公牛集团到底“垄断”了吗？,新浪
472,2021-05-13,公牛集团遭反垄断调查：掌控百万经销商，警惕纵向垄断协议风险,21世纪经济报道
473,2021-05-13,公牛集团涉嫌垄断被立案调查！股价逼近跌停，高瓴、社保基金等是大股东 董监高成员异常事件,中国房地产网
474,2021-05-13,公牛集团被反垄断调查 业内人士：或源于经销商举报 限定区域最低价 其他违规处罚,财联社
475,2021-05-13,涉嫌垄断！浙江市监局对公牛集团立案调查 其他违规处罚,驱动中国
476,2021-05-13,涉嫌垄断被调查，公牛回应：将积极配合 其他违规处罚,观察者网
477,2021-05-13,公牛集团涉反垄断被查 许鸣鸣：监管重锤持续落下 有利于市场公平公正,第一财经
478,2021-05-13,公牛集团最新回应，一季度高瓴减持276.90万股 减持股份,资本邦
479,2021-05-13,每经15点 | 我国脱发人数超2.5亿，年轻人脱发年龄提前了20年；沪指收跌近1%，资源股全线重挫，北上资金净流出56亿元,每日经济新闻
480,2021-05-13,公牛集团登陆上交所 市值超千亿,北京日报
481,2021-05-13,市场要闻丨“插座茅”公牛集团被反垄断调查，高瓴资本是第四大股东,36氪
482,2021-05-13,A股第一家！“插座一哥”遇反垄断调查，暴跌9%，高毅、瑞银踩雷 连续下跌,搜狐
483,2021-05-13,资本动态 | 利空来袭！浓眉大眼的“插座大王”也被反垄断调查了，盘中一度逼近跌停 其他违规处罚,财经网
484,2021-05-13,公牛集团：公司经营未受影响此前股价回调与调查无关 其他违规处罚,第一财经
485,2021-05-13,遭遇反垄断调查，千亿市值“插座茅”股价一度暴跌超7% 其他违规处罚,上游新闻
486,2021-05-13,“插座一哥”公牛集团遭反垄断调查 浙江市监局：据举报和总局交办进行立案调查 诉讼纠纷,每日经济新闻
487,2021-05-13,黑色系集体重挫，铁矿石跌6%，千亿白马逼近跌停,Wind
488,2021-05-13,公牛集团股价大跌，此前因涉嫌实施垄断协议被立案调查 连续下跌,澎湃新闻
489,2021-05-13,A股反垄断第一枪，“插座大王”盘中逼近跌停，社保踩雷！北向资金增仓榜出炉,搜狐
490,2021-05-13,涉嫌垄断，A股“插座大王”遭立案调查，市值已超千亿丨一只热股 其他违规处罚,第一财经
491,2021-05-13,千亿“插座茅”涉嫌反垄断遭立案调查，高瓴、高毅双双踩雷 其他违规处罚,环球老虎财经
492,2021-05-13,"""插座茅""公牛集团被反垄断调查 早盘大跌近8% 其他违规处罚",新浪
493,2021-05-13,公牛集团涉嫌垄断被调查，2020年公司营收能过百亿 其他违规处罚,资本邦
494,2021-05-13,昨夜今晨：公牛接受反垄断调查 特斯拉暂停比特币支付 货拉拉筹备造车 其他违规处罚,驱动中国
495,2021-05-13,开盘：A股三大股指低开沪指跌0.88%，公牛集团遭反垄断调查股价跌7.74％ 其他违规处罚,金融界
496,2021-05-13,“插座大王”被反垄断调查，公牛还“牛”吗？ 其他违规处罚,中新网
497,2021-05-13,A股异动：公牛集团跌超5%，遭反垄断调查 其他违规处罚,证券之星
498,2021-05-13,大公司早报｜京东物流下周启动招股 阿里副总裁范驰离职,观察者网
499,2021-05-13,公牛集团涉嫌垄断被调查 市值曾超1500亿 其他违规处罚,亿邦动力
500,2021-05-13,“插座茅”涉嫌垄断被调查 公牛集团开盘跌近8% 其他违规处罚,中新经纬
501,2021-05-13,"快讯：涉嫌垄断被立案调查 ""插座茅""公牛集团早盘大跌近8% 其他违规处罚",新浪
502,2021-05-13,涉嫌垄断被立案调查 公牛集团开盘跌超7% 其他违规处罚,e公司
503,2021-05-13,公牛集团低开逾7%，公司涉嫌实施垄断协议行为被立案调查,Wind
504,2021-05-13,今天股市行情最新消息 今日股市新闻（5月13日）,至诚财经
505,2021-05-13,华为一审“败”于纯文字商标鸿蒙；卫龙辣条“辣”向港交所；公牛集团涉嫌垄断被立案调查；百威打响啤酒涨价第一枪,每经头条
506,2021-05-13,千亿市值“插座大王”被反垄断调查！ 其他违规处罚,中国经济网
507,2021-05-13,犀牛财经早报：公牛集团涉嫌垄断被调查*ST众泰被暂缓投资,GPLP犀牛财经
508,2021-05-13,5月13日盘前重要公司新闻,上证报
509,2021-05-13,“插座大王”突然被调查涉及垄断：官方不淡定了！ 其他违规处罚,快科技
510,2021-05-13,公牛集团被反垄断调查：生产经营正常、积极配合调查 其他违规处罚,和讯
511,2021-05-13,盘前必读丨北向资金批量抢筹白酒股，公牛集团涉嫌垄断被立案调查,第一财经
512,2021-05-13,股海导航 5月13日沪深股市公告提示,新浪
513,2021-05-13,千亿大白马遭反垄断调查，高瓴社保踩雷！紧急回应来了,Wind
514,2021-05-13,“插座大王”公牛集团遭反垄断调查 其他违规处罚,上证报
515,2021-05-13,千亿大白马公牛集团遭反垄断调查、股民炸锅 紧急回应来了 其他违规处罚,证券时报网
516,2021-05-13,公牛集团遭反垄断调查 连续两年营收过百亿 其他违规处罚,全景网
517,2021-05-13,突发利空！千亿大白马遭反垄断调查，高瓴社保QFII也踩雷！股民炸锅：完犊子了！紧急回应来了 其他违规处罚,中国基金报
518,2021-05-13,“反垄断”监管落锤公牛集团 高瓴社保QFII也踩雷 紧急回应来了,中国基金报
519,2021-05-13,公牛集团涉嫌垄断被调查:经销商实为家族成员？募资扩产产品销量下滑 产品问题,腾讯网
520,2021-05-12,千亿市值“插座茅”被反垄断调查！高瓴、社保基金踩雷 其他违规处罚,Wind
521,2021-05-12,千亿市值“插座茅”被反垄断调查！高瓴、社保基金踩雷，公司火线回应 其他违规处罚,中证报
522,2021-05-12,高瓴也“中招”了！千亿A股“插座龙头”遭反垄断调查回应称将积极配合 其他违规处罚,财联社
523,2021-05-12,公牛集团涉嫌垄断被调查，回应目前生产经营正常 其他违规处罚,奥一网
524,2021-05-12,涉嫌垄断？A股千亿插座龙头公牛集团遭立案调查 其他违规处罚,Ofweek
525,2021-05-12,一年营收100亿 “插座一哥”公牛涉嫌垄断被调查 其他违规处罚,快科技
526,2021-05-12,重磅突发：A股千亿插座龙头公牛股份遭反垄断调查 高瓴资本是第4大股东 其他违规处罚,e公司
527,2021-05-12,公告精选：公牛集团涉嫌实施垄断被立案调查；凯迪股份收到上海蔚来汽车零件定点通知,e公司
528,2021-05-12,公告精选：公牛集团涉嫌实施垄断被立案调查；国科微与华为及海思没有合作,e公司
529,2021-05-12,晚间重要公告2021年5月12日星期三,Wind
530,2021-05-12,家居｜公牛集团涉嫌反垄断 被监管立案调查 其他违规处罚,财经网
531,2021-05-12,A股反垄断第一枪：公牛集团涉嫌垄断遭立案调查 转换器曾占天猫66%份额 其他违规处罚,科技新闻网
532,2021-05-12,“插座大王”公牛集团被反垄断调查，市值超千亿 其他违规处罚,中国经济网
533,2021-05-12,公牛集团涉嫌实施垄断被立案调查，回应：积极配合调查 其他违规处罚,第一财经
534,2021-05-12,公牛集团(603195.SH)涉嫌与交易相对人达成并实施垄断协议行为遭立案调查 其他违规处罚,智通财经
535,2021-05-12,晚间公告｜5月12日这些公告有看头,第一财经
536,2021-05-12,【公告抢先看】晚间重要公告：公牛集团因涉嫌实施垄断协议行为立案调查、奥园美谷目前医美业务未产生收入,金融界
537,2021-05-12,公牛集团涉嫌垄断被立案调查，股价收跌2.33% 其他违规处罚,乐居财经
538,2021-05-12,中国最低调的行业冠军：一年净利超过99%的制造企业,I黑马
539,2021-05-12,公牛集团：收到浙江省市场监督管理局垄断案件立案调查告知函 其他违规处罚,Wind
540,2021-05-12,公牛集团：浙江省市场监督管理局对公司涉嫌实施垄断协议行为进行立案调查 其他违规处罚,e公司
541,2021-05-10,【东兴大消费】周观点：关注线下复苏带来的增长及结构变化机会,微信
542,2021-05-10,轻工行业周观点：内盘浆价高位震荡 成品纸社库偏高或致顺价不畅 维持推荐行业细分龙头,新浪
543,2021-05-08,高瓴补充“弹药”1160亿！重仓布局3大领域,Wind
544,2021-05-08,公牛集团(603195)2020年报&2021年一季报点评：多层次渠道积极布局 布局智能化全屋解决方案,新浪
545,2021-05-08,轻工制造行业2020年报与2021年一季报总结：2020年至暗已过 2021年开局良好,新浪
546,2021-05-08,公牛集团(603195)年报&Q1点评：营销+制造+管理能力继续强化 21Q1重回稳增轨道,新浪
547,2021-05-07,高瓴资本概念股纷纷调整，良品铺子、凯莱英、广联达、公牛、泰格跌幅居前,Wind
548,2021-05-07,公牛集团(603195)：定价权强 盈利能力稳定,新浪
549,2021-05-06,公牛集团(603195)：业绩顺利回暖 渠道优势深化中拓展新品类,新浪
550,2021-05-05,公牛集团(603195)：完善搭建产品梯度 降本增效盈利增长亮眼,新浪
551,2021-05-04,【东吴电新】公牛集团：营销+制造+管理能力继续强化，21Q1重回稳增轨道——年报&Q1 点评,新兴产业汇
552,2021-05-01,中国银河证券给予公牛集团推荐评级：核心业务电连接产品增长稳健，21Q1智能电工照明产品销售恢复,每日经济新闻
553,2021-04-30,注册制新股纵览：创益通：国内领先的精密连接器供应商,新浪
554,2021-04-30,西南证券维持公牛集团持有评级：产品布局逐渐完善，渠道优势进一步夯实,每日经济新闻
555,2021-04-30,公牛集团各项业务平稳发展 2020年实现净利23.13亿元,证券日报网
556,2021-04-30,71公司获得增持评级-更新中,中财网
557,2021-04-30,明星私募一季度调仓：冯柳现身25家公司持仓超300亿 高瓴礼仁新进安图生物、伊利,腾讯网
558,2021-04-30,公牛集团(603195)：电工龙头跨越周期 拓品类、新增长,新浪
559,2021-04-30,京东方、公牛集团等六家企业发布一季度报,LED在线
560,2021-04-29,高瓴旗下私募一季度投资动向曝光 减持长城汽车超210万股，新进伊利股份、华大基因、安图生物 减持股份,每日经济新闻
561,2021-04-29,公牛集团(603195)：拥抱变化 经营质量持续提升,新浪
562,2021-04-29,西部证券维持公牛集团增持评级，20年年报及21年一季报点评：业绩符合预期，看好公司未来发展,每日经济新闻
563,2021-04-29,光大证券：公牛集团（603195.SH）品类扩张值得期待，维持“增持”评级,智通财经
564,2021-04-29,公牛集团、福日电子等五家企业2020年业绩一览,LED在线
565,2021-04-29,但斌：半导体给不了高估值 简评豪悦护理、公牛集团,新浪
566,2021-04-29,A股资金流向（4月29日）：大资金涌入券商龙头,Wind
567,2021-04-29,公牛集团(603195)：收入与业绩增速稳健 多维渠道建设加速成型,新浪
568,2021-04-29,高瓴资本爆买，2000亿大白马股价飙升！最强一季报出炉，全年目标营收千亿！百亿私募还买了啥（附持仓名单）,雪球
569,2021-04-29,A股收盘综述：上证指数涨0.52%，医美题材炙手可热,Wind
570,2021-04-29,公牛集团：营收净利润增速跌至1%以下，毛利率下滑 | 年报拆解 盈利能力下降,乐居财经
571,2021-04-29,公牛集团：2020年LED照明收入下滑22% | 年报拆解 盈利能力下降,乐居财经
572,2021-04-29,公牛集团：ROE两连降，投资现金流骤降137% | 年报拆解 运营能力下降,乐居财经
573,2021-04-29,券商股突然爆发，白酒大跳水！八连板妖股来了,Wind
574,2021-04-29,公牛集团去年扣非净利持平ROE下降 一季度高瓴减持 盈利能力下降,中国经济网
575,2021-04-29,A股午盘综述：上证指数涨0.17%，金融股罕见发力,Wind
576,2021-04-29,公牛集团：2020年扣非净利同比减少0.08%至22.22亿元｜年报快讯 盈利能力下降,乐居财经
577,2021-04-29,A股异动|公牛集团(603195.SH)涨近7%一季度净利润升256.17%,格隆汇
578,2021-04-29,A股早报2021年4月29日星期四,Wind
579,2021-04-29,公牛集团：2020年归母净利润约23.1亿元，同比变化不大,证券之星
580,2021-04-29,公牛集团：拟向激励对象547人授予限制性股票69.27万股,每日经济新闻
581,2021-04-29,亮眼！公牛集团：2021年第一季度净利润约6.07亿元，同比增加256.17%,每日经济新闻
582,2021-04-28,公牛集团(603195.SH)2020年度净利润升0.42%至23.13亿元 拟10派20元,格隆汇
583,2021-04-28,公牛集团(603195.SH)一季度净利润升256.17%至6.07亿元,格隆汇
584,2021-04-28,公牛集团(603195.SH)一季度归母净利同比增长256.17%至6.07亿元,智通财经
585,2021-04-28,公牛集团(603195.SH)年度归母净利同比增长0.42%至23.13亿元 每10股派20元,智通财经
586,2021-04-28,公牛集团：一季度净利同比增256% 年报拟10派20元,e公司
587,2021-04-28,公牛集团：2020年净利润同比增长0.42%,Wind
588,2021-04-28,公牛集团：一季度净利润同比增长256.17%,Wind
589,2021-04-27,轻工制造行业周报：财报之后挖掘真成长 家居看品类家护看渠道,新浪
590,2021-04-21,公牛集团今日大宗交易成交27万股，成交价164.0元折价10.81%,Wind
591,2021-04-20,德邦证券--轻工制造行业周报：家居Q1靓丽，个护消费亦成长【行业研究】,金融界股吧
592,2021-04-19,高瓴资本概念股普遍强势，国瓷材料、恩捷股份大涨,Wind
593,2021-04-15,高瓴资本概念股走势分化，国瓷材料、凯莱英、公牛集团、海正药业、健康元逆市上涨,Wind
594,2021-04-12,公牛集团：曹伟辞任董事职务 董监高成员变化,乐居财经
595,2021-04-12,公牛集团(603195.SH)董事曹伟辞职 董监高成员变化,智通财经
596,2021-04-12,德邦证券--轻工制造行业：造纸Q1业绩靓丽，家居保持高景气【行业研究】,金融界股吧
597,2021-04-12,高瓴资本概念股普遍下滑，公牛集团、泰格医药、健帆生物、凯莱英领跌,Wind
598,2021-04-09,两市百元股数量达134只，医药生物行业占比最高,证券之星
599,2021-04-09,高瓴资本概念股走势分化，恩捷股份、公牛集团、良品铺子、泰格医药下滑,Wind
600,2021-04-08,深度*行业*家电行业陆股通持仓点评：外资持股比例微降 持续看好需求景气度向上的子板块,新浪
601,2021-04-08,轻工行业4月投资策略：淡看风吹浪打 龙头机遇或现,新浪
602,2021-04-07,轻工行业周观点：浆纸共振需待顺价疏通 家居与电子烟高景气望延续 维持推荐行业细分龙头,新浪
603,2021-04-07,高瓴资本概念股普遍调整，良品铺子、甘李、金域、广联达、公牛跌幅居前,Wind
604,2021-04-07,德邦证券--轻工制造行业周报：继续推荐大家居产业链，关注一季报业绩超预期标的【行业研究】,金融界股吧
605,2021-04-07,春糖：酱酒火热，老酒兴起（4月7日）,德邦证券微资讯
606,2021-04-06,家电行业2021年一季报业绩前瞻：低基数高增长 看好行业景气向上 把握品牌出海机遇,新浪
607,2021-03-31,高瓴资本概念股多数调整，凯莱英、公牛、金域医学、广联达、恩捷纷纷下滑,Wind
608,2021-03-30,公牛集团：3月30日获主力资金净流入7040.85万元,每日经济新闻
609,2021-03-30,高瓴资本概念股普遍强势，公牛、良品铺子、健帆、凯莱英、泰格涨幅居前,Wind
610,2021-03-29,德邦证券--轻工制造行业周报：家居终端靓丽维持推荐，电子烟政策靴子落地【行业研究】,金融界股吧
611,2021-03-25,善用专利无效制度 化侵权为无形 诉讼纠纷,中国贸易报
612,2021-03-24,公牛集团：目前公司没有无影照明产品,每日经济新闻
613,2021-03-24,罕见，味茅、医药茅跌跌不休，砸盘元凶曝光,Wind
614,2021-03-22,中国银河--轻工行业周报：浆跌纸稳观需求动向，集友拟推“加热植物芯”产品，维持推荐行业细分龙头【行业研究】,金融界股吧
615,2021-03-17,A股史上首次蓝筹股泡沫破裂，6成私募反对抄底,Wind
616,2021-03-16,【广西】梧州市长洲区新来五金交电经营部行政处罚决定书（梧市监处〔2021〕410号）,质量新闻网
617,2021-03-16,高瓴资本概念股反弹，金域医学、凯莱英、广联达、恩捷股份、公牛集团普涨,Wind
618,2021-03-15,轻工制造行业：生活用纸终端价格略涨 重视原材料涨价下龙头配置价值,新浪
619,2021-03-15,北向资金大调仓！狂买5只银行股，2000亿市值钢铁巨头遭减仓,Wind
620,2021-03-14,终结净流出态势，北向资金本周逆市抄底，这些个股获大比例加仓,财联社
621,2021-03-12,西部证券--电新行业周报：产业链涨价影响光伏需求预期，电动车销量有望持续高增长【行业研究】,金融界股吧
622,2021-03-11,每件10元，利润2元，一年卖10亿件，这家公司值1000亿？,36氪
623,2021-03-11,高瓴资本概念股普遍活跃，凯莱英、泰格医药、公牛集团、国瓷材料等齐涨,Wind
624,2021-03-08,轻工制造行业：成本推动下游纸价高涨 行情仍处于上升阶段 关注业绩超预期,新浪
625,2021-03-08,光大证券--轻工行业2021年春季策略报告：海内外需求修复拉动家居业绩，大宗用纸供求优化有望开启行情【行业研究】,金融界股吧
626,2021-03-08,中国银河--轻工行业周报：浆纸共振白卡过万，索菲亚新推子品牌加码全屋定制，维持推荐行业细分龙头【行业研究】,金融界股吧
627,2021-03-04,公牛集团跌6.33% 市值1117亿去年前3季度业绩下降 盈利能力下降,中国经济网
628,2021-03-04,行业巨头紧急提价，涨价通知满天飞，原材料将迎十年来最大短缺！概念股名单仅这些,证券时报
629,2021-03-04,原材料价格大涨，照明灯饰企业开启涨价潮,证券时报网
630,2021-03-04,解盘：白马股遭抛弃，稀土永磁、光刻胶、ST、半导体略涨,Wind
631,2021-03-04,高瓴资本概念股普遍下滑，公牛集团、凯莱英、泰格医药、金域医学、恩捷股份领跌,Wind
632,2021-03-03,光大证券--轻工行业2021年春季策略报告：海内外需求修复拉动家居业绩，大宗用纸供求优化有望开启行情【行业研究】,金融界股吧
633,2021-03-02,国信证券--轻工行业3月投资策略暨年报前瞻：淡看风吹浪打，龙头机遇或现【行业研究】,金融界股吧
634,2021-03-01,深度*行业*家电行业陆股通持仓点评,新浪
635,2021-02-23,公牛集团跌5% 施罗德投资香港旗下两基金持股,中国经济网
636,2021-02-23,高瓴资本概念股走势分化，恩捷股份、泰格医药、公牛集团继续调整,Wind
637,2021-02-22,公牛集团今日大宗交易成交1万股，成交价200.13元折价7.37%,Wind
638,2021-02-22,公牛集团现1笔大宗交易 共成交200.13万元,新浪
639,2021-02-22,中国银河--轻工行业：浆价连涨纸价盘整，1月建材家居景气指数同比高增，维持推荐行业细分龙头【行业研究】,金融界股吧
640,2021-02-22,家用电器行业2021W8周观点：中小市值企业价值有望提升 铜、铝原材料价格上涨,新浪
641,2021-02-22,新时代证券--轻工制造行业：春节智能家电、黄金珠宝消费需求大幅增长，瓦楞纸开工季强势涨价【行业研究】,金融界股吧
642,2021-02-22,北上资金罕见同时悄悄重仓，业绩高增长股仅10只,证券时报网
643,2021-02-22,炸锅！大资金要马上杀入这些股，北上资金罕见同时悄悄重仓它们，业绩高增长股仅10只,证券时报
644,2021-02-21,上市当天一签可赚2万！“混凝土大王”下周打新,中证报
645,2021-02-21,轻工制造行业周报：预计各细分板块加速回暖 关注造纸景气抬升 家居珠宝消费回暖,新浪
646,2021-02-20,北向资金大调仓！加仓三大“中”字头，减仓半导体,中证报
647,2021-02-20,富时罗素季度调整结果公布，速看新增A股标的全名单！,上证报
648,2021-02-19,高瓴资本概念股走势分化，公牛、甘李、国瓷材料、金域医学、恩捷股份等跌幅较大,Wind
649,2021-02-19,上市公司套保需求上升，期货业开拓“蓝海”服务实体经济,Wind
650,2021-02-18,高瓴资本概念股多数调整，公牛集团、健帆生物、凯莱英、泰格医药、恩捷股份领跌,Wind
651,2021-02-09,公牛集团(603195)：消费三力优秀壁垒深 拓宽产品赛道创高峰,广发证券
652,2021-02-09,高瓴资本概念股普遍活跃，恩捷股份、公牛集团、广联达、甘李药业大涨,Wind
653,2021-02-08,轻工制造2020年报业绩前瞻：需求向上，逐季改善，龙头领跑【华西轻工徐林锋团队】,轻工锋尚
654,2021-02-08,轻工制造行业投资周报：超配家居板块 持续聚焦造纸龙头,新浪
655,2021-02-08,轻工制造行业：坚定看好零售家居业绩持续改善 推荐关注顺周期造纸龙头,新浪
656,2021-02-07,电新行业周报：硅料涨价开始向下游传导 电动车销量同比高增长,新浪
657,2021-02-07,下周操盘攻略：深交所主板和中小板合并，优化中长期资金入市环境,Wind
658,2021-02-07,下周1466亿市值限售股解禁，环比增加96.93% 解禁,Wind
659,2021-02-06,公牛集团归还用于补充流动资金的2.42亿元闲置募集资金,乐居财经
660,2021-02-06,公牛集团使用6000万元闲置募集资金委托理财,乐居财经
661,2021-02-04,宁波富豪发家史：借2万元办工厂，靠卖插座身家超过1000亿,腾讯网
662,2021-02-04,轻工日化行业：重申看好2021年家居板块的持续改善趋势 聚焦三条细分赛道,新浪
663,2021-02-04,高瓴资本概念股走势分化，公牛集团、国瓷材料走强,Wind
664,2021-02-02,高瓴资本概念股普遍强势，良品铺子、公牛集团、泰格医药、金域医学等纷纷走升,Wind
665,2021-02-01,中国银河--轻工行业：浆价激增助纸价上扬，家居龙头Q4提速佐证高景气，维持推荐行业细分龙头【行业研究】,金融界股吧
666,2021-01-31,天风家电 | 20Q4家电行业基金持仓分析：行业整体持仓提升，白电板块提升明显,小蔡看家电
667,2021-01-30,【华创轻工纺服】轻工纺服行业跟踪报告：轻工与纺服基金持仓占比提升，细分龙头投资价值再次凸显,风轻龙跃
668,2021-01-29,公牛集团(603195.SH)：1538.55万股限售股2月8日解禁 解禁,格隆汇
669,2021-01-29,国信证券--轻工行业2月投资策略：电子烟品牌龙头上市，产业链热度持续【行业研究】,金融界股吧
670,2021-01-26,高瓴资本概念股普遍调整，恩捷股份、凯莱英、公牛集团、甘李药业、泰格医药均大跌,Wind
671,2021-01-26,【华创轻工纺服】电工照明行业深度研究报告：后疫情时代行业复苏开启，龙头竞争实力凸显,风轻龙跃
672,2021-01-25,轻工制造行业投资周报：竣工与销售回暖支撑后周期消费释放 优质资产估值有望加速回归,新浪
673,2021-01-21,高瓴资本概念股整体活跃，国瓷材料、公牛集团、良品铺子均大涨,Wind
674,2021-01-21,北向资金增仓榜：36股持股量环比增加超20%,证券时报网
675,2021-01-20,家电行业2020年年报业绩前瞻：内外景气共振 把握年报业绩超预期,新浪
676,2021-01-20,轻工行业1月投资策略：把握两地市场优质龙头配置机遇,新浪
677,2021-01-19,轻工制造行业：家居内外销需求向好 浆纸系价格持续上涨 推荐家居造纸细分龙头,新浪
678,2021-01-18,高瓴资本概念股普遍活跃，广联达、国瓷材料、凯莱英、公牛集团走强,Wind
679,2021-01-18,轻工制造行业：博汇纸业拟定增提升综合实力 公牛与华为签署战略协议,新浪
680,2021-01-15,反常市值股价、高额的分红套现 公牛背后究竟有什么猫腻？,36氪
681,2021-01-15,一个插座撑起千亿市值，公牛还能牛多久？,36氪
682,2021-01-15,机构抱团股砸出“深坑”！未来高增长名单来了,证券时报网
683,2021-01-14,公牛集团入选浙江省第二批“雄鹰行动”培育企业名单,证券日报网
684,2021-01-14,3倍股公牛集团今市值蒸发130亿 去年前3季业绩下降 连续下跌,中国经济网
685,2021-01-14,公牛集团新增1起开庭 案由不详 诉讼纠纷,乐居财经
686,2021-01-14,上证报头版：擦亮中国制造金招牌，上市公司只为一声“质量好”,Wind
687,2021-01-13,公牛集团携手华为 布局手机快充领域,证券日报网
688,2021-01-13,轻工制造双周报21年1期：木浆系快速上涨推荐洁柔、太阳 悦刻递交招股书持续关注思摩尔,新浪
689,2021-01-12,公牛集团与华为签署战略合作协议,e公司
690,2021-01-12,高瓴资本概念股整体活跃，广联达、甘李药业、健帆生物、健康元、公牛集团普涨,Wind
691,2021-01-11,轻工制造行业：12部委通知联合促进家具消费 浆纸系价格持续上升,新浪
692,2021-01-07,公牛集团(603195.SH)：拟继续使用不超17亿元暂时闲置募集资金进行现金管理,格隆汇
693,2021-01-07,公牛集团(603195.SH)继续使用不超12亿元闲置募集资金暂时补充流动资金,格隆汇
694,2021-01-07,公牛集团(603195.SH)及下属子公司拟开展大宗原材料期货业务,格隆汇
695,2021-01-07,公牛集团(603195.SH)拟向银行申请不超25亿元综合授信额度,格隆汇
696,2021-01-07,公牛集团(603195.SH)：拟使用不超15亿元暂时闲置募集资金进行现金管理,格隆汇
697,2021-01-07,公牛集团收回到期理财本金5000万元及收益43.32万元,乐居财经
698,2021-01-07,公牛集团收回理财本金5000万元及收益24.29万元,乐居财经
699,2021-01-06,四家LED企业入围中国上市公司市值500强,Ofweek
700,2021-01-06,三安、公牛等四家LED企业跻身“中国上市企业市值500强”,LED在线
701,2021-01-05,高瓴资本概念股表现活跃，良品铺子、公牛集团、泰格医药、甘李药业、凯莱英普涨,Wind
702,2020-12-31,家电及相关行业：内需温和复苏 出口维持强劲增长,新浪
703,2020-12-29,浙商证券年度策略会重磅回顾：大消费首席观点,纺服新消费马莉团队
704,2020-12-28,轻工制造行业动态：家居出口高景气延续 白卡纸价新高 龙头恒强,新浪
705,2020-12-27,轻工制造行业周报聚焦稳健医疗医用敷料业务：生产技术赋能品牌 疫情催化焕发生机,新浪
706,2020-12-25,公牛集团(603195.SH)选举李雨为职工监事,智通财经
707,2020-12-21,家电及相关行业：11月空调零售量下滑需要担心吗？,新浪
708,2020-12-21,轻工制造行业动态：地产数据持续修复 软体格局优化、持续推荐敏华控股,新浪
709,2020-12-21,高瓴资本概念股表现活跃，国瓷材料、恩捷股份、海正药业、广联达等普涨,Wind
710,2020-12-21,高瓴158亿杀入光伏龙头，最新持仓全名单曝光,证券时报网
711,2020-12-18,年内IPO募资逾4400亿元，科创板占47%,Wind
712,2020-12-16,森马服饰||高管增持彰显公司长远发展信心，业绩持续复苏,吕明可选消费研究
713,2020-12-15,高瓴资本概念股普遍强势，甘李药业、恩捷股份、金域医学、广联达等集体走强,Wind
714,2020-12-15,轻工制造行业动态：关注轻工2021年投资策略 家居内外销景气度上升,新浪
715,2020-12-14,高瓴资本概念股普遍活跃，恩捷股份、公牛集团、良品铺子、健帆生物等大涨,Wind
716,2020-12-14,【东兴大消费】周观点：寻求业绩确定性，关注年底估值切换,东兴社服
717,2020-12-08,公牛集团(603195)：线上零售好转 墙壁开关插座业务需求改善明显,新浪
718,2020-12-07,高瓴资本概念股逆市活跃，广联达、国瓷材料、泰格医药、凯莱英等普涨,Wind
719,2020-12-07,可选消费行业2021年策略报告（1）：顺应渠道变革方向,吕明可选消费研究
720,2020-12-07,【东兴大消费】周观点：聚焦景气持续，寻求业绩确定性,东兴社服
721,2020-12-07,轻工制造行业：保碧基金赋能优质供应链 竣工周期加快C端需求弹性,新浪
722,2020-12-03,福建省漳州市市场监管局抽检80批次电气产品 10批次不合格 产品问题,质量新闻网
723,2020-12-03,轻工制造2021年度策略：聚焦景气、格局双优化 新型烟草蓄势待发,新浪
724,2020-12-01,裕同科技||业绩预告符合预期，短期扰动带来长期布局机会,吕明可选消费研究
725,2020-11-30,稳健医疗||发布股权激励计划彰显信心，扩产能巩固领先地位,吕明可选消费研究
726,2020-11-30,照着天猫超市买股票 有戏吗？,亿邦动力
727,2020-11-26,轻工制造：数字化变革蕴含巨大机会 多龙头有望获超额收益,巨丰财经
728,2020-11-25,轻工制造2021年投资策略：潮流浩荡 精益争先,新浪
729,2020-11-24,踩雷比克动力，拟上市的创益通才计提损失17%，或虚增利润近千万 欺诈造假,新浪
730,2020-11-24,公牛集团：完成工商变更登记,乐居财经
731,2020-11-23,轻工制造：10月地产数据显著增长 强者恒强 推荐家居、造纸细分龙头,新浪
732,2020-11-23,轻工制造行业投资周报：10月消费持续复苏 竣工反弹关注地产后周期板块,新浪
733,2020-11-23,电新行业周报：太阳能发电量持续提升 新能源车销量高增长有望持续,新浪
734,2020-11-17,造纸轻工周报：看好C端家居消费及造纸盈利弹性,新浪
735,2020-11-17,【东兴大消费】周观点：疫苗进展显著提振可选消费增长信心,东兴社服
736,2020-11-16,公牛集团五年累盈77亿分红54亿 阮氏兄弟创业25年持股财富超千亿,长江商报
737,2020-11-16,轻工制造双周报20年23期：双十一欧派、索菲亚、洁柔表现突出 持续推荐敏华、梦百合、顾家,新浪
738,2020-11-14,波司登||双十一全渠道表现出色，持续推进新零售运营和数字化转型,吕明可选消费研究
739,2020-11-13,公牛集团(603195)：单季恢复增长 经营维持稳健,新浪
740,2020-11-13,周五机构一致看好的七大金股（11.13）,中金在线
741,2020-11-11,2020年年末主要宽基指数样本股调整预测：电子和医药行业个股升档较多,新浪
742,2020-11-11,轻工制造行业跟踪报告：Q3基金持仓轻工制造占比再提升 持续推荐关注景气度提升的造纸和家居细分行业,新浪
743,2020-11-10,造纸轻工周报：看好C端家居消费及造纸盈利弹性,新浪
744,2020-11-09,公牛集团(603195)：三季度营收恢复快增长 业绩表现超预期,新浪
745,2020-11-09,[互动]公牛集团：未来断路器等产品会围绕公司智能电工生态系统而打造,全景网
746,2020-11-09,【东兴大消费】周观点：进博会召开、双十一蓄力，多重催化四季度持续关注可选消费,东兴社服
747,2020-11-05,秦安股份领衔，近600家A股上市公司追捧！什么期市业务如此“诱人”？,期货日报
748,2020-11-04,近600家A股上市公司今年开展套期保值,期货日报
749,2020-11-02,健盛集团||疫情影响前三季度业绩承压，订单回流期待业绩回弹,吕明可选消费研究
750,2020-11-02,裕同科技||业绩短期波动不改长期趋势，多元布局稳步发展,吕明可选消费研究
751,2020-11-02,【华创轻工纺服】轻工制造行业2020年三季报总结：经营持续回暖，单Q3各子板块收入增速转正,风轻龙跃
752,2020-11-02,11月200只券商金股大梳理，哪类股热度最高,证券时报网
753,2020-11-02,【东兴大消费】周观点：三季度业绩加速改善，关注四季度景气持续赛道,东兴社服
754,2020-11-01,天风家电 | 三季报收官，大家电营收水平环比改善——W43周观点,小蔡看家电
755,2020-11-01,欧普照明(603515)：Q3收入、利润恢复良好增长,广发证券
756,2020-11-01,插座一哥的争夺战中 击败小米的公牛前路并不平坦,投资界
757,2020-11-01,公牛集团(603195)：勤修内功 体系致胜,新浪
758,2020-10-31,公牛集团(603195)：Q3墙开回暖 收入改善显着,新浪
759,2020-10-30,石头科技||Q3业绩大超市场预期，境外收入持续高增长,吕明可选消费研究
760,2020-10-30,思摩尔国际||盈利能力继续提升，2020Q3扣非后利润再超预期,吕明可选消费研究
761,2020-10-30,【华创轻工纺服】公牛集团（603195）2020年三季报点评：三季度营收恢复快增长，业绩表现超预期,风轻龙跃
762,2020-10-30,五粮液创新高 有望成深市首只万亿市值股,证券时报
763,2020-10-29,公牛集团||Q3业绩强势复苏，继续看好全年表现,吕明可选消费研究
764,2020-10-29,晚间重要公告2020年10月29日星期四,Wind
765,2020-10-29,公牛市值突破1200亿，深耕大消费领域的高瓴有哪些不可复制的秘诀？,凤凰网
766,2020-10-29,公牛集团大涨逾8%站上200元大关 盘中一度涨停创新高,证券时报网
767,2020-10-29,公牛集团(603195)：经营超预期 优质质地强化,新浪
768,2020-10-29,A股收盘综述：上证指数录升0.11%连续三日小涨，热门板块尾盘滑落,Wind
769,2020-10-29,见证历史！深市首只万亿市值股票，已步步逼近！社保和QFII也踩雷，700亿医药牛股闪崩 连续下跌,证券时报
770,2020-10-29,解盘：百亿资金流入，大消费拉升，白酒、疫苗概念领涨,Wind
771,2020-10-29,A股午盘综述：上证指数半日微涨，白酒汽车家电推升大市、绩优明星股批量创新高,Wind
772,2020-10-29,公牛集团封住涨停，市值突破1200亿元再创新高,Wind
773,2020-10-29,快讯：家电板块持续拉升 公牛集团涨停,新浪
774,2020-10-29,公牛集团：细分领域市占率第一 进一步拓宽新业务,巨丰财经
775,2020-10-29,公牛集团：Q3业绩强劲回升，民用电工龙头稳步前行【华西轻工徐林锋团队】,轻工锋尚
776,2020-10-29,公牛集团(603195)：受益装修市场需求恢复 重归稳健增长通道,新浪
777,2020-10-28,顾家家居||2020Q3业绩超出预期，下游需求有望继续回暖,吕明可选消费研究
778,2020-10-28,公牛集团公布三季报 前三季净利减少8.77% 盈利能力下降,新浪
779,2020-10-28,公牛集团：前三季度营收净利双降 净利同比下降8.77% 盈利能力下降,乐居财经
780,2020-10-28,公牛集团(603195.SH)前三季度净利润降8.77%至15.99亿元 盈利能力下降,格隆汇
781,2020-10-28,公牛集团：前三季度净利润同比减少8.77%,Wind
782,2020-10-28,犀牛财经晚报：海澜之家前三季净利降50% 威马汽车再现起火爆炸,GPLP犀牛财经
783,2020-10-27,九阳股份||2020Q3公司收入端快速增长，利润端略低于预期,吕明可选消费研究
784,2020-10-27,公牛集团：新增产能项目预计2024年达产,Wind
785,2020-10-26,【东兴大消费】周观点：9月社零同比增长3.3%，消费持续复苏,东兴社服
786,2020-10-25,轻工双周报||家具零售增速显著回暖，继续推荐定制家居龙头 - 拷贝,吕明可选消费研究
787,2020-10-22,插座一哥狙击战，公牛何以击败小米？,DoNews
788,2020-10-22,家电行业9月数据点评：需求回，线上高增，维持“增持”评级,中泰证券
789,2020-10-21,石头科技||新品配件全面升级H6，预计Q3继续维持较高增速,吕明可选消费研究
790,2020-10-19,开润股份∣∣与阿里战略合作，打造C2M闭环,吕明可选消费研究
791,2020-10-19,【东兴大消费】周观点：内需、出口皆有亮点，关注三季度业绩继续回暖,东兴社服
792,2020-10-14,公牛集团：公司智能产品已实现与阿里、百度等物联网平台云云对接,发布易
793,2020-10-14,小熊电器||前三季度业绩高速增长，Q4电商旺季有望再创佳绩,吕明可选消费研究
794,2020-10-14,"净利大降24%，上市前""清仓式""分红，公牛集团到底值不值1000亿？ 盈利能力下降",云掌财经
795,2020-10-14,新宝股份||2020Q3业绩超预期，自主品牌拉动内销高速增长,吕明可选消费研究
796,2020-10-13,高瓴资本概念股普遍活跃，公牛集团、金域医学、甘李药业、凯莱英等大涨,Wind
797,2020-10-12,【东兴大消费】周观点：长假催化消费加速回暖，内循环持续发力,东兴社服
798,2020-10-12,击败小米的不止格力，还有公牛,亿欧网
799,2020-10-11,中顺洁柔||2020Q3业绩预告维持高增，积极关注三个预期差,吕明可选消费研究
800,2020-10-09,家用电器行业业绩前瞻：Q3环比继续改善,新浪
801,2020-10-06,浙江“慈溪首富”或神秘浮现？5位百亿先生，三人身价过450亿,搜狐
802,2020-10-05,击败小米的不止格力，还有公牛,钛媒体
803,2020-09-27,轻工制造行业投资周报：黄金周将至 聚焦可选消费与造纸提价行情,新浪
804,2020-09-26,公牛还能“牛”多久？,搜狐
805,2020-09-24,公牛集团：特别人才持股计划成交5000.4万元,乐居财经
806,2020-09-24,公牛集团(603195.SH)：2020年特别人才持股计划完成股票购买,格隆汇
807,2020-09-24,开润股份||参股优衣库核心供应商，2B业务剑指A股小申洲,吕明可选消费研究
808,2020-09-24,中泰证券：8月家电行业稳健复苏 建议把握两条投资主线（附股）,证券时报网
809,2020-09-23,中小券商谋突围：民生以量取胜，东莞国元发力创业板,第一财经
810,2020-09-21,合集|【华创轻工纺服】公牛集团个股+行业深度研究合集（持续研究，不断更新）,风轻龙跃
811,2020-09-20,电新行业周报：8月光伏新增装机同比增长 充电桩维持快速增长趋势,新浪
812,2020-09-14,轻工制造行业投资周报：后疫情时代消费回暖 关注低估值、业绩修复超预期标的,新浪
813,2020-09-13,合集|【华创轻工纺服】公牛集团个股+行业深度研究合集（持续研究，不断更新）,风轻龙跃
814,2020-09-08,家电双周报||行业数据持续改善，新推荐跨境电商龙头安克创新,吕明可选消费研究
815,2020-09-08,轻工行业2020年中报总结：家居复苏 造纸新周期 笔纸烟成长 电工恒强,新浪
816,2020-09-07,十大基金公司 “最爱个股”曝光：易方达和交银、富国争抢科创板,新浪
817,2020-09-07,【华创轻工】轻工制造行业2020年中报总结：上半年整体经营承压，单二季度环比改善,风轻龙跃
818,2020-09-06,纺服周观点||纺服中报总结：行业于Q2触底反弹，继续看好运动服饰及电商板块,吕明可选消费研究
819,2020-09-05,电新行业周报：光伏市场前景良好 电解液环节盈利有望修复,新浪
820,2020-09-05,索菲亚||深度复盘：潜心变革近二载，又到一鸣惊人时,吕明可选消费研究
821,2020-09-04,公牛集团(603195)：全面进击 公牛升级,新浪
822,2020-09-04,公牛还“牛”吗？|品质公司,和讯
823,2020-09-02,北鼎股份||高端养生小家电领军者，自主品牌内销表现亮眼,吕明可选消费研究
824,2020-09-02,核心产品营收增速趋缓！“插座一哥”公牛集团能否重回巅峰？,投资时报
825,2020-09-02,公募基金持股集中度大幅提升,Wind
826,2020-08-30,太阳纸业||2020H1业绩符合预期，上行周期有望逐步开启,吕明可选消费研究
827,2020-08-29,二季度QFII新进增持179只个股,Wind
828,2020-08-28,家电周观点||家电中报总结：Q2业绩触底反弹，小家电表现亮眼,吕明可选消费研究
829,2020-08-28,老板电器||2020Q2业绩改善显著，新兴厨电品类增速较好,吕明可选消费研究
830,2020-08-28,小熊电器||业绩接近预告上限，看好渠道、品类、产能扩张,吕明可选消费研究
831,2020-08-28,裕同科技||2020H1业绩超出预期，继续看好“1+N”业务布局,吕明可选消费研究
832,2020-08-28,公牛集团募资只为存银行？关联交易或涉嫌“美化”报表,凤凰网
833,2020-08-27,开润股份||上半年疫情影响业绩，2C端扩品类、扩品牌是亮点,吕明可选消费研究
834,2020-08-26,新宝股份||2020Q2业绩超市场预期，摩飞内销持续高增长,吕明可选消费研究
835,2020-08-26,九阳股份||2020Q2业绩超市场预期，新产品新渠道拉动增长,吕明可选消费研究
836,2020-08-26,安踏体育||2020 H1 上半年业绩超预期， DTC 转型有望持续提升 收入规模及盈利能力,吕明可选消费研究
837,2020-08-26,申洲国际||上半年业绩超预期，全球OEM龙头的抗压性凸显,吕明可选消费研究
838,2020-08-26,公牛集团携手上上签 电子签约赋能新零售时代,砍柴网
839,2020-08-26,251股获券商买入评级 中国核电目标涨幅达71.12%,Wind
840,2020-08-25,思摩尔国际||盈利能力持续快速提升，2020H2维持高增长可期,吕明可选消费研究
841,2020-08-23,【华创轻工】公牛集团（603195）2020年中报点评：Q2经营改善，持续推进产品创新与渠道协同,风轻龙跃
842,2020-08-23,南极电商||GMV逆势高增长，2020Q2现金流显著改善,吕明可选消费研究
843,2020-08-23,家电行业7 月数据点评：短期扰动下增速放缓,新浪
844,2020-08-22,公牛集团(603195)2020半年报点评：持续夯实产品与渠道 Q2环比改善明显,新浪
845,2020-08-22,“插座一哥”公牛还能不能牛？净利下滑24％，创始人阮氏兄弟身家跌出千亿 盈利能力下降,腾讯网
846,2020-08-21,公牛集团B端业务大突破 第二季营收环比劲增97.78%,产业经济新闻网
847,2020-08-20,科沃斯||2020Q2收入改善显著，净利率如期继续提升,吕明可选消费研究
848,2020-08-20,“排插一哥”公牛集团增长乏力 上半年净利润降至8.04亿元 盈利能力下降,GPLP犀牛财经
849,2020-08-19,【东吴电新】公牛集团20Q3点评：单季恢复增长，毛利环比改善,新兴产业汇
850,2020-08-19,公牛集团(603195)：Q2加速恢复 逆势巩固渠道、丰富产品线,新浪
851,2020-08-19,公牛集团发布上市后首份中报 第二季度业绩实现较快恢复,证券日报
852,2020-08-19,公牛集团(603195)：需求复苏业绩回暖 多渠道协同孕育新机遇,西南证券
853,2020-08-19,公牛集团(603195)：修内功 走远路 二季度营收环比改善明显,国金证券股份有限公司
854,2020-08-19,31公司获得增持评级-更新中,中财网
855,2020-08-19,公牛集团(603195)：公司环比改善明显 产品端持续创新,新浪
856,2020-08-19,公牛集团(603195)半年报点评：业绩符合预期 公司具备长期成长性,新浪
857,2020-08-19,【国金晨讯】上调中国飞鹤、汇川技术盈利预测，持续推荐美诺华,国金证券研究所
858,2020-08-19,开源晨会0819丨通信主设备产业壁垒凸显；精达转债申购价值分析；公牛集团、西山煤电、中科曙光、爱婴室等,开源证券研究所
859,2020-08-19,公牛集团(603195)：夯实产品与渠道优势 Q2营收改善,新浪
860,2020-08-19,公牛集团(603195)2020年中报点评：业绩快速修复 产品、渠道与生产优化共筑强大护城河,新浪
861,2020-08-19,"招商家电｜公牛集团 603195-二季度快速恢复,长期增长基础夯实",招商家电研究
862,2020-08-18,“插座一哥”不行了？公牛净利下滑24％，曾豪气分红22亿 盈利能力下降,搜狐
863,2020-08-18,公牛集团半年报：增长遇阻 资金闲置,新浪
864,2020-08-18,公牛集团(603195)：Q2环比改善明显 修炼内功等待腾飞,新浪
865,2020-08-18,公牛集团||Q2业绩环比改善，看好扩品类、工程渠道双轮驱动,吕明可选消费研究
866,2020-08-18,公牛集团(603195)：20H1业绩超预期 产品渠道优势不断夯实,新浪
867,2020-08-18,公牛集团(603195)：复苏途中 坚守远路,新浪
868,2020-08-18,【面包财报】公牛集团：2020年上半年营业总收入41.09亿元，归母净利润8.04亿元,面包财经
869,2020-08-18,【财报智读】公牛集团：2020年上半年营业总收入41.09亿元，归母净利润8.04亿元,面包财经
870,2020-08-18,公牛集团经营现金流下滑23%，铜价大涨或引发成本上升,第一财经
871,2020-08-18,47股获机构买入型评级 公牛集团关注度最高,证券时报网
872,2020-08-18,公牛集团(603195)：疫情后再扬帆 龙头致远,新浪
873,2020-08-18,公牛集团(603195)：二季度收入、利润环比回暖 产品、渠道布局拓展加速,新浪
874,2020-08-18,公牛集团(603195)：业绩承压 品类创新&渠道拓展强化竞争力,新浪
875,2020-08-18,公牛集团上半年营收与净利润双双下滑 分别下降17.35%与24.62% 盈利能力下降,资本邦
876,2020-08-18,公牛集团上半年业绩下滑，Q2营收和净利润已较快恢复,LED在线
877,2020-08-18,公牛集团(603195)：二季度业绩环比改善 民用电工巨头砥砺前行,新浪
878,2020-08-17,晚间重要公告2020年8月17日星期一,Wind
879,2020-08-17,公牛集团2020年上半年营收净利双下滑 盈利能力下降,北京商报
880,2020-08-17,下滑！公牛集团：2020年半年度净利润约8.04亿元，同比下降24.62% 盈利能力下降,每日经济新闻
881,2020-08-17,公牛集团：上半年净利同比下降24.62% 盈利能力下降,e公司
882,2020-08-17,公牛集团：上半年净利润同比减少24.62%,Wind
883,2020-08-17,公牛集团(603195.SH)半年度净利润降24.62%至8.04亿元 盈利能力下降,格隆汇
884,2020-08-16,家电周观点||精装、竣工回暖趋势不改，看好地产后周期板块,吕明可选消费研究
885,2020-08-16,轻工制造行业投资周报：7月内需恢复符合预期 家居出口持续向好,新浪
886,2020-08-14,公牛集团股份有限公司关于使用,证券时报
887,2020-08-09,家电周观点||继续看好扫地机及厨房小家电，新增推荐格力电器,吕明可选消费研究
888,2020-08-09,电新行业周报：光伏有望迎抢装潮 欧洲新能源汽车销量将快速增长,新浪
889,2020-08-02,家电周观点||8月空调排产回暖，看好扫地机及白电龙头反弹,吕明可选消费研究
890,2020-08-01,百强县A股公司排行榜出炉！江阴市蝉联榜首,金融界
891,2020-07-30,公牛集团(603195.SH)：2020年特别人才持股计划累计买入6.07万股,格隆汇
892,2020-07-27,"招商家电 | 公牛集团 603195 - 民用电工领导者:抱朴守拙,行稳致远",招商家电研究
893,2020-07-26,【华创轻工】轻工制造行业跟踪报告：Q2基金持仓轻工制造占比再提升，建议关注景气度提升的造纸和家居细分行业,风轻龙跃
894,2020-07-26,家电行业动态分析：Q2基金重仓家电比例基本持平 个股持仓分化,新浪
895,2020-07-23,福布斯2020中国慈善榜发布 公牛集团董事长阮立平上榜,乐居财经
896,2020-07-21,家电周观点||继续看好扫地机及厨房小家电，新增推荐九阳股份,吕明可选消费研究
897,2020-07-21,轻工行业2020年中期投资策略：聚焦造纸和家居 把握消费成长确定性,新浪
898,2020-07-19,家电周观点||6月社零数据继续好转，布局业绩高确定性小家电,吕明可选消费研究
899,2020-07-16,最牛新股闪崩跌停！这家机构仍然暴赚：三年53倍浮盈88亿,中国基金报
900,2020-07-15,公牛集团(603195.SH)：签署2020年特别人才持股计划资产管理合同,格隆汇
901,2020-07-15,深度*行业*轻工行业2020年中期策略：凭景气改善和竞争优势 把握确定性成长机会,新浪
902,2020-07-10,公牛集团现1笔大宗交易 共成交502.11万元,新浪
903,2020-07-10,公牛集团今日大宗交易成交3万股，成交价167.37元溢价0.0%,Wind
904,2020-07-08,行业高景气中签赚10万！这些新股你中了几个？,Wind
905,2020-07-06,家用电器业绩前瞻：走出低谷 环比大幅改善,新浪
906,2020-07-05,轻工制造行业周报：轻工行业中报前瞻出炉 预计各细分行业环比改善明显 持续提示家居行业投资机会,新浪
907,2020-07-05,家用电器行业周报：空调新国标正式落地 看好白电龙头企业复苏-行业周报,新浪
908,2020-07-03,聚焦轻工中报前瞻：预计各细分板块业绩增速均较Q1有所回暖 提示关注家居行业H2复苏,新浪
909,2020-07-02,上半年118家企业上市募资1393亿元 广东江苏浙江领先,中国经济网
910,2020-07-01,家电周观点||石头科技Q2有望超预期，布局顺周期白电板块,吕明可选消费研究
911,2020-07-01,21测评丨券商6月金股推荐能力大洗牌！民生证券失落“金牌橱柜” ，国信证券“最惨”跑输大盘,21世纪经济报道
912,2020-07-01,文娱用品行业深度研究报告：晨光文具&公牛集团：零售终端管理典范,新浪
913,2020-07-01,一二级市场齐头并进，投行股权承销收入翻番,Wind
914,2020-06-29,公牛集团(603195)：渠道优势显著 多元化战略持续推进,广发证券
915,2020-06-28,电新行业周报：光伏产品价格有望企稳 新能源车产业迈向高质量发展,新浪
916,2020-06-24,轻工制造行业2020年中期投资策略报告：大家居链“左大宗 右线上” 必选成长 造纸新周期,新浪
917,2020-06-24,公牛集团谈发展战略：加快产业智能化升级 深耕中国经营全球,新浪
918,2020-06-24,【公牛集团（603195.SH）】民用电工领导者，公牛集团旭日方升——投资价值分析报告（金星/甘骏/朱悦）,光大证券
919,2020-06-18,家电周观点||5月社零家电数据同比转正，618家电消费复苏明显,吕明可选消费研究
920,2020-06-15,中一签或赚10万！本周又有大肉签，7只新股不容错过,中国基金报
921,2020-06-11,6月11日，受大股东减持消息影响，滔搏今日股价重挫。截至发稿，滔搏跌11%，报10.26港元，成交额34亿港元。 减持股份,富途证券
922,2020-06-11,公牛新品PIANO（皮亚诺）系列惊艳亮相 “中国家居好产品”首场发布如期举行,乐居财经
923,2020-06-08,机构大扫货，筹码最多被锁定近50%，最牛的是它，机构重仓近60亿资金,证券时报网
924,2020-06-08,打新诱惑又来，本周8只新股齐发，申购手册来了,券商中国
925,2020-06-07,家电周观点||“618”预售持续升温，继续看好家电板块反弹,微信
926,2020-06-03,公牛集团(603195.SH)向451名激励对象授予62.82万股限制性股票,格隆汇
927,2020-06-03,富时罗素：富时中国A50等指数季度审核变更6月22日生效,Wind
928,2020-06-03,【东北轻工唐凯/钟天皓】公牛集团（603195）深度报告：专注以致远，民用电工领航者再扬帆,东北证券研究所
929,2020-06-03,前五月93家企业上市募资1132亿元 广东江苏浙江领跑,中国经济网
930,2020-06-03,涉嫌销售侵犯他人注册商标专用权商品 天津一家企业被处罚 诉讼纠纷,质量新闻网
931,2020-06-02,天津市玺琳顺商贸有限公司销售侵犯他人注册商标专用权公牛插座、插头案 诉讼纠纷,天津市场监管委
932,2020-06-02,26股获券商买入评级，卓胜微目标涨幅达43.12%,Wind
933,2020-06-01,家电周观点||618开局火爆，继续看好扫地机龙头及白电反弹,微信
934,2020-06-01,家用电器行业周报：线下大家电回暖显着 “618”活动预热拉开帷幕,新浪
935,2020-05-31,2020年新晋百亿富豪：有家族财富超940亿，有人为美国籍,网易
936,2020-05-29,23股获券商买入评级，豫园股份目标涨幅达44.10%,Wind
937,2020-05-27,公牛集团(603195)：民用电工名牌 掌控中国特色大流通渠道,新浪
938,2020-05-27,天正电气IPO 高天乐会不会也像贾跃亭一样“为梦想窒息”？,和讯
939,2020-05-26,天正电气产销缩水逾10%，上下游皆存疑，还因产品质量被起诉 诉讼纠纷,新浪
940,2020-05-25,公牛集团(603195.SH)：每10股派现38元股权登记日5月29日,格隆汇
941,2020-05-25,2019年家居企业年报榜单：三成企业利润下降 增长进入个位数时代 盈利能力下降,乐居财经
942,2020-05-24,百元股扩容至近70只 抓业绩搞价值投资才有出路,投资快报
943,2020-05-20,家电周观点||本周石头科技再推新品，推荐扫地机器人行业龙头,微信
944,2020-05-20,一周俩“大肉签”！今天机会又来了,中证报
945,2020-05-18,中一签或赚10万！新股大肉签来了，本周看点多,证券时报网
946,2020-05-17,中一签或赚10万！新股大肉签来了，还有一只顶格中签概率或超40%，本周新股看点多多,证券时报网
947,2020-05-17,新股“大肉签”，中一签或赚10万！就在明天,中证报
948,2020-05-14,【轻工】公牛集团：护城河坚厚全面，多品类协同驱动,微信
949,2020-05-13,深度*公司*公牛集团(603195)：护城河坚厚全面 多品类协同驱动,新浪
950,2020-05-12,“2020宁波品牌百强榜”揭晓 公牛集团以201.2亿元品牌价值摘得榜首,证券日报
951,2020-05-12,【东兴轻工】公牛集团（603195）：渠道优势凸显动力十足，品类扩张迸发新机,东兴研究圈
952,2020-05-11,次新股指数六连阳，博弈风险加剧,Wind
953,2020-05-11,首只“605”新股今天开打！沪市“605”新股军团将陆续抵达 更有大肉签在路上,证券时报网
954,2020-05-10,家电周观点|| 五一期间家电消费加速复苏，看好家电板块继续反弹,微信
955,2020-05-10,首只“605”新股开打：就在下周一 更有大肉签在路上,证券时报网
956,2020-05-09,公牛集团营收增速连降背后：大股东分红豪取近50亿 盈利能力下降,网易
957,2020-05-08,新宝股份|| 爆款产品+内容营销效果显著，小家电新贵已露峥嵘,微信
958,2020-05-08,中一签赚5万？新股机会来了！更有一签或赚10万在路上,中国基金报
959,2020-05-07,公牛集团一季度净利下滑57%：豪横分红22亿 实控人拿走九成 盈利能力下降,GPLP犀牛财经
960,2020-05-06,读木林森、公牛、欧普等16企年报，看照明应用“主旋律”,LED在线
961,2020-05-06,家电|| 2019年报&2020一季报总结，继续看好小家电,微信
962,2020-05-04,A股公司发“红包”谁最壕？,Wind
963,2020-05-01,分红啦！茅台最壕？No、No、No、这些公司才叫“豪横”！,理财周刊
964,2020-04-29,472股获券商买入评级，中国核电目标涨幅达92%,Wind
965,2020-04-29,4月29日四大证券报精华摘要：银行理财产品收益率跌破4% 保险产品和资产配置走俏,证券日报
966,2020-04-29,公募掘金次新股，200只基金扎堆京沪高铁,Wind
967,2020-04-29,200只基金扎堆京沪高铁,证券时报
968,2020-04-29,公牛集团营收首破百亿元 分红22.8亿元,证券日报
969,2020-04-29,公牛集团营收首破百亿元 豪气分红22.8亿元,证券日报
970,2020-04-28,【华创轻工】公牛集团（603195）2019年报&2020年一季报点评：新兴业务高速扩张，盈利能力大幅提升，疫情致Q1业绩承压,风轻龙跃
971,2020-04-28,公牛集团|| 2019年业绩稳健增长，激励政策彰显发展信心,微信
972,2020-04-28,公牛集团25年专注插座营收超百亿 阮氏兄弟财富超800亿,长江商报
973,2020-04-28,插座一哥分红22.8亿肥了兄弟口袋 增速下降后公牛集团面临戴维斯双杀,GPLP犀牛财经
974,2020-04-28,公募一季报收官 基金经理“相中”了这些宁波股,中国经济网
975,2020-04-28,公牛集团25年专注插座营收超百亿 分红率将达98.97%,新浪
976,2020-04-27,【华泰家电 林寰宇】公牛集团：不惧疫情冲击，推出高分红与股权激励,华泰家电研值
977,2020-04-27,IPO募资35亿，上市首年“清仓式”现金分红23亿，阮氏家族这几年从公牛集团分走多少现金？,和讯
978,2020-04-27,鹰眼预警:公牛集团成长失速 22亿分红实控人占90%,新浪
979,2020-04-27,公牛集团上市后首份财报出炉：2019年营收超百亿 净润23.04亿 拟分红22.8亿,每日经济新闻
980,2020-04-27,公牛集团首份年报曝光 年报分红亮眼 2020年中国智能家电市场现状及前景分析,中研网
981,2020-04-27,公牛集团首份年报:营收增速大降近15% 盈利能力依然不减 盈利能力下降,新浪
982,2020-04-27,公牛集团：不惧波动，坚守远路,CITICS家电研究
983,2020-04-27,欧普照明、公牛集团、鸿利智汇等12份一季报请查收！,LED在线
984,2020-04-27,公牛集团今年一季度净利大跌58%，早盘股价下跌2.5% 盈利能力下降,Wind
985,2020-04-27,公牛集团2019年99%净利用于分红，大股东将分得近20亿,环球老虎财经
986,2020-04-27,公牛集团10派38元家族分走近87% 一季度净利减半投资亏损严重,金融界
987,2020-04-27,这类个股逆势上涨 主力资金悄然进入！,巨丰财经
988,2020-04-27,上市公司正负面新闻2020年4月27日星期一,Wind
989,2020-04-27,拟10派38元公牛集团首份年报分红亮眼,证券时报
990,2020-04-27,公牛集团股份有限公司2020第一季度报告,证券时报
991,2020-04-26,公牛集团2019年营收突破百亿元,上证报
992,2020-04-26,公牛集团：2019年年度主要财务指标,上交所
993,2020-04-26,公牛集团10派38元豪气分红 23亿21亿进自家腰包,21世纪经济报道
994,2020-04-26,一季度净利降近6成魅力仍不减 交银施罗德基金“团购” “插座一哥” 盈利能力下降,21世纪经济报道
995,2020-04-26,一年卖出4.5亿个插座 公牛集团豪气分红23亿21亿进自家腰包,21世纪经济报道
996,2020-04-26,“插座一哥”披露上市后首份年报 延续高分红拟10派38元,e公司
997,2020-04-26,发布首份财报 公牛集团2019年营收首破百亿元,北京商报网
998,2020-04-26,公牛集团2019年营收首破百亿 一季度净利同比下降近6成 盈利能力下降,中国网
999,2020-04-26,公牛集团：2019年净利23.04亿元 拟10派38元,金融界
1000,2020-04-26,公牛集团(603195.SH)2019年净利润升37.38%至23.04亿元 10派38元,格隆汇
1001,2020-04-26,公牛集团2019年净利润同比增长37.38%拟10派38元,格隆汇
1002,2020-04-26,公牛集团：2019年净利同比增37% 拟10派38元,e公司
1003,2020-04-26,公牛集团：一季度净利润同比减少57.68% 盈利能力下降,Wind
1004,2020-04-26,公牛集团上市首份年报：2019年净利同比增近4成，拟10派38元,Wind
1005,2020-04-24,拥抱产业互联网，高瓴“哑铃理论”助推实体经济高质量转型发展,凤凰网
1006,2020-04-23,新股赚钱效应减弱：高送转遇冷，一文看清,Wind
1007,2020-04-22,60天，收到1300份BP，出手9家公司，高瓴创投四大领域投资布局首曝光,猎云网
1008,2020-04-21,专注知识产权及人才培养 公牛上市后继有“人”,北国网
1009,2020-04-21,公牛集团实用新型专利权诉讼赢了 诉讼纠纷,资本邦
1010,2020-04-20,公牛集团：最高人民法院做出了终审裁定，驳回江苏通领科技有限公司的上诉 诉讼纠纷,Wind
1011,2020-04-14,金田铜业三闯IPO：净利暴涨暴跌毛利率仅4% 财务数据屡屡打架 踩雷盾安环境,中金在线
1012,2020-04-14,57亿美元！公牛阮氏兄弟跻身福布斯全球亿万富豪榜,LED在线
1013,2020-04-14,专访公牛：上市只是开始 深挖插座背后的护城河,北国网
1014,2020-04-05,A股大盘点！最高3个月暴涨253%，也有惨烈狂跌60%的,中国基金报
1015,2020-03-31,龙头稳固，2020年度一季度中国上市企业市值500强榜单发布,Wind
1016,2020-03-31,百丽之后 高瓴资本再造消费赛道价值赋能经典案例,凤凰网
1017,2020-03-25,千亿市值公牛插座的十面被埋伏,联商网
1018,2020-03-23,公牛集团(603195.SH)：部分募投项目增加实施主体并向其提供借款实施募投项目,格隆汇
1019,2020-03-23,快讯：公牛集团拟最高申请20亿元综合授信额度,乐居财经
1020,2020-03-23,公牛集团(603195.SH)：拟提高2020年大宗原材料期货业务额度,格隆汇
1021,2020-03-23,公牛集团(603195.SH)：计划向银行申请总额不超20亿元的综合授信额度,格隆汇
1022,2020-03-18,3.15正能量|公牛“质造”国民电工品牌,北国网
1023,2020-03-15,【华创轻工】周报（20200309-20200315）：珍惜优质核心资产的黄金坑：当前位置强烈推荐太阳纸业，公牛集团，欧派家居,风轻龙跃
1024,2020-03-12,公牛为什么牛？——十问十答剖析投资价值【华西轻工徐林锋团队】,轻工锋尚
1025,2020-03-10,千亿市值公牛集团5亿专利诉讼逆变，江苏通领科技上诉获最高院受理案件发回重审 诉讼纠纷,21世纪经济报道
1026,2020-03-10,公牛集团“炼金术”：上市10天市值突破1000亿 实控人身家已超过四川首富,乐居财经
1027,2020-03-10,金华市抽查27批次插座产品 不合格8批次 产品问题,质量新闻网
1028,2020-03-06,公牛集团现1笔大宗交易 共成交492.80万元,新浪
1029,2020-03-06,公牛集团今日大宗交易成交2.80万股，成交价176.0元溢价0.0%,Wind
1030,2020-03-05,千亿公牛的困扰,砍柴网
1031,2020-03-05,连收22个涨停，中1签暴赚14万，实控人身家逼近107亿！这家公司什么情况？,格隆汇
1032,2020-03-05,上市后暴涨10倍，中一签赚13万！这只科技股会刷新历史纪录吗,中证报
1033,2020-03-04,公牛集团现1笔大宗交易 共成交347.68万元,新浪
1034,2020-03-03,大肉签仍未开板！瑞芯微、斯达半导双双提示风险,Wind
1035,2020-03-03,【华创轻工】公牛集团（603195）：深挖“公牛”系列报告三 渠道管理定盛衰，解析转换器与墙壁开关渠道密码,风轻龙跃
1036,2020-03-02,公牛集团现1笔大宗交易 共成交362.20万元,新浪
1037,2020-03-02,高瓴资本慧眼识“牛”股 投资公牛集团浮盈超10亿,凤凰网
1038,2020-03-02,投资公牛浮盈12亿，重仓中国的高瓴再现卓越眼光,凤凰网
1039,2020-02-28,一周播报：LED、化合物半导体领域各一台戏,LED在线
1040,2020-02-27,2020胡润全球富豪榜：公牛阮氏兄弟登LED行业榜首！,LED在线
1041,2020-02-26,机构资金最近入驻这些股,证券时报网
1042,2020-02-24,进击的公牛集团：小插座，大生意，千亿市值,YY港股圈
1043,2020-02-24,中一手9天赚超过12万的公牛集团值多少钱？,财华社
1044,2020-02-24,龙虎榜揭秘近五日机构最青睐44股,证券时报网
1045,2020-02-23,【华创轻工纺服】深挖“公牛”系列报告一探究转换器与墙壁开关插座市场空间,风轻龙跃
1046,2020-02-23,本周股市龙虎榜一览：公牛集团最受机构青睐,搜狐
1047,2020-02-22,机构集体出逃寒锐钴业 知名游资抢筹TCL科技,南方财经网
1048,2020-02-21,公牛集团：致力于国际民用电工行业领导者,红周刊
1049,2020-02-21,本周LED行业五大事件集锦,LED在线
1050,2020-02-21,插座行业领军企业公牛集团，使用华为云WeLink远程办公,北国网
1051,2020-02-21,机构持续加仓“插座一哥” 游资重金封板面板龙头股丨龙虎榜,第一财经
1052,2020-02-21,机构近期抢筹这40股你跟吗,证券时报网
1053,2020-02-21,游资火速撤离华友钴业 公牛集团首跌机构接盘,南方财经网
1054,2020-02-20,2月20日龙虎榜：26只个股出现机构身影，公牛集团净买入2.2亿元,第一财经
1055,2020-02-20,公牛集团“炼金术”：上市10天市值突破1000亿 实控人身家已超过四川首富,金融界
1056,2020-02-20,公牛集团龙虎榜数据（2月20日）,Wind
1057,2020-02-20,机构今日买入这11股，卖出寒锐钴业2.9亿元丨牛熊眼,第一财经
1058,2020-02-20,券商打新公牛集团“大赚”287万元,证券日报
1059,2020-02-20,五日龙虎榜追踪机构抢筹这39股,证券时报网
1060,2020-02-19,突破天际！妖王11连板 创A股记录！原来...它们都有这些共性？丨山哥解盘,搜狐
1061,2020-02-19,机构游资节后狂扫货 过亿大单力撑10股（名单）,投资快报
1062,2020-02-18,公牛集团被机构爆买后 这条暗线必须重视,金融界
1063,2020-02-18,公牛市值轻松突破1100亿：小小插线板背后的大生意,格隆汇
1064,2020-02-18,2月18日主力资金净流出296亿元,证券时报网
1065,2020-02-18,龙虎榜：游资做多热情大幅提升 机构爆买开板次新股公牛集团,第一财经
1066,2020-02-18,上游下游，抱团齐步走 宁波慈溪聚焦产业链推动企业全面复工,浙江日报
1067,2020-02-18,三机构合买公牛集团 游资追涨国金证券,财富动力网
1068,2020-02-18,1000亿！“插座一哥”公牛集团刷屏 阮氏家族身家暴涨560亿,中国基金报
1069,2020-02-17,这只千亿新贵已被锁定：近30亿资金抢筹 3家机构杀入,金融界
1070,2020-02-17,资金净流入224亿元 近38亿抢筹公牛集团 六股热,证券时报
1071,2020-02-17,武大校友企业战“疫”记：公牛集团第一时间捐1000万,新浪
1072,2020-02-17,2月17日A股龙虎榜揭秘，机构抢筹6股,Wind
1073,2020-02-17,2月17日龙虎榜：11只个股出现机构身影，公牛集团净买入8.9亿元,第一财经
1074,2020-02-17,公牛集团龙虎榜解密：开板首日 3个机构打板8.89亿,新浪
1075,2020-02-17,龙虎榜全解析：机构问鼎营业部榜首 净买入5.09亿,新浪
1076,2020-02-17,24股特大单净流入资金超2亿元,证券时报网
1077,2020-02-17,公牛集团开板后再涨停机构龙虎榜净买入8.89亿元,证券时报网
1078,2020-02-17,“插座一哥”公牛集团开板首日遭机构抢筹9亿元丨热公司,第一财经
1079,2020-02-17,数据复盘｜主力资金净流入224亿元 近38亿资金抢筹公牛集团,证券时报网
1080,2020-02-17,2月17日龙虎榜，机构青睐这3股,证券时报网
1081,2020-02-17,机构今日卖出这5股，买入公牛集团8.9亿元丨牛熊眼,第一财经
1082,2020-02-17,公牛集团龙虎榜：三机构合计买入近9亿元,e公司
1083,2020-02-17,75股主力资金净流入超亿元,证券时报网
1084,2020-02-17,公牛集团上市募资降13亿 冲IPO前3年分红实控人30亿,中国经济网
1085,2020-02-17,沪深A股主力资金合计净流入223.66亿元 公牛集团净流入额居首,中证网
1086,2020-02-17,精读20家上市家居企业2019年报：7成迎增长，最大亏损超2亿,乐居财经
1087,2020-02-17,公牛市值破1000亿！未来将大力拓展智能家居等领域,LED在线
1088,2020-02-17,机构五日抢筹22股主力资金大量流入,证券时报网
1089,2020-02-17,公牛集团：“产品+渠道”筑造民用电工龙头，给予“增持”评级,证券时报网
1090,2020-02-16,【华泰家电 林寰宇】公牛集团：主流民用电工国货崛起,华泰家电研值
1091,2020-02-16,疫情下的复工：短期问题、行业现状和经济影响 | 国君周知,国泰君安证券研究
1092,2020-02-14,公牛集团龙虎榜数据(2月14日）,Wind
1093,2020-02-14,龙虎榜全解析：北向资金问鼎营业部榜首 爆买7.25亿,新浪
1094,2020-02-14,强势股追踪主力资金连续5日净流入54股,证券时报网
1095,2020-02-14,27股主力资金净流入超亿元,证券时报网
1096,2020-02-14,52只股上午收盘涨停(附股),证券时报网
1097,2020-02-13,35股主力资金净流入超亿元,证券时报网
1098,2020-02-13,公牛集团：如何解读公牛集团的毛利率波动,国盛证券
1099,2020-02-13,39只股上午收盘涨停(附股),证券时报网
1100,2020-02-12,良品铺子、公牛接连IPO 高瓴价值投资理念再现成效,证券时报
1101,2020-02-12,百亿营收的公牛集团上市，隐形冠军靠什么再续传奇？,钛媒体
1102,2020-02-12,125只股涨停最大封单资金23.93亿元,证券时报网
1103,2020-02-12,70只股上午收盘涨停(附股),证券时报网
1104,2020-02-12,掘金龙虎榜47股近期获机构净买入,证券时报网
1105,2020-02-11,高瓴又一投资企业上市，国民品牌“公牛”为抗击疫情捐赠1000万,凤凰网
1106,2020-02-11,高瓴 Community成员A股上市 公牛集团发展再上新台阶,凤凰网
1107,2020-02-11,涨停股复盘：12股封单超亿元,证券时报网
1108,2020-02-11,54只股上午收盘涨停(附股),证券时报网
1109,2020-02-11,高瓴投公牛不便宜，看中了什么？,阿尔法工场
1110,2020-02-10,涨停股复盘：17股封单超亿元,证券时报网
1111,2020-02-10,92只股上午收盘涨停(附股),证券时报网
1112,2020-02-10,投资界24h|今日复工，口罩缺口有多大；创业13年的公司走到末路；腾讯“战疫基金”追加10亿,投资界
1113,2020-02-09,天风家电 | 深度思考：为何我们看好公牛的未来发展？,小蔡看家电
1114,2020-02-08,“插座一哥”公牛上市了！小插座如何做成百亿大生意？,搜狐
1115,2020-02-07,公牛集团：国内民用电工行业领导者,证券市场周刊
1116,2020-02-07,上市两天暴涨58% 公牛靠一个小插座做到市值565亿元,投资界
1117,2020-02-07,上市两天暴涨58%，公牛靠一个小插座做到市值565亿元,投资界
1118,2020-02-07,188只股涨停最大封单资金19.24亿元,证券时报网
1119,2020-02-07,84只股上午收盘涨停(附股),证券时报网
1120,2020-02-07,公牛集团上市：未来增长看LED，管理层老龄化待解,36氪
1121,2020-02-06,公牛集团拟开展铜等大宗原材料期货业务,期货日报
1122,2020-02-06,【排雷】因垄断行为遭重罚近3亿元！“插座茅”公牛集团认罚 其他违规处罚,财华社
1123,2020-02-06,IPO日报|京东百度或推迟回港上市计划；公牛集团首日上市大涨44%；Finix获3500万美元B轮融资,格隆汇
1124,2020-02-06,公牛集团(603195.SH)拟开展2020年大宗原材料期货业务,格隆汇
1125,2020-02-06,公牛市值轻松突破1100亿：小小插线板背后的大生意,格隆汇
1126,2020-02-06,公牛集团(603195.SH)：拟使用部分闲置募集资金12亿元暂时补充流动资金,格隆汇
1127,2020-02-06,公牛集团今起挂牌上市 致力于打造国际民用电工行业领导者,证券日报
1128,2020-02-06,公牛集团今日起在上海证券交易所挂牌上市,LED在线
1129,2020-02-06,快讯：公牛集团今日A股挂牌上市,乐居财经
1130,2020-02-06,民用电工龙头公牛集团今起上市交易,中证网
1131,2020-02-06,走远路，民用电工龙头公牛集团今起挂牌上市,红周刊
1132,2020-02-06,关于N公牛（603195）盘中临时停牌的公告,上交所
1133,2020-02-06,N公牛:券商定位区间均值为91.64-108.33元,Wind
1134,2020-02-06,新股发行与上市一览（2月6日）,Wind
1135,2020-02-06,2月6日新股提示：双飞股份申购；公牛集团上市；道通科技、英杰电气中签号出炉,上证报
1136,2020-02-06,公牛集团今日上市 发行价格59.45元/股,上证报
1137,2020-02-06,公牛集团阮立平：瞄好向、铆足劲、走远路,上证报
1138,2020-02-06,A股IPO动态：公牛集团(603195.SH)今日上市,格隆汇
1139,2020-02-05,浙企驰援全国防疫项目建设 众志成城彰显“浙江制造”温度,证券日报
1140,2020-02-05,升级扩产能 公牛集团2月6日上市,北京商报
1141,2020-02-04,公牛集团(603195.SH)将于2月6日上市 珠海高瓴持股1206.7万股,格隆汇
1142,2020-02-01,天风家电 | 深度：公牛集团——走远路，求极致,小蔡看家电
1143,2020-01-31,公牛集团捐赠1000万元、5000余套插座开关,中证网
1144,2020-01-22,公牛集团（603195）：公牛，不仅是插座！,中信证券研究
1145,2020-01-22,公牛集团IPO首发价59.45元，合计弃29.25万股,资本邦
1146,2020-01-21,【东吴电新】公牛集团年报点评：年报靓丽，股权激励落地，疫情短期影响销售,新兴产业汇
1147,2020-01-21,重磅首次！【东吴电新】公牛集团：民用电工王牌，品类拓展再起航,新兴产业汇
1148,2020-01-21,公牛集团即将登陆主板：插座龙头竟年赚超23亿，高于九成A股公司,面包财经
1149,2020-01-21,温州市抽查135批次家装建材产品 不合格29批次 产品问题,质量新闻网
1150,2020-01-21,【公牛集团*曾朵红】深度：民用电工王牌，品类拓展再起航,东吴研究所
1151,2020-01-20,1月20日新股提示：瑞芯微申购 优刻得上市 东方生物、博杰股份、公牛集团中签号出炉 艾可蓝公布中签率,上证报
1152,2020-01-19,一个涨停就赚2万6的公牛电器，你打中了吗？下周还有这些新股申购,21世纪经济报道
1153,2020-01-19,公牛集团IPO网上发行最终中签率为0.04857679%,资本邦
1154,2020-01-19,公牛集团等两新股中签号 一个涨停可赚2万6,中财网
1155,2020-01-19,公牛集团中签号出炉 共5.4万个,e公司
1156,2020-01-19,公牛集团：中签号码共计5.4万个,Wind
1157,2020-01-19,【兑奖啦】东方生物、公牛集团网上申购中签号出炉,金融界
1158,2020-01-17,公牛集团：一年卖出过百亿，插座“第一股”上市啦！,财华社
1159,2020-01-17,1月17日新股提示：艾可蓝申购 特宝生物上市 斯达半导中签号出炉 东方生物、博杰股份、公牛集团公布中签率,上证报
1160,2020-01-17,公牛集团IPO：“插座一哥”的家族式经营迷局,搜狐
1161,2020-01-16,重磅，最赚钱高铁上市，罕见肉签再现，这次燃爆了！,华讯财经
1162,2020-01-16,公牛集团网上发行最终中签率0.0486%,证券时报网
1163,2020-01-16,公牛集团：网上发行初步中签率为0.01619226%,新浪
1164,2020-01-16,打新了吗？斯达半导中签号出炉 三只新股公布中签率-更新中,中财网
1165,2020-01-16,公牛集团(603195.SH)：网上定价发行的中签率为0.04857679%,格隆汇
1166,2020-01-16,500亿的大生意考虑一下？（603195.SH）,YY港股圈
1167,2020-01-16,预计年收入百亿元的公牛集团迎上市关键一步 插线板还好卖吗？,经济观察网
1168,2020-01-16,公牛集团16日开启网上申购 发行价59.45元/股,证券日报
1169,2020-01-16,公牛集团16日申购：家族身价将超300亿 中1签或赚2.6万元,中新经纬
1170,2020-01-16,1月16日新股提示：东方生物、博杰股份、公牛集团申购 京沪高铁上市 有方科技、泽璟制药、玉禾田中签号出炉 斯达半导公布中签率,上证报
1171,2020-01-16,公牛集团今日申购 顶格申购需配市值18万元,上证报
1172,2020-01-16,今日新股申购：公牛集团,中国经济网
1173,2020-01-16,【新股提示】公牛集团等三新股今日申购,Wind
1174,2020-01-16,今天，京沪高铁上市，公牛打新！你准备好了吗,中证报
1175,2020-01-16,新股提示：京沪高铁上市 公牛集团、东方生物申购,中证报
1176,2020-01-16,新股提示：东方生物、公牛集团、博杰股份今日申购,e公司
1177,2020-01-16,罕见“大肉签”！今天必打新股来了：一涨停赚2万6，六涨停赚8万！创始人兄弟身价或超300亿,中国基金报
1178,2020-01-16,公牛集团1月16日A股IPO新股申购 10亿元专利侵权诉讼案“悬而未决” 诉讼纠纷,资本邦
1179,2020-01-16,打！新股“肥签”来了，1个涨停赚2万6，6个涨停赚8万,证券时报
1180,2020-01-15,【新股信息】1月16日 博杰股份(002975)、东方生物(688298)、公牛集团(603195)新股申购,银河股票资讯
1181,2020-01-15,公牛集团、博杰股份1月16日申购宝典,金融界
1182,2020-01-15,公牛集团：发行价59.45元，申购日为1月16日,Wind
1183,2020-01-14,公牛集团IPO迷雾：关联交易被质疑 专利诉讼引麻烦 诉讼纠纷,电鳗快报
1184,2020-01-13,公牛集团(603195.SH)首次公开发行不超6000万股 路演时间15日14:00-17:00,格隆汇
1185,2020-01-13,7只新股密集来袭 今年首只新股大肉签中1签或赚6万！,中国基金报
1186,2020-01-13,今年首只新股大肉签中1签或赚6万！有可转债彻底火了，空仓能打新,中国基金报
1187,2020-01-13,打它！打它！打它！公牛来了，上市当天一签或赚2.6万元,中证报
1188,2020-01-12,[公司]公牛集团1月16日申购,全景网
1189,2020-01-12,【光大农业&中小盘】供求重回紧平衡，猪价再次抬头,i研究
1190,2020-01-08,本批建议持续关注斯达半导——2020年第1批新股申购策略报告,申万宏源新股策略
1191,2020-01-08,华鑫证券建议公牛集团IPO新股询价价格为59.62元,资本邦
1192,2020-01-07,公牛集团今日首发招股书，预计19年营收近百亿,LED在线
1193,2020-01-07,公牛集团(603195.SH)拟发行不超6000万股申购日为1月16日,格隆汇
1194,2020-01-07,公牛集团今日招股 致力于成为国际民用电工行业领导者,证券日报
1195,2020-01-04,天正电气ipo：同业竞争处于劣势，与大客户采销数据存差异,百度
1196,2020-01-03,证监会核准公牛集团、斯达股份、玉禾田的首发申请,资本邦
1197,2020-01-03,证监会核准公牛集团等3家企业IPO申请,e公司
1198,2020-01-03,证监会核发公牛集团等3家企业IPO批文,Wind
1199,2019-12-27,天正电气IPO:现产能消化能力下降 募资扩产销路何解,新浪
1200,2019-12-25,插座龙头公牛集团二进宫终过会 实控人突击分红引广泛质疑,投资者网
1201,2019-12-19,公牛集团为零人供应商创造数亿收入 关联交易涉嫌虚增收入 关联方问题,中金在线
1202,2019-11-26,【IPO】上周公牛集团等9家企业过会，其中玉禾田为三板企业【安信诸海滨团队】,诸海滨科新先声
1203,2019-11-26,公牛集团激战24年终圆上市梦！,乐居财经
1204,2019-11-25,“插座一哥”上市疑云：IPO前突击分红，着急套现还是讨个彩头？,云掌财经
1205,2019-11-22,年内第四大单过会 公牛集团手握20亿理财再募资49亿,新浪
1206,2019-11-22,11月21日五家企业首发过会 宁波占两席,证券日报
1207,2019-11-22,给市场送个好彩头 “公牛”将登陆A股到底牛不牛？,上证报
1208,2019-11-22,新三板深改征求意见今日结束；20个银行账户被冻结，林州重机收关注函 资产查封,新三板智库
1209,2019-11-22,公牛集团IPO顺利过会，拟募集资金48.87亿元,乐居财经
1210,2019-11-22,公牛集团过会：今年IPO获批第111家 国金证券过4单,中国经济网
1211,2019-11-21,第十八届发审委2019年第182次会议审核结果公告,证监会
1212,2019-11-21,证监会：公牛集团等5家企业首发过会 1家暂缓表决,e公司
1213,2019-11-21,证监会：公牛集团等5公司首发申请获准，百洋医药暂缓表决,Wind
1214,2019-11-20,“插座一哥”公牛集团要上会，IPO前曾突击分红,北京商报
1215,2019-11-20,实控人两年狂揽27亿“搬空家底” 公牛集团IPO募资49亿真实动机遭质疑,中国网
1216,2019-11-20,公牛集团IPO前夕实控人套现45亿 关联交易难自辩清白 减持股份,中国经济网
1217,2019-11-19,时代IPO观察 | 公牛集团冲刺IPO：控股家族“瓜分”盈利，63家关联方引监管问询 问询,时代在线
1218,2019-11-19,“插座一哥”公牛上会在即 10亿专利侵权索赔案撤诉 原告仍称“坚决维权” 诉讼纠纷,华夏时报
1219,2019-11-19,通领科技撤诉，公牛集团IPO上会前夜解除10亿专利侵权索赔之忧 诉讼纠纷,21世纪经济报道
1220,2019-11-19,公牛集团家族化软肋：亲属开关联公司上下游“躺赚”,斑马消费
1221,2019-11-19,一手巨额分红一手天量募资 “不差钱”的公牛集团圈钱而来？,21世纪经济报道
1222,2019-11-18,本周公牛集团等六家企业上会 谁能“打得一手好牌”？,中金在线
1223,2019-11-15,证监会：公牛集团等6公司首发11月21日上会,Wind
1224,2019-11-15,证监会：公牛集团等六公司将于11月21日首发上会,新浪
1225,2019-11-01,“红眼”的公牛集团：业务、数据问题不断 阮立平兄弟却分红33亿,和讯
1226,2019-10-25,上市前突击分红33亿 公牛集团IPO急于“圈钱”受质疑,投资者报
1227,2019-09-26,泰安市市场监管局抽检电缆电缆等商品1批次不合格 产品问题,质量新闻网
1228,2019-09-18,【家电-公牛集团(A18071)】邓欣：竞争壁垒深厚、品类扩张可期-20190916,中泰证券研究所
1229,2019-08-21,将质量作为生存根本 公牛集团公开销毁20多万元泡水产品,证券日报
1230,2019-07-27,关联关系庞杂 新业务突围难 10亿专利诉讼案后公牛集团冲刺IPO 诉讼纠纷,中国经营报
1231,2019-07-24,公牛集团冲刺IPO上市，大动干戈所为何因,证券之星
1232,2019-07-23,IPO动态|突击分红30亿，公牛集团不差钱上市为哪般？,财经网
1233,2019-07-13,公牛IPO遭疑：左手巨额分红 右手招股募资,时代周报
1234,2019-07-09,公牛集团实现营收三连涨，铺垫IPO上市基础,砍柴网
1235,2019-07-09,公牛集团10亿专利侵权被宣告无效 “插座一哥”IPO障碍仍待清扫 诉讼纠纷,21世纪经济报道
1236,2019-07-06,"反转再反转？公牛10亿诉讼案首胜 但原告称""存在事实认定错误"" 诉讼纠纷",Ofweek
1237,2019-07-05,公牛集团陷入专利侵权风波 或因与小米竞争而忽略其他？ 诉讼纠纷,运营商财经网
1238,2019-07-05,公牛集团涉赔10亿元专利案初胜 通领科技两项涉案专利宣告无效 其他违规处罚,证券日报
1239,2019-07-03,公牛集团财务数据存异象涉嫌虚增收入 募投项目或夸大投资额,中金在线
1240,2019-07-03,国家知识产权局复审宣告 通领诉公牛两项专利无效,质量新闻网
1241,2019-06-28,品牌价值138.36亿元 公牛集团三入“中国500最具价值品牌排行榜”,证券日报
1242,2019-06-27,金田铜业3闯IPO犯低级错误:销售数据对不上 违规不少 欺诈造假,新浪
1243,2019-06-25,公牛集团临危不惧，IPO上市关头仍在创新,砍柴网
1244,2019-06-18,阮立平不走寻常路，带领公牛插座冲刺IPO上市,砍柴网
1245,2019-06-18,涉10亿元专利诉讼案浮出水面公牛集团IPO关键时刻遭遇重大利空,投资时报
1246,2019-06-17,公牛插座谋求IPO 高瓴资本浮盈近3亿,投中网
1247,2019-06-10,探秘公牛No.9：回顾2018，ROE重创新高,CITICS家电研究
1248,2019-06-04,公牛冲A突遭10亿官司 募集49亿被批圈钱：面板“失灵”？ 诉讼纠纷,中新经纬
1249,2019-06-03,公牛集团三年分红32亿占净利87% 投资56亿买理财仍募49亿被指圈钱,长江商报
1250,2019-06-01,诉讼缠身 两股东3年分红32亿元遭疑 “不差钱”的公牛集团IPO募资49亿元 诉讼纠纷,中国经营报
1251,2019-05-31,分红和买理财等超54亿元后 公牛集团拟IPO募资48亿元,大众证券报
1252,2019-05-29,年收入90亿元的公牛集团申请上市 插线板不好卖了？,GPLP犀牛财经
1253,2019-05-28,IPO|“插座一哥”公牛：不差钱，为何选择上市？,阿尔法工场
1254,2019-05-27,IPO前突击分红 公牛电器股东意在上市套现？,凤凰网
1255,2019-05-27,两股东三年分红32亿 公牛集团“光溜溜”冲刺IPO,北青网
1256,2019-05-26,2股东3年分红32亿，“插座一哥”IPO能否顺利闯关,全景网
1257,2019-05-25,2股东3年分红32亿，还有10亿官司惹上身！“插座一哥”IPO能否顺利闯关？（附最新IPO排队名单）,和讯
1258,2019-05-24,两股东三年分红32亿 不差钱的公牛插座要募资48.86亿,国际金融报
1259,2019-05-24,IPO关键期遇诉讼 公牛集团涉诉金额近10亿 诉讼纠纷,北京商报网
1260,2019-05-24,公牛集团冲刺A股IPO 公司业绩受房地产市场和房屋装修市场影响,中金在线
1261,2019-05-23,公牛集团A股IPO：拟登陆上交所募资不超48.87亿元,Wind
1262,2019-04-24,公牛集团专利侵权纠纷申请相关专利无效案件在北京公开审理 诉讼纠纷,证券日报
1263,2019-04-23,美的集团：与公牛集团签署战略合作协议,e公司
1264,2019-03-30,"公牛集团冲击IPO遭同行""阻击"" 陷专利侵权被索赔10亿 诉讼纠纷",中国经营网
1265,2019-03-25,公牛集团涉专利纠纷 IPO进程或受影响 诉讼纠纷,投资者网
1266,2019-03-18,公牛集团毛利降至3成 IPO受阻10亿诉讼索赔案,新浪
1267,2019-03-11,公牛集团因专利侵权被索赔近10亿元，涉案专利与安全插座有关 诉讼纠纷,凤凰网
1268,2019-03-11,IPO关键期被诉专利侵权 公牛集团遭同行索赔10亿元 诉讼纠纷,证券日报
1269,2019-03-09,“插座一哥”公牛摊上事：被诉赔10亿 公司月赚1亿多 诉讼纠纷,新浪
1270,2019-03-09,调查 | “插座一哥”公牛集团遭巨额专利侵权索赔始末 诉讼纠纷,每日经济新闻
1271,2019-03-08,公牛集团遭索赔10亿，起诉者否认阻击IPO：准备了一年多,澎湃新闻
1272,2019-03-08,公牛集团陷专利诉讼被索赔10亿 诉讼纠纷,新浪
1273,2019-03-07,公牛集团IPO遭遇“斗牛士”：插座龙头企业被诉专利侵权 诉讼纠纷,澎湃新闻
1274,2019-03-07,遇侵权诉讼遭索赔近10亿 公牛集团：正在应诉 诉讼纠纷,每日经济新闻
1275,2019-03-07,冲击资本市场，阮立平带领公牛集团发力IPO上市,银行信息港
1276,2019-03-07,“公牛”陷专利诉讼被索赔十亿 IPO企业知识产权规范待解,21世纪经济报道
1277,2019-03-04,10亿元！国内专利第一案南京开庭 被诉讼方正冲刺IPO,和讯
1278,2019-02-28,公牛集团闯关IPO背后： 家族成员持股超96% 曾参股金芒果小贷深陷诉讼泥潭,华夏时报
1279,2019-02-25,“插座一哥”公牛集团冲击IPO 巨额募资规模是否合理,中金在线
1280,2019-02-05,2019年八家LED企业拟IPO 谁能顺利过会？,微博
1281,2019-01-04,公牛集团积极适配新的时代语境 为IPO上市不断迈进,中金在线
1282,2018-12-14,探秘公牛No.5：图文详解“新国标”,CITICS家电研究
1283,2018-12-10,家用电器：流通渠道王者 荐4股,和讯
1284,2018-12-10,估值数百亿领军者，公牛IPO上市辅导完成,砍柴网
1285,2018-12-07,探秘公牛No.3：市场空间的加法,CITICS家电研究
1286,2018-11-14,插座牛，墙开更牛！公牛集团如何蝉联双料冠军,东方网
1287,2018-11-02,月赚上亿的公牛上市前突击分红32亿“圈钱”意图明显,中国网
1288,2018-10-30,公牛集团冲刺IPO 实控人妻子借钱经销商买货,金投网
1289,2018-10-22,“公牛”阮立平的插线板生意经,投资者报
1290,2018-10-17,“公牛插座”IPO姗姗来迟：家族成员“隐身”于经销商、供应商，10亿闲置资金买理财,财经网
1291,2018-10-17,插座的大生意：1个月能赚1亿 这对兄弟身价超300亿,投中网
1292,2018-10-11,公牛集团靠“卖”插座冲刺A股IPO 一年营收70亿元但盈利额正下滑 盈利能力下降,资本邦
1293,2018-10-11,公牛集团“十问十答”,麦子店家电
1294,2018-10-10,公牛集团冲刺IPO：存货逐年上升 实控人之妻曾向经销商借款数千万,每日经济新闻
1295,2018-10-10,公牛要上市：靠卖插线板年赚72亿 老板身家逾300亿,新浪
1296,2018-09-30,公牛集团披露招股书 拟冲刺A股,资本邦
1297,2018-09-29,去年净赚12.8亿！“插座老大哥”公牛集团向A股递交招股书,中金在线
1298,2018-09-29,卖插座的公牛集团冲刺A股:2017收入72亿 毛利率下滑明显 盈利能力下降,中国网
1299,2018-09-28,公牛集团已经进入IPO上市冲刺阶段，纵使万般质疑只用实力回应,砍柴网
1300,2018-09-19,证监会接收民用电工龙头公牛集团上市材料,e公司
1301,2018-08-29,公牛集团拟IPO 已完成上市辅导,资本邦
1302,2018-04-10,他的产品家喻户晓，他却鲜为人知，现在，他们都在转变,腾讯网
1303,2018-03-10,“连接生活 Link Everyday”公牛集团四大“家族”AWE闪亮登场,DoNews
1304,2018-03-10,不止生产插座公牛AWE发布多款产品瞄向全屋智能,搜狐
1305,2018-01-05,行业龙头“ETF”高瓴资本按下减持快捷键！ 减持股份,腾讯网
