,2021-12-30,消息称华润微 12 英寸先进功率半导体晶圆生产线项目有望于明年建成投产,中电网
0,2021-12-30,第三代半导体行业产业链全景梳理及区域热力地图,ZAKER
1,2021-12-30,华润微(688396)重大事项点评：股权激励彰显发展信心 覆盖广泛利于激发员工积极性,新浪
2,2021-12-28,华润微：近期公司发布了1200V SiC MOSFET新品，该产品尚未进行量产和销售,每日经济新闻
3,2021-12-28,华润微：公司的传感器、半导体及智控产品有应用于互联网,Wind
4,2021-12-28,11股获券商买入评级，恒生电子目标涨幅达45.71%,Wind
5,2021-12-27,民生证券：给予华润微买入评级,证券之星
6,2021-12-27,民生证券维持华润微推荐评级：广覆盖、明目标，助力公司成长,每日经济新闻
7,2021-12-26,华润微：汽车电子市场广阔，功率龙头欲发力第三代半导体,每日经济新闻
8,2021-12-26,国联证券：给予华润微买入评级，目标价位76.17元,证券之星
9,2021-12-24,华润微(688396.SH)拟推2021年第二类限制性股票激励计划 授予价为34.1元/股,智通财经
10,2021-12-23,国内SiC MOSFET再添猛将！车规功率器件应用落地,中自网
11,2021-12-22,A股资金流向：热门股大面积退潮，消费电子转型预期获资金关注,Wind
12,2021-12-21,东方财富证券给予华润微增持评级：SiC新品推出，丰富产品线,每日经济新闻
13,2021-12-21,东方财富证券：给予华润微增持评级,证券之星
14,2021-12-20,小K播早报|深圳氢能产业发展规划出炉 商汤科技重新启动公开招股,财联社
15,2021-12-18,华润微发布SiC MOSFET新品,财联社
16,2021-12-17,功率半导体龙头竞逐碳化硅，华润微发布SiC新品剑指百亿市场,凤凰网
17,2021-12-17,A股资金流向：成长、权重双双熄火，低价股抱团逻辑仍在演绎,Wind
18,2021-12-17,大基金出手！芯片大牛股大涨8%,Wind
19,2021-12-16,功率半导体企业华瑞微获B轮和B+轮3亿元融资，产业投资方为芯朋微、活水资本等，老股东毅达资本和浦高产投加投,猎云网
20,2021-12-15,华润微现1笔大宗交易 共成交335.64万元,新浪
21,2021-12-15,华润微今日大宗交易成交6万股，成交价55.94元折价17.37%,Wind
22,2021-12-14,A股主力资金流向：净流出额创一个半月新高，新能源、周期股集体遭抛售,Wind
23,2021-12-14,电子行业2022年度策略报告：半导体国产替代进程深化 汽车电子引领需求增长,新浪
24,2021-12-13,高额举债又无息或低息借出资金原因几何？龙腾股份冲刺科创板IPO二轮问询这样解答,资本邦
25,2021-12-10,华润微：摩根大通证券、Aia Group-Hong Kong等17家机构于11月12日调研我司,证券之星
26,2021-12-09,汽车功率：新能源与半导体的黄金交叉,第一财经
27,2021-12-09,A股资金流向：金融、消费持续回暖，外资助推风格切换,Wind
28,2021-12-09,华润微：公司今年已实现SiC二极管的销售突破，即将推出SiCMOS产品,Wind
29,2021-12-09,华润微：公司对现有八吋线的产能会进行有序扩充，预计公司12吋产线将于明年下半年释放产能,Wind
30,2021-12-09,华润微：公司目前库存整体处于健康水平，和往年平均数据相比仍处于低位,Wind
31,2021-12-09,华润微：2022年公司IGBT领域会有显著增长,Wind
32,2021-12-09,华润微：公司有参股SiC衬底和外延的相关企业,Wind
33,2021-12-09,华润微：副总裁张小键退休 董监高成员变化,Wind
34,2021-12-09,华润微：在手订单饱满，预计12寸产线明年下半年释放产能,Ofweek
35,2021-12-09,华润微接受33家机构调研！短期主力资金净流入，市场资金或早已察觉,每日经济新闻
36,2021-12-09,由于芯片产能紧张 比亚迪向士兰微、华润微、斯达半导等下达车规级IGBT订单,财经网
37,2021-12-09,士兰微车规级IGBT获比亚迪亿元级订单，看中IDM模式及产能，斯达半导、时代电气、华润微等也获订单,财联社
38,2021-12-09,比亚迪向士兰微、华润微、斯达半导、时代电气等下达车规级IGBT订单,36氪
39,2021-12-09,独家|比亚迪向士兰微、华润微、斯达半导、时代电气等下达车规级IGBT订单,财联社
40,2021-12-08,电子行业2022年投资策略：半导体创新与国产化并重 汽车、VR／AR空间广阔,新浪
41,2021-12-08,【电子】电子行业2022年度策略—产业向新常态回归，聚焦高成长赛道,中银证券研究
42,2021-12-08,中国车规IGBT企业的野心、行动、图谋与布局,钛媒体
43,2021-12-07,A股资金流向：赛道股再度下杀，资金进驻价值蓝筹,Wind
44,2021-12-07,降准兑现，地产股逆势走强！但它们缘何集体降温？,Wind
45,2021-12-06,电子元器件周报：智能手机出货量逐步回暖 折叠屏引领消费电子新方向,新浪
46,2021-12-06,A股资金流向：新能源再遭集中抛售，大金融成“避风港”,Wind
47,2021-12-06,第三代半导体概念午后持续下行,Wind
48,2021-12-06,大基金减持叠加股价波动加剧 华润微卡位第三代半导体成效待考 减持股份,投资者网
49,2021-12-03,A股资金流向：权重发力助推沪指，短线情绪退潮,Wind
50,2021-12-03,半导体产业链表现不俗,Wind
51,2021-12-02,华润微现1笔大宗交易 共成交742.48万元,新浪
52,2021-12-02,华润微今日大宗交易成交10.36万股，成交价71.68元溢价1.24%,Wind
53,2021-12-02,A股资金流向：低位低价成短线核心，赛道股分歧加剧,Wind
54,2021-12-01,A股资金流向：主线不明题材股炒作继续，资金挖掘低位补涨,Wind
55,2021-12-01,奥特维(688516)：收获蜂巢能源1.3亿元订单 锂电优质客户订单放量强化平台化布局,新浪
56,2021-12-01,奥特维(688516)：半导体键合机首批订单落地 静待大客户订单放量,新浪
57,2021-11-29,科技硬件周报：功率半导体高景气度有望延续、关注5G+AIOT投资机遇,新浪
58,2021-11-29,士兰微等3家芯片股调入上证180 “硬科技”更值期待,证券时报网
59,2021-11-29,小K播早报|奥密克戎变异病毒侵扰全球 多家科创板公司透露相关产品布局,财联社
60,2021-11-29,多个指数迎重磅调整！科创板公司大幅增加，这些股票即将调入！,Wind
61,2021-11-27,涉及超5500亿规模基金！新一轮指数样本大调整出炉,Wind
62,2021-11-26,中芯国际、华润微等5只科创板股票纳入上证180,财联社
63,2021-11-26,上证50等系列指数进行定期调样，新经济和先进制造业样本增多,Wind
64,2021-11-26,华润微：公司不涉及EDA设计软件开发,Wind
65,2021-11-26,华润微：公司不涉及EDA设计软件开发,每日经济新闻
66,2021-11-26,A股资金流向：沪指“以缺补缺”，权重低迷题材脉冲回落,Wind
67,2021-11-26,一周研读：围绕“三个低位”布局蓝筹,新浪
68,2021-11-25,深度*行业*电子行业周报：TI宣布新厂建设计划 联发科发布4NM处理器,新浪
69,2021-11-23,华润微：晶圆代工持续景气,半导体风向标
70,2021-11-23,【焦点】连续大涨！股价创新高，“次新股”时代电气（688187.SH）一路飞奔,财华社
71,2021-11-23,电子元器件周报：晶圆代工持续高景气 MINILED产业化进程加速,新浪
72,2021-11-23,A股资金流向：板块分化明显，“锂风光”休整储能接棒,Wind
73,2021-11-23,深度*行业*半导体行业周报：思瑞浦发布数字隔离产品 FPGA安路科技上市,新浪
74,2021-11-22,A股资金流向：赛道股爆发重回主线，风格切换苗头显露,Wind
75,2021-11-22,科技硬件周报：AIOT产业加速 CMP材料与设备受关注,新浪
76,2021-11-21,7000亿大市场！傅鹏博、朱少醒、谢治宇、刘格菘…顶流们都来了,Wind
77,2021-11-21,7000亿大市场！傅鹏博、朱少醒、谢治宇等顶流们都来了,Wind
78,2021-11-19,"华润微现1笔大宗交易 共成交2,322.00万元",新浪
79,2021-11-19,华润微今日大宗交易成交45万股，成交价51.6元折价20.86%,Wind
80,2021-11-19,华润微：公司按计划推进12寸线建设项目，预计将于2022年开始逐步贡献产能。公司正在积极推进股权激励的落地,每日经济新闻
81,2021-11-19,华润微：公司Sic二极管产品已量产并产生销售收入,每日经济新闻
82,2021-11-19,华润微：公司预计将于今年内发布SiC MOSFET产品,每日经济新闻
83,2021-11-19,华润微：公司目前在手订单饱满,每日经济新闻
84,2021-11-18,A股资金流向：题材快速切换，新能源内部分化,Wind
85,2021-11-18,深度*行业*电子行业周报：代工双雄营收创新高 英伟达更新OMNIVERSE,新浪
86,2021-11-18,股票发行注册制改革在江苏成果显著,Wind
87,2021-11-17,A股资金流向：赛道股集体反弹，资金抢筹新能源龙头,Wind
88,2021-11-16,A股资金流向：新能源连跌资金持续流出，大消费力扛指数,Wind
89,2021-11-16,华润微：公司部分MOSFET和IGBT产品已经应用在汽车领域,Wind
90,2021-11-15,华润微：今年推出IGBT模块产品 2022年IGBT领域会有显著增长,e公司
91,2021-11-15,华润微：预计12寸线明年下半年可以贡献产能,e公司
92,2021-11-15,华润微接受121家机构调研！短期主力资金净流出，或存在资金分歧,每日经济新闻
93,2021-11-15,A股资金流向：新能源遭资金集中抛售,Wind
94,2021-11-15,电子元器件行业周报：晶圆代工三季度高景气 持续推荐半导体设备材料,新浪
95,2021-11-15,至纯科技：今年半导体设备营收或翻两倍，大基金何以青睐它？,第一财经
96,2021-11-15,科技硬件周报：半导体板块高景气度延续、关注5G+AIOT新机遇,新浪
97,2021-11-12,【焦点】大基金又减持！半导体巨头华润微（688396.SH）大跌6.13%！ 减持股份,财华社
98,2021-11-12,A股资金流向：权重股回调，题材炒作继续升温,Wind
99,2021-11-12,股市动态 | 北斗星通、华润微、长川科技同时遭大基金减持，华润微上午跌超6% 减持股份,财经网
100,2021-11-12,电子行业周报：消费电子估值显现吸引力,新浪
101,2021-11-12,华润微：融资余额比上日增1.84%，融券余额比上日增5.44%,资本邦
102,2021-11-12,A股异动 | 华润微(688396.SH)跌约5% 大基金拟减持不超1%股份 拟减持股份,格隆汇
103,2021-11-12,国家大基金又减持3家公司，大基金二期布局已在路上 减持股份,资本邦
104,2021-11-12,2300亿中芯国际突发“大地震”，国家大基金减持三只科技股,Wind
105,2021-11-12,国家大基金拟减持，北斗星通、华润微低开，长川科技高开 拟减持股份,金融界
106,2021-11-12,什么信号！大基金出手，密集减持3家公司，近千亿巨头也在列…大基金二期却持续加码布局 减持股份,证券时报
107,2021-11-12,"大基金加速""收网""，一晚减持3家公司！战略性转移？二期资金加速布局这些个股 减持股份",券商中国
108,2021-11-12,11月12日投资避雷针：大基金拟减持北斗星通、长川科技、华润微公司股份 拟减持股份,财联社
109,2021-11-12,华润微：大基金拟减持不超1320万股公司股份 拟减持股份,中国经济网
110,2021-11-12,深夜重磅！中芯国际75岁副董事长辞职，上任不满1年！国家大基金出手，一把减持三只科技股！发生了什么？ 董监高成员变化,每日经济新闻
111,2021-11-12,国家大基金又减持！大基金二期风格有变？,Wind
112,2021-11-12,"深夜重磅！刚刚，2300亿中芯国际突发“大地震”，交易所急发监管函！提前跳水！国家大基金又出手，一把减持三只科技股！发生了什么？
问询",中国基金报
113,2021-11-11,【晚间公告抢先看】四维图新与沃尔沃汽车签署车联网采购框架协议、风语筑在元宇宙赛道布局处于探索尝试阶段,金融界
114,2021-11-11,晚间重要公告2021年11月11日星期四,Wind
115,2021-11-11,晚间公告｜11月11日这些公告有看头,第一财经
116,2021-11-11,华润微(688396.SH)：大基金拟减持不超1%股份 当前持股5.92% 拟减持股份,智通财经
117,2021-11-11,华润微：大基金拟减持不超1%公司股份 拟减持股份,金融界
118,2021-11-11,华润微：大基金拟3个月内减持不超1%股份 拟减持股份,Wind
119,2021-11-11,A股资金流向：权重与题材共振上扬,Wind
120,2021-11-10,国内财经媒体头版2021年11月10日星期三,Wind
121,2021-11-10,科创引擎跑出“加速度” 硬科技助力高质量发展,证券时报
122,2021-11-09,华润微11月9日大宗交易成交4613.43万元,证券时报网
123,2021-11-09,"华润微现1笔大宗交易 共成交4,613.43万元",新浪
124,2021-11-09,华润微今日大宗交易成交68.13万股，成交价67.72元溢价0.0%,Wind
125,2021-11-09,科创板持续助力科技创新“开花结果”,Wind
126,2021-11-08,电子元器件周报：晶圆代工产值与资本开支同增长 半导体行业景气度持续,新浪
127,2021-11-08,A股资金流向：机构青睐新能源，游资炒作元宇宙,Wind
128,2021-11-06,功率半导体业绩集体爆发 千亿赛道迎扩产潮,腾讯网
129,2021-11-05,华润微：公司有部分IGBT产品应用在汽车领域,每日经济新闻
130,2021-11-05,除了华天科技，国家大基金二期还买了什么？,Wind
131,2021-11-05,美股半导体集体飙涨，A股信号不断，半导体行情如何走,Wind
132,2021-11-05,大基金又有大动作，11亿狂买芯片龙头，四季度半导体还能加仓吗？,第一财经
133,2021-11-05,科创板公司彰显科创实力 多个项目获国家级科技大奖,中证网
134,2021-11-05,美股半导体集体飙涨，1.1万亿巨头一度涨超15%,Wind
135,2021-11-04,A股资金流向：新能源、白酒集体获资金抢筹，比亚迪净流入超14亿,Wind
136,2021-11-04,大基金动向曝光：超8成持仓股遭减持、加码芯片龙头,Wind
137,2021-11-03,【华西电子-新能源芯*超80页PPT深度】乘碳中和之风，基础元件腾飞,远峰电子
138,2021-11-03,大基金持仓明细曝光，加码芯片设备龙头，超八成遭遇减持。北交所开市在即，精选层大活跃 减持股份,新浪
139,2021-11-03,A股资金流向：资金高位出逃新能源，隆基股份净卖出超18亿,Wind
140,2021-11-03,国联证券：给予华润微增持评级,证券之星
141,2021-11-03,华润微CEO李虹：预计下个月发布第三代半导体的SiC MOSFET产品,财联社
142,2021-11-02,A股资金流向：主要行业主力资金悉数出逃，光伏股遭大幅抛售,Wind
143,2021-11-02,科创板前三季营收净利齐增，研发投入接近2020全年水平,第一财经
144,2021-11-02,晶圆吃紧！1500亿巨头遭疯狂下单，股价暴拉20%,Wind
145,2021-11-01,上交所：前三季度科创板上市公司总体业绩保持较快增长,Wind
146,2021-11-01,A股资金流向：新能源板块冲高回落，资金分歧较大,Wind
147,2021-10-29,和讯SGI公司|华润微SGI指数最新评分85分，核心技术人员的离职，导致项目延期？ 员工变动,和讯
148,2021-10-29,华润微：润西微已经开始建设，将从2022年开始逐步贡献产能,每日经济新闻
149,2021-10-29,A股资金流向：主线和题材共振反弹，宁王、隆基联手爆发,Wind
150,2021-10-29,华润微：公司今年第三季度管理费用增长的主要因素是调整了员工薪酬,每日经济新闻
151,2021-10-29,华润微：公司有产品应用在光伏和储能领域，近年来出货增速较快,每日经济新闻
152,2021-10-29,国海证券维持华润微买入评级，三季报点评：2021Q3符合预期，晶圆代工+IDM双龙头快速成长,每日经济新闻
153,2021-10-28,A股资金流向：周期股下挫，新能源板块出现剧烈分歧,Wind
154,2021-10-28,光大证券：维持华润微(688396.SH)“买入”评级 业绩快速增长 产能利用率保持高位,智通财经
155,2021-10-28,A股融资融券日报：两融余额减少19.89亿元（10月27日）,Wind
156,2021-10-27,华润微：工艺平台持续升级 国产功率龙头的进击之路,金融界
157,2021-10-27,华润微(688396)2021年三季报点评：业绩符合预期 研发高投入加速产品升级和产能扩张,新浪
158,2021-10-27,华润微跌11.25% 华西证券华创证券今刚唱多,中国经济网
159,2021-10-27,"华润微现1笔大宗交易 共成交1,291.66万元",新浪
160,2021-10-27,华润微今日大宗交易成交20.83万股，成交价62.0元折价0.23%,Wind
161,2021-10-27,800亿半导体龙头闪崩！华润微半年缩水560亿，发生了什么？,凤凰网
162,2021-10-27,A股资金流向：新能源板块虹吸效应显著,Wind
163,2021-10-27,半导体硅片股跌幅扩大 华润微跌超12%,格隆汇
164,2021-10-27,【行情】半导体及元件板块午后持续低迷，华润微跌超12%，赛微电子、艾为电子、金百泽跟跌,金十数据
165,2021-10-27,突发闪崩！两券商刚推荐“买入”，半导体龙头华润微却大跌超11%，什么情况？,每日经济新闻
166,2021-10-27,千亿半导体巨头跌11%！格力大跌，新能源掀涨停潮,Wind
167,2021-10-27,朝闻国盛：北上连续流入破百亿,新浪
168,2021-10-27,"打新的懵了！新股首日1秒破发，大跌13%！百亿公司重挫43%，紧急停牌！电力新能源又爆发，掀涨停潮！格力大跌，千亿防水茅快跌停
重大事项停牌",中国基金报
169,2021-10-27,TCL科技、乾照光电等五家企业前三季业绩一览,LED在线
170,2021-10-27,国盛证券维持华润微买入评级：行业持续景气，加大新产品研发投入,每日经济新闻
171,2021-10-27,国盛证券：给予华润微买入评级,证券之星
172,2021-10-27,【电子】深度研究：第三代半导体：新能源汽车+AIOT+5G撬动蓝海市场，碳中和引领发展热潮,天风研究
173,2021-10-26,华西证券维持华润微买入评级：加大研发投入，积极布局化合物半导体,每日经济新闻
174,2021-10-26,华润微前三季度净利润增长145% 多项产品研发取得突破,上证报
175,2021-10-26,华润微：2021年前三季度净利润约16.84亿元，同比增长145.2%,每日经济新闻
176,2021-10-26,华润微三季度净利润同比增长117% 持续布局一体化再迎丰收,证券时报网
177,2021-10-26,图解华润微三季报：第三季度单季净利润同比增117.26%,证券之星
178,2021-10-26,A股资金流向（10月26日）：新能源板块遭获利盘打压，超跌TMT成为避风港,Wind
179,2021-10-26,华润微(688396.SH)第三季度净利润6.16亿元 同比增长117.26%,格隆汇
180,2021-10-26,华润微：前三季度净利同比增长145.2%,财联社
181,2021-10-26,华润微：前三季度净利润同比增长145.2%,Wind
182,2021-10-25,A股资金流向（10月25日）：碳中和再成市场共识，“风光车储”全线开花,Wind
183,2021-10-25,中泰金工定向增发跟踪周报（10/24）,ZTQuant
184,2021-10-25,电子行业周报：景气度分化 重点看好半导体(设备/汽车/特种)+汽车电子+新硬件龙头,新浪
185,2021-10-22,下周783亿市值限售股解禁，长城证券解禁市值近160亿元 解禁,Wind
186,2021-10-22,A股资金流向（10月22日）：外资连续两日净入百亿撑起盘面，核心资产成最大赢家,Wind
187,2021-10-22,华润微深度报告：功率龙头业绩迎来拐点，新型业务拓展顺利进行,中自网
188,2021-10-21,产业链紧张如何解决？芯龙技术315页科创板问询回复透露这些信息,财联社
189,2021-10-21,A股资金流向（10月21日）：新能源板块显露疲态，资金避高就低流入大金融龙头,Wind
190,2021-10-20,国家大基金二期投资版图再扩大，已布局13家产业链标的,Wind
191,2021-10-19,深度*行业*半导体行业周报：三季报业绩普遍高增长 台积电表示产能紧张延续至2022全年,新浪
192,2021-10-19,电子行业周报：台积电2021Q3业绩解读及2021Q4展望,国海证券
193,2021-10-19,深度*行业*电子行业周报：需求与产能共振 半导体产业持续增长可期,新浪
194,2021-10-19,大基金有新动作！二期布局有何玄机？,Wind
195,2021-10-18,国家大基金投资“平衡术”：减持两只半导体龙头套现约12亿，二期对外投资近300亿元 减持股份,21世纪经济报道
196,2021-10-18,A股资金流向（10月18日）：双重“利空”来袭，大消费不敌新能源让出“C位”,Wind
197,2021-10-18,科技硬件周报：半导体景气周期延续,新浪
198,2021-10-17,电子行业周报：景气度分化 重点看好半导体(设备/汽车/特种)+汽车电子+新硬件龙头,新浪
199,2021-10-17,华润微(688396.SH)：约1.0417亿股限售股将解禁 解禁,格隆汇
200,2021-10-16,【行业深度】洞察2021：中国半导体分立器件制造行业竞争格局及市场份额(附市场集中度、企业竞争力评价等),前瞻研究院
201,2021-10-15,华润微：约1.04亿股限售股10月27日解禁，占比约7.89% 解禁,每日经济新闻
202,2021-10-15,华润微：1.04亿股限售股10月27日上市流通 解禁,Wind
203,2021-10-15,冲刺创业板“红筹回归首单”，中集天达大有不同,Wind
204,2021-10-14,华润微董秘回复：我们判断未来十年都是半导体产业的成长期,证券之星
205,2021-10-14,华润微：公司目前在手订单饱满，售价和成本相对稳定,每日经济新闻
206,2021-10-14,华润微：润西微已经开始建设，建设周期大约3年，将逐步贡献产能,每日经济新闻
207,2021-10-14,华润微：将于2021年10月27日披露三季度报告,每日经济新闻
208,2021-10-14,华润微：公司加快中低压MOS产品的研发，并积极与国际一流大厂和整车厂对接交流,每日经济新闻
209,2021-10-13,A股资金流向（10月13日）：“茅宁”归来，消费、新能源板块携手回暖,Wind
210,2021-10-12,A股资金流向（10月12日）：市场热点匮乏，资源股再成杀跌主力,Wind
211,2021-10-12,华润微：公司在有序扩充现有8吋产能的同时，亦在积极开展12吋线的产能建设,Wind
212,2021-10-12,华润微接受21家机构调研！短期主力资金净流出，或存在资金分歧,每日经济新闻
213,2021-10-12,华润微：国泰君安证券、南方基金等24家机构于9月9日调研我司,证券之星
214,2021-10-12,华润微：公司自主研发的第一代650V、1200VSiCJBS产品实现量产,Wind
215,2021-10-12,华润微：公司的供电受到保障，限电暂未对生产造成影响,Wind
216,2021-10-12,电子行业周报：对当前半导体板块投资机会的深度思考,国海证券
217,2021-10-11,电子元器件周报：芯片大厂开启新一轮涨价潮 半导体景气度有望延续,新浪
218,2021-10-11,A股资金流向（10月11日）：资金延续避高就低态势，大金融板块获青睐,Wind
219,2021-10-08,深度*行业*电子行业周报：三季报拉开序幕 晶圆厂格芯赴美上市,新浪
220,2021-10-05,预见2022：《2022年中国半导体分立器件制造行业全景图谱》(附市场供需、竞争格局和发展前景等),前瞻研究院
221,2021-10-03,重回年初起点，科创板2021年前三季度榜单全面揭晓,Wind
222,2021-10-01,重回年初起点，科创板前三季度榜单全面揭晓！,Wind
223,2021-09-30,并购出牛股！6成上涨11家翻番，更多在路上,Wind
224,2021-09-30,华润微：目前限电政策对公司无影响,Wind
225,2021-09-29,电子行业 功率半导体专题报告：下游需求旺盛 国产替代进行时,新浪
226,2021-09-29,A股资金流向（9月29日）：节前资金避险欲望强烈，银行股获青睐,Wind
227,2021-09-29,华润微荣获“科创金骏马之卓越公司奖”,证券日报网
228,2021-09-27,中概股批量“回A”——这是最好的时代,Wind
229,2021-09-27,华润微(688396.SH)：累计获得政府补助共计约1.51亿元,格隆汇
230,2021-09-23,深度*行业*半导体行业周报：全球晶圆厂设备支出预期持续增长 国产先进封装光刻机迎来新进展,新浪
231,2021-09-23,华润微：公司mosfet产品的下游主要应用端包括消费电子、工业控制、汽车电子等,每日经济新闻
232,2021-09-23,A股资金流向（9月23日）：电力、资源股出现强分歧,Wind
233,2021-09-22,电子元器件周报：IPHONE13正式发布 行业景气度有望延续,新浪
234,2021-09-22,A股资金流向（9月22日）：电力股全线爆发，“茅宁”成“牛夫人”,Wind
235,2021-09-22,A股主力净流入逾100亿、超跌高景气股票名单出炉,Wind
236,2021-09-21,“科技型红筹”境内上市扩容，红筹回A迎来加速期,第一财经
237,2021-09-17,华润微：公司暂未涉及锑化物领域,Wind
238,2021-09-17,华润微：2021年上半年公司功率器件产品在光伏逆变器领域的出货量较去年同期有所提升,每日经济新闻
239,2021-09-17,华润微：公司暂未涉及锑化物领域,每日经济新闻
240,2021-09-16,A股资金流向（9月16日）：战神“锂布”马失前蹄，新能源产业链集体遭抛售,Wind
241,2021-09-15,华润微：现有研发团队及核心技术人员能够支持公司未来核心技术的持续研发,每日经济新闻
242,2021-09-15,A股资金流向（9月15日）：“打地鼠”行情愈演愈烈，新能源“王位”难以撼动,Wind
243,2021-09-15,电子：半导体大厂安森美再次涨价 印证行业高景气,新浪
244,2021-09-14,A股资金流向（9月14日）：资金出逃高位资源股，锂电滞涨分支挖掘补涨,Wind
245,2021-09-14,华润微回应核心技术人员离职：系调动至集团担任专职外部董事 员工变动,财联社
246,2021-09-14,12寸晶圆产线后再建功率半导体封装基地！华润微的大布局！,中自网
247,2021-09-14,IDM龙头华润微：8英寸项目延期至明年12月 项目问题,证券之星
248,2021-09-13,华润微8英寸半导体募投项目延期一年半 近1个多月3名核心技术人员离职 项目问题,每日经济新闻
249,2021-09-13,上海证券电子行业周报：功率半导体产业半年报梳理,新浪
250,2021-09-13,华润微：提名李巍巍担任公司董事、审计合规委员会委员，提名窦健担任公司董事、战略委员会委员,每日经济新闻
251,2021-09-13,华润微(688396.SH)聘任吴国屹担任财务总监,智通财经
252,2021-09-13,华润微(688396.SH)：专家委员会主任及核心技术人员王国平离职 员工变动,智通财经
253,2021-09-13,华润微：公司高级管理人员暨核心技术人员王国平离职 董监高成员变化,Wind
254,2021-09-13,A股资金流向（9月13日）：资源股涨势进一步扩散，资金撤离赛道股,Wind
255,2021-09-10,A股资金流向（9月10日）：金融、消费成为中流砥柱，资金回流半导体行业,Wind
256,2021-09-07,A股资金流向（9月7日）：资源、金融双轮驱动，追高资金享受溢价,Wind
257,2021-09-06,华润微：12寸产线预计在2022年实现产能贡献,证券之星
258,2021-09-06,华润微：广发证券、Ariose Capital等113家机构于8月19日调研我司,证券之星
259,2021-09-06,华润微接受99家机构调研！短期主力资金净流出，存在资金分歧,每日经济新闻
260,2021-09-06,半导体周跟踪：产业趋势向上明确 短期波动不改高景气,新浪
261,2021-09-06,三大热门赛道财报透视，高研发投入下业绩迎爆发,Wind
262,2021-09-03,华润微：公司不涉及EDA设计软件开发,每日经济新闻
263,2021-09-03,江苏区域股市周报：167家机构调研苏文电能 华润微跌出板块市值10强,每日经济新闻
264,2021-09-03,华润微2021年前三季度营收69.28亿元，同比增长41.70%,亿欧网
265,2021-09-02,大基金批量减持半导体，1600亿巨头一度跌停，这次影响多大？,Wind
266,2021-09-01,1600亿半导体巨头遭大基金减持，浮盈超148%！,Wind
267,2021-08-31,上交所：科创板公司机构持股比例上升明显，国际投资者持仓规模持续增长,Wind
268,2021-08-31,A股资金流向（8月31日）：券商股大涨中信证券获抢筹，新能源龙头股集体遭抛售,Wind
269,2021-08-30,半导体周跟踪：中报亮眼反映行业高景气 全年高增确定性强,新浪
270,2021-08-30,A股资金流向（8月30日）：新能源持续吸金，“盐皇”遭大幅抛售,Wind
271,2021-08-30,电子行业行业周报：闻泰科技趋势渐起 澜起科技引领DDR5代际替换,光大证券
272,2021-08-30,过半业绩翻倍+研发突破喜人，A股半导体板块“成长价值”显现,Wind
273,2021-08-29,最高同比增长近35倍！这个板块“成长价值”已现,Wind
274,2021-08-27,A股资金流向（8月27日）：新能源板块出现分歧，宁德时代遭资金减仓,Wind
275,2021-08-27,A股收盘综述：资源股推升中证500再创阶段新高，北向连续5日净买入,Wind
276,2021-08-27,华润微跌超4%，科创创业ETF（588360）跌0.33%,资本邦
277,2021-08-27,A股午盘综述：权重股发力沪指涨0.5%，资源股持续活跃,Wind
278,2021-08-26,【国元电子】华润微点评：上半年业绩超预期，高景气之下盈利持续增长,茂飞电子研究
279,2021-08-26,A股资金流向（8月26日）：资金集体出逃大金融、大消费板块,Wind
280,2021-08-26,电子行业周报：半导体景气度超预期 MOSFET、MCU缺货加剧,新浪
281,2021-08-26,芯片板块下探回升，景嘉微涨近10%,Wind
282,2021-08-25,中药材种业相关办法正加快制定，钠离子电池未来发展空间巨大丨明日主题前瞻,第一财经
283,2021-08-25,A股资金流向（8月25日）：光伏龙头获青睐，三一重工遭大幅抛售,Wind
284,2021-08-24,鼎龙股份(300054)：21H1业绩符合预期 CMPPAD单月销量首次突破一万片,光大证券
285,2021-08-24,中银证券维持华润微增持评级：行业高景气，H1业绩高速增长,每日经济新闻
286,2021-08-23,2021Q2海外半导体核心企业业绩解读,吉森电子研究
287,2021-08-23,华润微上半年净赚10亿！第三代半导体实现突破，在手订单饱满，正有序扩充产能！,中自网
288,2021-08-23,华润微加速扩张半年净利10亿创新高 账面116亿负债率五年半下降40个百分点,长江商报
289,2021-08-21,国元证券给予华润微买入评级：上半年业绩超预期，高景气之下盈利持续增长,每日经济新闻
290,2021-08-21,首创证券给予华润微买入评级：行业持续景气，股权激励助力稳健发展,每日经济新闻
291,2021-08-20,西南证券给予华润微买入评级：持续布局一体化，功率龙头毛利率创新高，目标价114.04元,每日经济新闻
292,2021-08-20,华润微(688396)：业绩超预期 毛利率大幅提升,新浪
293,2021-08-20,西南证券：首予华润微(688396.SH)“买入”评级 目标价114.04元,智通财经
294,2021-08-20,国海证券维持华润微买入评级，半年报点评：2021H1业绩超预期，景气周期与产能扩张共振,每日经济新闻
295,2021-08-20,华润微上半年营收同比增长四成半 扩大布局功率半导体制造与封测,中国电子报
296,2021-08-20,解盘：权重白马低迷，钛白粉、水泥、稀土、新能源发电略涨,Wind
297,2021-08-20,[互动]华润微：公司目前在手订单饱满,全景网
298,2021-08-20,[快讯]华润微：自主研发的多款6英寸第一代650V、1200V SiC JBS产品实现量产,全景网
299,2021-08-20,从两份半年报，读懂中国功率半导体行业的喜悦和困境,第一财经
300,2021-08-20,芯片股延续反弹势头，中颖电子大涨10%,Wind
301,2021-08-19,华润微：12寸产线积极扩充,半导体风向标
302,2021-08-19,士兰微、华润微你追我赶，功率IDM两大龙头中报业绩创历史新高,第一财经
303,2021-08-19,东方证券维持华润微买入评级：业绩超预期，毛利率大幅提升,每日经济新闻
304,2021-08-19,华润微(688396)2021年中报点评：业绩超预期 行业高景气下国产功率龙头盈利弹性持续释放,新浪
305,2021-08-19,安信证券维持华润微买入评级：盈利能力稳步提升，夯实功率龙头地位,每日经济新闻
306,2021-08-19,A股资金流向（8月19日）：核心赛道股再获追捧，大金融遭抛售,Wind
307,2021-08-19,A股收盘综述：大小指数再度切换，北向大幅流出超百亿,Wind
308,2021-08-19,研发投入增两成国产替代空间大 华润微中报业绩增长近两倍,产业经济新闻网
309,2021-08-19,华润微上半年归母净利润同比涨164.9% 第三代半导体器件领域取得技术突破,证券日报网
310,2021-08-19,华润微半年报解读：产能满载 净利增165%,Ofweek
311,2021-08-19,国盛证券：维持华润微(688396.SH)“买入”评级 行业高度景气 盈利能力显着提升,智通财经
312,2021-08-19,解盘：权重白马低迷，锂矿、半导体、动力电池、5G略涨,Wind
313,2021-08-19,A股午盘综述：沪指跌0.71%，周期股全线下挫,Wind
314,2021-08-19,国产替代+新能源驱动 华润微上半年功率半导体收入增44%,中自网
315,2021-08-19,信达证券维持华润微增持评级：Q2业绩创新高，高景气度下迎丰收期,每日经济新闻
316,2021-08-19,华润微上半年营收净利双增长 彰显增长动能,凤凰网
317,2021-08-19,近10股涨逾5% 半导体板块逆势飘红,第一财经
318,2021-08-19,北方华创、华润微大涨，芯片ETF(512760)涨超2%,资本邦
319,2021-08-19,国金证券：维持华润微(688396.SH)“买入”评级 多产品线爆发式增长,智通财经
320,2021-08-19,订单饱满+产能利用率高，华润微上半年净利润达10亿,LED在线
321,2021-08-19,华润微公布半年报 上半年净利增加164.86%,新浪
322,2021-08-19,民生证券维持华润微推荐评级：H1业绩大增，产能扩张量价齐升持续,每日经济新闻
323,2021-08-19,芯片股普遍回暖，聚灿光电涨超8%,Wind
324,2021-08-19,开源证券维持华润微买入评级，公司信息更新报告：2021H1高增长，积极布局产能建设、夯实龙头地位,每日经济新闻
325,2021-08-19,半年报解读|订单饱满、产能满载 华润微净利增165% 已提前布局新型存储技术,财联社
326,2021-08-19,净利润突破10亿元！华润微上半年交出亮眼成绩单,上海有色
327,2021-08-19,8月19日操盘必读：影响股市利好与利空消息,新浪
328,2021-08-19,华润微上半年净利润10.68亿 研发费用率同比下滑 盈利能力下降,中国经济网
329,2021-08-19,科创板战略配售硕果累累，三大产业高成长造就翻倍收益,Wind
330,2021-08-18,华润微上半年归母净利润同比涨超164% 加大研发进一步丰富产品布局,上证报
331,2021-08-18,科创板晚报|上海与宁德时代签约深化新能源合作 华润微半年报上半年净利同比增165%,财联社
332,2021-08-18,华西证券维持华润微买入评级：产品与工艺平台升级，MOSFET/IGBT优势凸显,每日经济新闻
333,2021-08-18,华润微上半年营收净利双增长，功率龙头无惧“缺芯”行情,每经网
334,2021-08-18,晚间重要公告2021年8月18日星期三,Wind
335,2021-08-18,晚间公告｜8月18日这些公告有看头,第一财经
336,2021-08-18,华润微上半年净利润增164.86% 预计半导体元器件缺货可能会持续,e公司
337,2021-08-18,华润微2021年中报：归母净利润同比增长约165% 进一步丰富产品布局,发布易
338,2021-08-18,半导体市场景气度提升，华润微上半年净利润同比增165%,第一财经
339,2021-08-18,华润微上半年净利大增164.86%，功率半导体国产替代空间广阔,阿尔法工场
340,2021-08-18,A股资金流向（8月18日）：近150亿资金加码非银金融行业,Wind
341,2021-08-18,市场景气度较高 华润微(688396.SH)半年度归母净利同比增164.86%至10.68亿元,智通财经
342,2021-08-18,华润微：2021年半年度净利润约10.68亿元，同比增加164.86%,每日经济新闻
343,2021-08-18,华润微：上半年净利10.68亿元 同比增164.86%,e公司
344,2021-08-18,华润微(688396.SH)上半年净利升164.86%至10.68亿元 整体毛利率同比增长6.97个百分点,格隆汇
345,2021-08-18,华润微(688396.SH)聘任李舸为副总裁兼总法律顾问,智通财经
346,2021-08-18,华润微半年报：上半年净利10.68亿元 同比增长165%,财联社
347,2021-08-18,华润微：上半年净利润同比增长164.86%,Wind
348,2021-08-17,华润微接受18家机构调研！短期主力资金净流入，市场资金早已察觉,每日经济新闻
349,2021-08-17,深度*行业*半导体行业周报：全球半导体设备交付期延长至14个月,新浪
350,2021-08-17,A股资金流向（8月17日）：超900亿资金离场，权重股多数遭抛售,Wind
351,2021-08-16,电子元件：国产替代：半导体行业发展不变的主旋律,新浪
352,2021-08-16,华润微现1笔大宗交易 共成交579.95万元,新浪
353,2021-08-16,华润微今日大宗交易成交7万股，成交价82.84元折价2.58%,Wind
354,2021-08-16,通信电子行业周报：高精度位导龙头华测导航迈入自动驾驶时代,光大证券
355,2021-08-16,A股资金流向（8月16日）：资金大幅出逃锂电产业链,Wind
356,2021-08-16,117.5亿！华润微在重庆再投一项目,中自网
357,2021-08-16,宁德时代重挫6%！千亿医药白马罕见跌停,Wind
358,2021-08-16,华润微：公司没有参与炒芯行为,每日经济新闻
359,2021-08-16,半导体产业链冲高,Wind
360,2021-08-15,【太平洋机械】机械行业周报20210814：工程机械基本面改善，看好年内继续向上,太平洋机械大讲堂
361,2021-08-13,华润微追加投资42亿元在重庆建设功率半导体封装基地,鲸平台
362,2021-08-13,任职近30年员工离职，未持有任何股份，华润微上市一年半股价翻倍 员工变动,AI财经社
363,2021-08-13,A股资金流向（8月13日）：科技龙头遭集中抛售,Wind
364,2021-08-13,华润微(688396.SH)核心技术人员计建新申请辞去相关职务,智通财经
365,2021-08-13,华润微：公司核心技术人员离职 员工变动,Wind
366,2021-08-11,新能源车时代，功率半导体乘风而起 | 开源证券电子,开源证券研究所
367,2021-08-10,A股资金流向（8月10日）：白酒龙头“旧神归来”，盐湖股份遭主力减仓超百亿,Wind
368,2021-08-10,一半是海水一半是火焰，极致行情下基金调仓换股攻略,Wind
369,2021-08-09,通信电子行业周报：看好通信板块中期行情 半导体波动中掘金,光大证券
370,2021-08-09,A股资金流向（8月9日）：市场复刻上周一行情，资金青睐大金融板块,Wind
371,2021-08-09,电子行业周报：产业趋势向上明确 短期波动不改高景气,新浪
372,2021-08-09,华润微：公司已组建汽车电子产品小组,Wind
373,2021-08-07,超越北上深广，这个城市人均GDP全国第一！,Wind
374,2021-08-05,巨无霸“穿鞋”而来！中国电信IPO拟发超百亿股，创近11年来新高,Wind
375,2021-08-05,套现近2亿！200亿芯片股被“国家队”大手笔减持,Wind
376,2021-08-04,A股资金流向（8月4日）：赛道股王者归来，大资金高位加仓,Wind
377,2021-08-03,A股资金流向（8月3日）：高切低趋势日渐明朗，新能源产业链集体遭抛售,Wind
378,2021-08-02,电子行业研究周报：科技股逆市上扬 光刻胶持续升温,新浪
379,2021-08-02,A股资金流向（8月2日）：高切低痕迹明显，资金转战超跌价值股,Wind
380,2021-07-30,华润微：加快向综合一体化公司转型，坐稳功率龙头企业,搜狐
381,2021-07-30,芯片股依旧活跃，兆易创新收获11连阳,Wind
382,2021-07-30,功率半导体Q4又掀涨价潮 港A两地半导体股集体拉升,格隆汇
383,2021-07-30,牵手“大基金”布局汽车电子芯片 功率半导体龙头华润微欲踏新征程,大众证券报
384,2021-07-30,大基金再度出手！套现千亿芯片巨头20亿,Wind
385,2021-07-30,价格暴涨！功率半导体供货最长达69周 国产替代加速,快科技
386,2021-07-29,MOSFET供应吃紧，传新洁能/华润微/杨杰Q4再涨价,国际电子商情
387,2021-07-29,A股资金流向（7月29日）：成长股强势反包，资金汹涌抢筹,Wind
388,2021-07-29,芯片股突然飙涨：20%涨停潮！腾讯大涨4000亿,Wind
389,2021-07-28,A股资金流向（7月28日）：资金快进快出，芯片龙头被抛售,Wind
390,2021-07-27,A股共发生145宗大宗交易成交31.54亿元（7月27日）,Wind
391,2021-07-27,华润微今日大宗交易成交26.74万股，成交价73.0元折价20.15%,Wind
392,2021-07-27,A股资金流向（7月27日）：新能源产业链持续遭抛售，芯片龙头一枝独秀,Wind
393,2021-07-27,芯片股午后涨势进一步扩大，兆易创新、北方华创齐创新高,Wind
394,2021-07-27,芯片股大涨：5000亿巨头20%涨停，科创板大爆发,Wind
395,2021-07-27,电子行业周报：车规MCU大赛道 国产厂商谁有望突围,国海证券
396,2021-07-26,功率器件产销率不断提升，龙头酝酿新一轮涨价，大白马市值逼近千亿,财联社
397,2021-07-26,A股资金流向（7月26日）：“茅族”、“宁族”集体遭抛售，芯片龙头获青睐,Wind
398,2021-07-26,国家情怀——2021科创之夜：以科创情怀、谱写中国科创未来（附获奖榜单）,金融界
399,2021-07-24,科创板“试验田”两周年：收成与不足,Wind
400,2021-07-24,新能源对半导体的拉动分为两个层次，关注12条主线,方正证券
401,2021-07-23,A股资金流向（7月23日）：市场情绪低迷，白酒、医药股遭大幅抛售,Wind
402,2021-07-22,又是核心技术人员离职 千亿芯片巨头华润微称没有实质影响 员工变动,快科技
403,2021-07-22,A股资金流向（7月22日）：资金持续减仓白酒、医药等消费龙头,Wind
404,2021-07-22,华润微(688396.SH)核心技术人员余楚荣退休返聘协议到期离职 员工变动,智通财经
405,2021-07-22,华润微：公司核心技术人员离职 员工变动,Wind
406,2021-07-22,三代半导体尾盘爆发，士兰微、北方华创双双大涨新高,Wind
407,2021-07-21,华润微：抓住重大机遇 加快向综合一体化公司转型,证券时报网
408,2021-07-21,科创板开市两周年：长三角力量日益凸显、产业链集群效应显着,第一财经
409,2021-07-21,A股资金流向（7月21日）：新能源产业链卷土重来，消费电子遭抛售,Wind
410,2021-07-20,电子行业周报：台积电2021Q2业绩解读及2021Q3展望,国海证券
411,2021-07-20,A股资金流向（7月20日）：资金趋向谨慎，行业龙头仍有溢价,Wind
412,2021-07-20,重磅机会！机构罕见扎堆调研，这一策略胜率高达八成,Wind
413,2021-07-20,机构调研跑断腿，科创板股票春天将至？,Wind
414,2021-07-19,A股资金流向（7月19日）：资金避高就低，医药、白酒龙头重获资金青睐,Wind
415,2021-07-19,电子行业周报：后摩尔时代 看好第三代半导体战略发展机遇,新浪
416,2021-07-19,电子元器件行业周报：SEMI展望半导体设备销售22年将新高,新浪
417,2021-07-19,电子行业周报：多政策支持半导体发展 持续看好国产替代,新浪
418,2021-07-18,新能源板块罕见急跌预示调整开始？北向资金已高位离场,第一财经
419,2021-07-16,为什么其他半导体制造公司都在涨，而中芯国际(00981)不涨？,智通财经
420,2021-07-16,A股资金流向（7月16日）：新能源龙头连遭抛售，军工股获避险资金青睐,Wind
421,2021-07-16,国家大基金投资路径进行时：一期减持动作不断有序退出，二期募资超2000亿布局投资步伐逐渐全面提速,金融界
422,2021-07-15,A股资金流向（7月15日）：白酒、金融获资金青睐，比亚迪连续遭大幅抛售,Wind
423,2021-07-15,“缺芯潮”难解，半导体高景气，华润微前景如何？和讯SGI评分76,和讯
424,2021-07-15,和讯SGI公司| “缺芯潮”难解，半导体行业高景气，华润微携手大基金前景如何？,和讯
425,2021-07-15,MOSFET价格Q3再涨20%，多家IDM大厂减产停工，本土厂商迎利好！,慧聪电子网
426,2021-07-13,A股资金流向（7月13日）：业绩成为市场“试金石”，芯片股“掉队”遭抛售,Wind
427,2021-07-13,华润微：将综合考虑价格策略拟扩充部分产能,财联社
428,2021-07-13,华润微：12寸产线预计在2022年可实现产能贡献,财联社
429,2021-07-11,热钱涌入半导体板块，“缺芯潮”将持续多久？,Wind
430,2021-07-11,股民周末不休！国家大基金出手，抛2100万股减持计划！,Wind
431,2021-07-09,A股资金流向（7月9日）：锂电上游材料龙头获资金重金押注,Wind
432,2021-07-08,A股资金流向（7月8日）：新能源龙头持续吸金，金融、白酒遭抛售,Wind
433,2021-07-07,闻泰科技并购赌局,证券市场周刊
434,2021-07-07,A股资金流向（7月7日）：新能源产业链强者恒强，龙头股获抢筹,Wind
435,2021-07-07,【国盛量化-电子】掘金ETF：芯片全产业链景气详解——汇添富中证芯片产业ETF投资价值分析,留富兵法
436,2021-07-07,90家半导体企业拟A股IPO，国家大基金、比亚迪、高瓴等纷纷入局,Wind
437,2021-07-07,电子行业周报：Q2业绩确定高增 展望Q3景气有望持续,新浪
438,2021-07-06,闻泰科技拟收购英国最大晶圆厂，未来盈利能力面临考验,第一财经
439,2021-07-06,滴滴股价跌30%，蒸发1400亿！医药股集体崩跌，真相找到了,Wind
440,2021-07-06,A股资金流向（7月6日）：超160亿元资金撤离医药、半导体行业,Wind
441,2021-07-06,华润微：当前产业供需紧张的局面短期内无法得到有效的缓解,Wind
442,2021-07-06,【行情】芯片股持续下挫，士兰微封跌停，中晶科技、景嘉微、乐鑫科技、兆易创新、芯朋微、华润微等跌超8% 连续下跌,金十数据
443,2021-07-06,半导体板块跌幅扩大至3%，兆易创新、金辰股份下挫逾8%,Wind
444,2021-07-06,电子行业简评报告：半导体行情持续强劲 中报预增继续支持,新浪
445,2021-07-05,大基金屡屡出手！芯片股爆发！滴滴事件余波未了，这个板块涨至年内最高点,e公司
446,2021-07-05,A股资金流向（7月5日）：资金大幅流入锂电上游行业,Wind
447,2021-07-05,电子行业：IC INSIGHTS展望22～23年IC市场延续增长,新浪
448,2021-07-05,电子行业周报：汽车电动化何以重塑功率器件行业价值,国海证券
449,2021-07-05,重磅文件出炉，芯片行情继续火爆？“国家队”25亿投资中微公司,券商中国
450,2021-07-05,3倍芯片大牛股净利增12倍，更有重磅文件下发，什么信号？,Wind
451,2021-07-04,半导体行业月度深度跟踪：行业景气业绩兑现 关注AIOT智能化浪潮,新浪
452,2021-07-03,大基金25亿入局中微公司定增，持续加码芯片设备等关键环节,第一财经
453,2021-07-03,大基金、高毅同时抢筹！半导体龙头中微公司定增结果出炉,Wind
454,2021-07-02,三代半导体午前全线回升，富满电子大涨12%,Wind
455,2021-07-01,A股资金流向（7月1日）：银行、地产获资金回流,Wind
456,2021-06-30,7月券商金股名单来了，这些领域被看好！,Wind
457,2021-06-30,汽车芯片供给预计7月改善，国产芯制造如何加快步伐？,奥一网
458,2021-06-30,科创50涨幅扩大至2%，续创年内新高,Wind
459,2021-06-30,三代半导体快速走高，富满电子加速涨停,Wind
460,2021-06-30,汽车芯片荒下半年有望缓解 概念股大幅跑赢市场,证券时报
461,2021-06-29,安集科技(688019)：今朝磨铜可成镜,新浪
462,2021-06-29,汽车芯片重大进展，机构：最糟糕时刻已过去！,Wind
463,2021-06-29,最全汽车芯片概念股名单来了，超千家机构扎堆重仓,证券时报网
464,2021-06-29,汽车芯片重大进展，机构称最糟糕时刻已过去！国产自研率仅10%，最全概念股名单来了，超千家机构扎堆重仓,证券时报网
465,2021-06-29,半导体行业跟踪：缺货潮未见缓解迹象 Q2持续高景气度,新浪
466,2021-06-29,电子行业周报：半导体行业景气度继续上行,新浪
467,2021-06-28,深度*行业*半导体行业周报：国内半导体多点开花 但龙头开启平台化趋势,新浪
468,2021-06-28,东微半导体核心技术所涉专利陈旧 痛失金字招牌 科创属性似有不足,新浪
469,2021-06-28,A股资金流向（6月28日）：短线热门股遭资金抛售,Wind
470,2021-06-28,解盘：百亿资金流入，农业、CRO、医疗器械、半导体领涨,Wind
471,2021-06-27,一线|广阔市场叠加政策红利国内第三代半导体产业链厂商走到哪一步？,财联社
472,2021-06-26,芯片新局面：第三代半导体迎来新机遇,经济观察报
473,2021-06-25,A股资金流向（6月25日）：各行业龙头重获资金青睐，短线热门股被抛售,Wind
474,2021-06-24,A股资金流向（6月24日）：资金暂离科技股，光伏、金融获流入,Wind
475,2021-06-24,华润微：积极研发第三代半导体相关产品｜公司问答,第一财经
476,2021-06-24,科创50跌幅扩大至2%，芯片股集体调整,Wind
477,2021-06-24,【行情】第三代半导体板块下挫走弱，北方华创跌超7%，新洁能、华润微、斯达半导跟跌,金十数据
478,2021-06-23,功率半导体人人对标英飞凌 谁是真龙头？,新浪
479,2021-06-23,A股资金流向（6月23日）：新能源车龙头获青睐，白酒股集体遭抛售,Wind
480,2021-06-22,深度*行业*半导体行业周报：长期看数字化叠加芯片安全 短期看芯片缺货加速国产化,新浪
481,2021-06-22,A股资金流向（6月22日）：周期股获资金回流，科技题材龙头遭抛售,Wind
482,2021-06-22,电子行业2021年中期策略报告：半导体最风采 ARVR迎加速拐点,新浪
483,2021-06-22,电子周观点：半导体行情来了买什么,新浪
484,2021-06-22,科技主线持续发酵，科创50指数创今年来新高,Wind
485,2021-06-21,华润微：布局电动BMS,半导体风向标
486,2021-06-21,策略周报：把握科技大牛市,西南证券
487,2021-06-21,【半导体投资日报】行情来了买什么？短期看库存、中期看创新、长期看国产替代，关注4大主线,新浪
488,2021-06-21,电子行业周报：我们为什么强烈推荐核心半导体设备和材料,国海证券
489,2021-06-21,电子元器件行业2021年第25周：半导体仍是短期基本面占优板块,新浪
490,2021-06-21,国海证券：缺芯”大背景下，半导体核心设备和材料企业将充分受益,证券时报网
491,2021-06-20,半导体、芯片连续“霸屏”A股，“第三代”概念热炒之风需警惕,第一财经
492,2021-06-20,周末突发！深圳一航班，已有38例阳性病例，东莞新增一例确诊！十大券商最新研判：千金难买“黄金坑”，把握科技股大牛市,中国基金报
493,2021-06-19,“国家大基金”投资华润微 功率半导体迎来发展风口,新浪
494,2021-06-19,A股版图十年大变迁,Wind
495,2021-06-18,A股资金流向（6月18日）：新能源车龙头获抢筹，白酒股遭抛售,Wind
496,2021-06-18,力压“蔡经理”，单日净值涨超9%，比诺安成长更牛的基金出现了,证券之星
497,2021-06-18,半导体行情归来，这些公司的门槛早已被机构踏破,Wind
498,2021-06-18,【牛人重仓】华润微:前复权价创历史新高，今日资金流入10393.2万元，融资余额122725.14万元；前3个交易日，融资额增加7924.87万元，主力资金净流入5092.76万元,每日经济新闻
499,2021-06-18,茅台突然大跌900亿！又一千亿巨头诞生，发生了什么,Wind
500,2021-06-18,板块异动丨芯片短缺影响愈演愈烈 芯片概念股再度爆发,智通财经
501,2021-06-18,半导体版板块午前再度发动攻势，台基股份连续涨停,Wind
502,2021-06-18,芯片板块暴涨 谁能笑到最后？,搜狐
503,2021-06-18,融资客青睐14股，江苏舜天买入占比高达47.89%,Wind
504,2021-06-18,A股早报2021年6月18日星期五,Wind
505,2021-06-18,第三代半导体领涨：投资火热产业链扩产潮涌,Wind
506,2021-06-17,机构今日买入这18股，卖出科蓝软件9773万元丨龙虎榜,第一财经
507,2021-06-17,半导体满屏涨停，除了缺芯还有一利好已提前释放,Wind
508,2021-06-17,芯片板块暴涨暴跌 谁能笑到最后？,新浪
509,2021-06-17,6月17日热点题材概念分析：国家大基金持股、第三代半导体领涨,新浪
510,2021-06-17,A股资金流向（6月17日）：芯片板块疯狂“吸金”，龙头股获抢筹,Wind
511,2021-06-17,A股千亿赛道突然启动，外围传出重磅利好！行情来了？,Wind
512,2021-06-17,华泰证券：华润微（688396.SH）国产功率半导体龙头企业，目标价90元，首予“买入”评级,智通财经
513,2021-06-17,科创50指数涨幅扩大至4%，芯片股全线爆发,Wind
514,2021-06-17,第三代半导体午后涨势扩大,Wind
515,2021-06-17,超级科技周期启动中,半导体风向标
516,2021-06-17,电子行业简评报告：半导体大会聚焦“缺芯” 开启新成长周期成为共识,新浪
517,2021-06-17,3400亿半导体巨头又要涨价，芯片代工最高涨30%,Wind
518,2021-06-17,“抱团”龙头股集体下挫，A股回调缘于主动避险？,Wind
519,2021-06-16,富满电子再融资募不停：应收账款周转下降 老客户集体衰败？,新浪
520,2021-06-16,A股资金流向（6月16日）：资金大幅撤离新能源产业链龙头,Wind
521,2021-06-16,电子行业周报：继续强调半导体投资主线 产能为王+IOT芯机遇,新浪
522,2021-06-16,龙头三个月股价翻倍，多股创新高！这个板块集体爆发,Wind
523,2021-06-16,万联证券--化工行业周观点：上海石化“斥巨资”成立全资碳纤维子公司，华润微计划扩建晶圆产线【行业研究】,金融界股吧
524,2021-06-16,模拟芯片价格17年来首涨黄金赛道坡长雪厚国产化时代到来,财联社
525,2021-06-16,华安证券--电子行业周报：大基金二期参与华润微12寸功率产线建设，半导体景气持续【行业研究】,金融界股吧
526,2021-06-16,功率半导体新一轮涨价潮已在路上国内厂商有望共享红利,财联社
527,2021-06-16,科创板动态跟踪：上交所发布科创属性“指南” 督促公司坚守科创定位,新浪
528,2021-06-16,睿财看市场：成交额突破万亿 北向资金净卖出逾50亿,恒泰睿财
529,2021-06-15,7成盈利、千亿扩产计划，半导体迎景气周期,Wind
530,2021-06-15,A股资金流向（6月15日）：主板两只新股疯狂“吸金”,Wind
531,2021-06-15,A股异动|获券商唱好华润微(688396.SH)续升超5%破顶,格隆汇
532,2021-06-15,电子行业每周市场动态追踪：华为鸿蒙OS 2操作系统落地 有望助推AIOT产业加速发展,新浪
533,2021-06-15,时至年中，哪些上市公司主营产品供不应求？,Wind
534,2021-06-15,华润微：加码布局12英寸产线夯实龙头地位,财富动力网
535,2021-06-14,西南策略：芯片供需失衡的状况将延续到2022年,证券时报网
536,2021-06-13,估值靠信仰，那信仰靠什么——浅析IDM企业的估值逻辑,猎云网
537,2021-06-11,今年定增超200起、大增103.92% 不过科创板就华润微一家,新浪
538,2021-06-11,国家大基金6月动作频频：减持国科微，携手华润微发力晶圆制造 减持股份,第一财经
539,2021-06-11,进军科创板融资120亿，国内第三大晶圆代工厂崛起？,观察者网
540,2021-06-11,A股半导体爆发一个月：行业进入传统旺季13只个股末位挣扎,华夏时报
541,2021-06-11,上交所发布科创板上市公司科创属性持续披露指引，强化科创属性信息披露,Wind
542,2021-06-11,A股资金流向（6月11日）：新能源、疫苗龙头获资金回流,Wind
543,2021-06-11,晨会聚焦210611重点关注涂鸦智能的关键问题解析,国信研究
544,2021-06-11,华润微订单饱满连续五季净利倍增 携手大基金75亿共建芯片产能,长江商报
545,2021-06-10,【天风新材料20210610】投资75.5亿 华润微与大基金共建12寸半导体晶圆生产线,煤炭鑫观点
546,2021-06-10,A股资金流向（6月10日）：资金撤离白酒股，转投新能源龙头,Wind
547,2021-06-10,华创证券：华润微（688396.SH）携手大基金共建12寸产能，维持“强推”评级,智通财经
548,2021-06-10,科创板行情下机构投资新风向：前期超跌引掘金，布局未来核心资产,Wind
549,2021-06-10,晨会聚焦210610重点关注固定收益专题,国信研究
550,2021-06-09,A股资金流向（6月9日）：券商龙头遭抛售,Wind
551,2021-06-09,解盘：百亿资金流入，钛白粉、煤炭、铁矿石、ST领涨,Wind
552,2021-06-09,华润微：12寸产线开启,半导体风向标
553,2021-06-09,科创50指数早盘涨超1%,Wind
554,2021-06-09,晨会聚焦210609重点关注培育钻石行业、再生铝行业、元宇宙专题、机械行业,国信研究
555,2021-06-09,【晨观方正】宏观/家电/电新/环保/科技&电子/食品饮料/建材建筑 20210609,新浪
556,2021-06-09,华润微(688396)重大事项点评：携手大基金共建12寸产能 产能优势持续巩固,新浪
557,2021-06-08,东海基金日报 | 6月8日,东海基金
558,2021-06-08,国家大基金又出手了 携手功率半导体龙头斥资75亿投建12寸晶圆生产线,IPO日报
559,2021-06-08,芯片涨价5倍！国家大基金携手华润微等，投资75亿共建晶圆生产线,新浪
560,2021-06-08,A股资金流向（6月8日）：白酒股巨量杀跌，资金大幅出逃,Wind
561,2021-06-08,英飞凌跃居全球汽车半导体第一行业增量空间广阔国内厂商登上舞台,财联社
562,2021-06-08,华润微(688396)股票行情 全球疫情引发“缺芯荒”,至诚财经
563,2021-06-08,半导体重镇再次“封国”！“缺芯”潮仍将蔓延 这三大细分方向最受机构看好,上海有色
564,2021-06-08,电子行业周报：鸿蒙引领IOT芯机遇,新浪
565,2021-06-08,ST板块再掀涨停潮 “妖股”ST岩石继续横行？公募基金最新调研动向曝光！,中金在线
566,2021-06-08,“缺芯荒”加剧！半导体巨头195人确诊！国家大基金重磅出手，900亿巨头应声暴涨！,中国基金报
567,2021-06-08,与华润微等投资75.5亿建12寸晶圆生产线，国家大基金二期的晶圆布局不止于此,21世纪经济报道
568,2021-06-08,国联证券：华润微（688396.SH）携手大基金加码12英寸，维持“增持”评级,智通财经
569,2021-06-08,海外半导体封测业停摆，券商建议关注国内厂商，这些标的获推荐,第一财经
570,2021-06-08,华润微将携手大基金二期，斥巨资建12寸功率器件产线,中自网
571,2021-06-08,携手大基金等投资75.5亿建12寸晶圆生产线，华润微高开9%,第一财经
572,2021-06-08,华润微(688396)：携手大基金加码12英寸 夯实成长动力,国联证券
573,2021-06-08,快讯：华润微竞价高开9%,财联社
574,2021-06-08,华润微开盘涨超9% 拟与大基金二期共建12寸功率半导体晶圆生产线,e公司
575,2021-06-08,华润微高开9%，子公司拟与大基金二期投建晶圆生产线项目,Wind
576,2021-06-08,半导体巨头195人确诊，两大龙头停摆！“国家队”出手，什么信号？,Wind
577,2021-06-08,芯片大消息 800亿巨头牵手国家大基金二期斥资逾70亿 投建这一项目,证券时报网
578,2021-06-08,【中证盘前】华润微再度联手国家大基金；粤电力A再签130亿合作协议；宏达股份实控人涉嫌犯罪被刑拘；温氏股份5月猪肉销售环比大增,中证报
579,2021-06-08,为了芯片！国家大基金二期联手860亿市值A股龙头，投资近76亿,Wind
580,2021-06-08,"突发，公司实控人被刑拘，事涉四川信托，另有上市公司或涉及“精准减持”遭监管问询。大基金二期再出手，“缺芯”危机下板块近期大涨
减持股份",e公司
581,2021-06-08,华润微携手大基金加码晶圆生产线,上证报
582,2021-06-08,上市公司正负面新闻2021年6月8日星期二,Wind
583,2021-06-08,又一A股芯片业巨头传出涨价消息！缺芯潮将持续到何时？,中证报
584,2021-06-07,大基金二期再出手！联合华润微、重庆西永投75.5亿扩产晶圆,每日经济新闻
585,2021-06-07,【金财富早知道】2021-06-08,赢家之星
586,2021-06-07,国家大基金二期出马联手860亿市值A股龙头 新项目投资近76亿,新浪
587,2021-06-07,供应短缺预期升温，半导体板块“霸屏”A股,第一财经
588,2021-06-07,华润微(688396.SH)：2020年每股现金红利0.07元股权登记日6月16日,格隆汇
589,2021-06-07,晚间重要公告2021年6月7日星期一,Wind
590,2021-06-07,大基金再出手：这次瞄准功率半导体 携手龙头华润微共建产能,中国基金报
591,2021-06-07,华润微：公司SiC二极管已于去年7月份推向市场，产品目标应用主要在工业控制、新能源、汽车领域等,每日经济新闻
592,2021-06-07,华润微：公司上榜的三样产品2020年销售额超过8亿元，三样产品的国内市场超过100亿,每日经济新闻
593,2021-06-07,华润微：公司SiC 二极管可用于车载高压OBC，预计今年将进一步推出 SiC MOSFET产品,每日经济新闻
594,2021-06-07,华润微(688396.SH)董事余楚荣和董事、助理总裁兼财务总监彭庆辞职 董监高成员变化,智通财经
595,2021-06-07,华润微(688396.SH)聘任段军为副总裁,智通财经
596,2021-06-07,华润微(688396.SH)拟携大基金二期等投资75.5亿元建12寸功率半导体晶圆生产线,智通财经
597,2021-06-07,华润微子公司拟投建12寸功率半导体晶圆生产线，投资75.5亿元,IT之家
598,2021-06-07,华润微(688396.SH)将于6月17日分红 每股派0.07373元,智通财经
599,2021-06-07,华润微：余楚荣、彭庆辞去董事职务，董事会同意提名汤树军任董事,每日经济新闻
600,2021-06-07,华润微：聘任段军为公司副总裁,Wind
601,2021-06-07,华润微：聘任段军为公司副总裁,每日经济新闻
602,2021-06-07,段军任华润微副总裁 曾任职中国长城科技集团,每日经济新闻
603,2021-06-07,华润微：子公司拟与大基金二期等设立项目公司 投建12寸功率半导体晶圆生产线项目,e公司
604,2021-06-07,A股资金流向（6月7日）：芯片股获资金抢筹，新能源龙头遭抛售,Wind
605,2021-06-07,半导体板块飙涨，有芯片价格涨至5倍，行业供需格局或仍趋紧丨牛熊眼,第一财经
606,2021-06-04,捷捷转债投资简析：功率半导体器件隐形冠军 建议积极申购,新浪
607,2021-06-04,A股资金流向（6月4日）：面板、光伏龙头持续遭资金抛售,Wind
608,2021-06-03,A股资金流向（6月3日）：医药龙头持续遭资金抛售,Wind
609,2021-06-02,A股资金流向（6月2日）：资金大幅出逃，医药板块成“重灾区”,Wind
610,2021-06-02,华润微：无锡8寸募投项目已按原计划完成前期系列基础设施工程，并达到可使用状态，目前产能陆续释放中,每日经济新闻
611,2021-06-02,"华润微：公司募投项目投产后，预计每月增加BCD和MEMS工艺产能约16,000片",每日经济新闻
612,2021-06-02,晨会聚焦210602重点关注现代牙科、商贸零售、机械、海外教育、港股、房地产、白酒、拓邦股份、洋河股份、美团,国信研究
613,2021-06-02,晶圆厂资本开支上行，关注设备和材料国产化机会,招商证券
614,2021-06-01,A股资金流向（6月1日）：周期股重获资金青睐，券商龙头遭抛售,Wind
615,2021-06-01,半导体重镇再次“封国”！“缺芯”潮仍将蔓延，这三大细分方向最受机构看好,财联社
616,2021-06-01,芯片股持续活跃机构看好这些个股,第一财经
617,2021-05-31,5月31日晚间重要行业研究汇总(附股),中金在线
618,2021-05-31,电子行业周报：三大角度分析LCD面板能否变成弱周期行业？,国海证券
619,2021-05-31,电子行业周报：半导体景气持续业绩确定 面板价格保持上升,华安证券
620,2021-05-31,芯片股逐渐活跃，韦尔股份、中兴通讯、北方华创、兆易创新、华润微等纷纷上扬,Wind
621,2021-05-30,板块拾金|一天一个样！新能源、半导体、金融...轮动市到底看谁？策略收好！,第一财经
622,2021-05-30,半导体行业报告：5G持续落地+国产替代加速 看好前瞻布局射频前端滤波器核心技术相关标的,新浪
623,2021-05-28,中证指数公司调整沪深300等指数样本,Wind
624,2021-05-28,A股资金流向（5月28日）：券商龙头持续获青睐,Wind
625,2021-05-27,【半导体投资日报】看好半导体国产化进程，材料和设备都还有很大的提升空间，关注细分行业增量,新浪
626,2021-05-27,毛利率低于同行业，麦斯克闯关创业板能否顺利？ 盈利能力下降,资本邦
627,2021-05-27,A股资金流向（5月27日）：资金大幅涌入芯片龙头股,Wind
628,2021-05-27,集成电路后摩尔时代将来临，这些领域龙头公司有望直接受益,第一财经
629,2021-05-26,A股资金流向（5月26日）：沪强深弱态势明显，创蓝筹遭资金抛售,Wind
630,2021-05-26,电子元器件周报：大尺寸面板周期属性有望弱化 半导体硅片厂商同比增速提速,新浪
631,2021-05-25,电子行业：建议关注AR／VR产业链投资机会,新浪
632,2021-05-25,半导体板块午前走高,Wind
633,2021-05-25,【天风Morning Call】晨会集萃20210525,天风研究
634,2021-05-24,A股资金流向（5月24日）：券商股持续获资金流入，华为汽车龙头被抛售,Wind
635,2021-05-24,晨会聚焦210524重点关注社会服务、海外银行、传媒、医药、卓胜微,国信研究
636,2021-05-22,华润微：MOS，功率IC，代工齐发力,半导体风向标
637,2021-05-22,中芯国际，竞争对手要来科创板IPO了！又是合肥造！,新浪
638,2021-05-22,“缺芯”调查：中下游电子厂“有单接不了” 4S店进口车延迟交付,Wind
639,2021-05-22,【民生周末重点推荐】首席看电子：业绩增长强劲，电子行业景气延续——电子行业2020年报和2021一季报总结,MS研究
640,2021-05-21,A股资金流向（5月21日）：医药龙头集体遭抛售,Wind
641,2021-05-21,光大证券--半导体4月跟踪报告：半导体2020及21Q1业绩靓丽，景气高企【行业研究】,金融界股吧
642,2021-05-21,净利大幅提升 晶圆代工景气高涨,中国电子报
643,2021-05-20,A股资金流向（5月20日）：华为汽车、周期龙头被抛售,Wind
644,2021-05-19,银河电子周观点：功率半导体景气度向上 国内厂商扩产趋势明显,新浪
645,2021-05-19,A股资金流向（5月19日）：比亚迪获资金爆买，银行股遭抛售,Wind
646,2021-05-19,晨会聚焦210519重点关注华测导航、银行理财、汽车汽配、房地产、纺织服装、扬农化工、中兵红箭、华峰化学、中国移动,国信研究
647,2021-05-19,芯片未来将在材料和封装上创新，关注五个投资方向,方正证券
648,2021-05-18,一季度集成电路产业销售额同增18% 草甘膦价格年涨幅接近翻番丨明日主题前瞻,第一财经
649,2021-05-18,A股资金流向（5月18日）：资金避高就低，医药龙头遭抛售,Wind
650,2021-05-18,国家大基金拟再次减持芯片龙头超12亿,Wind
651,2021-05-17,芯片价格“涨声不断”，多家公司股价创新高！顶流基金经理谢治宇、知名牛散赵建平等正积极增仓,红周刊
652,2021-05-17,策略研究：研发开启中国制造进阶之路,新浪
653,2021-05-17,A股资金流向：盘面较为混乱，小金属龙头获青睐,Wind
654,2021-05-17,电子行业：新封装、新材料、新架构驱动后摩尔时代集成电路发展,新浪
655,2021-05-16,【民生研究】周观点汇总：疫情和就业数据只是扰动，发达国家经济复苏趋势没有改变,新浪
656,2021-05-14,A股资金流向（5月14日）：大金融引爆全场，资金抢筹券商龙头,Wind
657,2021-05-14,“起底”科创板再融资：20单融资超400亿元 这3家公司拿到批文待发行,科创板日报
658,2021-05-13,半导体年报&Q1总结：中短期看量价齐升 中长期看需求和格局,新浪
659,2021-05-13,A股资金流向（5月13日）：资金各自为战，有色龙头连续被抛售,Wind
660,2021-05-13,电子行业2021年中期策略：大变局下的电子行业新机遇,新浪
661,2021-05-13,电子行业2020年报和2021一季报总结：业绩增长强劲 电子行业景气延续,新浪
662,2021-05-12,A股资金流向（5月12日）：市场迎久违普涨，汽车股获资金追捧,Wind
663,2021-05-12,【深度】科创板半导体财报大扫描：行业高景气度是常态，晶圆制造领域亮点多【安信诸海滨团队】,诸海滨科新先声
664,2021-05-11,华润微(688396)：产能利用率提升驱动公司业绩增长 受益于下游需求旺盛,新浪
665,2021-05-10,国君策略·五月金股组合：制造的中段 科技的起点,新浪
666,2021-05-10,华润微：公司对2021年全年保持乐观的态度,e公司
667,2021-05-10,华润微接受81家机构调研,每日经济新闻
668,2021-05-10,科技行业FY20&1Q21业绩回顾：半导体设计／制造板块迎来高景气周期,新浪
669,2021-05-10,2021年年中主要宽基指数样本股调整预测：金山办公等5只科创板个股有望纳入沪深300,新浪
670,2021-05-10,A股资金流向（5月10日）：有色龙头再获资金加仓，白酒龙头遭抛售,Wind
671,2021-05-10,电子行业周报：手机需求放缓 再谈半导体投资逻辑,新浪
672,2021-05-10,当前步入制造的中段 科技成长的起点,财富动力网
673,2021-05-09,A股半导体公司Q1业绩排行榜：120家公司合计营收2029亿元，超9成公司实现增长,搜狐
674,2021-05-08,半导体业绩总结,半导体风向标
675,2021-05-08,5月机会：赚钱效应逐渐回升三大行业被集体看好！,金融投资报
676,2021-05-07,机会来了！这些公司有望调入沪深300、上证50指数,Wind
677,2021-05-07,定增市场周报：竞价募足率降至低于七成 募资额环比提升逾两倍,新浪
678,2021-05-07,A股资金流向（5月7日）：有色龙头持续获资金青睐,Wind
679,2021-05-07,中金：医药、新能源多只股票或将纳入沪深300指数,Wind
680,2021-05-07,华润微(688396)公司信息更新报告：2020业务全面开花 2021有望加速成长,新浪
681,2021-05-07,平安证券--电子行业周报：苹果财报发布，一季度手机出货排名出炉【行业研究】,金融界股吧
682,2021-05-07,半导体企业Q1大考！谁是科创板领头羊？,中自网
683,2021-05-07,中金公司：医药、新能源行业多只股票或将纳入沪深300指数,Wind
684,2021-05-06,A股资金流向（5月6日）：消费、疫苗龙头遭资金抛售,Wind
685,2021-05-06,东方证券给予华润微买入评级：行业高景气，业绩高增长有望延续,每日经济新闻
686,2021-05-06,5月券商金股曝光！2只医药股最受青睐（名单）,Wind
687,2021-05-01,华润微(688396)2020年报&2021年一季报点评：业绩超预期 供需两旺带动功率器件龙头盈利弹性持续释放,新浪
688,2021-04-30,A股主力资金流向（4月30日）：医药股获资金爆买,Wind
689,2021-04-30,开源证券维持华润微买入评级，公司信息更新报告：2020业务全面开花，2021有望加速成长,每日经济新闻
690,2021-04-30,国盛证券给予华润微买入评级：财报超预期，核心IDM资产业绩弹性大,每日经济新闻
691,2021-04-30,华安证券维持华润微买入评级：年报一季报超预期，IDM龙头盈利加速释放,每日经济新闻
692,2021-04-30,国金证券维持华润微买入评级：功率IDM的盈利弹性将持续增强,每日经济新闻
693,2021-04-30,民生证券维持华润微推荐评级：业绩大幅增长，充分受益行业高景气,每日经济新闻
694,2021-04-30,华西证券维持华润微买入评级：行业景气度持续，Q1环比高速增长,每日经济新闻
695,2021-04-30,华润微：2020年度净利润约9.64亿元，同比增加140.46%,每日经济新闻
696,2021-04-30,华润微(688396.SH)年度归母净利同比增长140.46%至9.64亿元 每10股派0.7373元,智通财经
697,2021-04-30,华润微：2020年扣非净利润大增313.52%,上证报
698,2021-04-29,华润微：2020年营收超69亿元 IDM全产业链优势凸显,中证网
699,2021-04-29,华润微去年扣非净利润大增逾三倍 2021年迎接半导体行业新机遇,发布易
700,2021-04-29,华润微(688396.SH)一季度净利润升251.85%至4亿元,格隆汇
701,2021-04-29,华润微去年扣非净利润大增313.52% 2021年将积极扩产,证券时报网
702,2021-04-29,华润微(688396.SH)2020年度净利润升140.46%至9.64亿元拟10派0.7373元,格隆汇
703,2021-04-29,华润微：一季度净利润4亿元 同比增252%,e公司
704,2021-04-29,华润微：2020年净利润同比增长140.46%,Wind
705,2021-04-29,华润微：一季度净利润同比增长251.85%,Wind
706,2021-04-29,A股资金流向（4月29日）：大资金涌入券商龙头,Wind
707,2021-04-29,高研发投入催生高增长 科创板半导体公司彰显“科创”本色,上证报
708,2021-04-28,华润微：向特定对象发行新增股份约1.04亿股,每日经济新闻
709,2021-04-27,【半导体投资日报】缺芯已经影响洗衣机和面包机，兆易创新一季度净利增79.43%，韦尔股份遭股东减持0.99% 减持股份,新浪
710,2021-04-27,A股资金流向（4月27日）：医疗板块多个细分龙头获青睐，券商股遭抛售,Wind
711,2021-04-26,电子行业：华为发布汽车新品 带动相关产业链,新浪
712,2021-04-26,华安证券--电子行业周报：持续聚焦一季报确定的面板、半导体板块【行业研究】,金融界股吧
713,2021-04-23,A股主力资金流向（4月23日）：机构抱团股重获追捧，中国平安连续7日遭抛售,Wind
714,2021-04-22,超9成盈利、27家业绩翻番，半导体迎最好时期,Wind
715,2021-04-22,关键芯片遭大厂暂停接单，相关板块沸腾,Wind
716,2021-04-21,【半导体投资日报】一季度我国芯片相关企业注册量增302%，阿斯麦净利润增240%,新浪
717,2021-04-21,A股资金流向（4月21日）：医美龙头获青睐，华为汽车概念遭抛售,Wind
718,2021-04-21,两市融券余额首超1500亿元，上市公司股东出借意愿增强,Wind
719,2021-04-20,再度传调涨！MCU缺货潮蔓延，最长排产到明年，个股已涨77%,证券之星
720,2021-04-20,再度传调涨！MCU缺货潮蔓延，最长排产到明年，个股已涨77%,财联社
721,2021-04-20,半导体公司一季度业绩集体预增,Wind
722,2021-04-19,半导体动态分析：关注半导体龙头成长机会、全面扩产带来国产机遇,新浪
723,2021-04-19,东兴证券：华润微（688396.SH）功率半导体IDM龙头，首予“强烈推荐”评级,智通财经
724,2021-04-19,信达证券--电子行业深度报告：追根溯源，探讨半导体缺货的危与机【行业研究】,金融界股吧
725,2021-04-16,A股资金流向（4月16日）：白酒股强者恒强，恒瑞医药连遭资金抛售,Wind
726,2021-04-16,三大指数盘中均翻绿 创业板指跳水跌逾1.5%,网易
727,2021-04-16,国家队减持2800亿芯片龙头，这一内因是关键,Wind
728,2021-04-16,中芯国际遭减持22亿，大基金持仓A股最新名单出炉 减持股份,Wind
729,2021-04-15,A股资金流向（4月15日）：有色龙头获资金青睐，一线白酒股被抛售,Wind
730,2021-04-15,【机会挖掘】机构预计半导体产业已出现结构性转变 行业景气有望持续,同壁财经
731,2021-04-15,光大证券--通信电子行业周观点第8期：半导体一季报业绩靓丽，MLCC核心关注三环集团【行业研究】,金融界股吧
732,2021-04-15,公司在第三代化合物半导体领域有哪些进展？华润微回应,e公司
733,2021-04-13,A股资金流向（4月13日）：短线热门题材熄火，中国中免遭抛售,Wind
734,2021-04-13,华润微：争取4月底前完成定增,Wind
735,2021-04-13,华安证券--电子行业周报：关注一季报确定的面板、半导体板块【行业研究】,金融界股吧
736,2021-04-13,A股融资融券日报：两融余额减少31.16亿元（4月12日）,Wind
737,2021-04-13,平安证券--电子行业周报：LG电子退出智能机业务，AMD拟并购赛灵思【行业研究】 业务变化,金融界股吧
738,2021-04-12,A股资金流向（4月12日）：市场消化财报预期，周期股龙头遭抛售,Wind
739,2021-04-12,TCL百亿定增建8.6代产线，IT面板竞争格局影响几何,吉森电子研究
740,2021-04-12,华安研究行业周观点集萃,华安证券
741,2021-04-12,A股融资融券日报：两融余额减少32.23亿元（4月9日）,Wind
742,2021-04-09,华润微现1笔大宗交易 共成交207.20万元,新浪
743,2021-04-09,华润微今日大宗交易成交4万股，成交价51.8元折价15.98%,Wind
744,2021-04-09,A股资金流向（4月9日）：新股上市首日遭爆炒，白马股再遭抛售,Wind
745,2021-04-09,多家MCU台厂一季报营收强劲这些A股同行也将受益缺货潮,科创板日报
746,2021-04-08,多家上市公司回应“芯”事：对业务影响有限 将积极应对,第一财经
747,2021-04-08,“缺芯潮”持续蔓延影响几何？多家上市公司回应：问题不大,第一财经
748,2021-04-08,A股资金流向（4月8日）：热门次新股剧烈波动，医药白马获青睐,Wind
749,2021-04-07,华润微电子：多措并举应对“芯片短缺”,上证报
750,2021-04-07,汽车“缺芯”或持续一年以上，国内细分龙头替代空间巨大（附股）,第一财经
751,2021-04-07,如何应对“全球芯片短缺”？华润微：积极扩产满足市场需求,e公司
752,2021-04-07,A股资金流向（4月7日）：资金潜伏一季报预期行业，白马股再遭抛售,Wind
753,2021-04-06,电子元器件周报：3月下旬面板价格环比涨幅扩大 半导体行业景气度持续高涨,新浪
754,2021-04-06,半导体动态：芯片股集体新高！韦尔股份净利增102%，新洁能增199%,新浪
755,2021-04-06,A股资金流向（4月6日）：碳中和明星股获回流，白马股遭抛售,Wind
756,2021-04-06,华龙投顾周刊：节后关注这些方向,新浪
757,2021-04-05,清明档票房超8亿，出游爆发景区股成长性确定丨明日主题前瞻,第一财经
758,2021-04-05,【华西电子孙远峰团队-持续看好半导景气】半导体景气度持续，或逐渐步入业绩兑现期,远峰电子
759,2021-04-05,板块拾金| 半导体芯片大涨，一季报行情来袭，节后机会这么把握！,第一财经
760,2021-04-05,电子产业景气度：再次涨价进行时,新浪
761,2021-04-02,比中芯国际更好！汽车芯片隐形冠军，设计+代工+封测都齐了,云掌财经
762,2021-04-02,A股资金流向（4月2日）：成长与价值齐飞，机构抱团股连续获资金抢筹,Wind
763,2021-04-02,芯片股惊现“熔断”，白酒也飙升！机构：进入反弹窗口,Wind
764,2021-04-02,中芯国际为留人，送CEO一套2000万住房，更有薪水涨4倍,Wind
765,2021-04-01,芯片厂涨价消息传来，晶圆缺货延续产业链受益丨牛熊眼,第一财经
766,2021-04-01,中芯国际等大厂纷纷跟进涨价，机构称缺“芯”还得持续一年以上,Wind
767,2021-04-01,国元证券：3月金股组合亏损6.48% 4月荐股名单出炉 亏损,新浪
768,2021-04-01,A股资金流向（4月1日）：白马股齐反弹，科技龙头获资金抢筹,Wind
769,2021-04-01,今起大幅涨价？芯片股集体疯狂！300亿上市公司董秘转文：芯片荒是照妖镜，好公司差公司一目了然！股价应声涨停,每日经济新闻
770,2021-04-01,芯片缺货潮蔓延，概念股大涨，行业龙头刚刚发布利好,搜狐
771,2021-04-01,芯片股集体飙涨行业龙头刚刚发布利好,证券之星
772,2021-04-01,“业界第一杀猪盘”中源家居崩了 上市3年杀4次猪,新浪
773,2021-04-01,解盘：科技、消费崛起，医美、半导体、高价股领涨,Wind
774,2021-04-01,平安证券--电子行业周报：小米发布年报，英特尔计划扩产【行业研究】,金融界股吧
775,2021-04-01,4月金股曝光！券商看好这些股，最高目标价涨超70%,Wind
776,2021-03-31,A股资金流向（3月31日）：部分业绩不及预期白马股遭抛售,Wind
777,2021-03-29,A股芯片生产企业迎来利好 三部门派发进口免税“大礼包”,第一财经
778,2021-03-29,电子行业周报：一季报披露将近 面板和功率业绩确定性高,华安证券
779,2021-03-29,半导体行业周报：MAGNACHIP与智路资本达成私有化收购协议 建议关注行业格局变化,新浪
780,2021-03-29,半导体板块短线走高，广信材料、容大感光等直线拉升,Wind
781,2021-03-28,【中信建投电子|刘双锋&雷鸣团队】周报：车用芯片缺货潮或加剧；面板价格3-4月预计继续调涨,中信建投电子研究
782,2021-03-28,艾为电子董监高大额资金往来不断，中信证券是否尽职核查？,新浪
783,2021-03-26,研究 | 力芯微子公司同原实控人或牵扯不清 独董与供应商现重叠“朋友圈”,中金在线
784,2021-03-26,艾为电子不仅采销数据“打架”，高管任职履历也疑似作假 欺诈造假,新浪
785,2021-03-26,A股主力资金流向：周五大幅流入本周仍净流出千亿,Wind
786,2021-03-26,两会聚焦国产半导体自主发展 华润微IDM模式优势凸显打造“中国芯”,投资者网
787,2021-03-25,A股主力资金流向（3月25日）：资金加速逃离面板、碳中和概念股,Wind
788,2021-03-24,华润微现1笔大宗交易 共成交202.98万元,新浪
789,2021-03-24,华润微今日大宗交易成交3.87万股，成交价52.45元溢价0.0%,Wind
790,2021-03-24,A股主力资金流向（3月24日）：机构抱团股再遭抛售,Wind
791,2021-03-23,A股主力资金流向（3月23日）：面板、电子烟板块遭抛售,Wind
792,2021-03-23,八大券商主题策略：被动元件“涨”声不断！乘国产替代之风 产业链龙头全梳理,中金在线
793,2021-03-23,电子(半导体)：成熟工艺需求旺盛 国内企业加速布局,新浪
794,2021-03-22,定增市场2021年2月报：买方市场特征明显：竞价折价率大幅攀升 募足率降至五成,新浪
795,2021-03-22,【华西电子孙远峰团队-行业点评】成熟工艺需求旺盛，国内企业加速布局,远峰电子
796,2021-03-22,电子行业周报：芯片持续供不应求 继续看好被动元器件和面板景气,新浪
797,2021-03-22,平安证券--电子行业周报：中芯国际深圳扩产，miniled热度提升【行业研究】,金融界股吧
798,2021-03-21,半导体周报：SEMI预测中国IC晶圆产能今年将至少增长17%,新浪
799,2021-03-20,【银河周知】强化国家战略科技力量，把握新一轮科技股布局良机,中国银河证券研究
800,2021-03-19,A股主力资金流向（3月19日）：机构抱团股再遭抛售,Wind
801,2021-03-19,半导体展上人头攒动，业界热议三大投资机遇,Wind
802,2021-03-18,华润微(688396.SH)：定增申请获证监会同意注册批复,格隆汇
803,2021-03-18,A股主力资金流向（3月18日）：市场轮动加快，资金各自为战,Wind
804,2021-03-17,A股主力资金流向（3月17日）：科技股获资金回流，金融、碳中和被抛售,Wind
805,2021-03-17,芯片制造关键设备再突破，概念股发力走高，苏州固碍等涨停,证券时报网
806,2021-03-17,第三代半导体时代到来，国内企业加码布局，概念股已蠢蠢欲动,第一财经
807,2021-03-16,功率器件爆发、大基金持股背后 士兰微“硬伤”已愈？,新浪
808,2021-03-16,A股主力资金流向（3月16日）：白酒地产及碳中和概念股获抢筹,Wind
809,2021-03-16,电子行业周报：中美半导体协会成立“工作组” OPPO FIND X3系列发布,新浪
810,2021-03-16,1月券商金股名单出炉！白酒降温，顺周期仍受捧，这些股票有看头,中证报
811,2021-03-15,半导体动态分析：都说芯片行业高景气为什么板块股票却跌跌不休?,新浪
812,2021-03-15,A股主力资金流向（3月15日）：半导体白酒及新能源股抛压较重,Wind
813,2021-03-15,购入离子机攻第七代IGBT！原厂功率器件中国对手，杭州IDM老厂漂亮翻身,国际电子商情
814,2021-03-15,国内财经媒体头版2021年3月15日星期一,Wind
815,2021-03-15,技术骨干频频离职，科创板公司遭遇留人难题,Wind
816,2021-03-15,【东吴电子王平阳团队】半导体周报：功率半导体供不应求，本土产业链加速腾飞,东吴电子研究
817,2021-03-14,【中信建投电子|刘双锋&雷鸣团队】周报：国内手机市场2月显着回暖；苹果春季新品预计搭载Mini LED,中信建投电子研究
818,2021-03-12,A股主力资金流向：本周累计净流出1439亿，东方财富、比亚迪净流出额居前,Wind
819,2021-03-12,汽车“缺芯”带来国产化机遇 这几家科创板公司正悄然布局,科创板日报
820,2021-03-12,华安证券--电子行业：中美半导体产业技术和贸易限制工作组点评【行业研究】,金融界股吧
821,2021-03-11,【半导体动态分析】芯片市场传出重磅消息，这些股看涨空间40%,新浪
822,2021-03-11,中美这一工作组成立！AH股半导体板块瞬间飙升,第一财经
823,2021-03-11,A股大幅反弹！芯片传来大消息 港股半导体股飙涨,证券时报
824,2021-03-11,中银证券--电子行业点评：强调科技自立，坚持创新驱动发展【行业研究】,金融界股吧
825,2021-03-11,芯片刚刚传来大消息，港股半导体股瞬间飙涨！中一签大赚15万，1万股东狂欢，国产CAD龙头毛利率爆表,金融界
826,2021-03-10,中概股回A迎最好时机，跨市场溢价交易来临,Wind
827,2021-03-10,碳中和之行业拆解-再看碳中和：融资、生产、生活方式变革,新浪
828,2021-03-10,长城证券--电子元器件行业周报：3月上旬面板价格延续强势，2月DRAM存储价格大幅上涨【行业研究】,金融界股吧
829,2021-03-10,华润微：有研发汽车功率芯片，正推进与相关厂商合作,Wind
830,2021-03-10,华润微：公司有研发汽车功率芯片，正在积极推进与相关汽车厂商合作,每日经济新闻
831,2021-03-10,半导体行业点评报告：信越硅片提价 全球半导体景气度持续攀升,新浪
832,2021-03-09,兴证策略：科创50“大换血”有望改善弱势结构的影响,XYSTRATEGY
833,2021-03-09,兴业证券：科创50“大换血”有望改善弱势结构的影响,XYSTRATEGY
834,2021-03-09,A股主力资金流向（3月9日）：近500亿资金再度出逃,Wind
835,2021-03-09,华润微：公司有光刻机,Wind
836,2021-03-09,电子元器件行业动态跟踪：光刻机助力中芯国际产业链产能快速扩张,新浪
837,2021-03-09,国元证券--半导体与半导体生产设备行业跟踪报告：21Q1景气度进一步验证，供应紧缺情况持续紧张【行业研究】,金融界股吧
838,2021-03-08,A股主力资金流向（3月8日）：机构抱团股持续遭抛售,Wind
839,2021-03-08,平安证券--电子行业周报：“十四五”强调科技攻关，中芯签订设备购买协议【行业研究】,金融界股吧
840,2021-03-07,科创板340多亿再融资揭秘：间隔时间被重点关注这家尚亏损公司被问询三轮 亏损,科创板日报
841,2021-03-05,A股主力资金流向（3月5日）：本周大幅抛售光伏、有色股，抢筹金融股,Wind
842,2021-03-05,解盘：沪指破3500点，百亿资金流入，证券、白酒护盘,Wind
843,2021-03-05,光大证券--电子行业半导体2月跟踪报告：中芯国际许可证或已落地，功率半导体景气度不减【行业研究】,金融界股吧
844,2021-03-04,A股主力资金流向（3月4日）：330亿资金逃离中小创,Wind
845,2021-03-04,【行情】第三代半导体持续走低，新洁能、士兰微跌逾8%，华峰测控、北方华创、华润微、闻泰科技等跟跌,金十数据
846,2021-03-04,电子元器件行业动态点评：半导体行业供需紧张 智能手机需求恢复前景可观,新浪
847,2021-03-04,次新股频现再融资，募资额大多超过IPO,Wind
848,2021-03-03,A股主力资金流向（3月3日）：超百亿资金抢筹金融股,Wind
849,2021-03-03,3月3日晚间重要行业研究汇总(附股),中金在线
850,2021-03-03,周三证券|高景气不减 半导体再受关注,金融投资报
851,2021-03-02,A股主力资金流向（3月2日）：白马股遭抛售，中国平安净流出逾10亿,Wind
852,2021-03-02,消费电子行业维持高景气度，芯片紧缺问题依然存在,中证报
853,2021-03-02,每日理财观察：钢铁产量存在继续压缩预期,Wind
854,2021-03-02,半导体行业深度跟踪报告：多维数据框架详解半导体产业链景气趋势,新浪
855,2021-03-02,策略专题报告：“两会”政策前瞻及行业机会,新浪
856,2021-03-01,道达投资手记：总算反弹了 行情或进入震荡期,每日经济新闻
857,2021-03-01,犀牛财经晚报：特斯拉否认做换电业务PP体育解除中超版权协议,GPLP犀牛财经
858,2021-03-01,A股沸腾了！芯片大爆发，蔡嵩松又要火了？,Wind
859,2021-03-01,华润微：助理总裁康斌辞职 董监高成员变化,每日经济新闻
860,2021-03-01,A股主力资金流向（3月1日）：近40亿资金重新杀入材料行业,Wind
861,2021-03-01,康斌辞任华润微(688396.SH)公司助理总裁职务 董监高成员变化,智通财经
862,2021-03-01,华润微：公司高级管理人员离职 董监高成员变化,Wind
863,2021-03-01,华润微:机构重仓股，隔夜涨幅超过10%，今日资金流入18128.63万元,每日经济新闻
864,2021-03-01,A股收盘综述：上证指数缩量涨1.21%，机构抱团股反攻、稀土点燃题材股,Wind
865,2021-03-01,部分龙头继续提价 半导体板块走强 士兰微等涨停,证券时报
866,2021-03-01,信达证券--电子行业周报：关注MWC上海展会，聚焦行业创新亮点【行业研究】,金融界股吧
867,2021-03-01,我国集成电路产业规模不断增长，半导体企业有望迎黄金发展期丨牛熊眼,第一财经
868,2021-03-01,功率半导体行业深度报告：行业需求风起云涌 功率半导体国产替代正当时,国海证券
869,2021-03-01,芯片股维持强势，国科微、立昂微、士兰微、紫光国微、北京君正等大涨,Wind
870,2021-03-01,华安证券--电子行业周报：价格继续上行，持续推荐面板和功率半导体板块【行业研究】,金融界股吧
871,2021-03-01,平安证券--电子行业周报：深改委强调攻克“卡脖子”技术，华为发布Mate X2【行业研究】,金融界股吧
872,2021-03-01,国联证券给予华润微推荐评级，2020年高增长，景气有望延续,每日经济新闻
873,2021-03-01,消费电子一季度淡季不淡，手机厂商高喊芯片紧缺,Wind
874,2021-02-28,高瓴突然计划甩卖大牛股！超1400亿解禁洪流来袭,Wind
875,2021-02-28,下周1438亿市值限售股解禁，环比增加127.62% 解禁,Wind
876,2021-02-26,委员建议“紧急修订上市条件”？证监会：稳定确定的上市标准符合长远发展需要,第一财经
877,2021-02-26,证监会：将对注册制实施情况适时总结评估，进一步提高相关板块包容性,Wind
878,2021-02-26,科创板半导体业绩哪家强？产业链巨头、小而美龙头齐头并进,科创板日报
879,2021-02-26,科创板半导体业绩榜来了！明星巨头晒亮眼成绩单第三方检测和封测起飞,科创板日报
880,2021-02-26,华润微2020年净利9.6亿元 同比增长139.66%,C114通信网
881,2021-02-26,华润微2020年营收近70亿元，实现归母净利润9.6亿元,资本邦
882,2021-02-26,华润微(688396)：业绩大幅增长 受益功率半导体高景气持续,新浪
883,2021-02-26,华润微(688396)：业绩贴近预告上限 继续拥抱向上弹性,广发证券
884,2021-02-26,华润微首席运营官李虹：把握国产化机遇 实现优质客户突破,中证报
885,2021-02-25,晚间重要公告2021年2月25日星期四,Wind
886,2021-02-25,【华西电子-家电芯*市场首篇超120页PPT深度】家电芯配套渐完善，增存量机遇筑蓝海,远峰电子
887,2021-02-25,华润微(688396.SH)披露2020年度业绩快报 归母净利同比增139.66%至约9.6亿元,智通财经
888,2021-02-25,华润微：2020年净利润9.6亿元 同比增长139.66%,中证网
889,2021-02-25,华润微(688396.SH)业绩快报：2020年度净利润升139.66%至9.6亿元,格隆汇
890,2021-02-25,亮眼！华润微：2020年度净利润约9.60亿元，同比增加139.66%,每日经济新闻
891,2021-02-25,华润微业绩快报：2020年净利润9.6亿元 同比增140%,e公司
892,2021-02-25,华润微：2020年度净利润9.6亿元同比增长139.7%,格隆汇
893,2021-02-25,华润微：2020年净利润同比增长139.66%（业绩快报）,Wind
894,2021-02-24,2月24日晚间重要行业研究汇总(附股),中金在线
895,2021-02-24,A股主力资金流向（2月24日）：材料行业两日净流出超300亿,Wind
896,2021-02-24,一批机构抱团股砸坑！涨价空间更大龙头来了（附股）,证券时报网
897,2021-02-24,解盘：抱团股持续调整，半导体、光刻胶、操作系统领涨,Wind
898,2021-02-24,电子行业点评报告：半导体重点项目齐发 高技术水平自立自强,新浪
899,2021-02-24,【行情】半导体板块持续走高，乾照光电涨20%，聚灿光电涨超15%，华润微、中颖电子等多股走高,金十数据
900,2021-02-24,策略对话行业：哪些领域涨价空间更大？,新浪
901,2021-02-24,立昂微(605358)深度报告：半导体硅片领先企业 功率+射频打开成长空间,国海证券
902,2021-02-24,华西证券--电子（半导体）行业：半导体重点项目齐发，高技术水平自立自强【行业研究】,金融界股吧
903,2021-02-23,A股主力资金流向（2月23日）：近120亿元逃离材料行业,Wind
904,2021-02-22,供需失衡，新洁能（605111.SH）产品未来是不是还有涨价的可能？,格隆汇
905,2021-02-22,A股主力资金流向（2月22日）：基金重仓股遭猛烈抛售,Wind
906,2021-02-22,长城证券--电子元器件行业周报：智能手机复苏信号持续强化，面板及半导体景气度推升【行业研究】,金融界股吧
907,2021-02-22,华安研究行业周观点集萃,华安证券
908,2021-02-22,半导体周报：美国德州恶劣天气加剧全球半导体紧缺 高景气周期延续,新浪
909,2021-02-22,信达证券--电子行业周报：半导体顺周期板块，功率龙头价值凸显【行业研究】,金融界股吧
910,2021-02-22,华安证券--电子行业周报：北美雪灾日本地震半导体产能愈发紧张，面板仍处于上升期【行业研究】,金融界股吧
911,2021-02-22,东吴证券--电子行业周报：地震、寒潮引发半导体厂商停工，供需紧张状态延续【行业研究】 自然灾害,金融界股吧
912,2021-02-22,全球汽车产业缺“芯”加剧,Wind
913,2021-02-19,2月19日晚间重要行业研究汇总(附股),中金在线
914,2021-02-19,电子行业研究：美日厂商受灾停产加剧芯片供应紧缺 看好半导体高景气,新浪
915,2021-02-19,深度*行业*电子行业点评：日本地震对半导体产业链的扰动,新浪
916,2021-02-19,中银证券--电子行业点评：日本地震对半导体产业链的扰动【行业研究】,金融界股吧
917,2021-02-18,半导体板块 “开门红”，牛年有望迎来更高景气度,Wind
918,2021-02-18,华西证券--电子（半导体）：车载芯片持续短缺，预示半导体景气度不减【行业研究】,金融界股吧
919,2021-02-18,电子(半导体)行业点评报告：车载芯片持续短缺 预示半导体景气度不减,新浪
920,2021-02-18,新能源汽车、光伏、白酒……最火行业牛年怎么走？,e公司
921,2021-02-18,44股获券商买入评级 金晶科技目标涨幅达100.63%,Wind
922,2021-02-17,2021半导体领袖新年展望：制造&设备材料篇,半导体行业观察
923,2021-02-17,华润微(688396)公司动态点评：收购重庆华微剩余股权增厚公司业绩 持续受益功率半导体景气上行,新浪
924,2021-02-16,【银河电子傅楚雄/王恺】两会前瞻丨前瞻两会风向，关注科技创新与产业升级,中国银河证券研究
925,2021-02-14,半导体概念股2020年业绩一览：超8成公司业绩预增 61家公司合计盈利176亿元,搜狐
926,2021-02-13,【东吴电子王平阳团队】半导体周报：地震、寒潮引发半导体厂商停工，供需紧张状态延续 自然灾害,东吴电子研究
927,2021-02-13,华润微：现阶段公司订单饱满，短期内没有看到供需紧张的情况有缓解迹象,Wind
928,2021-02-10,华润微：约8008.57万股限售股3月1日解禁，占比约6.59% 解禁,每日经济新闻
929,2021-02-10,节后年报密集发布，高送转向“厚”赚,Wind
930,2021-02-10,华润微(688396)：收购重庆华微少数股权 进一步增厚公司业绩,新浪
931,2021-02-10,华润微(688396)：低价收购少数股权增厚业绩,国金证券股份有限公司
932,2021-02-09,科创板晚报|工信部就汽车芯片供应短缺问题与相关企业座谈交流西部超导4名股东合计减持11.62%股份,科创板日报
933,2021-02-09,2月9日晚间上市公司十大重磅公告,巨丰财经
934,2021-02-09,华润微(688396.SH)：8008.5714万股战略配售限售股将解禁 解禁,格隆汇
935,2021-02-09,华润微：拟以14.43亿元收购重庆华微47.31%股权,Wind
936,2021-02-09,华润微：占总股本6.5864%限售股将于3月1日上市流通 解禁,Wind
937,2021-02-09,华润微：拟14.43亿元收购重庆华微剩余股权,e公司
938,2021-02-09,电子行业2020年报前瞻：龙头业绩高增兑现高景气度,新浪
939,2021-02-09,华润微(688396.SH)：2021年度拟向银行申请不超29.29亿元综合授信额度,格隆汇
940,2021-02-09,华润微(688396.SH)拟斥资14.43亿元实现对重庆华微的全资控股,智通财经
941,2021-02-09,华润微：拟以约14.43亿元收购华润微电子（重庆）有限公司47.31%股权,每日经济新闻
942,2021-02-09,汽车市场一“芯”难求，进口替代“芯”潮涌动,Wind
943,2021-02-08,电子行业：半导体缺货涨价力度不减 景气度有望延续,新浪
944,2021-02-08,电子行业：2021E存储芯片或将增长迅速 半导体设备开支大年,新浪
945,2021-02-08,解盘：人气回升，机械、工业金属、锂矿、影视领涨,Wind
946,2021-02-08,“缺芯潮”调查：交货期长过孕期，国产替代机会来了,每日经济新闻
947,2021-02-07,科创板股2020年业绩提前看 23股净利润增幅翻倍,证券之星
948,2021-02-05,2月开门遇“冷锋”！捷捷微电领跌10只功率半导体股，华微电子业绩“掉队”,华夏时报
949,2021-02-05,半导体2月开门遇“冷锋”：捷捷微电领跌10只功率半导体股,华夏时报
950,2021-02-05,半导体板块午后再度异动，士兰微直线翻红,Wind
951,2021-02-05,半导体1月跟踪报告：半导体产业持续高景气 涨价缺货蔓延至汽车芯片,光大证券
952,2021-02-04,华润微(688396.SH)定增股票申请符合发行条件、上市条件和信息披露要求,智通财经
953,2021-02-04,华润微(688396)：业绩预告符合预期 行业景气度继续上行,新浪
954,2021-02-03,A股收盘综述：上证指数跌0.46%，创业板指跌0.15%,Wind
955,2021-02-03,A股午盘综述：上证指数涨0.2%，创业板指涨1.3%,Wind
956,2021-02-03,科创板药企难逃“尚未盈利”掣肘？百济神州拟择第三地上市募资200亿,资本邦
957,2021-02-02,坐拥1.6万亿资产，华润集团究竟是怎样的公司？,国际电力网
958,2021-02-01,平安证券--电子行业周报：苹果单季度营收新高，手机四季度出货排名出炉【行业研究】,金融界股吧
959,2021-02-01,苹果公司2021年第一财季业绩解读,吉森电子研究
960,2021-01-31,开源刘翔团队|2021我们依旧坚定看好功率半导体板块,刘翔电子研究
961,2021-01-30,回调或许现更佳买点 半导体军工人工智能高景气仍在,金融投资报
962,2021-01-30,四季报揭秘基金最新增仓减仓股,大众证券报
963,2021-01-28,【半导体投资日报】6图看懂今年芯片投资主线 基金梭哈投资引关注,新浪
964,2021-01-28,中芯国际(688981)：半导体中军 成熟制程渐入佳境,新浪
965,2021-01-27,多家半导体公司业绩预喜，大基金减持不改行业高景气度丨牛熊眼,第一财经
966,2021-01-27,华润微：功率半导体国产替代,半导体风向标
967,2021-01-27,华润微(688396)：订单饱满利润高增 功率IDM龙头蓄势待发,新浪
968,2021-01-27,A股午盘综述：创业板指涨0.26%，盘中一度跌近2%,Wind
969,2021-01-25,牛市中失落的基金经理：基金首尾业绩相差178%,21世纪经济报道
970,2021-01-25,电子行业2020Q4基金重仓分析专题：半导体/光学板块重仓规模增长 消费电子环比下降 重仓个股集中度提升,新浪
971,2021-01-25,大基金又要减持了，这回砸出的是不是“黄金坑”？,上证报
972,2021-01-25,电子行业周报：从主题概念到业绩兑现 中国“芯”全面启动,新浪
973,2021-01-25,全球芯片短缺：引发恐慌性下单 涨价潮向产业链传导,时代在线
974,2021-01-25,芯片缺货未缓解，晶圆再迎涨价潮,Wind
975,2021-01-24,产能非常紧缺！芯片缺货潮没有缓解迹象，5股业绩有望翻倍,证券时报
976,2021-01-22,【东北晨会0122】行业深度：CNT—电池“黑科技”竞赛受益材料/房地产行业周报/华润微、东宏股份、乐歌股份,东北证券研究所
977,2021-01-21,2021年电子行业年度策略：春回景明需求可期 拨云见日国产崛起,新浪
978,2021-01-21,深度*公司*华润微(688396)：订单饱满 全年业绩高增长,新浪
979,2021-01-21,电子行业：台积电21年资本开支大幅增长 全球车用芯片供给紧张,新浪
980,2021-01-21,华润微(688396)：功率半导体供需吃紧 IDM龙显着受益,新浪
981,2021-01-20,电子行业：8寸晶圆制造供需紧张将持续,新浪
982,2021-01-20,数家芯片龙头年报业绩预喜，韦尔股份净利润涨4至5倍,经济观察网
983,2021-01-20,电子：台积电2021E资本开支将达250亿～280亿美金带动新一轮半导体设备景气周期,新浪
984,2021-01-20,华润微(688396)：业绩预告符合预期 21年高成长可期,新浪
985,2021-01-20,华润微(688396)：大陆功率IDM龙头 业绩印证行业景气,新浪
986,2021-01-20,科创板系列研究(四十)-科创板信号：风险偏好可能是扩散而非下降,新浪
987,2021-01-20,【公司点评】华润微：2020年业绩预告亮眼，功率IDM龙头盈利加速释放,吉森电子研究
988,2021-01-20,【机会挖掘】芯片缺货涨价潮持续 上游8英寸晶圆最抢手（附股）,证券时报网
989,2021-01-20,华润微去年净利预增130% 受益国产替代加速产能满载,新浪
990,2021-01-20,汽车电子行业系列报告之功率篇：成长行业“优质赛道” 国内龙头旭日东升,新浪
991,2021-01-19,华润微：2020年业绩同比预增130.00%到140.03%,上证报
992,2021-01-19,半导体紧缺或延续至四季度，行业龙头业绩放量增长,第一财经
993,2021-01-19,华润微(688396)：2020年度业绩预告高增长 看好公司未来发展,新浪
994,2021-01-19,华润微(688396)：业绩符合预期 调高2021年盈利预测,国金证券股份有限公司
995,2021-01-19,芯片仍然供不应求，预测2025年中国芯片自给率低于预期约达20%,慧聪电子网
996,2021-01-19,预增！华润微预计2020年扣非净利润同比增长超3倍,资本邦
997,2021-01-19,A股早报2021年1月19日星期二,Wind
998,2021-01-19,半导体板块迎来上涨 券商认为高景气度将继续维持（附股）,第一财经
999,2021-01-19,中信建投：半导体板块高景气度将继续维持 涨价趋势或将进一步蔓延,Wind
1000,2021-01-19,中泰证券：下游需求爆发，八英寸晶圆供不应求带来涨价潮,Wind
1001,2021-01-19,中泰证券：下游需求爆发，八英寸晶圆供不应求带来涨价潮,证券时报网
1002,2021-01-19,华润微全年扣非后净利预增3倍 功率半导体景气获验证 汽车电子或成增长引擎,财联社
1003,2021-01-19,产能紧张叠加国产替代提速，半导体产业高景气将持续,Wind
1004,2021-01-18,韦尔股份涨停股价创新高，2020年业绩大幅预增,第一财经
1005,2021-01-18,华润微：预计2020年净利润同比增长130%-140%,格隆汇
1006,2021-01-18,华润微(688396.SH)：2020年度净利预增130.00%到140.03%,格隆汇
1007,2021-01-18,1月18日晚间重要行业研究汇总(附股),中金在线
1008,2021-01-18,电子行业周报：台积电资本开支超预期 面板价格上行板块业绩亮眼,华安证券
1009,2021-01-18,半导体板块发力走高 韦尔股份一度涨停再创新高,证券时报网
1010,2021-01-18,科创板两融余额减少4.17亿元，8股融资余额增超5%,Wind
1011,2021-01-18,周末影响一周市场的10大消息(新股+点评),券商中国
1012,2021-01-17,深圳上海彻底火了：市值狂增8万亿！这9大城市，首次突破1万亿,中国基金报
1013,2021-01-17,安信研究|晨会在线20210119,安信证券研究
1014,2021-01-15,A股功率半导体一周大PK！闻泰科技坐稳龙头宝座 华润微涨12%居首 台基股份末尾挣扎,华夏时报网
1015,2021-01-15,业绩硬核前瞻系列三：成长科技,华安证券
1016,2021-01-15,近一月机构调研数据分析：安恒信息和金龙鱼获密集调研,巨丰财经
1017,2021-01-15,半导体行业将迎来高景气阶段,信息时报
1018,2021-01-15,安集科技：打破国外垄断进入全球供应链的半导体材料公司,巨丰财经
1019,2021-01-14,MOSFET：研究框架（100页）,半导体风向标
1020,2021-01-14,【科创研究】安集科技：快速崛起的国内CMP抛光液龙头,吉森电子研究
1021,2021-01-14,半导体板块回暖，机构：抱团资金流入低位超跌大科技,第一财经
1022,2021-01-13,功率半导体2021年景气度高 “需求+国产替代”双驱动,上证报
1023,2021-01-13,“需求+国产替代”双驱动 功率半导体2021年迎发展良机,上证报
1024,2021-01-13,“需求+国产替代”双轮驱动，功率半导体2021年景气度高,Wind
1025,2021-01-13,蓝箭电子IPO过会：研发能力成问询焦点，保荐机构涉财务造假案遭重罚 欺诈造假,华夏时报
1026,2021-01-12,电子周报：智能车步入新时代 汽车电子迎来高速成长期,新浪
1027,2021-01-12,电子行业周报：荣耀5G新机发布 面板价格继续上行,华安证券
1028,2021-01-11,半导体投资日报：车企芯片短缺啥时候解决？这家公司透露最新信号,新浪
1029,2021-01-11,电子行业周报：面板价格涨势不休 苹果月度数据上佳,新浪
1030,2021-01-11,重磅突发！百度宣布重大决定，龙头股秒板，超5万手大单封死涨停,证券时报网
1031,2021-01-11,半导体板块走势活跃，涨价潮蔓延，行业景气度持续向上,证券时报网
1032,2021-01-11,2021功率半导体趋势明显，未来五年增长强劲,元器件交易网
1033,2021-01-11,【行情】半导体板块走高，铜峰电子封板，韦尔股份涨5%，全志科技、扬杰科技、兆易创新、华润微、士兰微跟涨,金十数据
1034,2021-01-11,拆解苹果造车“盲盒”，产业链频频跨界“备车”,证券时报
1035,2021-01-10,苹果Mini LED产品有望陆续推出；村田工厂染疫MLCC供应或更紧张,中信建投证券研究
1036,2021-01-09,华润微：目前公司在手订单饱满，汽车电子是未来重点发力方向,证券之星
1037,2021-01-08,近一月机构调研数据分析：密集调研医药生物行业,巨丰财经
1038,2021-01-08,华润微：12寸产线预计明年实现产能贡献汽车电子是未来重点发力方向,格隆汇
1039,2021-01-07,半导体芯日报|基金经理：新能源光伏至少有10倍空间 半导体也一样,新浪
1040,2021-01-07,华润微(688396)：功率半导体龙头 充分受益国产替代及行业高景气,新浪
1041,2021-01-07,芯片涨价潮继续：提价公司越来越多，产业链连锁反应加剧,澎湃新闻
1042,2021-01-07,1月1日起 这些芯片厂正式涨价！或持续到2022年底,快科技
1043,2021-01-06,中金恋阿里，华兴靠京东？投行垄断独角兽成新趋势,券商中国
1044,2021-01-06,开源晨会0108丨一致预期中的有限理性；指增基金：公募超额收益的稳健表达；九典制药、华润微、当升科技,开源证券研究所
1045,2021-01-05,电子行业：MEMS迎物联网浪潮，国产化加速，维持“看好”评级,东方证券
1046,2021-01-04,电子行业：2021年功率半导体有望迎来景气周期，维持“买入”评级,国金证券
1047,2021-01-04,半导体行业系列专题：新能源汽车重塑功率半导体价值,新浪
1048,2021-01-04,电子行业周报：电子板块2020年度行情回顾及2021年投资展望,国海证券
1049,2021-01-04,68只科创板股融资余额环比增加,证券之星
1050,2021-01-04,电子行业周报：面板维持上涨 半导体产能紧张依旧,华安证券
1051,2021-01-03,全市场科技产业策略报告第九十一期-2021年科创板半导体行业投资前瞻：成长为体 稀缺为魂,新浪
1052,2021-01-03,2021年科创板半导体行业投资前瞻：成长为体 稀缺为魂-全市场科技产业策略报告第九十一期,新浪
1053,2021-01-03,2021年A股有哪些机会？新能源汽车、光伏、半导体三大行业或“跨栏奔腾”,金融投资报
1054,2021-01-01,中信建投证券2021年度十大预测,中信建投证券研究
1055,2021-01-01,2021年券商看好的十大板块,Wind
1056,2020-12-31,IPO成功闯关145家，科创板2020年榜单全面揭晓！,Wind
1057,2020-12-31,大摩：华润医疗目标价升至6.6港元 给予增持评级,新浪
1058,2020-12-31,华润微核心技术人员离职，盘中闪崩一度跌近10%,Wind
1059,2020-12-31,一份研报引爆牛市？至少25只个股评级被调高，来看名单,券商中国
1060,2020-12-31,核心技术人员离职！何波涌因个人职业发展原因从华润微辞职 员工变动,资本邦
1061,2020-12-31,【国金晨讯】2021年功率半导体有望迎来景气周期；芯朋微：电源管理IC细分龙头受益国产替代,国金证券研究所
1062,2020-12-30,电子半导体行业-集成电路所得税优惠政策影响点评：税收新政首提十年免征 惠及全产业链,新浪
1063,2020-12-30,华润微：核心技术人员离职 员工变动,Wind
1064,2020-12-30,电子行业：MEMS迎物联网浪潮 国产化加速,新浪
1065,2020-12-30,电子行业研究：2021年功率半导体有望迎来景气周期,国金证券股份有限公司
1066,2020-12-30,蓝箭电子产品降价员工数连降 营收滞涨自有品牌下滑 盈利能力下降,中国经济网
1067,2020-12-29,银河证券每日晨报,新浪
1068,2020-12-28,电子行业点评报告：新能源光伏等加速本土配套 功率迎黄金成长期,新浪
1069,2020-12-28,本周观点：与个股集萃,华安证券
1070,2020-12-28,电子周报：快充和激光雷达步入快车道 半导体景气度高昂,新浪
1071,2020-12-28,电子行业周报：小米11取消标配充电头 关注快充投资机遇,新浪
1072,2020-12-27,【民生研究】周观点汇总：关注景气度触底而估值承压的板块投资机会,MS研究
1073,2020-12-27,【华西电子孙远峰团队—持续推荐功率半导体】新能源/光伏等加速本土配套，功率迎黄金成长期,远峰电子
1074,2020-12-27,【中信建投电子|刘双锋&雷鸣团队】周报：安卓新机密集发布，光学升级仍为主要趋势；晶圆产能供不应求将持续至21H1,中信建投电子研究
1075,2020-12-25,近一月机构调研数据分析,巨丰财经
1076,2020-12-25,电子行业2021年投资策略报告：经济复苏创新驱动 电子行业景气上行,新浪
1077,2020-12-24,华润微38亿布局封测基地 12亿元“补血”收问询函 问询,新浪
1078,2020-12-22,【兴证策略|科创板】近期科创板优质公司纳入主要指数情况汇总——科创板系列研究,XYSTRATEGY
1079,2020-12-22,方正证券：汽车半导体研究框架,方正证券
1080,2020-12-22,129只科创板股融资余额环比增加,证券时报网
1081,2020-12-21,【研报掘金】中芯国际被列入实体清单叠加税务优惠 半导体国产替代有望加速,证券时报网
1082,2020-12-21,电子行业周报：面板继续上行 政策精准扶持晶圆制造,华安证券
1083,2020-12-18,机构看好这些个股 最高还有44%的涨幅空间,第一财经
1084,2020-12-18,国元早安直通车,新浪
1085,2020-12-18,电子行业点评报告：加码车规级碳化硅 国产SIC开启新时代,新浪
1086,2020-12-18,公司深度|华润微：多领域需求进入拐点，IDM龙头全面受益【国元电子贺茂飞团队】,茂飞电子研究
1087,2020-12-18,【行情】半导体及元件板块活跃，南大光电涨超10%，晓程科技、捷捷微电、富满电子、华润微等集体跟涨,金十数据
1088,2020-12-17,华润微(688396)公司深度报告：多领域需求进入拐点 IDM龙头全面受益,新浪
1089,2020-12-17,从300个瞬间看2020丨资本市场：改！改！改！,北京商报
1090,2020-12-16,A股融资融券日报：两融余额增加16.45亿元（12月15日）,Wind
1091,2020-12-16,101只科创板股融资余额环比增加,证券之星
1092,2020-12-16,A股公司，逆势绘就经济亮色,Wind
1093,2020-12-15,已经翻倍的半导体股集体跳水，出了啥情况？,上证报
1094,2020-12-15,A股收盘综述：上证指数微跌，创业板指涨逾1%,Wind
1095,2020-12-15,华润微拟再募50亿 上交所：IPO募资42亿是否大量闲置,中国经济网
1096,2020-12-15,斯达半导、新洁能闪崩跌停拖累半导体板块，中芯国际-U、韦尔股份等大跌,Wind
1097,2020-12-15,半导体硅片指数跳水，华润微跌逾8%,Wind
1098,2020-12-15,电子元器件周报：电子元器件涨价趋势蔓延 行业景气度维持上行,新浪
1099,2020-12-15,电子周报：部分芯片缺货影响镜头放量 半导体芯芯向荣,新浪
1100,2020-12-15,中信建投TMT团队最新研究观点,中信建投证券研究
1101,2020-12-14,华润微：公司及多家子公司累计收到政府补助4851.32万元,中证网
1102,2020-12-14,电子投资新机遇：新时代、新格局,新浪
1103,2020-12-14,华润微(688396.SH)：获得的政府补助共计4851.32万元,格隆汇
1104,2020-12-14,半导体行业快评：8寸晶圆制造为什么涨价？,国信研究
1105,2020-12-14,定向增发新进展！华润微定增获上交所首轮问询 问询,资本邦
1106,2020-12-14,电子行业周报：面板价格维持上涨 半导体产能紧张持续,华安证券
1107,2020-12-14,电子行业周报：IPHONE、面板产业链持续高景气 继续看好汽车电子,新浪
1108,2020-12-14,【银河电子】2021年度策略：新时代、新格局、电子投资新机遇,中国银河证券研究
1109,2020-12-14,半导体行业系列专题：八英寸晶圆代工为什么涨价？,新浪
1110,2020-12-13,【中信建投电子|刘双锋&雷鸣团队】周报：立讯通过收购高伟进军光学赛道；8寸晶圆代工吃紧带动上下游涨价,中信建投电子研究
1111,2020-12-13,华润微(688396.SH)受到上交所出具有关定增股票的审核问询函 问询,智通财经
1112,2020-12-13,【东方-电子】8寸晶圆制造高景气有望持续,电子论剑
1113,2020-12-11,华润微(688396)：功率半导体国产替代受益者 盈利能力稳步提升,新浪
1114,2020-12-10,半导体行业将迎拐点？机构称未来3-5年仍是投资主线丨牛熊眼,第一财经
1115,2020-12-10,【行情】半导体板块继续走强，斯达半导逼近涨停，韦尔股份、立昂微涨超7%，思瑞浦、新洁能、华润微等个股涨逾5%,金十数据
1116,2020-12-10,18股获券商买入评级 华阳国际目标涨幅达69.46%,Wind
1117,2020-12-09,折叠A股：101家公司股价创新高，7成跑输指数,Wind
1118,2020-12-09,【国金电子】行业深度：2021年功率半导体有望迎来景气周期,国金电子研究
1119,2020-12-09,华润微(688396)深度研究报告：功率半导体龙头厂商 “代工+自有产品”战略驱动公司规模持续扩张,新浪
1120,2020-12-09,电子(半导体)：国产功率加速替代 工控家电领域谋突破,新浪
1121,2020-12-08,【华西电子孙远峰团队—持续推荐功率半导体】国产功率加速替代，工控家电领域谋突破,远峰电子
1122,2020-12-08,电子行业周报：半导体设备板块中华峰测控何以走出独立行情,国海证券
1123,2020-12-08,上交所副总经理阙波：深化关键制度改革，推进基础制度建设,Wind
1124,2020-12-07,半导体价格上涨 24只个股获机构看好,第一财经
1125,2020-12-07,电子行业周报：半导体近期涨价梳理,新浪
1126,2020-12-07,电子(半导体)行业点评报告：半导体产业链格局优化 国产设备空间大,新浪
1127,2020-12-07,华润微：公司MOSFET累计销售额约为14亿元,科创板日报
1128,2020-12-07,华润微：今年公司IGBT产品收入预计可以突破1亿元,科创板日报
1129,2020-12-07,华润微：四季度可以延续三季度景气的态势，对明年上半年行情表示乐观,Wind
1130,2020-12-07,半导体缺货全链涨价芯片巨头股价新高A股相关概念股逆市跟涨,财华社
1131,2020-12-07,【东吴电子王平阳团队】半导体周报：半导体近期涨价梳理,东吴电子研究
1132,2020-12-07,晨会聚焦201207重点关注证券行业、华住酒店、华润微,国信研究
1133,2020-12-07,华润微（688396）动态点评：晶圆代工景气度上行，公司业绩迎来向上弹性,国信研究
1134,2020-12-07,IGBT概念股涨逾3%,Wind
1135,2020-12-07,【行情】半导体板块集体高开，金安国纪、华微电子一字涨停，铜峰电子、士兰微、华润微、扬杰科技、捷捷微电等高开,金十数据
1136,2020-12-07,半导体硅片板块涨逾3%，华润微涨逾5%,Wind
1137,2020-12-07,斥资500亿！中芯国际联手大基金 A股受益名单梳理,科创板日报
1138,2020-12-07,华润微2条8吋产线满载 重庆厂拟扩产10%左右,上海有色
1139,2020-12-07,【华创·周知道】铜铝价格冲高回落但趋势不改，继续推荐铝铜，关注锂和前驱体（20201207）,华创证券研究
1140,2020-12-07,【晨观方正】固收/电子/农业/环保/传媒/汽车20201207,方正证券
1141,2020-12-07,“科创200”画像：彰显中国创新的资本力量,Wind
1142,2020-12-07,数说科创板上市公司十大特征,Wind
1143,2020-12-07,科创板公司达到200家，持续为科技创新赋能,Wind
1144,2020-12-06,【中信建投电子|刘双锋&雷鸣团队】周报：预计21年全球5G手机将达5亿部上下；8英寸晶圆代工吃紧下游涨价,中信建投电子研究
1145,2020-12-06,【华西电子孙远峰团队—半导设备】半导体产业链格局优化，国产设备空间大,远峰电子
1146,2020-12-06,华润微(688396.SH)：庄光东辞任法律合规官职务,格隆汇
1147,2020-12-06,华润微：法律合规官庄光东辞职,Wind
1148,2020-12-06,半导体全产业链涨价潮起，哪些公司将受益？,Wind
1149,2020-12-06,电子行业周报：软板双雄引领IPHONE产业链新一轮成长周期 功率半导体有望迎来涨价潮,新浪
1150,2020-12-04,半导体MCU出现涨价潮，金安国纪等多股涨停丨牛熊眼,第一财经
1151,2020-12-04,【行情】芯片概念拉升走强，华微电子、士兰微涨停，华阳集团、赛微电子、华润微等跟涨,金十数据
1152,2020-12-03,2021年度电子行业投资策略：5G＋AI 芯片国产化,新浪
1153,2020-12-02,半导体涨价潮起！机构紧急调研灵魂拷问“涨价预期”,21世纪经济报道
1154,2020-12-02,半导体板块午后继续走强 瑞丰光电涨12.41%,证券时报网
1155,2020-12-01,数说A股：银行股罕见涨停潮，牛市旗手发力，外资扫货160亿助攻,腾讯网
1156,2020-12-01,11月金股组合盈利9.53% 12月荐股名单出炉,新浪
1157,2020-12-01,电子行业周报：IPHONE供应链迎来新一轮成长周期 功率半导体有望迎来涨价潮,新浪
1158,2020-12-01,【行情】半导体及元件板块拉升，丹邦科技封板，惠伦晶体涨7%，华润微、思瑞浦、泰晶科技等跟涨,金十数据
1159,2020-11-30,电子(半导体)行业点评报告：半导体材料需求看涨 联动晶圆产能扩张,新浪
1160,2020-11-30,电子行业周报：化合物半导体需求旺盛 国产替代加速进行,新浪
1161,2020-11-29,【中信建投电子|刘双锋&雷鸣团队】周报：苹果产业链出货动能旺盛；8吋晶圆代工供不应求，景气度持续,中信建投电子研究
1162,2020-11-29,【华西电子孙远峰团队-半导材料&晶圆扩张】半导体材料需求看涨，联动晶圆产能扩张,远峰电子
1163,2020-11-29,深度*行业*电子行业2021年度策略：掘金高景气板块 把握涨价行情,新浪
1164,2020-11-28,电子行业研究：功率半导体量价齐升 国产替代正当时,新浪
1165,2020-11-27,电子(半导体)行业点评报告：化合物半导或将开启新时代 国产供应链积极布局,新浪
1166,2020-11-27,【行情】半导体板块拉升，台基股份拉升大涨14%，思瑞浦、新洁能、华润微、北京君正等个股跟涨,金十数据
1167,2020-11-26,【方正化工】新材料周报：8英寸硅晶圆订单价格上涨，磷酸铁锂前三季度出货量同比大增23%,靠谱化工股
1168,2020-11-26,华润微(688396.SH)向特定对象发行股票申请获上交所受理,格隆汇
1169,2020-11-26,致瞻科技获Pre-A轮融资碳化硅产业仍“新芽”频出,科创板日报
1170,2020-11-25,华润微(688396.SH):东莞杰群拟为杰群科技提供不超2000万美元担保 大额借贷担保,智通财经
1171,2020-11-25,电子(半导体)行业：晶圆制造&封测双看涨 产业链条景气传导向上,新浪
1172,2020-11-24,半导体将现涨价潮？8英寸产能持续紧张 长期供需矛盾背后原因有二,科创板日报
1173,2020-11-23,电子行业周报：8英寸产能供需偏紧 面板投资机会依然明朗,新浪
1174,2020-11-23,芯片战争2020：军备竞赛跨入百亿美元俱乐部,锦缎
1175,2020-11-22,【中信建投电子|刘双锋&雷鸣团队】周报：8英寸产能供需偏紧，面板投资机会依然明朗,中信建投电子研究
1176,2020-11-22,A股百家半导体厂商平均获政府补贴5500万，前10家公司合计获政府补贴37.4亿,搜狐
1177,2020-11-20,华润微：国内IDM龙头盈利能力持续增强,大众证券报
1178,2020-11-19,【华西电子-IC WORD纪要（下）半导体材料国产化自主创新路径】,远峰电子
1179,2020-11-18,注册制公司再融资进度：5家计划定增 1家拟发转债,面包财经
1180,2020-11-16,百济拟在科创板上市，成为首家三地上市的药企需闯哪些难关？,第一财经
1181,2020-11-16,注册制公司再融资进度：5家计划定增，1家拟发可转债,面包财经
1182,2020-11-15,【中信建投电子|刘双锋&雷鸣团队】周报：台积电/联发科10月业绩表现亮眼，中芯/华虹Q3营收创新高,中信建投电子研究
1183,2020-11-14,半导体产业空间巨大 细分龙头加速成长,金融投资报
1184,2020-11-13,近5日34只个股首获机构关注（附表）,Wind
1185,2020-11-12,半导体芯片龙头股频遭减持，大基金年内套现近90亿元 减持股份,第一财经
1186,2020-11-12,A股收盘综述：沪指三连阴，“喝酒”行情上演,Wind
1187,2020-11-12,29股获券商买入评级，值得买目标涨幅达61.88%,Wind
1188,2020-11-10,【东方-电子】华润微：深度受益于功率半导体国产替代，盈利能力持续增强,电子论剑
1189,2020-11-10,电子行业周报：面板继续上行 5G手机销量有望大增,华安证券
1190,2020-11-10,收评：创业板指跌1.45%失守2800 汽车、科技股领跌,网易
1191,2020-11-10,创业板指午后续下行跌近2% 北向资金净流出超50亿,网易
1192,2020-11-10,早评：沪指高开0.41% 机场航运板块走强,网易
1193,2020-11-10,52股获券商买入评级，中嘉博创目标涨幅达104.35%,Wind
1194,2020-11-10,"【中证盘前】注意！这个转债强赎或致80%损失！万达电影定增引入高毅；晶澳科技回应“实控人被立案调查”；辉瑞疫苗获重大进展
董监高成员异常事件",中证报
1195,2020-11-09,进博会｜新一代信息技术绽光芒,维库电子市场
1196,2020-11-09,半导体王者归来：除了情绪回暖 火爆行情背后或有这些数据支撑,新浪
1197,2020-11-09,半导体板块走势活跃 芯朋微捷捷微电等大涨,证券时报网
1198,2020-11-09,功率行业跟踪报告：台湾功率企业10月营收维持高位 国内两轮电动车9月产量与增速均创新高,新浪
1199,2020-11-09,【行情】氮化镓板块大涨，捷捷微电涨14%，富满电子、华润微、扬杰科技、台基股份跟涨,金十数据
1200,2020-11-09,半导体板块走强，新洁能涨停,Wind
1201,2020-11-08,【东吴电子王平阳团队】半导体周报：8寸晶圆供不应求，新一轮价格上升周期开启,东吴电子研究
1202,2020-11-08,华润微：公司两条8英寸线产能约为133万片/年,搜狐
1203,2020-11-06,电子元器件周报：IPHONE12系列销量前景乐观 本土封测行业迎来利润释放期,新浪
1204,2020-11-05,靴子落地最先受益或是它，半导体公司批量超预期,证券时报网
1205,2020-11-05,券商首次关注2股并给予买入评级（11月5日）,Wind
1206,2020-11-04,华润微(688396)：功率半导体垂直布局 产能进一步加码,新浪
1207,2020-11-04,接连出手，国家大基金二期青睐芯片龙头企业,中证报
1208,2020-11-03,【华西电子孙远峰团队-功率半导体行业推荐】功率半导体板块景气度持续，加速进口替代,远峰电子
1209,2020-11-03,沉寂多日，机构和外资又开始大单扫货……,上证报
1210,2020-11-02,中小盘增发并购双周报：新规后竞价定增解禁平均收益率22.9% 胜率75% 解禁,新浪
1211,2020-11-02,【国元电子】行业事件点评：8寸晶圆产能持续紧张，涨价模式启动,茂飞电子研究
1212,2020-11-01,【中信建投电子|刘双锋&雷鸣团队】周报：苹果产业链四季度迎较强出货动能，华为入股昂瑞威加速扶持本土半导体产业链,中信建投电子研究
1213,2020-10-31,科创板三季报收官：业绩“翻筋斗”研发“强武艺”,Wind
1214,2020-10-30,【中金科技】科技硬件周报（10/31）：3Q收入利润增速有所放缓 盈利能力下降,乐平科技视角
1215,2020-10-30,华润微：稳健成长的功率半导体龙头,阿尔法工场
1216,2020-10-30,沪硅产业-U(688126)：业绩符合申万宏源预期 12英寸硅片产能持续爬坡,新浪
1217,2020-10-29,华润微三季度业绩亮眼 多产品线同发力增长可期,发布易
1218,2020-10-29,联想旷视拟科创板上市红筹企业回A青睐CDR,中证报
1219,2020-10-28,白马闪崩、妖债横行，下阶段资金将如何配置？,第一财经
1220,2020-10-28,华润微再募资50亿惹质疑 核心技术人员接连流失,中国经营网
1221,2020-10-28,定增市场周报：华润微定增加码半导体封测 豆神教育募资额上调逾五成,新浪
1222,2020-10-28,半导体行业高景气持续演绎 华润微拟定增50亿加码主业,投资者网
1223,2020-10-27,白马股接连闪崩！多次闪崩的大牛股却拉涨停，出逃资金在怎么布局？,中证报
1224,2020-10-27,社保基金持有6只科创板股：新进3股，增持2股,证券时报网
1225,2020-10-26,电子行业研究：Q4消费电子将迎较高出货动能 产业基金持续加码CIS存储等高端方向,新浪
1226,2020-10-26,“特色工艺”集成电路制造市场广阔,Wind
1227,2020-10-24,华润微：三季报四大看点,半导体风向标
1228,2020-10-23,华润微前三季度业绩亮眼净利润增长154.6% 注重研发提升竞争力,凤凰网
1229,2020-10-23,森未科技获Pre-A轮融资背后：国产功率半导体市场呈现这一趋势,科创板日报
1230,2020-10-23,社保基金现身2只科创板股前十大流通股东榜,证券时报网
1231,2020-10-22,【国元电子】华润微：IDM龙头业绩符合预期，持续受益景气度回暖,茂飞电子研究
1232,2020-10-22,又是半导体，23连板后突然封跌停！这些行业在“变暖”,中证报
1233,2020-10-22,解盘：沪指破3300点关口，光刻胶、传感器、创业板低价股领涨,Wind
1234,2020-10-22,华润微(688396)：Q3高增长延续 定增夯实IDM优势,国联证券
1235,2020-10-22,解码科创板三季报：四成预告报喜，盈利成投资风向标,21世纪经济报道
1236,2020-10-22,79股获券商买入评级，招商积余目标涨幅达72.83%,Wind
1237,2020-10-22,【东北晨会1022】银行行业周报/东方雨虹、中联重科、华润微/复盘笔记,东北证券研究所
1238,2020-10-22,解码科创板三季报：四成预告报喜，盈利成投资风向标,Wind
1239,2020-10-22,芯片白马“失蹄”，机构称A股结构性机会居多,Wind
1240,2020-10-21,“双十一”前夕提前打折？芯片龙头股紫光国微闪崩跌停 连续下跌,环球老虎财经
1241,2020-10-21,700亿芯片大牛股跌停，发生了什么？,中国基金报
1242,2020-10-21,44股获机构买入型评级 华润微关注度最高,证券时报网
1243,2020-10-21,华润微三季度净利润增长154.6% 募资专注功率半导体增强行业竞争力,凤凰网
1244,2020-10-21,紫光国微封住跌停打压芯片板块，北方华创、华润微等普跌,Wind
1245,2020-10-21,华润微(688396)公司动态点评：Q3 业绩超预期增长 功率半导体需求向好,新浪
1246,2020-10-21,杜坤维：700亿元芯片龙头股价闪崩背后的21条公告 连续下跌,中财网
1247,2020-10-21,88股获券商买入评级 招商积余目标涨幅达79.91%,Wind
1248,2020-10-20,抛50亿定增预案又遇核心技术人员离职 华润微跌12% 员工变动,每日经济新闻
1249,2020-10-20,公布50亿定增预案 华润微加码封测布局,每日经济新闻
1250,2020-10-20,道达投资手记：汽车板块迎利好 撑起市场一片天,每日经济新闻
1251,2020-10-20,闪崩！700亿芯片巨头暴跌12%，一夜狂发21条公告，7万股东懵了,中国基金报
1252,2020-10-20,【主力资金】大跌12%，芯片巨头遭资金砸盘，公司核心技术人员离职 员工变动,证券时报网
1253,2020-10-20,700亿芯片巨头华润微突然暴跌12%！原因出自50亿元定增预案？ 连续下跌,环球老虎财经
1254,2020-10-20,三季度QFII调仓紧盯科技和医药！小摩新进5股，高盛减持2股,Wind
1255,2020-10-20,利好引爆一个超级大行业——道达投资手记,每日经济新闻
1256,2020-10-20,华润微50亿定增加码功率半导体封测谋转型：上市8个月人事变动频频 两核心技术人员先后离职 员工变动,和讯
1257,2020-10-20,华润微拟募资50亿用于功率半导体封测基地，前三季度实现净利润6.87亿元,资本邦
1258,2020-10-20,【投行参要】每日审核要点及市场动态 | 2020.10.19,兴业证券订阅号
1259,2020-10-20,前三季度业绩大增个股逆势涨停亦有资金出逃兑现盈利,经济观察报
1260,2020-10-20,华润微今跌12% 中金公司国金证券给目标价超62元囧了,中国经济网
1261,2020-10-20,电子元器件周报：苹果公司发布新款IPHONE 全系标配5G、摄像头大幅升级,新浪
1262,2020-10-20,华润微(688396)：3Q需求全面景气推动净利润再超预期 维持跑赢行业评级,新浪
1263,2020-10-20,芯片龙头又崩了两个！这份10倍潜力股名单曝光,中证报
1264,2020-10-20,芯片龙头又崩了两个！继续为信仰买单？这份10倍潜力股名单曝光,中证报
1265,2020-10-20,芯片板块下挫 华润微跌逾12%,中证网
1266,2020-10-20,晨会聚焦201020重点关注阳光城、拓邦股份、工业机器人行业、京东数科、拓普集团、兆驰股份、华润微,国信研究
1267,2020-10-20,拟募资50亿主攻半导体封测 华润微领跌第三代半导体板块,新浪
1268,2020-10-20,第三代半导体板块下挫 华润微跌近11%,e公司
1269,2020-10-20,华润微跌超11%，半导体硅片板块跌幅扩大至3%,Wind
1270,2020-10-20,【中金科技】华润微（688396.SH）：3Q需求全面景气推动净利润再超预期，维持跑赢行业评级,乐平科技视角
1271,2020-10-20,最新公告透露利好 13只个股有望爆发（10.20）,中金在线
1272,2020-10-20,三季度业绩超预期 拟定增38亿投向封测环节 华润微背后存这一逻辑,科创板日报
1273,2020-10-20,10月20日 13股盘前利好公告速递,中财网
1274,2020-10-20,华润微拟定增募资50亿元 主攻功率半导体封测,上证报
1275,2020-10-20,华润微公布三季报 前三季净利增加154.59%,新浪
1276,2020-10-19,10月20日十大利好公告：三环集团第三季度净利润预增110%-130%,中国证券网
1277,2020-10-19,【华西电子孙远峰团队-持续推荐华润微】毛利率稳中有升，产品结构持续优化,远峰电子
1278,2020-10-19,华润微2020年第三季度归母净利同比增169%,上证报
1279,2020-10-19,华润微前三季度净利同比增逾150% 拟定增募资50亿元,e公司
1280,2020-10-19,上市未满八个月 华润微欲再募资不超50亿元,北京商报网
1281,2020-10-19,华润微(688396.SH)：提名李虹担任公司董事,格隆汇
1282,2020-10-19,华润微：前三季度净利润6.87亿元，同比增长154.59%,第一财经
1283,2020-10-19,华润微(688396.SH)拟向特定对象发行不超1.35亿股募资不超50亿元,智通财经
1284,2020-10-19,华润微(688396.SH)：前三季净利升154.59%至6.87亿元,格隆汇
1285,2020-10-19,华润微：拟定增募资不超过50亿元,Wind
1286,2020-10-19,华润微(688396.SH)核心技术人员邓小社离职 员工变动,格隆汇
1287,2020-10-19,华润微：公司核心技术人员离职 员工变动,Wind
1288,2020-10-19,金石亚药：终止《股权收购意向协议》 并购重组异常,Wind
1289,2020-10-19,【行情】芯片股早盘活跃，寒武纪-U、光迅科技、振芯科技、北斗星通、中科曙光、华润微、纳思达、中芯国际-U集体录涨,金十数据
1290,2020-10-19,芯片股活跃，寒武纪-U、北斗星通、中科曙光、华润微、中芯国际-U普涨,Wind
1291,2020-10-19,中概股回归增一路径！科创板迎首只CDR,Wind
1292,2020-10-18,【中信建投电子|刘双锋&雷鸣团队】周报：苹果新机预售火爆，台积电Q3创新高，半导体产业链基本面稳健向好,中信建投电子研究
1293,2020-10-18,【东方-电子】晶圆代工：制造业巅峰，国内追赶加速,电子论剑
1294,2020-10-18,功率行业9月跟踪报告：台湾功率企业9月营收再创新高 国内电动两轮车8月产量持续攀升,新浪
1295,2020-10-18,电子行业周报：手机新品先后亮相 半导体代工持续火热,华安证券
1296,2020-10-15,【东方-电子】功率半导体需求旺盛，涨价潮与国产替代驱动业绩增长,电子论剑
1297,2020-10-14,电子行业：功率半导体需求旺盛,财富动力网
1298,2020-10-12,半导体板块发力走高 沪硅产业中芯国际等涨逾10%,证券时报网
1299,2020-10-12,专主业、勇创新、讲诚信、补短板 沪市公司书写高质量发展“答卷”,上证报
1300,2020-10-11,【中信建投电子|刘双锋&雷鸣团队】周报：苹果和华为新机即将发布，台积电9月营收创新高,中信建投电子研究
1301,2020-10-11,下周操盘攻略：苹果将举行新品发布会，A股三季报披露开启,Wind
1302,2020-10-09,晨会聚焦201009重点关注医药生物、上海家化,国信研究
1303,2020-10-09,华润微：上半年对第三代半导体研发投入占营收1.09%,Wind
1304,2020-10-09,华润微：公司国内首条6英寸商用SiC晶圆生产线量产新闻属实,Wind
1305,2020-10-09,电子设备：第三代半导体大有可为,新浪
1306,2020-10-01,市值增长超240%，科创板三季度榜单全面揭晓,Wind
1307,2020-09-30,下游需求旺盛+上游产能紧张，半导体细分领域产品开始涨价，这些概念股业绩亮眼,证券时报网
1308,2020-09-30,国联证券研究所10月金股组合,国联研究
1309,2020-09-30,32股获券商买入评级，富满电子目标涨幅达97.77%,Wind
1310,2020-09-28,华润微：公司积极布局和拓展碳化硅业务及供应链,Wind
1311,2020-09-28,【行情】第三代半导体板块走强，赛微电子涨8%，捷捷微电、扬杰科技、华润微等跟涨,金十数据
1312,2020-09-28,华润微第三代半导体首条生产线量产 主要领域核心技术领先拥有自主产权,长江商报
1313,2020-09-28,电子行业周报：面板产业加速整合集中度持续提升 功率半导体再添新兵,华安证券
1314,2020-09-27,【中信建投电子|刘双锋&雷鸣团队】周报：新机发布潮拉动消费电子旺盛需求，MOSFET和面板涨价明确投资机会,中信建投电子研究
1315,2020-09-25,华润微(688396)：借特色工艺平台优势 高话语权细分市场持续拓宽,新浪
1316,2020-09-25,华润微：暂未布局碳基芯片，暂未被纳入科创50指数,Wind
1317,2020-09-25,晨会聚焦200925重点关注海外、旗滨集团、科锐国际,国信研究
1318,2020-09-24,华润微：目前在积极布局第三代半导体,Wind
1319,2020-09-24,晨会聚焦200924重点关注固定收益,国信研究
1320,2020-09-24,华润微：目前在积极布局第三代半导体,格隆汇
1321,2020-09-24,【东方电子】MOSFET供需紧张，国产厂商迎量价齐升机遇,电子论剑
1322,2020-09-23,新三板主题报告：绿鞋机制或现身第二批精选层,新浪
1323,2020-09-23,【研报掘金】“十四五规划”呼之欲出 第三代半导体前景广阔看好产业链龙头公司,证券时报网
1324,2020-09-23,晨会聚焦200923重点关注大炼化行业、半导体行业、银行业,国信研究
1325,2020-09-23,中小券商谋突围：民生以量取胜，东莞国元发力创业板,第一财经
1326,2020-09-23,华润微：有部分功率半导体产品适用于5G基站电源、储能、手机充电器等终端产品中,格隆汇
1327,2020-09-22,晨会聚焦200922重点关注半导体行业、韵达股份、奕瑞科技,国信研究
1328,2020-09-22,电子元器件行业：8寸产能吃紧ASP有望调涨 MOSFET产品缺货迹象已现,新浪
1329,2020-09-22,IPO募资连续三月超500亿，有新股破发逾20%,Wind
1330,2020-09-22,H1半导体概念股业绩报告：41家营收超10亿元，IDM企业合计净利大涨150%,搜狐
1331,2020-09-22,《周观点》系列：电子周报：华为芯片供应迎转机助力预期改善 PCB预期修复毛正,新浪
1332,2020-09-21,融资融券周报2020年第37周,新浪
1333,2020-09-21,国元证券：功率半导体赛道分析,新浪
1334,2020-09-20,大基金年内投资金额远高于其减持回笼的资金金额,Wind
1335,2020-09-19,第三代半导体SIC行业深度报告：爆发式增长的明日之星,华安证券
1336,2020-09-18,半导体行业深度报告：功率半导体赛道分析,新浪
1337,2020-09-16,晨会聚焦200916重点关注传媒互联网、纺织服装、游戏行业,国信研究
1338,2020-09-16,芯片股继续活跃，中芯国际-U、韦尔股份、华润微、兆易创新普涨,Wind
1339,2020-09-16,31股获券商买入评级，华菱钢铁目标涨幅达56.86%,Wind
1340,2020-09-15,A股融资融券日报：两融余额增加37.47亿元（9月14日）,Wind
1341,2020-09-15,两周暴涨50%！游资扎堆抢筹 这只第三代半导体概念股要“飞”？,中财网
1342,2020-09-15,头部券商齐聚A股在即，中金公司IPO疾进上会,21世纪经济报道
1343,2020-09-14,融资融券周报2020年第36周,新浪
1344,2020-09-14,芯片巨头被美收购，国产芯片未来如何突围,证券之星
1345,2020-09-14,A股收盘综述：创业板综指放量升3%超80股涨超10%，成交金额再超沪市,Wind
1346,2020-09-14,A股午盘综述：创业板综指半日升3.08%共71股涨超10%，成交金额再超沪市,Wind
1347,2020-09-14,芯片板块连续拉升，韦尔股份、沪硅产业-U、中微公司、寒武纪-U、芯原股份-U等集体上涨,Wind
1348,2020-09-14,华润微（688396）深度：聚焦优质赛道的半导体制造龙头,国信研究
1349,2020-09-13,电子行业周报：静待苹果发布会 关注消费电子产业链,华安证券
1350,2020-09-12,科创板71家TMT公司半年报解密！芯片股爆发 中芯研发下血本,凤凰网
1351,2020-09-11,华润微：公司目前在积极布局第三代半导体,e公司
1352,2020-09-10,社保和养老金青睐的科创板个股,证券导报
1353,2020-09-09,解读：进击的中国第三代半导体,LED在线
1354,2020-09-08,第三代半导体热度不减快充“爆发”科创板这家企业正悄悄布局,科创板日报
1355,2020-09-08,第三代半导体系列报告之一：第三代半导体大势所趋 国内厂商全产业链布局,光大证券
1356,2020-09-07,社保+养老金重仓的科创板股票名单来了，共同持股仅两只,证券时报网
1357,2020-09-07,融资融券周报2020年第35周(8月31日至9月4日),新浪
1358,2020-09-07,电子元器件周报：科技限制不改半导体行业景气度向上 第三代半导体可望政策支持力道加大,新浪
1359,2020-09-04,国家大基金板块拉升，赛微电子涨超10%，士兰微、华润微涨超3%,Wind
1360,2020-09-02,“投行贵族”中金公司回A加速，再提“战略性并购”,Wind
1361,2020-09-02,养老金账户持有科创板股全名单,证券时报
1362,2020-09-02,沪硅产业-U(688126)：新傲科技并表带动收入增长 12英寸硅片销量提升,新浪
1363,2020-09-02,券商自营半年大赚702亿元,Wind
1364,2020-09-01,华润微：主要功率器件产品暂未提价，目前在手订单饱满,Wind
1365,2020-09-01,华润微：主要功率器件产品暂未提价目前在手订单饱满,格隆汇
1366,2020-09-01,原华润微常务副董事长陈南翔加入紫光集团,Wind
1367,2020-09-01,电报|原华润微常务副董事长陈南翔加入紫光集团担任集团联席总裁,科创板日报
1368,2020-09-01,科创板公司上半年净利124亿增长42%,Wind
1369,2020-08-31,上交所：上半年科创板上市公司持股基金数量比一季度增长10倍,Wind
1370,2020-08-28,【华西电子孙远峰团队-持续推荐沪硅产业】技术&工艺验证稳步推进，通过龙头客户认证,远峰电子
1371,2020-08-28,中信证券：9月科创50指数样本股调整，中芯国际等或有望纳入,Wind
1372,2020-08-28,“国家队”二季度，持股路线图浮出水面,Wind
1373,2020-08-28,上市公司正负面新闻2020年8月28日星期五,Wind
1374,2020-08-28,证券日报头版：科创板魅力绽放，蚂蚁上市或将引发羊群效应,Wind
1375,2020-08-27,电子行业行业深度：模拟IC黄金赛道 本土配套渐入佳境,新浪
1376,2020-08-27,华润微常务副董事长、核心技术人员陈南翔辞职 董监高成员变化,中国经济网
1377,2020-08-27,华润微(688396.SH)：聘任李虹为公司副总裁兼首席运营官,格隆汇
1378,2020-08-27,华润微(688396.SH)：陈南翔辞去常务副董事长职务 董监高成员变化,格隆汇
1379,2020-08-27,华润微：核心技术人员陈南翔申请辞去公司常务副董事长职务 董监高成员变化,Wind
1380,2020-08-27,市场热点量化解析系列第36期：2020年9月科创50指数样本股调整分析,新浪
1381,2020-08-27,“国家队”持股路线图曝光！这两大板块最受青睐,中证报
1382,2020-08-26,社保基金持有科创板股清单：新建仓8股，增持3只,证券时报
1383,2020-08-25,养老金最新持仓科创板股：重仓9股，5只新建仓,证券时报
1384,2020-08-24,本周上市公司解禁市值773.77亿：中国广核占近三成 超50亿有5家 解禁,每日经济新闻
1385,2020-08-24,电子行业研究周报：功率半导体推进第三代半导体材料发展,新浪
1386,2020-08-23,下周解禁市值暴增，中国广核就占近三成，解禁市值超50亿元达5家！ 解禁,每日经济新闻
1387,2020-08-23,电子行业周报：中报陆续披露 关注绩优龙头,新浪
1388,2020-08-22,科创板周监控第25期：科创板IPO加速扩容,新浪
1389,2020-08-22,基金掘金科创板 金山办公获青睐,金融投资报
1390,2020-08-21,下周758亿市值限售股解禁，环比增加218.17% 解禁,Wind
1391,2020-08-21,偏爱三大行业 机构持股科创板图谱曝光,大众证券报
1392,2020-08-21,“国家队”掘金科创板，社保基金持有11家公司超1200万股,21世纪经济报道
1393,2020-08-20,机构持科创板股票仓位曝光：这两只股票成“宠儿”,21世纪经济报道
1394,2020-08-19,发生了什么？创业板大跌3%，千亿疫苗股跌停,中国基金报
1395,2020-08-19,半导体板块持续走低，沪硅产业跌近12%,Wind
1396,2020-08-19,【行情】半导体板块开盘走弱，沪硅产业大跌6%，芯原股份跌5%，雅克科技、瑞芯微、华润微等跟跌,金十数据
1397,2020-08-18,华润微：1190.78万股限售股8月27日上市流通 解禁,Wind
1398,2020-08-18,华润微(688396.SH)：1190.78万股限售股8月27日解禁 解禁,格隆汇
1399,2020-08-17,电子元器件行业：台湾功率厂商7月营收创新高 功率景气度持续上行,新浪
1400,2020-08-16,华润微(688396.SH)：子公司转让矽磐微电子(重庆)195万美元股权和105万美元股权 资产异常,格隆汇
1401,2020-08-16,华润微：华微控股拟转让所持矽磐微电子股权 资产异常,Wind
1402,2020-08-15,券商持仓曝光！新进重仓五公司,Wind
1403,2020-08-12,社保基金新进重仓股名单来了，精准布局智飞生物、西藏药业！,环球老虎财经
1404,2020-08-12,华润微：预计今年年底完成8英寸高端传感器和功率半导体项目厂房建设,科创板日报
1405,2020-08-11,基金掘金科创板 医药仍受青睐,金融投资报
1406,2020-08-11,外资A股持仓更新，高盛、小摩、瑞银重仓名单抢先看,Wind
1407,2020-08-11,华润微：可为客户提供110纳米的工艺制程特色晶圆制造技术服务,科创板日报
1408,2020-08-11,闻泰科技(600745)：5G驱动ODM业务景气向上 协同安世打开长期成长空间,新浪
1409,2020-08-11,融资融券周报2020年第31周(8月3日至8月7日),新浪
1410,2020-08-10,社保基金现身54股，青睐消费医药和制造业,Wind
1411,2020-08-07,社保基金二季度持有3只科创板股：新进2股 加仓1股,证券时报网
1412,2020-08-07,科创板股机构持仓揭秘：社保重仓3股，养老金青睐4股，两大机构同时建仓这只半导体龙头,证券时报
1413,2020-08-07,日发4家成常态？新股扎堆“三高发行”再现市场,Wind
1414,2020-08-06,半导体利好来了中国IDM模式迎机遇?|科技心语,第一财经
1415,2020-08-06,中芯国际(688981)投资价值分析报告：新一轮扩产周期启动 这一次的中芯可有大不同？,光大证券
1416,2020-08-06,社保基金最新持仓！追高大消费、甩卖中小市值,券商中国
1417,2020-08-06,半导体行业报告：半导体制造龙头投建新厂 引领行业正向循环,新浪
1418,2020-08-06,国家队调仓路线图抢先看！最牛持仓股涨373%,证券时报网
1419,2020-08-06,二季度养老金最新持仓动向曝光，8只个股成“新宠”,Wind
1420,2020-08-05,中芯国际-U(688981)点评报告：开启国产半导体发展黄金10年 惠及全产业链加速成长,新浪
1421,2020-08-05,主力凶猛扫货芯片股，9股上亿资金杀入！,证券时报网
1422,2020-08-05,半导体行业研究：全产业链加大扶持力度 分级优惠鼓励做强,国金证券股份有限公司
1423,2020-08-05,国务院出手：3万亿芯片板块迎超重磅利好，细分龙头全梳理,证券时报网
1424,2020-08-05,国务院出手 3万亿芯片板块迎超重磅利好,金融界
1425,2020-08-05,8月A股解禁规模骤减，部分个股减持压力依然较大 减持股份,Wind
1426,2020-08-04,社保基金、养老金最新扫货路线图曝光！这些重仓股都涨嗨了,Wind
1427,2020-08-03,融资融券周报2020年第30周,新浪
1428,2020-08-03,电子行业周报：苹果财报发布 关注面板涨价周期,新浪
1429,2020-08-03,一周概念股：全球手机镜头市场格局有望重塑，特斯拉零部件国产化提速,搜狐
1430,2020-08-01,华润微：超预期（附点评）,半导体风向标
1431,2020-07-31,【行情】半导体板块尾盘持续拉升，北方华创涨停，沪硅产业大涨8%，中芯国际、长电科技、华润微、苏州固锝等集体拉升,金十数据
1432,2020-07-31,A股“期中考”发榜 贵州茅台、宝丰能源等成绩亮眼 未来可期,红周刊
1433,2020-07-31,社保、养老金同时盯上2股，包括一只半导体龙头股,证券时报网
1434,2020-07-31,82股获券商买入评级，创源文化目标涨幅达92.86%,Wind
1435,2020-07-31,【读财报】华润微半年报：折旧下降助推毛利率提升 疫情影响或在三季度体现,新华网
1436,2020-07-31,66家科创板公司剧透中报业绩：二季度疫情影响减弱、业绩分水岭再现,Wind
1437,2020-07-30,国家队重仓股曝光 社保、养老金同时盯上两股,新浪
1438,2020-07-30,华润微2020上半年营收30.63亿元，归母净利润增速145.27%,凤凰网
1439,2020-07-30,【电子】华润微：盈利能力提升明显，H1业绩高增长,中银证券研究
1440,2020-07-30,特斯拉八成零部件国产化有多香？半导体和手机产业链企业跨界分食,搜狐
1441,2020-07-30,科创板中报：疫情影响减弱分水岭再现,21世纪经济报道
1442,2020-07-30,A股融资融券日报 ：两融余额增加148.46亿元（7月29日）,Wind
1443,2020-07-30,【华润微（688396.SH）】20H1业绩超预期，中国“英飞凌”指日可待——2020年中报点评（刘凯）,光大证券
1444,2020-07-30,科创板成绩单出炉:6成企业盈利 东方生物猛增12倍,华夏时报
1445,2020-07-30,66家科创板公司剧透中报业绩： 二季度疫情影响减弱，业绩分水岭再现,21世纪经济报道
1446,2020-07-29,“新基建”下功率半导体龙头持续发力 华润微上半年扣非净利同比增466.46%,证券日报
1447,2020-07-29,华润微(688396)2020年中报点评：20H1业绩超预期 中国“英飞凌”指日可待,光大证券
1448,2020-07-29,华润微上半年营收超30亿 “新基建”下功率半导体龙头持续发力,证券时报网
1449,2020-07-29,巨·热点|人气回升迎来强势反弹 五大板块倍受市场青睐！,巨丰财经
1450,2020-07-29,华润微(688396)：中报业绩超预期 盈利能力有望趋势性提升,广发证券
1451,2020-07-29,华润微(688396)：特色工艺平台龙头 盈利进入加速释放期,新浪
1452,2020-07-29,芯片股尾盘全线爆发，沪硅产业涨近15%,Wind
1453,2020-07-29,茅台的投资逻辑不变，医药股卷土重来，消费、医药和科技热点轮动，A股核心资产的结构化牛市很美味,财经
1454,2020-07-29,市场交易主力资金系列：红筹回归&CDR全景投资手册,新浪
1455,2020-07-29,华润微上半年净利润4.03亿元 主要系公司产能利用率提升较大,资本邦
1456,2020-07-29,解盘：资金快速流入，半导体、生物疫苗、次新、高价股领涨,Wind
1457,2020-07-29,华润微(688396)：无惧疫情逆势增长 持续受益国产替代,新浪
1458,2020-07-29,华润微发布2020年半年度募集资金存放与实际使用情况 募集资金37.5亿元,和讯
1459,2020-07-29,【面包财报】华润微：2020年上半年归母净利润4.03亿元，同比增长145.27%,面包财经
1460,2020-07-29,华润微（688396）财报点评：多业务齐头并进，业绩超预期,国信研究
1461,2020-07-29,A股异动丨华润微(688396.SH)高开8.78% 上半年净利升145.27%至4.03亿元,格隆汇
1462,2020-07-29,华润微高开近9%，上半年净利同比增145%,Wind
1463,2020-07-29,华润微(688396)：产品结构改善及费用控制带动2Q净利润大幅超预期,新浪
1464,2020-07-29,A股早报2020年7月29日星期三,Wind
1465,2020-07-28,华润微公布半年报 上半年净利增加145.27%,新浪
1466,2020-07-28,华润微：上半年净利润同比增长145.27%,中证网
1467,2020-07-28,净利增长145.27%！华润微半年报发布SiC功率器件、IGBT等多个项目在研,科创板日报
1468,2020-07-28,华润微半年报：上半年净利润同比增长145%国家集成电路产业投资基金持股比例上升到6.43%,科创板日报
1469,2020-07-28,华润微(688396.SH)：与关联方联合开展科技研发项目,格隆汇
1470,2020-07-28,华润微(688396.SH)：上半年净利升145.27%至4.03亿元,格隆汇
1471,2020-07-28,华润微：上半年净利润同比增长145%至4亿元,格隆汇
1472,2020-07-28,华润微：上半年净利4.03亿元 同比增145%,e公司
1473,2020-07-28,华润微：上半年净利润同比增长145.27%,Wind
1474,2020-07-28,电子元器件行业：三因素驱动 看好功率市场景气上行,新浪
1475,2020-07-28,华润微大宗交易成交6.60万股成交额324.59万元,证券时报网
1476,2020-07-28,华润微现1笔大宗交易 共成交324.59万元,新浪
1477,2020-07-28,电子元器件周报：台积电Q2业绩再次超预期增长 MINILED应用放量在即,新浪
1478,2020-07-28,华润微今日大宗交易成交6.60万股，成交价49.18元溢价0.0%,Wind
1479,2020-07-28,蚂蚁、京东、吉利抢着来这上市！中国版纳斯达克创下了哪些纪录,中国经济周刊
1480,2020-07-26,科技硬件周报(7/25)：关注市场波动和美股业绩期,新浪
1481,2020-07-24,下半年半导体产业能否依然保持高景气度？,上证报
1482,2020-07-24,2020年全球及中国半导体产业市场现状及发展前景分析 推动国产替代提升国际竞争力,前瞻研究院
1483,2020-07-24,半导体产业下半年景气度可期 两大国产替代领域前景光明,上证报
1484,2020-07-24,半导体产业下半年景气度可期，国产替代仍是主线,Wind
1485,2020-07-24,51只科创主题基金二季报亮相，重仓17只科创板个股,Wind
1486,2020-07-23,A股融资融券日报：两融余额增加72.2亿元（7月22日）,Wind
1487,2020-07-23,华润微常务副董事长陈南翔： 助力半导体企业参与全球竞争，科创板上市是手段不是目的,21世纪经济报道
1488,2020-07-22,猛！百亿爆款基金仓位88% 今年成立爆款最高收益38%,中证报
1489,2020-07-22,《科创板白皮书2020》正式发布,上证报
1490,2020-07-22,不同的经历，相同的“硬核” 它们站上了科创板舞台,上证报
1491,2020-07-22,41家券商同享科创板盛筵，平均每家跟投浮盈超3.6亿元,Wind
1492,2020-07-22,科创板融资已超2100亿，企业逐鹿全球仍须努力,Wind
1493,2020-07-22,科创板融资已超2100亿企业逐鹿全球仍须努力,证券时报
1494,2020-07-21,科创板开市一周年，科创能力哪家强？这个榜单“正面刚”！,每日经济新闻
1495,2020-07-20,开创红筹回A高速公路，华润微、中芯国际完成测试跑,Wind
1496,2020-07-20,开创红筹回A高速公路 华润微、中芯国际完成测试跑,证券日报
1497,2020-07-18,科创板IPO一周年，130家企业累计募资逾2000亿元,Wind
1498,2020-07-17,中芯国际市值6000亿？很多人都算错了！,证券时报网
1499,2020-07-17,中芯国际市值之辩：AH股分开计算更合理？,证券时报
1500,2020-07-16,中芯国际上市首日券商打新浮盈4.15亿元 两家券商子公司跟投合计浮盈高达37亿元,证券日报
1501,2020-07-16,中芯国际市值大家都算错了：这样算少3000亿,e公司
1502,2020-07-16,茅台大跌8%！科技、消费、医药遭团灭！中芯开盘暴涨246%，比茅台还珍贵？,新浪
1503,2020-07-16,上市首日涨超200%，中芯国际后市如何走？,Wind
1504,2020-07-16,科创板新王诞生！中芯国际市值突破6000亿，比茅台更珍贵？,搜狐
1505,2020-07-16,比茅台更珍贵，估值或超台积电？中芯国际太火爆了，半天成交383亿元，总市值超6000亿,e公司
1506,2020-07-16,冰火两重天：中芯国际A股大涨超200% 港股一度大跌超20%,21世纪经济报道
1507,2020-07-16,芯片巨头来了！开盘暴涨246%，半小时吸金超262亿，后市如何走,券商中国
1508,2020-07-16,中芯国际科创板上市高开246%报95元总市值达6780亿元,金融界
1509,2020-07-16,中芯国际快评：中芯国际比贵州茅台更珍贵,国信研究
1510,2020-07-16,A股融资融券日报：两融余额增加10.73亿元（7月15日）,Wind
1511,2020-07-16,今天，“中国芯”正式登陆A股,Wind
1512,2020-07-15,中芯国际(688981)深度研究报告：半导体国产化基石 先进制程稳步推进,新浪
1513,2020-07-15,国家大基金板块跌幅超过4%，华润微、景嘉微、晶方科技、兆易创新重挫,Wind
1514,2020-07-14,电子元器件周报：需求复苏刺激行业重拾增长节奏 业绩向好预演财报季行情,新浪
1515,2020-07-13,【行情】半导体板块午后大涨，万业企业涨停，江化微涨8.15%，华润微、华微电子、有研新材等跟涨,金十数据
1516,2020-07-13,沪硅产业-U、华润微大涨，带动半导体硅片板块走升,Wind
1517,2020-07-13,【宏观】逐渐回归正常状态——2020年6月金融数据点评（张文朗）,光大证券
1518,2020-07-12,国泰君安总量团队联合解读牛市从何而来 | 国君周知,国泰君安证券研究
1519,2020-07-10,57股获券商买入评级 长安汽车目标涨幅达46.17%,Wind
1520,2020-07-08,华润微今日大宗交易成交5万股，成交价57.81元溢价0.0%,Wind
1521,2020-07-07,科创板：今年融资余额合计154.66亿元，华润微最高,资本邦
1522,2020-07-07,华润微现1笔大宗交易 共成交570.70万元,新浪
1523,2020-07-07,成交量连续4天破万亿，上证50继续领涨A股,Wind
1524,2020-07-07,中芯国际(00981.HK)重大事件快评：科创板完成定价，开启AH估值趋同行情,国信证券
1525,2020-07-07,一文读懂中芯国际申购：顶格获配842签 有券商预测市值可到6500亿元,腾讯网
1526,2020-07-07,A股融资融券日报：两融余额增加389.61亿元（7月6日),Wind
1527,2020-07-07,逾2000只公募产品参与中芯国际打新，半导体龙头或扛起牛市大旗,Wind
1528,2020-07-07,本土功率半导体IDM龙头，华润微核心竞争力在哪里?,自动化网
1529,2020-07-06,科技行业日报：中芯国际将申购 利好半导体设备与材料,新浪
1530,2020-07-06,国信证券：中芯国际(00981)H股股价将向科创板股价看齐 目标价看至46-48港元,智通财经
1531,2020-07-06,中芯国际股价一个月翻番，芯片股共襄盛宴,Wind
1532,2020-07-06,半导体板块持续拉升，沪硅产业-U涨停,Wind
1533,2020-07-06,【国信港股&海外】科创板完成定价，开启AH估值趋同行情,学恒的海外观察
1534,2020-07-06,国家大基金板块大涨近6%，沪硅产业-U、安集科技、华润微、兆易创新等全线飙升,Wind
1535,2020-07-05,【中信建投电子|刘双锋&雷鸣团队】周报：苹果产业链下半年表现值得期待，面板价格有望迎来企稳修复,中信建投电子研究
1536,2020-07-05,中芯国际科创板上市，网下整体申购倍数为164.78倍,Wind
1537,2020-07-04,发布2款功率器件+6英寸产线量产 华润微点燃碳化硅“双响炮”,上证报
1538,2020-07-04,研报掘金|功率半导体中的一支独秀，十八个交易日涨幅接近40%，有何来头?,格隆汇
1539,2020-07-03,7月3日科创板主力资金净流出15.51亿元,证券时报网
1540,2020-07-03,一周通读：光大证券重点报告精选,光大证券
1541,2020-07-03,A股融资融券日报：两融余额增加140.38亿元（7月2日）,Wind
1542,2020-07-02,2020年电子行业中期策略：指标公司盈利强劲 半导体行业景气度仍可期,新浪
1543,2020-07-02,华润微大涨约13%，带动半导体硅片板块走升,Wind
1544,2020-07-02,上半年118家企业上市募资1393亿元 广东江苏浙江领先,中国经济网
1545,2020-07-02,科技行业日报：中芯国际将开启申购 国产替代逻辑长存,新浪
1546,2020-07-01,解盘：百亿资金流入，白酒、免税店、品牌龙头领涨,Wind
1547,2020-07-01,国家大基金板块持续拉升，兆易创新、汇顶科技、华润微、紫光国微大涨,Wind
1548,2020-07-01,A股融资融券日报：两融余额增加135.2亿元（6月30日),Wind
1549,2020-07-01,一二级市场齐头并进，投行股权承销收入翻番,Wind
1550,2020-06-30,国家大基金板块午后再度拉升，安集科技、瑞芯微、华润微、三安光电扩大涨幅,Wind
1551,2020-06-30,华润微：中芯国际是一家晶圆代工厂商，与公司没有直接竞争关系,Wind
1552,2020-06-30,华润微：中芯国际与公司没有直接竞争关系,e公司
1553,2020-06-29,29天闯关科创板，中芯国际在A股将值多少钱？,Wind
1554,2020-06-23,电子行业2020年下半年投资策略：一个世界两套系统 创新重启加速替代,光大证券
1555,2020-06-23,半导体行业快评：半导体制造大年 买入并坚定持有中芯国际与华虹半导体,新浪
1556,2020-06-23,至纯科技(603690)：12寸单片湿法设备实现交付 未来可期,广发证券
1557,2020-06-22,芯片国产化进程加快，A股小伙伴“加速”入场,Wind
1558,2020-06-22,华润微及子公司近2月合计收到政府补助4155.36万元,资本邦
1559,2020-06-22,国信证券：投资中芯国际“十问十答”,新浪
1560,2020-06-22,华润微获得政府补助 补助金额4155万元,和讯
1561,2020-06-21,华润微及子公司近期获政府补助4155.36万元 对公司今年及之后年度利润将产生积极影响,发布易
1562,2020-06-21,华润微：获得4155万元政府补助,证券时报网
1563,2020-06-20,"【国信港股&海外】投资中芯国际""十问十答""",学恒的海外观察
1564,2020-06-18,科创板一周年“成绩单”,21世纪经济报道
1565,2020-06-17,科创板一周年特别报道｜幼苗虽小亦能参天,财华社
1566,2020-06-17,A股融资融券日报：两融余额增加79.14亿元（6月16日),Wind
1567,2020-06-16,逾半数科创板公司股价翻倍,Wind
1568,2020-06-15,A股融资融券日报：两融余额减少5.93亿元（6月12日),Wind
1569,2020-06-14,火热的免税行业，新高的美妆巨头 | 国君周知,国泰君安证券研究
1570,2020-06-13,筑巢引凤！科创板开板一周年，开创A股历史上多个“第一”,每日经济新闻
1571,2020-06-12,A股融资融券日报：两融余额增加30.2亿元（6月11日),Wind
1572,2020-06-11,A股融资融券日报：两融余额增加21.86亿元（6月10日）,Wind
1573,2020-06-10,科创板一周年：细数四大“破冰”事件,北京商报
1574,2020-06-10,华润微获超50家外资机构调研成科创板最受外资关注公司,科创板日报
1575,2020-06-10,A股融资融券日报：两融余额增加19.15亿元（6月9日）,Wind
1576,2020-06-09,华润微：预计今年封装测试业务收入会有所增加,科创板日报
1577,2020-06-09,A股融资融券日报：两融余额增加47.53亿元（6月8日）,Wind
1578,2020-06-09,34股获券商买入评级，东方日升目标涨幅达53.96%,Wind
1579,2020-06-08,A股喊话“回来吧” 华润微等3只红筹先锋队光速响应,上证报
1580,2020-06-08,A股融资融券日报：两融余额减少11.51亿元（6月5日）,Wind
1581,2020-06-08,华润微(688396)：功率IDM龙头 前瞻布局第三代半导体空间远大,新浪
1582,2020-06-07,对赌协议放宽！红筹企业科创板上市指南出炉，回归清障？,中财网
1583,2020-06-06,红筹企业回归A股“最后一公里”打通 上交所发布通知，对红筹企业申报科创板发行上市作出针对性安排,上证报
1584,2020-06-05,A股融资融券日报：两融余额增加19.61亿元（6月4日）,Wind
1585,2020-06-04,华润微2019年分红派发：合计派现金4012.55万元,资本邦
1586,2020-06-04,A股融资融券日报：两融余额增加27.1亿元（6月3日）,Wind
1587,2020-06-03,华润微(688396.SH)年报推10派0.33元 股权登记日6月10日,格隆汇
1588,2020-06-03,天合光能或本月中旬上市且超400亿市值 海优威和明冠新材排队科创板,北极星电力
1589,2020-06-03,A股融资融券日报：两融余额增加41.39亿元（6月2日）,Wind
1590,2020-06-03,前五月93家企业上市募资1132亿元 广东江苏浙江领跑,中国经济网
1591,2020-06-02,华润微：公司在产品设计过程中会使用到EDA设计软件,上证报
1592,2020-06-01,沪硅产业-U(688126)点评：收购上海新昇少数股东股权 助力12英寸硅片国产化提速,新浪
1593,2020-06-01,A股融资融券日报：两融余额减少24.85亿元（5月29日）,Wind
1594,2020-05-28,华润微(688396)公司深度报告：国内半导体IDM龙头 立足功率半导体聚焦特色工艺,新浪
1595,2020-05-28,华润微携手成都锐成芯微推出创新型eFlash解决方案,SEMI
1596,2020-05-28,首次写入政府工作报告！新基建成新蓝海：五大领域总投资将达10万亿,21世纪经济报道
1597,2020-05-28,A股融资融券日报：两融余额减少1.54亿元（5月27日）,Wind
1598,2020-05-27,今日3只待申购，还有高中签率新股在路上,证券时报网
1599,2020-05-26,融资融券周报2020年第20周,新浪
1600,2020-05-21,东南亚MOSFET产能“渐冻”，国内厂商争取“试用”机会,国际电子商情
1601,2020-05-20,百亿私募集中调研华润微 国内唯一名不虚传,巨丰财经
1602,2020-05-20,科创板晚报|光峰科技变更董事会秘书自动驾驶巨头Waymo再获7.5亿美元融资,科创板日报
1603,2020-05-20,华润微(688396.SH)：选举陈小军担任公司董事长,格隆汇
1604,2020-05-19,34家券商跟投科创板实现浮盈超64亿元，加码布局另类子公司,Wind
1605,2020-05-18,科创板收评 | 两只新股登陆科创板，上市首日涨幅均逾90%,第一财经
1606,2020-05-18,58只科创板个股融资余额环比增加 华润微融资余额最高,证券时报网
1607,2020-05-15,49只科创板个股融资余额环比增加 华润微融资余额最高,证券时报网
1608,2020-05-14,杠杆资金5天加仓近300亿 一大批股票创新高（名单）,中证报
1609,2020-05-13,华润微现1笔大宗交易 共成交262.02万元,新浪
1610,2020-05-13,华润微今日大宗交易成交6.60万股，成交价39.7元溢价0.0%,Wind
1611,2020-05-12,芯朋微IPO：与客户三角关系存疑，采购单价与供应商矛盾,中金在线
1612,2020-05-12,【光大电子通信|科技大讲堂 4 之功率半导体】,EBSCN电子
1613,2020-05-11,科创板2019年年报整体扫描，成绩如何？,钛媒体
1614,2020-05-11,次新股指数六连阳，博弈风险加剧,Wind
1615,2020-05-07,券商首次关注5股并给予买入评级（5月7日）,Wind
1616,2020-05-07,【东北电子张世杰】华润微（688398.SH）深度报告：制造与产品两翼齐飞，IDM航母再启航,东北证券研究所
1617,2020-05-07,前四个月券商IPO承销收入近40亿元同比增长75%,Wind
1618,2020-05-06,中泰电子|功率半导体2019年报&2020一季报综述：景气度触底回升，疫情促进国产替代,刘翔电子研究
1619,2020-05-06,【国信港股&海外】半导体制造大年，买入并坚定持有中芯国际与华虹半导体,学恒的海外观察
1620,2020-05-06,红筹企业回归A股门槛显著降低,Wind
1621,2020-04-30,科创板一季报|半导体板块：10家公司净利增长华润微增速最高,科创板日报
1622,2020-04-30,科创板收评 | 95只个股上涨，沪硅产业和聚辰股份涨停,第一财经
1623,2020-04-30,上交所：科创板公司年报全部披露，亮点纷呈,Wind
1624,2020-04-29,4月29日四大证券报精华摘要：银行理财产品收益率跌破4% 保险产品和资产配置走俏,证券日报
1625,2020-04-29,华润微业绩首秀：低基数致一季度利润大幅上涨，折旧下降推升毛利率,面包财经
1626,2020-04-29,业绩说明会开启IC主题周 两公司打头阵细说好前景,上证报
1627,2020-04-29,公募掘金次新股，200只基金扎堆京沪高铁,Wind
1628,2020-04-29,科创板迎来第100家上市企业，近两成公司研发投入占比20%以上,Wind
1629,2020-04-28,华润微：预计未来两月业绩仍平稳 下半年半导体市场尚无法预估,e公司
1630,2020-04-28,华润微：外延并购是公司发展驱动力之一,金融界
1631,2020-04-28,华润微陈南翔：今年碳化硅会形成销售,金融界
1632,2020-04-28,华润微陈南翔：二季度订单依然充足,上证报
1633,2020-04-28,华润微：全球半导体产业如果新建产能走差异化道路 产能就不会过剩,e公司
1634,2020-04-28,【直播】华润微2019年度业绩说明会,e公司
1635,2020-04-27,A股融资融券日报：两融余额减少69.89亿元（4月24日）,Wind
1636,2020-04-27,华润微上市俩月首份年报营收净利双降 中金保荐汗颜 盈利能力下降,中国经济网
1637,2020-04-27,社保养老金买入两科创板股票 私募大咖邓晓峰王亚伟也出手,中国基金报
1638,2020-04-24,【华润微|国信电子】财报点评：中国最大的IDM半导体迎风起航,国信电子研究
1639,2020-04-24,【中航军工】华润微（688396）2019年报点评：短期业绩承压，长期将持续受益于国产替代红利 盈利能力下降,微信
1640,2020-04-24,中泰电子丨华润微2019年报&2020一季报点评：功率半导体景气度攀升，业绩大幅增长,刘翔电子研究
1641,2020-04-24,券商首次关注8股并给予买入评级（4月24日）,Wind
1642,2020-04-24,A股融资融券日报：两融余额增加0.38亿元（4月23日）,Wind
1643,2020-04-24,258股获券商买入评级，海普瑞目标涨幅达80.59%,Wind
1644,2020-04-23,【中金电子与通信】华润微（688396.SH）：1Q20：产品结构改善推动利润超预期,乐平科技视角
1645,2020-04-23,“红筹第一股”华润微年营收超57亿元 一季度净利润增长逾6倍,证券日报
1646,2020-04-23,华润微（688396）财报点评：中国最大的IDM半导体迎风起航,国信研究
1647,2020-04-23,晨会聚焦200423重点关注中国国旅、安车检测、珀莱雅、太阳纸业、爱婴室、光环新网、中国联通、常熟银行、华润微、景旺电子,国信研究
1648,2020-04-23,【华西电子孙远峰团队-持续推荐华润微】功率半导专芯致志，特色工艺术业专攻,远峰电子
1649,2020-04-23,华润微：全产业链产品优势强 客户粘度高丨公司问答,第一财经
1650,2020-04-23,48只科创板股融资余额环比增加,证券时报网
1651,2020-04-23,A股异动丨华润微盘初大涨逾14% 一季度净利暴增631.73%至1.14亿元,格隆汇
1652,2020-04-23,销售收入和毛利率下滑 华润微2019年盈利降6.68%至4亿元 盈利能力下降,资本邦
1653,2020-04-23,A股融资融券日报：两融余额增加36.64亿元（4月22日）,Wind
1654,2020-04-22,华润微一季度净利同比增逾六倍,金融界
1655,2020-04-22,科创板晚报|华润微一季度净利增6倍半导体分析检测公司“胜科纳米”获千万投资,科创板日报
1656,2020-04-22,华润微：董事长李福利辞职 董监高成员变化,Wind
1657,2020-04-22,华润微：一季度净利1.14亿元 同比增632%,e公司
1658,2020-04-22,华润微(688396.SH)一季度净利升631.73%至1.14亿元,格隆汇
1659,2020-04-22,华润微：一季度净利润同比增长631.73%,Wind
1660,2020-04-22,华润微：2019年净利润同比减少6.68% 盈利能力下降,Wind
1661,2020-04-22,科创板股融资融券余额每日变动（4月21日）,证券时报网
1662,2020-04-22,A股融资融券日报：两融余额增加10.51亿元（4月21日）,Wind
1663,2020-04-22,【华西电子孙远峰团队-持续推荐华润微】产品业务占比逐渐提升，IGBT/SiC持续突破,远峰电子
1664,2020-04-21,43只科创板股融资余额环比增加,证券时报网
1665,2020-04-21,A股融资融券日报：两融余额增加42.91亿元（4月20日）,Wind
1666,2020-04-20,34只科创板股融资余额环比增加,证券时报网
1667,2020-04-17,A股融资融券日报：两融余额增加21.15亿元（4月16日）,Wind
1668,2020-04-17,科创板股融资融券余额每日变动（4月16日）,证券时报网
1669,2020-04-16,A股融资融券日报：两融余额减少0.95亿元（4月15日）,Wind
1670,2020-04-16,科创板股融资融券余额每日变动（4月15日）,证券时报网
1671,2020-04-15,A股融资融券日报：两融余额增加8.75亿元（4月14日）,Wind
1672,2020-04-15,47只科创板股融资余额环比增加,证券时报网
1673,2020-04-14,华润微：获得政府补助6045.86万元,金融界
1674,2020-04-14,华润微(688396.SH)近期累计获6045.86万元政府补助,格隆汇
1675,2020-04-14,A股融资融券日报：两融余额减少5.11亿元（4月13日）,Wind
1676,2020-04-14,科创板股融资融券余额每日变动（4月13日）,证券时报网
1677,2020-04-13,A股融资融券日报：两融余额减少69.06亿元（4月10日）,Wind
1678,2020-04-13,科创板股融资融券余额每日变动（4月10日）,证券时报网
1679,2020-04-10,科创板股融资融券余额每日变动（4月9日）,证券时报网
1680,2020-04-10,A股融资融券日报：两融余额增加27.65亿元（4月9日）,Wind
1681,2020-04-09,A股融资融券日报：两融余额减少0.1亿元（4月8日）,Wind
1682,2020-04-09,科创板股融资融券余额每日变动（4月8日）,证券时报网
1683,2020-04-08,A股融资融券日报：两融余额增加64.16亿元（4月7日）,Wind
1684,2020-04-08,科创板股融资融券余额每日变动（4月7日）,证券时报网
1685,2020-04-07,A股融资融券日报：两融余额减少72.42亿元（4月3日）,Wind
1686,2020-04-07,34只科创板股融资余额环比增加,证券时报网
1687,2020-04-03,华润微(688396.SH)：超额配售选择权已获全额行使 国家集成电路产业投资基金持股升至6.43%,格隆汇
1688,2020-04-03,A股融资融券日报：两融余额增加17.64亿元（4月2日）,Wind
1689,2020-04-03,46只科创板股融资余额环比增加,证券时报网
1690,2020-04-02,科创板收评 | 6只个股涨幅超10%，仅有博瑞医药、东方生物收跌,第一财经
1691,2020-04-02,44只科创板股融资余额环比增加,证券时报网
1692,2020-04-01,42只科创板股融资余额环比增加,证券时报网
1693,2020-03-31,龙头稳固，2020年度一季度中国上市企业市值500强榜单发布,Wind
1694,2020-03-31,A股融资融券日报：两融余额减少40.59亿元（3月30日）,Wind
1695,2020-03-30,3月30日科创板主力资金净流出7.97亿元,证券时报网
1696,2020-03-30,A股融资融券日报：两融余额减少56.76亿元（3月27日）,Wind
1697,2020-03-27,A股融资融券日报：两融余额减少37.84亿元（3月26日）,Wind
1698,2020-03-26,券商首次关注10股并给予买入评级（3月26日）,Wind
1699,2020-03-26,A股融资融券日报：两融余额增加25.49亿元（3月25日）,Wind
1700,2020-03-26,91股获券商买入评级 精工钢构目标涨幅达70.16%,Wind
1701,2020-03-25,科创板周报—20200316-20200320,申万宏源定增俱乐部
1702,2020-03-25,华润微：瞄准世界一流的IDM模式功率半导体龙头,--
1703,2020-03-25,A股融资融券日报：两融余额减少4.98亿元（3月24日）,Wind
1704,2020-03-24,全球确诊超37万！金融市场遭重创，六大产业影响解读,证券时报网
1705,2020-03-24,【中金电子与通信】华润微（688396.SH）：功率半导体龙头，成品化+技术升级推动公司稳健增长,乐平科技视角
1706,2020-03-24,A股融资融券日报：两融余额减少102.亿元（3月23日）,Wind
1707,2020-03-23,上证指数收跌3.11%，创逾13个月收盘新低,Wind
1708,2020-03-23,A股融资融券日报：两融余额减少54.7亿元（3月20日）,Wind
1709,2020-03-20,科创板周报—20200309-20200313,申万宏源定增俱乐部
1710,2020-03-20,A股融资融券日报：两融余额增加39.59亿元（3月19日）,Wind
1711,2020-03-18,华润微电子：产线全面复工，扛起国产芯片使命担当丨复工复产进行时,电子信息产业网
1712,2020-03-18,38只科创板股融资余额环比增加,证券时报网
1713,2020-03-17,科创板收评 | 个股涨跌互现 紫晶存储和安恒信息涨超10%,第一财经
1714,2020-03-17,科创板股融资融券余额每日变动（3月16日）,证券时报网
1715,2020-03-17,A股融资融券日报：两融余额减少176.3亿元（3月16日）,Wind
1716,2020-03-16,“战疫”政策助力中小科创企业，关注生物安全主题“破局” ——科创板周观察,修炼投资的水晶球
1717,2020-03-16,28只科创板股融资余额环比增加,证券时报网
1718,2020-03-15,科创板第三十三周交易大复盘：新鲜事有趣事创纪录的事一应俱全,新浪
1719,2020-03-15,华润微：公司产品可应用于人体测温 但收入占比较小,新浪
1720,2020-03-15,华润微：公司应用于人体测温芯片产品在手订单金额相对较小,e公司
1721,2020-03-15,华润微澄清媒体报道：多项产品可应用于人体测温，但销售占比较低,Wind
1722,2020-03-14,华润微陈南翔：保障测温芯片产能,e公司
1723,2020-03-13,科创板股融资融券余额每日变动（3月12日）,证券时报网
1724,2020-03-12,科创板收评 | 个股多数下跌 紫晶存储跌超5%,第一财经
1725,2020-03-12,33只科创板股融资余额环比增加,证券时报网
1726,2020-03-11,A股融资融券日报：两融余额增加56.05亿元（3月10日）,Wind
1727,2020-03-11,科创板股融资融券余额每日变动（3月10日）,证券时报网
1728,2020-03-11,科创板首份年报：乐鑫科技利润增6成 毛利率有所下降 盈利能力下降,面包财经
1729,2020-03-10,科创板收评 | 科创板重现普涨格局 芯源微涨停,第一财经
1730,2020-03-09,3月9日科创板主力资金净流出24.37亿元,证券时报网
1731,2020-03-09,华润微稳中求进：全产业链优势凸显押注大健康赛道,Ofweek
1732,2020-03-09,A股融资融券日报：两融余额减少50.71亿元（3月6日）,Wind
1733,2020-03-09,37只科创板股融资余额环比增加,证券时报网
1734,2020-03-06,3月6日科创板主力资金净流出8.45亿元,证券时报网
1735,2020-03-06,科创板股融资融券余额每日变动（3月5日）,证券时报网
1736,2020-03-04,前两月21券商赚保荐承销费20亿 中金中信广发赚最多,中国经济网
1737,2020-03-04,A股融资融券日报：两融余额增加65.11亿元（3月3日）,Wind
1738,2020-03-04,【科新先声】科创板公司上市首份年度快报，TMT行业公司表现如何？【安信诸海滨团队】,诸海滨科新先声
1739,2020-03-02,半导体业：积极担责，承压前行丨“战疫情复生产稳增长”系列报道之二,电子信息产业网
1740,2020-03-02,6只科创板股尾盘现大额资金净流入,证券时报网
1741,2020-03-02,创下A股IPO史上多个首例!打造半导体全产业链 华润微真能冲出重围？,第一财经
1742,2020-03-02,A股融资融券日报：两融余额减少224.68亿元（2月28日）,Wind
1743,2020-03-02,A股早报2020年3月2日星期一,Wind
1744,2020-03-01,"科创板审核注册全面恢复 两光伏企业""现场+视频""上会",新浪
1745,2020-02-28,3只科创板个股主力资金净流入超亿元,证券时报网
1746,2020-02-28,5只科创板股尾盘现大额资金净流入,证券时报网
1747,2020-02-28,红筹第一股华润微登科创板 半导体巨头为何瞄准大健康,华夏时报
1748,2020-02-28,科创板红筹第一股！华润微(688396.SH)上市第二日继续逆势大涨18%创新高市值突破600亿,格隆汇
1749,2020-02-28,快讯：半导体板块大幅拉升 华润微盘中涨超16%,新浪
1750,2020-02-28,A股融资融券日报：两融余额减少15.07亿元（2月27日）,Wind
1751,2020-02-28,中金“保”驾 华润微回A 科创板上演红筹股首秀,上证报
1752,2020-02-28,四大报精华摘要:长期看多A股 央企上演复工者联盟,证券日报
1753,2020-02-28,科创板迎来红筹第一股 华润微高管在线谈“芯”,上证报
1754,2020-02-28,华润微成功登陆科创板 大基金参与战略配售,中证报
1755,2020-02-28,首单红筹架构股登陆科创板,21世纪经济报道
1756,2020-02-27,账户“二合一” 人民币跨境金融服务创新支持A股“红筹第一股”上市,中国金融新闻网
1757,2020-02-27,A股市场主力资金净流出338.37亿元 华润微净流入额居首,中证网
1758,2020-02-27,首家引入绿鞋华润微上市 换手率今年科创板新股最低,新浪
1759,2020-02-27,A股红筹第一股！华润微登陆科创板，开盘涨幅290%，无锡上市军团再添强兵,搜狐
1760,2020-02-27,解码科创板｜21亿主力资金鼎力支持，N华润微首日大涨228.20%！,上游新闻
1761,2020-02-27,华润微成功上市 锁定大健康市场做大做强,每经网
1762,2020-02-27,这家芯片公司上市，开盘涨近300％！还引入“绿鞋机制”保驾,腾讯网
1763,2020-02-27,A股收盘：成交量连续7日破万亿 华润微上市首日大涨200%,英为财情
1764,2020-02-27,华润微首日涨228.20%成交64.40亿元,证券时报网
1765,2020-02-27,华润微：供应链稳定 在手订单充足,上证报
1766,2020-02-27,华润微：员工复工率和产能利用率均已达到90%以上,上证报
1767,2020-02-27,华润微电子成功登陆科创板,电子信息产业网
1768,2020-02-27,“中国芯”来了！ “红筹第一股”华润微登陆科创板,e公司
1769,2020-02-27,A股“红筹第一股”首秀:开盘大涨290% 国家大基金加持,中证报
1770,2020-02-27,华润微 vs 斯达半导：功率半导体,半导体风向标
1771,2020-02-27,科创板新股华润微上午收盘涨251.48%半日成交47.20亿元,证券时报网
1772,2020-02-27,华润微登陆沪市 科创板“红筹第一股”扬帆起航,上证报
1773,2020-02-27,“红筹第一股”A股首秀：华润微电子开盘上涨逾270%，还有绿鞋机制保驾护航,21世纪经济报道
1774,2020-02-27,华润微：在手订单和生产物资充足 疫情期间正常生产,e公司
1775,2020-02-27,华润微：已储备硅基GaN功率器件设计、加工和封装测试等技术,e公司
1776,2020-02-27,华润微：“规模大”与“技术强”均为公司竞争优势,e公司
1777,2020-02-27,[科创板]华润微上市首日开盘上涨290.63%,全景网
1778,2020-02-27,A股红筹第一股华润微首日上市，现涨逾250%,Wind
1779,2020-02-27,早评:沪指高开0.15% 科创板新股华润微开盘涨290%,网易
1780,2020-02-27,华润微董事长李福利：将通过技术创新保持业内领先地位,e公司
1781,2020-02-27,华润微董事长李福利：公司已基本完成“长江+珠江”两江区域部署,e公司
1782,2020-02-27,华润微今日在科创板上市 开盘涨290.63%,e公司
1783,2020-02-27,华润集团董事长傅育宁：华润微上市体现了科创板的包容性和创新性,e公司
1784,2020-02-27,【e公司直播】直击“红筹第一股”华润微登陆科创板,e公司
1785,2020-02-27,2月27日新股提示：雪龙集团申购 华润微上市 瑞玛工业公布中签率,上证报
1786,2020-02-27,华润微今日上市 发行价格12.8元/股,上证报
1787,2020-02-27,N华润微:券商定位区间均值为22.52-27.32元,Wind
1788,2020-02-27,新股发行与上市一览（2月27日）,Wind
1789,2020-02-27,东北证券【新股】2月27日雪龙集团申购，华润微上市,东北证券金融世界
1790,2020-02-26,科创板收评｜13只科创板个股跌超10% 新股紫晶存储涨逾260%,第一财经
1791,2020-02-26,A股红筹第一股来了！华润微2月27日上市,北京商报网
1792,2020-02-26,华润微电子有限公司首次公开发行股,证券时报
1793,2020-02-25,华润微(688396.SH)首次公开发行股份 27日起挂牌上交所,格隆汇
1794,2020-02-25,【天风电子】闻泰科技：三大逻辑看好公司估值提升,科技伊甸园
1795,2020-02-24,投资者看过来！千字文带你了解“绿鞋机制”是什么,上证报
1796,2020-02-24,华润微首家引入超额配售权解读 “绿鞋机制”在科创板成功运用,证券时报网
1797,2020-02-20,功率半导体：华润微 VS 闻泰,半导体风向标
1798,2020-02-17,华润微网上投资者弃购金额226.53万元,北京商报网
1799,2020-02-14,华润微电子有限公司首次公开发行股票并在科创板上市网下初步,证券时报
1800,2020-02-14,2月14日新股提示：华润微、良品铺子中签号出炉 中银证券公布中签率,上证报
1801,2020-02-13,华润微(688396.SH)：国家集成电路产业投资基金获配7812.5万股,格隆汇
1802,2020-02-13,华润微中签号出炉 共210956个,上证报
1803,2020-02-13,科创板华润微中签号出炉 共21.1万个,证券时报网
1804,2020-02-13,2月13日新股提示：中银证券申购 道通科技、英杰电气上市 石头科技、百奥泰、神工股份中签号出炉 华润微、良品铺子公布中签率,上证报
1805,2020-02-13,华润微科创板IPO网上发行初步中签率0.063896%,资本邦
1806,2020-02-13,首只A股红筹架构股来袭 华润微携“绿鞋机制”启动申购,21世纪经济报道
1807,2020-02-13,"""绿鞋第一股""华润微打新结束 中签率位列科创板第二",新京报
1808,2020-02-12,华润微(688396.SH)：网上投资者已获超额配售4394.9万股 最终战略配售约8789.82万股,格隆汇
1809,2020-02-12,科创板华润微：网上发行中签率为0.0793%,e公司
1810,2020-02-12,今日新股申购：华润微、 良品铺子,中国经济网
1811,2020-02-12,新股日历｜今日新股申购：良品铺子、华润微,国融证券资讯
1812,2020-02-12,2只科创板新股即将发行（附股）,证券时报网
1813,2020-02-12,【新股】华润微、良品铺子今日发行,微信
1814,2020-02-12,【新股提示】两新股今日申购，科创板首迎“红筹”,Wind
1815,2020-02-12,2月12日新股提示：华润微、良品铺子申购 映翰通、耐普矿机上市 石头科技、百奥泰、神工股份公布中签率,上证报
1816,2020-02-12,新股提示：良品铺子、华润微今日申购,e公司
1817,2020-02-12,早知道：新基金发行持续火爆 今有两新股申购,网易
1818,2020-02-12,东北证券【新股】2月12日良品铺子、华润微申购,东北证券金融世界
1819,2020-02-11,华润微2月12日申购 申购代码“787396”,上证报
1820,2020-02-11,IPO速递：华润微 良品铺子 申购一览,红周刊
1821,2020-02-11,科创板“红筹”、“绿鞋”第一股，半导体巨头华润微来了,每日经济新闻
1822,2020-02-11,华润微完成路演 2月12日申购,中证网
1823,2020-02-11,“红筹第一股”明日正式申购这两家机构有效拟申购数量居前,科创板日报
1824,2020-02-11,华润微申购 科创板迎绿鞋机制第一股,北京商报
1825,2020-02-11,华润微(688396.SH)上市在即，科创板迎来国内最大半导体IDM厂商,格隆汇
1826,2020-02-11,华润微明日申购84.50万市值可顶格申购,证券时报网
1827,2020-02-11,科创板新股华润微2月12日申购宝典,金融界
1828,2020-02-11,华润微：本次发行价为12.8元/股 2月12日进行申购,中证网
1829,2020-02-11,中1签赚10万+？A股“最贵”新股来了 石头科技发行价271.12元,证券时报网
1830,2020-02-10,科创板华润微：发行价确定为12.80元/股,证券时报网
1831,2020-02-10,科创板华润微：发行价确定为12.80元/股,e公司
1832,2020-02-10,石头科技发行价271.12元，2019年市盈率不足27倍,澎湃新闻
1833,2020-02-09,打新机会来了：一周将有7只新股 周四有高中签率,上证报
1834,2020-02-09,华润微(688396.SH)：网上路演时间为2月11日14:00-17:00,格隆汇
1835,2020-02-07,6只科创板新股即将迎来申购（附股）,证券时报网
1836,2020-02-04,交易所多举措保障市场平稳运行 呼吁投资者理性投资,中国金融新闻网
1837,2020-02-04,科创板“绿鞋”机制第一股 华润微 半导体IDM巨头开启新征程,中证报
1838,2020-02-03,8只科创板新股即将发行（附股）,证券时报网
1839,2020-02-03,华润微电子有限公司首次公开发行股票并在科创,证券时报
1840,2020-02-03,华润微申购在即 A股将迎红筹第一股,北京商报网
1841,2020-02-02,科创板第二十七周交易大复盘：新鲜事有趣事一应俱全,新浪
1842,2020-02-01,放弃现场路演变更缴款日疫情下科创板新股发行工作因势调整,科创板日报
1843,2020-01-30,华润微电子启动招股 红筹第一股将诞生,证券时报
1844,2020-01-23,科创板发审动态：春节前3家公司注册生效2家主动撤材料,科创板日报
1845,2020-01-20,A股迎来首家红筹企业，华润微电子科创板IPO注册获批,21世纪经济报道
1846,2020-01-20,华润微电子科创板IPO注册获批 红筹第一股起航,上证报
1847,2020-01-20,[快讯]华润微电子通过IPO注册 科创板迎来红筹第一股,全景网
1848,2020-01-20,华润微电子注册通过 科创板将迎来首家红筹企业,新浪
1849,2020-01-20,科创板将迎来“红筹第一股” 华润微电子注册通过,上证报
1850,2020-01-20,证监会同意华润微电子等三家公司科创板IPO注册,Wind
1851,2020-01-17,【华西电子孙远峰团队—持续看好半导景气】半导体材料积极扩产，导入新建产线窗口期,远峰电子
1852,2020-01-14,华润微电子参与项目获国家科技进步二等奖,证券时报网
1853,2020-01-06,"【华西电子孙远峰团队—持续看好半导景气】芯片涨价全产业链蔓延,上半年景气度望延续",远峰电子
1854,2019-12-29,七套上市标准“集齐”，科创板在等下一个“阿里巴巴”,第一财经
1855,2019-12-11,国资委控股，华润微电子值得长期关注,财华社
1856,2019-12-10,电鳗快报|华润微电子IPO：会有哪些投资者前来买单？,电鳗快报
1857,2019-11-27,东风起 我国功率半导体产业发展正当时,慧聪电子网
1858,2019-10-29,透视“百天”科创板：注册制走好试点第一步,第一财经
1859,2019-10-26,华润微电子过会科创板：港元面值，或成红筹上市第一股,澎湃新闻
1860,2019-10-26,科创板红筹第一股来了 华润微电子兴图新科联袂过会,上证报
1861,2019-10-25,华润微电子过会：有望成为A股红筹、港币面值发行、有限公司组织形式第一股,21世纪经济报道
1862,2019-10-25,华润微电子科创板发行上市申请成功过会,上证报
1863,2019-10-25,华润微电子过会 或成为科创板红筹上市第一股,中证网
1864,2019-10-25,科创板上市委：华润微电子、兴图新科首发过会,e公司
1865,2019-10-25,科创板上市委：华润微电子、兴图新科首发获通过,Wind
1866,2019-10-25,科创板上市委：华润微电子、兴图新科电子首发获通过,新浪
1867,2019-10-25,华润微电子今日上会 冲击科创板红筹第一股,北京商报
1868,2019-10-17,科创板红筹第一股要来了？华润微电子递交IPO申请,新浪
1869,2019-10-16,红筹企业华润微电子25日科创板首发上会,e公司
1870,2019-10-09,华润微电子：修订补充首轮问询函内容 问询,Wind
1871,2019-09-21,华润微电子陈南翔：AIOT时代助力集成电路迎来新高峰,证券时报
1872,2019-07-25,太平洋电子刘翔团队|科创硬科技系列之十六：华润微电子,太平洋证券研究
1873,2019-07-18,国资委力挺科创板 15家央企国企旗下科创公司积极赶考,上证报
1874,2019-07-18,拟上科创板公司研发占比多高？有不足3%有超14%,每日经济新闻
1875,2019-07-12,科创板掘金|华润微电子有限公司,第一财经
1876,2019-07-08,退市八年后，华润微电子再登科创板,财华社
1877,2019-07-03,数据王：科创板数据最新概况,巨丰财经
1878,2019-07-02,【电子丨兰飞】睿创微纳(688002)：红外热成像龙头企业，安防监控、汽车夜视开启成长新征程,方正证券研究
1879,2019-06-28,华润微电子科创板IPO,证券时报
1880,2019-06-27,联讯证券：第二家红筹企业华润微电子申报科创板 航天宏图与柏楚电子顺利过会,联讯证券
1881,2019-06-26,华润微电子拟科创板上市 8年前曾于港股私有化退市,e公司
1882,2019-06-26,上交所受理三友医疗等4家公司科创板上市申请,e公司
1883,2019-06-18,【晨会聚焦】科创板+沪伦通，资本市场改革持续推进,中泰证券研究所
1884,2019-06-14,科创板正式开板：创新与改革并进 产业与资本共荣,第一财经日报
1885,2019-06-04,财政部间接持股 安集微电子争夺科创板第一股,时代周报
1886,2019-06-03,拟上会6家科创板企业解读,国都证券
1887,2019-03-31,华润微电子抢滩科创板 营收年增两成 研发占比高于同行均值,华夏时报
1888,2018-11-15,华润微电子将投资约100亿元在重庆建设12英寸晶圆生产线,新华网
1889,2018-06-09,华润微电子控股有限公司落户静安,元器件交易网
1890,2018-04-08,华润微电子将在渝设立国家级功率半导体研发中心,华龙网
