,2021-12-31,收官！“沾锂即涨”，元宇宙不退烧，今年谁是A股“最强”概念股,新京报
0,2021-12-31,12月31日 6股盘前利好公告速递,中财网
1,2021-12-31,天合光能牵手中远海运签署战略合作协议！,索比光伏网
2,2021-12-30,遵义有茅台、宁德拥“宁王”，快来看还有哪些城市“藏着”A股巨头,第一财经
3,2021-12-30,天合光能与中远海运开展战略合作，明确约定箱量和运价机制,证券时报网
4,2021-12-30,国际能源网 - 光伏每日报，众览光伏天下事！【2021年12月29日】,国际能源网
5,2021-12-30,2021-2026全球叠瓦组件行业发展现状调研及投资前景分析报告,搜狐
6,2021-12-30,天合光能：总规模21MW，又一600W+超高功率工商业光伏项目即将并网！,索比光伏网
7,2021-12-29,天合光能、晶澳科技、爱旭股份，谁是成长能力最强的光伏电池组件企业？,Ofweek
8,2021-12-29,中国光伏企业的全球印记,索比光伏网
9,2021-12-28,证监会同意晶科能源科创板IPO注册，又一家千亿市值光伏公司即将诞生？,21经济网
10,2021-12-28,行业第一！国家级绿色设计产品公示，天合光能210组件等8款产品上榜！,索比光伏网
11,2021-12-28,通威股份：与天合光能合作的拉棒项目2022上半年将投产13GW,e公司
12,2021-12-28,天光合能一在建项目工地发生安全事故致1人死亡 项目问题,中国网
13,2021-12-28,天合光能持续扩产总市值超1500亿 子公司引入5.47亿增资缓解流动性压力,长江商报
14,2021-12-27,传闻吓趴光伏板块：正泰电器差点跌出“千亿市值俱乐部”,21经济网
15,2021-12-27,2021年度企业花落谁家？盘点光伏圈的“内卷”之王,索比光伏网
16,2021-12-27,天合光能获评BNEF光伏组件一级制造商，年度产能排名第一,索比光伏网
17,2021-12-27,硅片采购框架合同,索比光伏网
18,2021-12-24,天合光能子公司引入新投资者，以推动分布式光伏业务的发展,索比光伏网
19,2021-12-24,天合光能子公司天合智慧拟增资扩股,上证报
20,2021-12-24,天合光能(688599.SH)：子公司拟增资扩股引进投资者 各方合计增资5.47亿元,格隆汇
21,2021-12-24,天合光能(688599.SH)：570.93万股限制性股票拟归属,格隆汇
22,2021-12-24,天合光能(688599.SH)：天合智慧拟引入投资者获增资5.47亿元发展分布式光伏业务,智通财经
23,2021-12-24,天合光能：拟推选陈爱国为公司新任董事候选人,每日经济新闻
24,2021-12-24,科创板支持“双碳”企业上市融资取得积极成效,经济日报
25,2021-12-24,分布式组件迈入600W+时代：12家光伏企业战略签约！,索比光伏网
26,2021-12-24,210至尊组件靠什么扛住17级大风？技术精进、载荷无忧！,索比光伏网
27,2021-12-23,天合光能荣获行业双料大奖！,北极星电力
28,2021-12-23,头号玩家｜546.86亿！“光伏小巨人”天合光能高纪凡登上科创板首富宝座,上游新闻
29,2021-12-23,光伏板块复苏，太阳能冲击涨停,Wind
30,2021-12-18,天合光能吴森：光伏发电需要解决储能问题,新浪
31,2021-12-17,IPO观察|阿特斯：转型缓慢致逐渐掉队，净利润与毛利率“三连降”，募资40亿扩产存风险 盈利能力下降,财联社
32,2021-12-17,6.04亿！国开新能源拟收购天合光能子公司90.014%股权,索比光伏网
33,2021-12-17,金开新能拟6亿收购天合光能子公司 加码新能源前三季扣非扭亏盈利3亿,长江商报
34,2021-12-15,华金证券：给予捷佳伟创买入评级,证券之星
35,2021-12-15,晶科能源等多家光伏企业入选2021中国能源（集团）500强,凤凰网
36,2021-12-15,天合光能：600W+推动光伏产业跨越发展，大型地面电站和分布式应用度电成本优势显著,索比光伏网
37,2021-12-14,又一批科创板个股新纳入沪股通 北向资金首日买入情况如何？,财联社
38,2021-12-14,江苏区域股市周报：新增3家上市公司 137家机构调研双星新材,每日经济新闻
39,2021-12-14,苏州阿特斯太阳能过会，光伏组件“五朵金花”聚齐A股了,深水财经社
40,2021-12-13,9只科创板个股主力资金净流入超3000万元,证券时报网
41,2021-12-13,刚刚！阿特斯成功过会,Ofweek
42,2021-12-13,股价创历史新高股一览,证券时报网
43,2021-12-13,活下来的光伏巨头们，2022 年将在 A 股重聚！前中国首富也要回来了,ZAKER
44,2021-12-13,光伏巨头阿特斯今日科创板上会，转型单晶之路还得靠IPO募资？,证券之星
45,2021-12-12,沪指周线五连阳，哪些股票在创新高？,量化藏经阁
46,2021-12-10,【VIP机会日报】华立科技领头涨停20cm！元宇宙强势归来 虚拟设备有望拐点,财联社
47,2021-12-10,"天合光能现1笔大宗交易 共成交3,995.50万元",新浪
48,2021-12-10,天合光能今日大宗交易成交50万股，成交价79.91元折价1.48%,Wind
49,2021-12-10,沪指周涨1.63% 机构称关注新能源等成长赛道修复机会 | 思维市场关注,投资者网
50,2021-12-10,天合光能：公司海外电站业务进展顺利 能够参与海外电站招投标,财联社
51,2021-12-10,光伏板块午后开盘快速拉升，天合光能、晶澳科技、东方日升等领涨,索比光伏网
52,2021-12-10,光伏产业专家现场直击，聚焦行业研究前沿之路！ 600W+时代，高功率光伏解决方案,索比光伏网
53,2021-12-10,天合光能发布至尊600W+分布式解决方案,格隆汇
54,2021-12-10,12家领先光伏企业战略签约！共推600W+组件分布式应用,索比光伏网
55,2021-12-10,天合光能重磅发布新一代600W+分布式解决方案，12家光伏领先企业签署战略合作，加速分布式产业结构高端化及低碳化进程,索比光伏网
56,2021-12-10,两岸企业家峰会能源及环保节能产业合作推进小组调研天合光能,索比光伏网
57,2021-12-10,阿特斯负债235亿巨额关联拆借 净利三连降上半年亏损 偿债能力下降,中国经济网
58,2021-12-09,"天合光能现1笔大宗交易 共成交3,739.00万元",新浪
59,2021-12-09,天合光能今日大宗交易成交50万股，成交价74.78元折价1.61%,Wind
60,2021-12-09,河南分布式光伏研讨会召开 天合智慧以原装为基 打造“整县推进”最优解决方案,索比光伏网
61,2021-12-08,电力设备及新能源行业2022年度投资策略：双碳元年风电光伏坚定成长 储能行业蓄势待发,新浪
62,2021-12-08,“不想做老大”的光伏巨头阿特斯即将上会，踏错节奏的转型能否走通,第一财经
63,2021-12-08,电力设备与新能源行业专题策略报告：电动车蓬勃发展 风光储吹响碳中和冲锋号角,新浪
64,2021-12-08,"天合光能现1笔大宗交易 共成交3,694.50万元",新浪
65,2021-12-08,天合光能今日大宗交易成交50万股，成交价73.89元折价1.74%,Wind
66,2021-12-07,电气设备新能源行业2022年投资策略：风光蓄势待发、电力设备迎新机遇,新浪
67,2021-12-06,光伏行业技术变革2022年展望：变革之春 N型电池片的新篇章正在展开,新浪
68,2021-12-06,电气设备行业投资策略：回归本质属性的高增长一年 重视供给端变革,新浪
69,2021-12-06,电气设备行业周报：11月新势力销量大超预期 欧洲销量环比回暖,新浪
70,2021-12-05,电气设备行业周报：硅片加速尺寸变革推动降本 11月国内外电车销量持续向上,新浪
71,2021-12-05,新能源行业每周观察：行业趋势已成：详解长沙国际储能大会四大看点,新浪
72,2021-12-04,深度*行业*新能源发电行业2022年度策略：奋楫扬帆正当时 抖擞精神再出发,新浪
73,2021-12-03,彭博BNEF峰会：天合光能100%可融资性和产品力获国际权威机构认可,美通社
74,2021-12-03,阿特斯答复科创板三轮问询，海外电站剥离、持续经营能力等被注意,资本邦
75,2021-12-02,强强联合！天合光能与马士基签署战略合作协议,中国能源网china5e
76,2021-12-02,天合光能至尊组件怎么样？天合光能210组件订单已达25GW！,中国能源网china5e
77,2021-12-01,天合光能董事长高纪凡：光伏降本增效将着眼于更高效率N型电池,e公司
78,2021-12-01,协鑫集团、天合光能发起共建，长三角光伏技术创新中心落户江阴,索比光伏网
79,2021-12-01,天合光能董事长高纪凡拜会青海省常务副省长李杰翔,索比光伏网
80,2021-11-30,整县推进下看分布式光伏商业模式创新,郭丽丽的研究札记
81,2021-11-30,机械行业专题报告：N型电池技术迭代加快 重点关注IBC电池产业新变化,新浪
82,2021-11-29,[路演] 国内光伏接线盒领先企业 通灵股份IPO路演成功举办,全景网
83,2021-11-29,电力电气设备、公用事业：分布式光伏安全标准征求意见 有望加速行业发展规范化、格局集中化,新浪
84,2021-11-29,电力电气设备、公用事业：硅片跌幅扩大 政策首提分布式规范化,新浪
85,2021-11-28,"和讯SGI公司|天合光能SGI指数最新评分72分，股价涨幅超过386%,公司受“夹板气”",和讯
86,2021-11-26,无惧低温、暴雪环境！天合210组件亮相大庆实证平台,索比光伏网
87,2021-11-25,意华股份：公司自主品牌支架未来主要竞争对手有中信博、天合光能、清源股份,每日经济新闻
88,2021-11-25,王不见王？宁德时代联手两大光伏企业，却没有隆基,Ofweek
89,2021-11-25,山海能源与天合光能中节能强强联合签署重要合作,中国能源网china5e
90,2021-11-25,焦点分析 | 光伏组件厂商阿特斯净利翻了3倍，正经历诉讼缠身的麻烦 诉讼纠纷,36氪
91,2021-11-24,资金流向分析,新浪
92,2021-11-24,复制刘格菘、赵诣传奇？今年两只“翻倍基”被他包揽，重仓投向这里,中证报
93,2021-11-23,【中银电新】新能源发电：美众议院通过刺激法案，新能源需求有望提升,老成之见
94,2021-11-22,注册制新股纵览：通灵股份：国内太阳能光伏接线盒龙头企业,新浪
95,2021-11-22,电力设备与新能源行业周报：22 年底新能源车渗透率或超35% 光伏组件出口高增,广发证券
96,2021-11-22,新能源行业每周观察：刚柔并济、海陆共进 直流输电开启新时代,新浪
97,2021-11-22,电力设备及新能源行业周报：国内户用光伏装机持续景气 双面组件重获美国关税豁免权,新浪
98,2021-11-22,新能源行业周报：10月出口数据强劲 国内外需求依然无忧,华安证券
99,2021-11-22,机械行业周报：低碳+全球化助力 锂电/光伏/风电设备将超预期,新浪
100,2021-11-22,拥抱“双碳”时代，华泰联合证券助力多家光伏新能源企业引入战投,华泰联合证券
101,2021-11-21,【东吴电新】2021Q3新能源板块总结：光伏持续分化，龙头恒强，风电一超多强,新兴产业汇
102,2021-11-21,碳中和行业(电新+环保)周报：美国新能源车刺激政策有望出台 10月新增光伏装机环比增速转正,光大证券
103,2021-11-19,由创新高个股看市场投资热点（第22期）,量化藏经阁
104,2021-11-19,天合光能控股子公司天合储能拟增资扩股,上证报
105,2021-11-19,力压隆基天合！阿特斯三季度净利润劲增270%,Ofweek
106,2021-11-19,天合光能(688599.SH)：子公司天合储能拟通过增资扩股方式增资5.3亿元,格隆汇
107,2021-11-19,为促进储能业务发展 天合光能(688599.SH)拟携丽水星创等向天合储能增资5.3亿元,智通财经
108,2021-11-19,2021年超44家组件企业具备高功率组件生产能力 600W+组件布局势不可挡,集邦新能源网
109,2021-11-19,浙商机械 邱世梁||王华君【上机数控】签262亿硅料长单；拟拓宽经营范围至电子专用材料、半导体设备,高端装备制造及新材料
110,2021-11-18,"天合光能现1笔大宗交易 共成交3,651.00万元",新浪
111,2021-11-18,电力设备新能源行业周报：恩捷宁德强强联合 当升合作芬兰矿业 央行推出绿色金融工具,新浪
112,2021-11-18,天合光能：公司业务不涉及AI、VR等技术,Wind
113,2021-11-18,天合光能：公司已成立了专门研发和项目开发团队推进光伏制氢方案和氢储运项目的开展,每日经济新闻
114,2021-11-18,天合光能：公司业务不涉及AI、VR等技术,每日经济新闻
115,2021-11-18,资金流向分析,新浪
116,2021-11-17,鹏辉能源今日强势涨停 四机构合计买入2.16亿元,第一财经
117,2021-11-17,帝尔激光：目前公司客户包括隆基股份、通威股份、爱旭科技、晶科能源、晶澳太阳能、天合光能、阿特斯太阳能、韩华新能源、东方日升等国际知名光伏企业,每日经济新闻
118,2021-11-17,为什么是TA？获光伏业首个国家技术发明奖,中国能源网
119,2021-11-17,【行情】光伏概念午后持续拉升，精功科技、宝胜股份等涨停，嘉寓股份、天合光能跟涨,金十数据
120,2021-11-17,和讯SGI新能源TOP10：宁德时代议价能力强 派能科技、德方纳米净现比最差,和讯
121,2021-11-17,2022年光伏行业投资策略：格局向好成长加速-光伏行业2022年投资策略,新浪
122,2021-11-17,电力设备及新能源行业：央行碳减排支持工具助力风光发展 全球海风规划空间逐步展现,新浪
123,2021-11-16,新能源发电行业2022年投资策略报告：技术引领变革之春 新的篇章正徐徐展开,新浪
124,2021-11-16,主流品牌珠联璧合，“跟踪支架+超高功率双面组件”一键智配千亿光伏市场！,北极星电力
125,2021-11-16,龙元建设拟20亿元投建光伏发电项目 连下两城彰显决心,索比光伏网
126,2021-11-16,分布式光伏真的能帮助到限电的工商企业吗？,索比光伏网
127,2021-11-16,分布式光伏真的能为工商企业缓解持续限电带来的影响吗？,凤凰网
128,2021-11-15,天合光能全球首发210至尊组件跟踪支架匹配白皮书，一键智配千亿大基地解决方案！,中国能源网
129,2021-11-15,电新行业周报：碳减排支持工具助力新能源发展 三元和铁锂占比短期趋于平衡,新浪
130,2021-11-15,电力电气设备 公用事业行业动态：产业链现跌势 中美光伏贸易摩擦或缓和,新浪
131,2021-11-15,光伏利好不断，即将掀开新篇章！,Ofweek
132,2021-11-15,新能源发展趋势,索比光伏网
133,2021-11-15,碳中和行业(电新+环保)周报：高镍三元一体化降本加速 南网发布“十四五”发展规划,光大证券
134,2021-11-14,数据|科创板再融资市场热起来了，38家公司披露预案，金额规模超300亿,财联社
135,2021-11-12,210龙头25GW订单背后：600W+产品广受认可已成光伏市场“主力军”,华夏能源网
136,2021-11-12,电力设备及新能源行业：国家能源局积极推动新能源发展 海外PPA电价走高需求有望持续展开,新浪
137,2021-11-12,A股异动 | 天合光能(688599.SH)涨约4% 收到美国海关退回的“双反保证金”约1.756亿美金,格隆汇
138,2021-11-12,安徽淮南市谢家集区与龙元集团、天合光能签署光伏新能源投资开发战略协议,北极星电力
139,2021-11-12,天合光能股份有限公司 关于全资子公司收到美国双反保证金退款的公告,证券时报
140,2021-11-11,天合光能收到美国双反保证金退款 合计约1.76亿美元,上证报
141,2021-11-11,天合光能：收到美国双反保证金退款合计1.756亿美金,财联社
142,2021-11-11,光伏股走强，中来股份、中利集团涨停,Wind
143,2021-11-10,天合光能：目前储能电站都在安全高效稳定运行，基于高智能化EMS，BMS、PCS的全时在线监控，使得后期运维更加智能可靠,每日经济新闻
144,2021-11-09,天合光能：天合光能股份有限公司关于公司董事辞职的公告 董监高成员变化,新浪
145,2021-11-09,天合光能(688599.SH)：梁国忠辞去董事等职务 董监高成员变化,智通财经
146,2021-11-09,天合光能：梁国忠先生辞职,财联社
147,2021-11-09,天合光能：梁国忠因个人工作安排原因辞职,Wind
148,2021-11-09,快进快出，公募大幅减配科创板,证券市场周刊
149,2021-11-09,势如破竹！天合光能今年210至尊组件订单已达25GW！,索比光伏网
150,2021-11-09,和讯SGI公司| 3万股民懵了！千亿大白马天合光能突然跳水，大跌超6%！市值5个月已飙升1427亿元,和讯
151,2021-11-09,光伏组件测试标准,索比光伏网
152,2021-11-08,电气设备行业周报：十月欧洲销量平稳 硅料供需转向紧平衡,新浪
153,2021-11-08,首获国家科学技术奖后，高纪凡谈天合光能的创新基因,Ofweek
154,2021-11-08,电力设备及新能源行业周报：光伏行业国家博弈长期存在 海风大基地规划展开,新浪
155,2021-11-08,中信建投新能源行业每周观察：供不应求 隔膜环节盈利持续提升,新浪
156,2021-11-05,三季度财报出炉：组件仍是最赚钱领域,国际能源网
157,2021-11-05,科创板公司彰显科创实力 多个项目获国家级科技大奖,中证网
158,2021-11-04,天合光能670W超高功率组件发运南大港70MW渔光互补项目,美通社
159,2021-11-04,马士基与天合光能签署战略合作协议,国际船舶
160,2021-11-04,“暂扣令”危机蔓延 隆基股份前景几何？,证券之星
161,2021-11-04,马士基与天合光能加强全区域海运长约、仓储物流等领域合作,证券时报网
162,2021-11-04,天合光能：太阳能电池表界面制造关键技术及应用获国家技术发明奖二等奖,e公司
163,2021-11-03,5000亿光伏龙头“惊魂”一幕：股价差点跌停，公司紧急回应市场传闻,21世纪经济报道
164,2021-11-03,天合光能：向600名激励对象授予600万股限制性股票,财联社
165,2021-11-03,案例分享 | 环保与经济并行，助力安徽绿色发展！,索比光伏网
166,2021-11-03,中银证券：给予天合光能增持评级,证券之星
167,2021-11-03,中银证券维持天合光能增持评级：三季报业绩符合预期，组件盈利有望修复,每日经济新闻
168,2021-11-03,【行情】A股锂电池板块震荡走低，石大胜华跌停，光华科技、天合光能、川金诺、鼎胜新材、贤丰控股、百川股份、湘潭电化等跌超5%,金十数据
169,2021-11-03,【行情】光伏板块午后走低，金辰股份跌停，隆基股份大跌8%，天合光能、晶科科技、固德威、晶澳科技跟跌,金十数据
170,2021-11-03,西部证券维持天合光能增持评级：大尺寸占比持续提升，分布式出货实现高增,每日经济新闻
171,2021-11-03,通威&天合强强联手，通合新能源首片210mm硅片下线,索比光伏网
172,2021-11-03,江苏即将启动“整县推进”！天合光能、阿特斯、华为已入场！,索比光伏网
173,2021-11-02,科创板新能源Q3扫描：光伏、动力电池产业链表现亮眼 基金重仓这些个股,财联社
174,2021-11-02,电力设备及新能源行业周报：硅片价格呈现松动迹象 风电三季度招标同比增长,新浪
175,2021-11-02,天合光能：为何对跟踪支架进行风洞测试至关重要？,索比光伏网
176,2021-11-02,江苏区域股市周报：新增4家上市公司 104家机构调研天孚通信,每日经济新闻
177,2021-11-02,科创板前三季营收净利齐增，研发投入接近2020全年水平,第一财经
178,2021-11-02,阿特斯答科创板二轮问询，经营合规性、同业竞争等被关注,资本邦
179,2021-11-01,国盛证券维持天合光能增持评级：三季度盈利符合预期，可转债落地加速产能扩张,ZAKER
180,2021-11-01,今年“翻倍基”，全是小基金,智通财经
181,2021-11-01,华自科技：公司控股股东长沙华能自控集团有限公司与天合光能合作投资了邵阳城步儒林100MW/200MWh储能电站，公司为该储能电站提供EPC工程总承包服务（不含电池）,每日经济新闻
182,2021-11-01,光伏股集体走强：隆基股份、天合光能和晶澳科技创历史新高,格隆汇
183,2021-11-01,粤开策略 ｜ 2021年11月十大金股及市场展望,粤开崇利论市
184,2021-10-31,数据|10月份科创板：成大生物等5新股破发 天合光能获净买入近13亿,财联社
185,2021-10-31,电气设备行业：三季报好于预期 重视一体化组件公司的重要投资价值,新浪
186,2021-10-29,商业故事｜光伏十年轮回 传奇聚首A股,21世纪经济报道
187,2021-10-29,"天合光能现1笔大宗交易 共成交5,376.70万元",新浪
188,2021-10-29,通威股份：在高纯晶硅业务方面，公司与隆基股份、天合光能建立了股权合作关系,每日经济新闻
189,2021-10-29,东吴证券维持天合光能买入评级，天合光能2021三季报点评：210占比持续提升，户用系统增长亮眼,每日经济新闻
190,2021-10-29,天合光能(688599)：三季报业绩符合预期 210组件龙头优势明显,广发证券
191,2021-10-29,光伏建筑一体化迎来政策推手 行业发展步入快车道,证券时报
192,2021-10-28,【东吴电新】天合光能2021年三季报点评：210占比持续提升，户用系统增长亮眼,新兴产业汇
193,2021-10-28,光伏组件、分布式电站业务增长强劲 天合光能前三季度净利增近四成,证券日报网
194,2021-10-28,天合光能三季度净利同比增长33.06% 成Q3公募重仓科创板个股,财联社
195,2021-10-28,西南证券：给予天合光能增持评级,证券之星
196,2021-10-28,整县推进模式下 超高功率组件分布式应用价值分析,Ofweek
197,2021-10-28,天合光能三季报AB面：业绩创新高，短期成本压力大,21世纪经济报道
198,2021-10-28,股价创历史新高股一览,证券时报网
199,2021-10-28,三大股指集体收跌 机构称未来配置思路从周期向消费 | 思维市场关注,投资者网
200,2021-10-28,和信投顾：消费逆势上涨 资源集体扑街,中金在线
201,2021-10-28,【华西策略||李立峰】公募Q3持仓专题,策略李立峰与行业配置笔记
202,2021-10-28,每经14点|隆基一周两破HJT电池效率世界纪录；腾讯视频爱奇艺回应VIP也得看广告；截至28日养老金三季度新进35股，增持18股,每日经济新闻
203,2021-10-28,我国首个光伏专列——天合光能“至尊670号”发车,财联社
204,2021-10-28,天合光能：光伏专列来了！天合光能“至尊670号”载20MW组件发往格尔木,索比光伏网
205,2021-10-28,光伏股依旧活跃，天合光能、晶澳科技创历史新高,Wind
206,2021-10-28,国家级重点实验室,索比光伏网
207,2021-10-27,天合光能三季报：总营收312.64亿！归母净利润增长近四成,索比光伏网
208,2021-10-27,光伏转债盘点专题报告：十年十倍大赛道 光伏转债全梳理,新浪
209,2021-10-27,天合光能(688599.SH)：第三季度净利增33.06%至4.51亿元,格隆汇
210,2021-10-27,天合光能(688599.SH)前三季度归母净利11.56亿元 同比增长39.05%,智通财经
211,2021-10-27,图解天合光能三季报：第三季度单季净利润同比增33.06%,证券之星
212,2021-10-27,成绩单！天合光能：2021年第三季度净利润约4.51亿元，同比增长33.06%,每日经济新闻
213,2021-10-27,天合光能：第三季度净利同比增长33.06%,财联社
214,2021-10-27,天合光能：前三季度净利润同比增长39.05%,Wind
215,2021-10-27,深度*行业*新能源发电行业动态点评：政策体系趋明 风光需求无忧,新浪
216,2021-10-27,新能源、环保领域碳中和动态追踪(三十三)：国务院印发碳达峰行动方案 风光储+循环经济助力降碳行动,光大证券
217,2021-10-27,参展Intersolar，天合光能超高功率组件至尊670W系列再引瞩目,中国能源网china5e
218,2021-10-27,天合光能怎么样？再获彭博新能源财经可融资性100%评级,中国能源网china5e
219,2021-10-26,天合光能发布600瓦+一体化交付解决方案,中国能源网
220,2021-10-26,电力设备及新能源行业周报：光伏户用装机维持高景气 风电分散式项目有序展开,新浪
221,2021-10-26,建筑光伏界两大巨头跨界联手！开启BIPV行业发展新视角,索比光伏网
222,2021-10-26,机械行业周报(2021年10月第3周)：隆基HJT电池效率再破世界纪录；持续力推光伏／风电／锂电设备,新浪
223,2021-10-26,新能源行业点评：双碳总体部署下发 风光储全面提速,新浪
224,2021-10-26,浙商机械 邱世梁||王华君【上机数控】获爱旭50亿大单，合计签单近400亿元；战略布局“硅片+颗粒硅”,高端装备制造及材料
225,2021-10-25,碳中和行业(电新+环保)周报：华为签约全球最大储能项目 海外车企积极拥抱磷酸铁锂,光大证券
226,2021-10-25,阳光电源、天合光能均涨近10%，光伏板块强者恒强,Wind
227,2021-10-25,意华股份：公司国内市场的主要客户为天合光能,Wind
228,2021-10-25,意华股份：公司国内市场的主要客户为天合光能,每日经济新闻
229,2021-10-25,9月光伏装机量点评：9月光伏装机同比大增 持续看好行业,新浪
230,2021-10-23,新能源板块：9月逆变器出口额再创新高,光大证券
231,2021-10-22,光伏寡头时代！,格隆汇
232,2021-10-22,政策不断助攻，BIPV开始落地，光伏正在改变建筑,中国能源网china5e
233,2021-10-21,天合光能股份有限公司荣获“维科杯·OFweek2021超高效光伏组件奖”,Ofweek
234,2021-10-21,TUV南德授予天合光能质量体系认证证书,美通社
235,2021-10-20,天合光能10月20日大宗交易成交3305.00万元,证券时报网
236,2021-10-20,"天合光能现1笔大宗交易 共成交3,305.00万元",新浪
237,2021-10-20,煤炭行情熄火，光伏概念爆发！风向就此转变了吗？,新浪
238,2021-10-20,天合行思，光伏行远,索比光伏网
239,2021-10-19,资金流向分析,新浪
240,2021-10-19,电气设备行业周报：国内电车产销两旺 硅料价格持续上涨,新浪
241,2021-10-19,直击Intersolar南美展会：天合光能携至尊670W系列超高功率组件惊艳亮相,索比光伏网
242,2021-10-19,储能行业周报：多地出台政策利好储能发展,新浪
243,2021-10-18,"天合光能现2笔大宗交易 共成交6,295.00万元",新浪
244,2021-10-17,机械行业周报：第一期风光大基地已开工 持续推荐光伏风电设备,新浪
245,2021-10-17,光伏10月景气研判：蓄势上扬,新浪
246,2021-10-16,响应COP15！天合光能发布600W+一体化交付解决方案，助力大基地建设！,中国能源网
247,2021-10-16,助力风光大基地 天合光能发布600W+一体化交付解决方案,上证报
248,2021-10-15,天合光能：公司拥有少量切片环节产能，产能主要集中在电池及组件,Wind
249,2021-10-15,天合光能：公司拥有少量切片环节产能，产能主要集中在电池及组件,每日经济新闻
250,2021-10-15,天合光能：公司目前无拉棒环节产能，不涉及直接使用颗粒硅作为生产原料,每日经济新闻
251,2021-10-15,助力大基地建设！两地实证210至尊组件发电量优势显著，高达1.6%,华夏能源网
252,2021-10-15,天合光能取得山西省200MW光储一体化光伏发电项目,索比光伏网
253,2021-10-14,再获彭博新能源财经可融资性100%评级 天合光能成唯一六连冠,美通社
254,2021-10-14,"天合光能现1笔大宗交易 共成交5,738.00万元",新浪
255,2021-10-13,能耗双控对光伏行业影响分析：双控政策下光伏短期或将承压 长期向好趋势不变,新浪
256,2021-10-13,再传捷报！天合光能2021年中标青海、甘肃、内蒙等地项目累计3.5GW以上！,索比光伏网
257,2021-10-13,光伏板块午后回暖，爱旭股份、德业股份、联泓新科等多股涨停，天合光能拉升涨逾,新浪
258,2021-10-12,电气设备行业周报：欧洲电动车注册量同比高增 国常会上调交易电价区间,新浪
259,2021-10-11,风光行业点评报告：电价机制捋顺 风光迎来加速发展,新浪
260,2021-10-11,电气设备行业：9月新势力销量环比超预期 风光政策利好频出,广发证券
261,2021-10-09,国际专家齐聚，600W+超高功率组件价值得到充分认可,索比光伏网
262,2021-10-09,和讯SGI公司| 天合光能节后首日大跌7%，市值三个月已飙升1000亿元！光伏企业正在经历阵痛,和讯
263,2021-10-09,再获彭博新能源财经可融资性100%评级！天合光能成唯一六连冠,索比光伏网
264,2021-10-08,节后首日A股光伏板块蒸发860亿，产业链短时难熬,21世纪经济报道
265,2021-10-08,天合、隆基、晶澳、尚德、阳光电源等企业闪耀Intersolar Europe 2021！现场火爆,中国能源网china5e
266,2021-10-08,光伏新增装机或低于预期，五大龙头呼吁避开年末“抢装潮”,Ofweek
267,2021-10-08,电力设备行业第40周周报：全国已有8省调整电价 光伏供应链限电限产缺料加剧,新浪
268,2021-09-30,晶科能源科创板上市“过会”，光伏“归国四公子”有望今年齐聚A股,华夏能源网
269,2021-09-30,阿特斯：“跟随者”不一定总能喝上汤,阿尔法工场
270,2021-09-30,天合光能股份有限公司 2021年第三季度报告,证券日报
271,2021-09-29,储能行业周报：中美新出储能政策 湖北公示38个储能项目,新浪
272,2021-09-28,碳中和系列点评之十七：深化能源领域“放管服”改革 加快以新能源为主体的新型电力系统建设,新浪
273,2021-09-28,DNV测算天合光能至尊670W系列超高功率组件系统价值全面胜出，两大国际权威机构结论一致,中国能源网china5e
274,2021-09-28,总统亲自启动！ 天合光能助力乌兹别克斯坦第一大光伏电站成功并网,中国能源网china5e
275,2021-09-28,天合光能组件质量怎么样？35mm冰雹砸下，670W至尊组件无懈可击！,中国能源网china5e
276,2021-09-27,电力设备新能源行业周报：新能车厂排产饱满 多地下发风电光伏规划,新浪
277,2021-09-27,天合光能分布式案例 | 全国首个“光伏村” 每年收益高达33万！,北极星电力
278,2021-09-27,聚焦整县推进新生态！ 长沙这场盛会大咖云集大有看点！,索比光伏网
279,2021-09-27,电力设备行业动态分析：新能源车销量稳定上行 风电增长确定性强化,新浪
280,2021-09-27,电气设备行业周报：我国风电光伏8月装机分析,新浪
281,2021-09-27,电气设备行业周报：造车新势力推出“三元铁锂”电池包 8月光伏装机大幅增长,新浪
282,2021-09-27,储能行业周报：光伏配储获得推广 分时电价分省落地,新浪
283,2021-09-26,电气设备行业周报：整县推进稳步进行 蔚来发布三元铁锂标准续航电池包,新浪
284,2021-09-26,电气设备新能源行业周报：二线电池价格探涨缓解成本压力 8月新能源装机超市场预期,新浪
285,2021-09-26,江苏区域股市周报：新增2家上市公司 51家机构调研双星新材,每日经济新闻
286,2021-09-25,电气设备行业深度报告：人工合成淀粉！前驱反应制“净零”甲醇或助力能源革命进程,新浪
287,2021-09-24,天合光能670W超高功率组件供货协合新能源 10月上旬或完成全部出货,财联社
288,2021-09-24,天合光能：目前已预约于2021年10月28日公布三季报,每日经济新闻
289,2021-09-22,电气设备行业周报：首批光伏整县试点申报规模超预期,新浪
290,2021-09-22,电气设备行业周报：整县推进政策超预期 能耗双控长期利好新能源发展,新浪
291,2021-09-18,天合光能中秋暖心视频：平凡故事背后的企业温度,砍柴网
292,2021-09-17,天合光能与国家电投安徽公司签署战略合作协议！,北极星电力
293,2021-09-17,天合光能至尊G12系列优势显著 获德国Fraunhofer ISE研究认可,美通社
294,2021-09-15,电气设备行业简评报告：新能源车渗透率创新高 绿电交易助力双碳目标实现,新浪
295,2021-09-15,【行情】光伏板块开盘冲高，拓日新能高开秒板，天合光能、能辉科技、嘉寓股份、晶科科技、中来股份等跟涨,金十数据
296,2021-09-15,电力电气设备、公用事业行业动态：整县分布式名单下发 国内光伏需求再加码,新浪
297,2021-09-14,东方日升：公司在topcon方面有深厚的技术储备,Wind
298,2021-09-13,新兴能源行业：“风光”不与四时同 需求超预期行业高景气,新浪
299,2021-09-13,电力设备新能源行业周报：电池龙头加大布局力度 光伏装机四季度旺季确定性高,新浪
300,2021-09-13,电新行业周报：国家多举措保障新能源并网 预计Q4电车产业链延续产销两旺,新浪
301,2021-09-13,电气设备行业周报：8月新能源汽车产销两旺 光伏产业链价格持续微涨,新浪
302,2021-09-13,储能行业周报：中美储能行业定规划 多地峰谷电价差加大,新浪
303,2021-09-13,电力设备新能源行业周报：8月新能车市占率再创新高 绿电交易试点启动,新浪
304,2021-09-13,天合光能董事长高纪凡一行莅临通威太阳能参观交流,通威太阳能
305,2021-09-10,天合光能：公司持有的电站可以参与绿电交易,每日经济新闻
306,2021-09-10,天合光能：跟踪支架业务的营收反应在光伏系统业务中,每日经济新闻
307,2021-09-10,机械行业周报(2021年9月第1周)：“十四五”风电需求有望大幅超市场预期 持续推荐光伏／风电设备,新浪
308,2021-09-10,天合光能与日照国信电力签署战略合作协议！,北极星电力
309,2021-09-09,新兴能源行业：光伏需求旺盛 板块二次行情开启,新浪
310,2021-09-08,浙商大制造 邱世梁|王华君|邓伟【天合光能】深度：引领全球光伏智慧能源；盈利向上拐点渐显、未来弹性大,高端装备制造及材料
311,2021-09-08,天合光能跌8.30% 申银万国前天喊买,中国经济网
312,2021-09-08,千亿光伏股天合光能盘中大跌 库存去化不力下大幅扩产,证券之星
313,2021-09-08,快讯：BIPV板块持续走弱 天合光能跌超8%,新浪
314,2021-09-08,储能行业周报：新版“两个细则”征求意见 压缩空气储能示范落地,新浪
315,2021-09-07,天合光能今日大宗交易成交100万股，成交价58.78元折价2.0%,Wind
316,2021-09-07,电新行业周报：德国“碳中和”政策推动光伏装机 Q4电车需求有望较快提升,新浪
317,2021-09-06,电力设备与新能源行业周观察：欧洲五国电动车渗透率环比提升 风光储发展空间可期,新浪
318,2021-09-06,光伏2021中报总结：光伏营收高增 硅料表现亮眼,新浪
319,2021-09-03,【牛人重仓】天合光能:连续3日振幅逾10%，今日资金流入101.74万元，融资余额70550.25万元；前3个交易日，融资额增加7097.67万元，主力资金净流入-4426.87万元,每日经济新闻
320,2021-09-03,【牛人重仓】天合光能:前复权股价创新高，今日资金流入2624.46万元，融资余额70550.25万元；前3个交易日，融资额增加7097.67万元，主力资金净流入-4426.87万元,每日经济新闻
321,2021-09-02,天合光能大宗交易成交150.00万股 成交额9121.50万元,证券时报网
322,2021-09-01,天合光能：东吴证券、长江证券等11家机构于8月25日调研我司,证券之星
323,2021-09-01,上机数控(603185)：单晶硅片产能扩建迅猛 业绩持续高增长,国联证券
324,2021-09-01,新能源行业周报：下半年建议关注涨价行情和政策利好板块,华安证券
325,2021-08-31,天合光能分布式案例 | 农光互补“光伏茶园”照亮致富路,北极星电力
326,2021-08-31,电力电气设备、公用事业行业动态：需求支撑全产业链价格维持涨势,新浪
327,2021-08-31,电气设备行业周报：N型电池片蓄势待发,新浪
328,2021-08-31,天合光能半年报：营收利润双增但库存商品难消化 募资扩产是不是太急？,面包财经
329,2021-08-31,新能源、环保领域碳中和动态追踪(二十八)：光伏政策有望超预期 需求提振利好全产业链,光大证券
330,2021-08-30,A股共发生167宗大宗交易成交45.49亿元（8月30日）,Wind
331,2021-08-30,天合光能今日大宗交易成交200万股，成交价60.53元折价1.75%,Wind
332,2021-08-30,电气设备行业周报：光伏下游景气度提升 天赐材料再度加码产能扩张提速,新浪
333,2021-08-30,天合光能涨超10%，科创创业ETF(588360)盘中涨超1.5%,资本邦
334,2021-08-30,光伏建筑一体化大热，天合光能早盘涨超18%,资本邦
335,2021-08-30,电力设备与新能源行业周观察：宁德时代储能业务快速成长 风电行业变化正当时,新浪
336,2021-08-30,电气设备行业周报：新能源政策利好不断 关注中报超预期个股,新浪
337,2021-08-30,电力设备新能源行业周报：工信部引导钠电和电池循环 光伏价格持续回升,新浪
338,2021-08-30,【行情】光伏板块继续走强，特变电工午后封板，爱康科技、联泓新科、晶科科技等此前涨停，能辉科技、东方日升、天合光能、晶盛机电、阳光电源、英杰电气等继续走高,金十数据
339,2021-08-30,锂电股持续拉升，中国电研、天合光能等多只个股大涨,证券之星
340,2021-08-29,天合光能：5252万张“天合转债”于9月1日起挂牌交易,每日经济新闻
341,2021-08-28,财信证券首予天合光能推荐评级：大尺寸产品出货续增，单瓦利润坚挺,每日经济新闻
342,2021-08-27,西部证券给维持天合光能增持评级，2021年中报点评：210 组件出货大幅增长，大尺寸产能快速扩张,每日经济新闻
343,2021-08-26,中国巨石：公司有部分玻纤产品可以用于光伏领域,Wind
344,2021-08-26,储能行业专题报告1：储能市场加速开启 商业模式未来可期,新浪
345,2021-08-26,西南证券首予天合光能持有评级：组件出货量大增，大尺寸产品占比提升,每日经济新闻
346,2021-08-26,首创证券上调天合光能评级至买入，公司简评报告：210 产能持续扩大，公司业务快速稳定发展,每日经济新闻
347,2021-08-26,天合光能(688599)公司简评报告：210产能持续扩大 公司业务快速稳定发展,新浪
348,2021-08-26,山鹰国际(600567)：21Q2盈利能力显着提升 全面覆盖造纸包装全产业链,新浪
349,2021-08-26,上调评级至买入策略选股（8月26日）,Wind
350,2021-08-26,东吴证券维持天合光能买入评级，中报点评：组件盈利超市场预期，分布式光伏系统增长亮眼,每日经济新闻
351,2021-08-25,【东吴电新】天合光能2021中报业绩点评：组件盈利超市场预期，分布式光伏系统增长亮眼,新兴产业汇
352,2021-08-25,天合光能发生2笔大宗交易 合计成交5833.30万元,证券时报网
353,2021-08-25,天合光能今日大宗交易成交110万股，成交价53.03元折价1.71%,Wind
354,2021-08-25,安信证券：维持天合光能(688599.SH)“买入-A”评级 目标价60元,智通财经
355,2021-08-25,天合跟踪支架产品“安捷1P”获得美国UL3703认证,索比光伏网
356,2021-08-25,民生证券维持天合光能推荐评级，2021年半年报点评：大尺寸组件持续引领，户用系统出货高增,每日经济新闻
357,2021-08-25,天合光能：业绩同比高增，引领大尺寸组件时代【安信电新】,电新邓永康团队
358,2021-08-25,天合光能涨超10%，石头科技跌超5%，科创创业ETF(588360)下跌0.43%,资本邦
359,2021-08-25,【行情】光伏板块继续走强，多股涨停，天合光能拉升涨近11%，福莱特、芯能科技等此前涨停，通威股份等继续走高,金十数据
360,2021-08-25,【行情】光伏板块午后持续走高，金博股份、海优新材、恒星科技、清源股份、金辰股份、嘉泽新能、福莱特、鑫铂股份、意华股份、帝科股份、天合光能等十余股涨停或涨幅超10%,金十数据
361,2021-08-25,国联证券维持天合光能增持评级：大尺寸组件龙头，产能释放业绩快速增长,每日经济新闻
362,2021-08-25,天合光能：上半年组件出货10.5GW，营收、利润双增长！,索比光伏网
363,2021-08-24,通威股份(600438)2021年中报点评：硅料高景气度带来盈利 大尺寸电池片出货占比显着提升,新浪
364,2021-08-24,天合光能：至尊组件需求旺盛 上半年净利同比增长43.17%,中证网
365,2021-08-24,天合光能上半年营收201.88亿元 研发投入持续大幅增加,上证报
366,2021-08-24,晶澳科技和天合光能上半年表现谁更抢眼？,证券之星
367,2021-08-24,天合光能：上半年净利同比增加43.17% 组件出货量超10.5GW,北极星电力
368,2021-08-24,天合光能：2021年半年度净利润约7.06亿元，同比增加43.17%,每日经济新闻
369,2021-08-24,天合光能：上半年净利7.06亿元 同比增长43%,金融界
370,2021-08-24,天合光能2021年上半年实现净利润7.36亿元，同比增长44.61%,经济观察网
371,2021-08-24,天合光能(688599.SH)半年度净利润7.06亿元 同比增长43.17%,格隆汇
372,2021-08-24,天合光能：上半年净利润同比增长43.17%,Wind
373,2021-08-24,天合光能、嘉元科技涨超5%，科创创业ETF(588360)涨超1.5%,资本邦
374,2021-08-24,电气设备行业周报：电动车政策利好频发 宁德时代落户上海,新浪
375,2021-08-23,拿来吧你！25家企业分布式光伏整县推进解决方案集萃,索比光伏网
376,2021-08-23,电气设备行业周报：异质结技术再迎突破 宁德时代牵手上海政府,新浪
377,2021-08-23,电力设备新能源行业周报：新能车车厂排产饱满 地面及分布式装机恢复,新浪
378,2021-08-22,隆基股份、天合光能等光伏龙头今年共签署超 1236 亿元的长单合同,IT之家
379,2021-08-22,隆基、通威、晶澳、晶科等龙头8个月签署超1236亿元长单,Wind
380,2021-08-21,新能源板块行业信息点评：7月户用光伏装机维持高景气,新浪
381,2021-08-20,天合光能：连续5年“零”碳排放,钢企网
382,2021-08-19,【东吴电新】通威股份2021中报点评：硅料助力业绩大增，扩产强化龙头地位,新兴产业汇
383,2021-08-19,晶科、阿特斯等公司组件遭美海关扣留！美国暂扣令(WRO)开始执行,索比光伏网
384,2021-08-19,共赢新生态!天合光能重磅发布《670W至尊组件机械可靠性白皮书》,中国能源网china5e
385,2021-08-18,通威股份(600438)：业绩延续高增 产能扩张巩固龙头地位,新浪
386,2021-08-18,IPO观察|聚和股份：供应商和大客户高度集中藏风险，议价弱势长期“失血”，九成专利来自外购,财联社
387,2021-08-18,天合光能《整县推进白皮书》重磅发布！,北极星电力
388,2021-08-18,海通证券研究所早报,新浪
389,2021-08-17,通威股份上半年业绩同比大增193.50% 210大尺寸电池片放量在即,每日经济新闻
390,2021-08-17,光伏产业链价格趋稳，上下游博弈将持续,Ofweek
391,2021-08-16,电气设备行业周报：动力电池持续高景气 两部委鼓励发电企业自建储能,新浪
392,2021-08-16,23.56%！天合光能创下PERC电池世界纪录,证券之星
393,2021-08-16,新能源行业周报：储能政策再出台 三四季度装机需求将持续高增,华安证券
394,2021-08-16,宁德时代动力及储能电池大幅扩产，顺应全球电动化浪潮,Ofweek
395,2021-08-16,天合光能刷新210 PERC电池世界纪录 量产电池效率高达23.56%,e公司
396,2021-08-16,电新行业周报：光伏产业链价格有所上调 国内电车需求维持高景气,新浪
397,2021-08-16,【申港电新|周观点】宁德时代大幅扩产顺应全球电动化浪潮,新能源深度研究
398,2021-08-15,天合光能(688599.SH)：“天合转债”网上中签率为0.0106%,智通财经
399,2021-08-15,转债申购结果：天合光能转债公布中签率,中财网
400,2021-08-15,【太平洋机械】机械行业周报20210814：工程机械基本面改善，看好年内继续向上,太平洋机械大讲堂
401,2021-08-15,电气设备行业：磷酸铁锂装机首超三元 光伏需求回暖驱动产业链涨价,广发证券
402,2021-08-15,电气设备行业周报：国内电车逆势增长 硅料价格小幅回升,新浪
403,2021-08-13,申购：光伏组件世界第一梯队 50亿天合转债来袭,金融界
404,2021-08-13,东北证券【新股】8月13日超越科技、雷电微力等申购，山水比德、天禄科技等上市,东北证券金融世界
405,2021-08-12,股价闪崩 千亿光伏龙头晶澳科技今天怎么了,新浪
406,2021-08-12,天合光能：“天合转债”于8月13日配售及网上申购,每日经济新闻
407,2021-08-12,向“新”而行，组建未来——2021太阳能光伏组件创新技术在线峰会即将举办,证券之星
408,2021-08-12,新兴能源行业：高价组件下游接受 紧俏环节企稳回升,新浪
409,2021-08-12,天合转债申购价值分析：光伏组件龙头 大尺寸和一体化推进,新浪
410,2021-08-12,天合转债申购价值分析：千亿光伏组件龙头 转债稀缺供给,新浪
411,2021-08-11,天合转债：光伏组件龙头，大尺寸和一体化推进——天合转债申购价值分析【华创固收·周冠南团队】,华创债券论坛
412,2021-08-11,【兴证固收.转债】又见光伏核心品种 ——天合转债投资价值分析,兴证固收研究
413,2021-08-11,天合转债投资价值分析：又见光伏核心品种,新浪
414,2021-08-11,天合光能加快扩产，募资超50亿！,证券之星
415,2021-08-11,天合转债(118002)投资价值分析,新浪
416,2021-08-11,天合光能(688599.SH)持续督导保荐代表人之一变更为王哲,智通财经
417,2021-08-11,天合光能：拟募资不超52.52亿元 加速高效电池、组件产能,北极星电力
418,2021-08-11,喜报！又有三家江苏公司加入千亿市值俱乐部,深水财经社
419,2021-08-10,募集52亿元加码光伏电池产能 天合光能出货量有望升至全球第二,财联社
420,2021-08-10,科创板晚报|工信部：提前布局氢内燃机相关标准预研拟 GIC减持中芯国际,财联社
421,2021-08-10,天合光能：拟发行可转债募资不超52.52亿元,财联社
422,2021-08-10,天合光能(688599.SH)：“天合转债”8月13日开启申购,智通财经
423,2021-08-10,光伏系列报告(四十二)：整县推进模式有望激活分布式市场,新浪
424,2021-08-10,天合光能分布式案例|“顶”起阳光未来，共筑锦绣潇湘,北极星电力
425,2021-08-10,储能概念股持续走强，机构预计市场空间有望达万亿元丨牛熊眼,第一财经
426,2021-08-09,孕育十家千亿企业后，光伏还有哪些期待？,Ofweek
427,2021-08-06,资金流向分析,新浪
428,2021-08-06,天合光能现2笔大宗交易 合计成交160.00万股,证券时报网
429,2021-08-06,"天合光能现2笔大宗交易 共成交7,841.00万元",新浪
430,2021-08-06,天合光能今日大宗交易成交150万股，成交价49.12元折价1.68%,Wind
431,2021-08-06,850MW超级大单！天合光能600W+超高功率组件出货巴西,中国能源网china5e
432,2021-08-06,重大！2021上半年组件出货排名,索比光伏网
433,2021-08-06,天合光能签署巴西850MW光伏大单！,微信
434,2021-08-05,天合光能：得益于防控得当，目前公司国内生产基地均有序正常经营,每日经济新闻
435,2021-08-05,天合光能：目前主营业务不涉及新能源汽车产业,每日经济新闻
436,2021-08-05,重磅！天合光能巴西市场单笔订单超2020年,Ofweek
437,2021-08-05,天合光能发生22笔大宗交易 合计成交2.78亿元,证券时报网
438,2021-08-05,"天合光能现22笔大宗交易 共成交27,793.00万元",新浪
439,2021-08-05,天合光能今日大宗交易成交350万股，成交价48.0元折价2.0%,Wind
440,2021-08-05,天合光能为巴西850 MWp光伏项目交付210个Vertex组件,集邦新能源网
441,2021-08-04,"天合光能现15笔大宗交易 共成交30,009.52万元",新浪
442,2021-08-04,天合光能今日大宗交易成交150万股，成交价44.82元折价1.93%,Wind
443,2021-08-04,天合光能与中国石化签署战略合作协议，携手推进碳中和,中国能源网china5e
444,2021-08-04,行业需求将逐季改善 光伏景气格局将持续丨牛熊眼,第一财经
445,2021-08-04,光伏指数重拾升势，特变电工、中利集团、天合光能先后涨停,Wind
446,2021-08-04,电气设备行业简评报告：新型储能概念受追捧 逆变器环节最受益,新浪
447,2021-08-04,【行情】储能板块持续拉升，中恒电气、科华数据涨停，中熔电气、天合光能、震裕科技跟涨,金十数据
448,2021-08-04,债券日报：深耕激光加工 积极拓展应用领域,新浪
449,2021-08-03,通威股份：公司与天合光能合作项目按计划推进,每日经济新闻
450,2021-08-02,今年来涨幅超过85%，排名靠前的基金都买了啥？,炒基蛋
451,2021-08-02,电新行业周报：峰谷价差拉大利好光伏及储能推广 风电需求有望超预期,新浪
452,2021-08-02,电气设备新能源行业周报：分时电价政策推动储能发展 中央定调支持电动车产业,新浪
453,2021-08-02,天合光能发布《2019-2020年度企业社会责任报告》,美通社
454,2021-08-02,电气设备行业周报：钠离子电池产业化发展在即 峰谷电价政策或刺激储能市场提速,新浪
455,2021-08-01,上半年光伏组件出货全球排名出炉：隆基蝉联第一 天合光能、晶澳科技紧随其后,上证报
456,2021-07-30,至尊至强 天合光能重磅发布《670W至尊组件机械可靠性白皮书》,美通社
457,2021-07-30,又一千亿企业诞生！天合光能成隆基组件新伙伴,Ofweek
458,2021-07-29,透视大宗交易：7月29日共成交166笔，天合光能成交3.04亿元,每日经济新闻
459,2021-07-29,"天合光能现4笔大宗交易 共成交30,433.00万元",新浪
460,2021-07-29,组件排名：隆基稳居第一，天合晶澳紧随其后,Ofweek
461,2021-07-29,天合光能今日大宗交易成交200万股，成交价47.03元折价2.0%,Wind
462,2021-07-29,专用设备行业点评报告：安徽发布光伏产业规划 光伏设备行业直接受益,新浪
463,2021-07-29,全球发布：双国际权威风洞测试，天合跟踪支架可靠性再升级,美通社
464,2021-07-29,从美股到A股，光伏巨头的狙击战,世纪新能源
465,2021-07-28,鹏辉能源：公司的储能业务已经持续盈利多年，目前合作的客户有南方电网、阳光电源、天合光能、weco，古瑞瓦特等等,每日经济新闻
466,2021-07-28,电气设备行业简评报告：大型化助推风电格局重塑 硅料价格见顶带动需求提振,新浪
467,2021-07-27,天正电气(605066)：市场开拓新突破 业绩进入加速期,新浪
468,2021-07-26,"天合光能现2笔大宗交易 共成交23,363.60万元",新浪
469,2021-07-26,聚和股份冲刺科创板背后：牺牲毛利换市场？,中国经营报
470,2021-07-26,天合光能与中国石化签署战略合作协议，携手推进碳中和,美通社
471,2021-07-26,电气设备新能源行业周报：海外车企电动化战略加码 储能指导意见落地产业化提速,新浪
472,2021-07-25,电气设备行业周报：新型储能政策正式落地 天赐和LG新能源签订长单,新浪
473,2021-07-23,光伏电池专题报告：N型接棒，开启电池发展新阶段,新浪
474,2021-07-23,【行情】光伏建筑板块短线拉升，秀强股份涨超13%，双杰电气、天合光能、正泰电器跟涨,金十数据
475,2021-07-23,【行情】储能概念股短线拉升，鹏辉能源涨近10%，格林美、南都电源、天合光能、上能电气、科泰电源等跟涨,金十数据
476,2021-07-23,天合光能大涨，股价又创新高,证券时报网
477,2021-07-23,百兆瓦级670W项目即将开建，112MW天合光能超高功率组件发运青海,美通社
478,2021-07-22,天合光能发布《670W至尊组件机械可靠性白皮书》,中证网
479,2021-07-22,《天合光能210至尊组件产品白皮书2.0》发布,美通社
480,2021-07-21,天合光能210组件+支架一体化供应400MW电站项目，增强系统价值,美通社
481,2021-07-21,电气设备行业简评报告：六氟再度成为产能瓶颈 光伏关注户用发展浪潮,新浪
482,2021-07-21,电气设备行业深度报告：新能源车大势所趋产能为王 碳中和下风光发展迎来正周期,新浪
483,2021-07-20,电力设备新能源行业2021年中报业绩前瞻：“双碳”驱动电动化加速 新能源发电需求持续向好,新浪
484,2021-07-20,尚德协鑫英利正信等正式加入600W+联盟，210组件尺寸标准化更进一步,索比光伏网
485,2021-07-19,光储充一体化充电站加速布局 产业链全面升温,上证报
486,2021-07-19,天合光能加入“科学碳目标”全球倡议 助力1.5摄氏度限温目标行动,美通社
487,2021-07-19,天合光能：公司有为新加坡腾格水库提供60兆瓦210双面双玻组件,Wind
488,2021-07-18,新能源板块罕见急跌预示调整开始？北向资金已高位离场,第一财经
489,2021-07-16,电气设备行业：分布式光伏试点政策推进 铁锂电池助力爆款车型,广发证券
490,2021-07-16,浙商机械 邱世梁||王华君【光伏异质结设备】深度2：光伏电池片未来5年重大技术变革！,高端装备制造及材料
491,2021-07-16,天合光能(688599)：光伏组件龙头 市场空间广阔,新浪
492,2021-07-15,西部证券首予天合光能增持评级，近期获2份券商研报关注，目标均价涨幅5.72%,每日经济新闻
493,2021-07-14,继嘉元科技、金博股份又一家公司可转债获批！或成科创板募资额最高可转债项目,资本邦
494,2021-07-13,52.65亿！科创板最大单可转债或将落地这一类可转债可能要火！,财联社
495,2021-07-13,天合光能 | 整县推进大事记汇总,北极星电力
496,2021-07-13,天合光能正式加入“科学碳目标”全球倡议，助力1.5°C限温目标行动,华夏能源网
497,2021-07-13,IPO纵览|市值低于30亿的公司被调研不足6%；古鳌科技拟收北京东方高圣51%股权,IPO日报
498,2021-07-12,电气设备碳中和系列点评之十四：江苏省全面推进分布式光伏及“光伏+”利用 力争十四五风光装机实现倍增,新浪
499,2021-07-12,电力电气设备、公用事业行业：硅料成交价首次松动 看好开工率持续修复,新浪
500,2021-07-12,天合光能：向不特定对象发行可转换公司债券申请获得中国证券监督管理委员会同意注册批复,每日经济新闻
501,2021-07-12,天合光能(688599.SH)：公开发行可转债注册申请获批复,格隆汇
502,2021-07-12,电气设备行业周报：全球新能源车持续火爆 硅料首降需求有望复苏,新浪
503,2021-07-12,光伏组件巨头集聚A股：“垂直一体化”战局谁与争锋,中国经营报
504,2021-07-12,【湖北重启绿碳先行】首届华中光伏论坛,索比光伏网
505,2021-07-10,492家企业、超580人参加！ 第七届山西清洁能源峰会成功举办！,国际能源网
506,2021-07-08,【SMM金属早参】金属涨跌互现*国常会再提“降准”意欲何为？*6月锌产量提升,上海有色
507,2021-07-08,【SMM金属早参】金属涨跌互现*美联储公布6月会议纪要*国常会再提“适时运用降准等货币政策工具”,上海有色
508,2021-07-07,整县屋顶分布式光伏推进试点方案密集出台,经济日报
509,2021-07-07,清洁能源多元化发展,索比光伏网
510,2021-07-07,分布式光伏整县推进开启万亿市场，落地仍需解决诸多痛点,财经网
511,2021-07-07,A 股收评：指数午后高位震荡 锂电池板块再掀涨停潮,ZAKER
512,2021-07-07,天合光能午后拉涨近18% 光伏市场前景蓄势待发,上海有色
513,2021-07-07,HJT产业化跟踪：雄关漫道 阔步向前,广发证券
514,2021-07-07,快讯：光伏建筑板块午后异动拉升 天合光能大涨逾14%,新浪
515,2021-07-07,光伏板块午后发力 天合光能涨近15%,e公司
516,2021-07-07,新兴能源行业光伏BIPV市场分析：BIPV蓝海来袭 分布式光伏风起在即,新浪
517,2021-07-07,存货大增、流动性风险逼近 回归A股的晶科能源已不再是光伏组件霸主 运营能力下降,界面
518,2021-07-07,IPO雷达|存货大增、流动性风险逼近，回归A股的晶科能源已不再是光伏组件霸主 运营能力下降,界面
519,2021-07-06,电气设备行业周报：硅料龙头加速扩产 价格下降有望释放需求,华安证券
520,2021-07-06,光伏企业追逐建党百年荣光，坚持拼搏，砥砺前行,中经导报
521,2021-07-06,电气设备行业简评报告：光伏景气重启再度确认 锂电中游环节扩产为王,新浪
522,2021-07-06,电力电气设备、公用事业行业：硅片电池报价下调 看好下游开工率回升,新浪
523,2021-07-05,中来股份：商业奇迹还是财务骗局？ 欺诈造假,中金在线
524,2021-07-05,全球硅料供需关系梳理：硅片、电池片价格开始松动,Ofweek
525,2021-07-05,全球硅料供需关系梳理：2022年第二季度起硅料价格或快速回落,Ofweek
526,2021-07-05,【申港电新|周观点】全球硅料供需关系梳理,新能源深度研究
527,2021-07-05,电气设备行业周报：新势力环比高增 光伏需求有望重振,新浪
528,2021-07-04,电力设备行业：全球电动化呼啸前行 光伏多环节价格松动,新浪
529,2021-07-03,光伏组件巨头集聚A股：新一轮战局谁主沉浮？,中国经营网
530,2021-07-02,天合光能(688599.SH)：“年产3GW高效单晶切半组件项目”等等结项,格隆汇
531,2021-07-02,浙商机械 邱世梁||王华君【上机数控】硅片降价为常态、促需求提升；具核心竞争力企业盈利有保障,高端装备制造及材料
532,2021-07-01,亚玛顿(002623)：光伏玻璃稳定成长 BIPV&电子玻璃带来新增长极,新浪
533,2021-07-01,天合光能(688599)：大尺寸组件领跑者 多元业务协同加速增长,新浪
534,2021-07-01,鹏辉能源：公司为天合光能供应储能电池，是否涉及光伏建筑一体化要看合作方的业务情况和应用场景,每日经济新闻
535,2021-07-01,鹏辉能源：公司已在批量供应天合光能储能电池,每日经济新闻
536,2021-06-30,天合光能至尊组件670W系列组件高分通过鉴衡认证“不均匀雪载测试”,中国能源网
537,2021-06-30,百兆瓦级至尊670W项目即将开建，112MW天合光能超高功率组件发运青海！,中国能源网
538,2021-06-30,新能源行业：硅片降价周期启动需求或好于预期 分布式光伏爆发助力碳中和-行业点评,新浪
539,2021-06-30,2021年上半年绿氢进展：光伏巨头跑步入场,北极星电力
540,2021-06-30,新能源、环保领域碳中和动态追踪(十八)：中环股份7 月硅片报价环比下降 硅料价格未来或小幅下跌,光大证券
541,2021-06-29,天合光能：公司在钙钛矿等电池路线均拥有技术储备,每日经济新闻
542,2021-06-29,天合光能：BAPV应用于现有屋顶，BIPV针对新建，目前推进过程中，前期会以BAPV为主,每日经济新闻
543,2021-06-29,晶科能源阿特斯两大龙头上市申请获受理，拟融资100亿！,Ofweek
544,2021-06-29,光伏行业动态点评：光伏产业链价格整体环比下降 行业拐点将至,新浪
545,2021-06-29,隆基股份大涨5%创历史新高 三条主线掘金光伏板块丨牛熊眼,第一财经
546,2021-06-29,电力电气设备 公用事业：硅片价格松动 广西存量项目可延期并网 项目问题,新浪
547,2021-06-29,120家光伏概念股再上涨；上能电气上周涨幅31%，天合光能、正泰电器、通威股份、锦浪科技、固德威等上扬,中国能源网china5e
548,2021-06-28,光伏行业2021年中期策略：双碳目标新时代 N型格局定收益,广发证券
549,2021-06-28,210组件效率高达23.03% 天合光能刷新世界纪录,中证网
550,2021-06-28,电力电气设备、公用事业行业：上游涨价企稳+政策利好 光伏行情持续演绎,新浪
551,2021-06-28,电气设备行业周报：政策推进利好分布式装机 5月需求持续向好,华安证券
552,2021-06-28,中国石化与天合光能签约 深度合作光伏绿电制氢业务,国家煤化工网
553,2021-06-28,TOPCon VS 异质结 2021 SNEC展企业的“选边站队”,世纪新能源
554,2021-06-28,“碳中和”目标下，光伏电站成香饽饽，谁纷至沓来？谁卖出离场？,每经头条
555,2021-06-28,天合光能5.6亿元正式入股内蒙古通威,北极星电力
556,2021-06-28,电力设备与新能源21H2投资策略：对电动车板块超配 光伏拐点初现,智通财经
557,2021-06-27,板块拾金丨万亿元大题材“BIPV概念”横空出世，七月的翻身行情会在哪？,第一财经
558,2021-06-25,电气设备行业跟踪报告：整县推进分布式光伏试点 利好分布式光伏市场,新浪
559,2021-06-25,天合光能、通威股份百亿合作渐落地 5万吨高纯晶硅项目已上马,新京报
560,2021-06-25,天合光能牵手中国石化 实施光伏+充电桩、光储充一体化方案等,北极星电力
561,2021-06-25,浙商证券：天合光能（688599.SH）全球210大组件龙头，盈利向上拐点渐显，给予“增持”评级,智通财经
562,2021-06-25,别看表面波澜不惊，万亿风口来临？277亿惨烈博弈，“巨无霸”上演“天地板”,和讯
563,2021-06-25,中国石化与天合光能签约 深度合作光伏绿电制氢业务,中国能源网china5e
564,2021-06-25,【东吴晨报0625】【行业】电新【个股】波司登、奥特维,东吴研究所
565,2021-06-24,浙商大制造 邱世梁|王华君|邓伟【天合光能】深度：引领全球光伏智慧能源；盈利向上拐点渐显、未来弹性大,高端装备制造及新材料
566,2021-06-24,爱旭股份(600732)：全球高效光伏电池龙头 超前布局大尺寸及N型产能,新浪
567,2021-06-24,电气设备2021年中期投资策略报告：电驰早 风光好,新浪
568,2021-06-24,电力电气设备、公用事业行业：整县分布式试点方案下发 有望成零碳关键,新浪
569,2021-06-24,BIPV概念掀涨停潮 新能源领域再现超级风口,至诚财经
570,2021-06-24,实地探访转型中的义乌：光伏是小商品外的第二条增长曲线吗,第一财经
571,2021-06-24,近20股涨停，市场空间有望达万亿，光伏建筑一体化概念为何如此火爆丨行业风口,第一财经
572,2021-06-24,天合光能牵手中国石化 加强光储充一体化等方面合作,北极星电力
573,2021-06-24,光伏行业点评：分布式光伏开发试点启动 屋顶光伏高增开启,新浪
574,2021-06-24,新能源、环保领域碳中和动态追踪(十六)：规模化开发分布式光伏成未来趋势 需求加速放量全产业链将受益,光大证券
575,2021-06-24,中国石化与天合光能签署战略合作框架协议,北极星电力
576,2021-06-23,海运价格疯涨，光伏巨头们紧急应对！有龙头企业已在筹划自建物流,21世纪经济报道
577,2021-06-23,2021年下半年电力设备及新能源行业投资策略：新能源发电格局改善 新能车加速渗透率提升,新浪
578,2021-06-22,深度｜与疯狂海运价格“共舞”的光伏巨头们,21世纪经济报道
579,2021-06-22,光伏行业动态点评：光伏产业链价格整体趋稳 行业有望迎来拐点,新浪
580,2021-06-21,2.8米的暴雪？绝对安全！天合光能至尊670W组件高分通过鉴衡认证“不均匀雪载测试”,北极星电力
581,2021-06-21,电气设备行业周报：我国5月风光装机分析,新浪
582,2021-06-21,电气设备行业周报：盈利改善逻辑将提前演绎 配置组件正当时,华安证券
583,2021-06-18,新能源、环保领域碳中和动态追踪(十四)：光伏行业迎量增&盈利修复预期 重点推荐高弹性的组件&电池片环节,光大证券
584,2021-06-18,捷报！天合光能喜获青海海西州茫崖市1GW风光储+防风固沙多能互补一体化项目,北极星电力
585,2021-06-18,光伏行业转债梳理：光伏转债扩容在即 细细梳理转债市场上的光伏企业,光大证券
586,2021-06-16,科创板又一单可转债要来了！继嘉元科技后金博股份拿到批文,财联社
587,2021-06-16,东吴证券--电气设备新能源行业周报：锂电龙头大单不断中报预计靓丽、光伏电价政策超预期【行业研究】,金融界股吧
588,2021-06-16,申港证券--电气设备行业周报：5月中欧新能源车维持高景气【行业研究】,金融界股吧
589,2021-06-16,首创证券--电气设备行业简评报告：光伏产业柳暗花明景气重启，海风地补落地确定性夯实【行业研究】,金融界股吧
590,2021-06-16,电力设备及新能源行业周报：硅料价格或见顶 组件端弹性显着增大,华福证券有限责任公司
591,2021-06-15,【电新*曾朵红】光伏新政电价超预期，存量平价项目可延期，看好明年量利双升,东吴研究所
592,2021-06-14,东吴证券：光伏新政电价超预期，存量平价项目可延期，看好明年量利双升！,智通财经
593,2021-06-13,【东吴电新】光伏行业点评：光伏新政电价超预期，存量平价项目可延期，看好明年量利双升！,新兴产业汇
594,2021-06-13,光伏风电行业：新能源上网电价政策超预期 下游装机需求有望修复,广发证券
595,2021-06-11,碳中和系列点评之十二：21年新能源上网电价政策出炉 新建项目执行燃煤发电基准价,新浪
596,2021-06-11,电新行业动态点评：15部门联合发文加强县城低碳建设 分布式光伏大有可为,新浪
597,2021-06-11,国金证券光伏2021中期策略：看淡短期博弈，重视技术变革和竞争格局变化,证券时报网
598,2021-06-11,【国金晨讯】明年更乐观！光伏布局强alpha龙头+优质二线弹性；5月金融数据：信贷结构持续优化凸显经济增长动力不减,国金证券研究所
599,2021-06-10,【牛人重仓】天合光能:放量上涨，量比大于3，今日资金流入8449.95万元，融资余额31468.49万元；前3个交易日，融资额增加1821.11万元，主力资金净流入815.05万元,每日经济新闻
600,2021-06-10,多晶硅价格再攀高位 机构：光伏扩产供需偏紧 行业潜在增长空间巨大丨牛熊眼,第一财经
601,2021-06-10,天合光能今年组件总产能预计50GW210产能占比超过70%,财联社
602,2021-06-09,22%+高效组件已来，谁才是效率之王？,Ofweek
603,2021-06-08,电气设备行业周报：新能源汽车产业链首选六氟赛道,新浪
604,2021-06-08,电力设备行业动态分析：欧洲电车持续繁荣 光伏展热点不断,新浪
605,2021-06-08,SNEC落幕：喧嚣之下，明争暗斗,中国能源网china5e
606,2021-06-07,次新市场周报(2021年6月1周)：新股指数稍有回调 个股上市表现分化加剧,新浪
607,2021-06-07,电气设备行业周报：磷酸铁锂助力中高端市场 SNEC展N型未来可期,广发证券
608,2021-06-07,新能源行业光伏展三大看点：技术多线并存、储能产业化、场景创新化,华安证券
609,2021-06-07,宁德时代迎限售股解禁洪峰：市值将达4100亿元！ 解禁,Ofweek
610,2021-06-07,超4700亿元！本周解禁规模刷新年内纪录，市场影响几何？ 解禁,上游新闻
611,2021-06-07,【国金晨讯】光伏中期策略：看淡短期博弈，重视技术变革和竞争格局变化；A股一周策略：美联储缩减购债的原因、节奏和影响,国金证券研究所
612,2021-06-07,单周48只限售股解禁 宁德时代巨量解禁迎考 解禁,北京商报
613,2021-06-07,超4700亿元！年内最大规模解禁周来袭 解禁,北京商报
614,2021-06-06,4705.85亿元 最大规模解禁周来袭 解禁,北京商报
615,2021-06-06,4700亿最大单周解禁来袭，宁德时代能否守稳万亿市值引人关注 解禁,第一财经
616,2021-06-06,最大规模解禁周来袭！这只牛股超 4 千亿市值面临解禁 解禁,ZAKER
617,2021-06-06,最大规模解禁周来袭 宁德时代解禁市值约4116亿 解禁,北京商报
618,2021-06-06,电气设备行业周报：新技术推动组件效率进一步提升 新能源车5月销量维持高位,新浪
619,2021-06-05,SNEC重磅！天合光能正式发布《天合跟踪基于超高功率组件应用的风工程研究白皮书》 可靠性再升级！,北极星电力
620,2021-06-05,2021 SNEC“最靓的仔”：天合光能包揽本届SNEC十大亮点所有奖项！,北极星电力
621,2021-06-05,下周4100亿元！宁德时代迎限售股解禁洪峰，能否安然度过？这些新能源公司也面临大额解禁 （附全名单） 解禁,中证报
622,2021-06-05,全年解禁压力最大的单周来了！牛股超4千亿市值面临解禁 解禁股名单出炉 解禁,金融投资网
623,2021-06-05,下周4706亿市值限售股解禁，环比增加1377.18% 解禁,Wind
624,2021-06-05,两大牛股刚创新高不久就遭减持，全年解禁压力最大的单周来了，解禁股名单出炉（附股） 减持股份,证券时报网
625,2021-06-04,2021SNEC天合光能尽占“C位” 新品重磅加码 签约好戏连台！,北极星电力
626,2021-06-04,相聚SNEC 600W+产业链齐发声 选择210就选择了度电成本最低！,北极星电力
627,2021-06-03,天合光能向不特定对象发行可转债申请获上交所审议通过,科创板日报
628,2021-06-03,天合光能(688599.SH)：可转债发行申请获上交所审议通过,格隆汇
629,2021-06-03,光伏设备：隆基、晶科TOPCON转化效率刷新记录 利好光伏设备,新浪
630,2021-06-03,协合新能源(00182.HK)向天合光能(688599.CN)采购太阳能设备,财华社
631,2021-06-02,协合新能源(00182.HK)向天合光能采购太阳能设备,格隆汇
632,2021-06-01,天合光能：9.13亿股限售股6月10日上市流通 解禁,Wind
633,2021-06-01,电气设备行业简评报告：风电结构性机会凸显 大型化海上化带动整机毛利,新浪
634,2021-06-01,中国光伏行业协会：210电池组件尺寸已实现标准化,索比光伏网
635,2021-05-31,电气设备新能源行业周报：美国电动车政策和锂电中游超预期、锂电龙头全面受益,新浪
636,2021-05-31,电气设备行业：新能源车景气度再确认 风光储价格机制进一步完善,广发证券
637,2021-05-30,电气设备行业周报：异质结转换效率再创记录 美国电动车补贴政策进一步升级,新浪
638,2021-05-29,三论光伏跟踪系统：全球市场景气向上 中国跟踪展露锋芒,新浪
639,2021-05-28,华安证券--电气设备行业周报：海外出口强劲，国内下游需求加速释放【行业研究】,金融界股吧
640,2021-05-28,上交所6月3日审核嘉和美康科创板IPO上会及天合光能再融资事项,资本邦
641,2021-05-28,新能源及储产业观察系列之三：90GW保障性规模兜底 风电光伏吹响十四五冲锋号,新浪
642,2021-05-26,龙头分化！隆基营收利润遥遥领先，三家企业利润负增长 盈利能力下降,Ofweek
643,2021-05-25,天合光能(688599.SH)于6月1日每股派发现金红利0.18元,智通财经
644,2021-05-25,光伏年度盛会倒计时！天合光能“好戏连台”，诸多潮流看点等你解锁！,北极星电力
645,2021-05-25,江苏区域股市周报：新增1家上市公司 61家机构调研天合光能,每日经济新闻
646,2021-05-25,首创证券--电气设备行业简评报告：新能源装机下限预期加强，硅料仍将贯穿全年主题【行业研究】,金融界股吧
647,2021-05-23,安信电新：锂电材料验证板块高景气，新政落地风光起量在即,科创板日报
648,2021-05-21,天合光能：公司暂无在太阳能飞机方面的研究,每日经济新闻
649,2021-05-21,天合光能：公司与日本大阪产业大学合作研发的太阳能赛车，是基于IBC电池技术的应用合作项目,每日经济新闻
650,2021-05-21,5月21日晚间重要行业研究汇总(附股),中金在线
651,2021-05-21,和讯SGI公司|天合光能SGI指数最新评分骤降至64分 研发短板叠加原料价格上涨触发业绩滑坡 盈利能力下降,和讯
652,2021-05-21,碳中和系列点评之十一：2021年风光建设方案出炉 保障性并网规模超预期,新浪
653,2021-05-21,光伏板块大涨，行业新政策超预期，装机天花板有望进一步打开,第一财经
654,2021-05-21,上机数控(603185)：再签51亿元硅料长单 保障原材料供应,国联证券
655,2021-05-21,电气设备行业点评：2021年保障性并网规模不低于90GW 户用项目政策超预期,新浪
656,2021-05-21,中银证券：天合光能老牌光伏龙头，组件盈利能力有望回暖,证券时报网
657,2021-05-21,新能源行业点评：政策促进下游需求加速释放 户用补贴略超预期,华安证券
658,2021-05-20,前4月装机容量同比增24% 光伏成未来确定性最强赛道之一丨牛熊眼,第一财经
659,2021-05-20,电力设备新能源行业：能源指导工作意见出炉 车展智能化+铁锂打造爆款,广发证券
660,2021-05-20,新能源、环保领域碳中和动态追踪(十二)：风光开发建设通知正式下发 建立长效机制保障新能源长期发展,光大证券
661,2021-05-19,深度*公司*天合光能(688599)：老牌光伏龙头 积极拥抱大尺寸,新浪
662,2021-05-19,中银证券首予天合光能增持评级：老牌光伏龙头，积极拥抱大尺寸,每日经济新闻
663,2021-05-19,越南210电池组件投产 天合光能:公司今年组件将超50GW,财联社
664,2021-05-19,中银国际：天合光能（688599.SH）老牌光伏龙头，首予“增持”评级,智通财经
665,2021-05-19,天合光能越南工厂210尺寸高功率组件正式下线,集邦新能源网
666,2021-05-18,天合光能：海外210工厂高功率组件正式下线 加速至尊系列全球供货,e公司
667,2021-05-18,深度*行业*光伏行业2021年中期策略：需求总量无忧 优选轻资产方向,新浪
668,2021-05-18,电气设备行业简评报告：迎接行业风口 产能扩张为王,新浪
669,2021-05-17,电力设备：电车景气依旧 光伏拐点已现,新浪
670,2021-05-17,天合光能2021年将推动首个光伏制氢和氢储运示范项目落地,北极星电力
671,2021-05-16,【民生研究】周观点汇总：疫情和就业数据只是扰动，发达国家经济复苏趋势没有改变,新浪
672,2021-05-14,IIGF观点 | 中国光伏产业发展及投融资（上篇一）,中央财经大学绿色金融国际研究院
673,2021-05-13,天合光能(688599.SH)股东自愿延长限售股锁定期6个月,智通财经
674,2021-05-13,天合光能(688599.SH)：3名拟将4.57亿股首发限售股追加6个月限售期,格隆汇
675,2021-05-13,天合光能：高效N型单晶i-TOPCon太阳电池光电转换效率可达24.58%,每日经济新闻
676,2021-05-13,电力设备新能源行业专题研究：业绩保持高增 板块分化加大,新浪
677,2021-05-13,天合光能至尊系列组件：严格品控、超长质保、多重保障护航 只为你安心！,北极星电力
678,2021-05-13,光伏大发展窗口期，更要抢抓变道超车机会！,中国电力报
679,2021-05-13,五大组件上市公司一季报对比，营收全线高增长,中国能源网china5e
680,2021-05-12,以创新驱动绿色发展，更要学会抢抓变道超车机遇,索比光伏网
681,2021-05-12,全力打造光伏第一品牌 | 天合光能精彩亮相“中国品牌日”,中国能源网china5e
682,2021-05-12,总营收3561亿 20家上市光伏企业2020年业绩速览,世纪新能源
683,2021-05-11,上机数控(603185)：单晶硅片出货放量 一季度业绩大幅增长,国联证券
684,2021-05-11,总营收近500亿！2020年上市光伏企业表现抢眼,中国能源网china5e
685,2021-05-11,鹏辉能源(300438)：一季报业绩高增长 明确战略成长可期,新浪
686,2021-05-10,电气设备新能源行业周报：电动车销量和排产持续向好、光伏5月排产边际改善,新浪
687,2021-05-10,2020年上市光伏企业表现抢眼，总营收近500亿，天合光能一枝独秀！,Ofweek
688,2021-05-10,电气设备行业：板块业绩表现靓丽 光伏、新能源车产业链持续高景气,新浪
689,2021-05-10,平安证券--电力设备行业动态跟踪报告：光伏2020年报总结，高成长，大扩张，优选景气环节【行业研究】,金融界股吧
690,2021-05-07,新能源板块行业专题报告：风光业绩高增长 十四五持续成长可期,新浪
691,2021-05-07,电力设备新能源行业：一季度光伏高质量发展 关注储能市场边际变化,广发证券
692,2021-05-07,新能源行业周报：产业链持续涨价 组件中标价格水涨船高,华安证券
693,2021-05-06,电力设备新能源行业2020年报及2021年一季报综述：碳中和成就行业高景气 上游价格变动或成择时关键,光大证券
694,2021-05-06,科创板新能源公司Q1：9家净利增速超100% 研发费用同比激增,科创板日报
695,2021-05-03,鹏辉能源(300438)2020年报及2021年一季报点评：业绩符合预期 计提减值轻装上阵,新浪
696,2021-05-02,天合光能(688599)2021年一季报点评：盈利能力好于预期 海外高增长,新浪
697,2021-04-30,【东吴证券】天合光能：盈利能力好于预期，海外高增长——2021年一季报点评,新兴产业汇
698,2021-04-30,405股获券商买入评级，桐昆股份目标涨幅达107.17%,Wind
699,2021-04-29,国盛证券维持天合光能增持评级：一季报盈利高增长，加速一体化布局,每日经济新闻
700,2021-04-29,250家科创板企业科创成色如何？9家研发人员占比不足10%,财经网
701,2021-04-29,光伏玻璃风云录：涨价、暴跌、搅局，谁将成为最后王者？,财经网
702,2021-04-29,9家企业研发人数占比不足10%，科创板够“科创”吗？,财经杂志
703,2021-04-29,研发人员占比应超10% 科创板的科创属性究竟几何？,新浪
704,2021-04-29,一季度净利润增50.5% 天合光能：210组件竞争优势明显，今年出货量或达35GW,财联社
705,2021-04-29,天合光能：2021年第一季度净利润约2.30亿元，同比增长50.50%,每日经济新闻
706,2021-04-28,天合光能(688599.SH)：一季度净利升50.5%至2.3亿元,格隆汇
707,2021-04-28,天合光能(688599.SH)第一季度归母净利润同比增长50.50%至2.3亿元,智通财经
708,2021-04-28,天合光能：一季度净利润同比增长50.5%,Wind
709,2021-04-27,210光伏产业链再升级！,索比光伏网
710,2021-04-26,电力设备新能源行业：能源指导工作意见出炉 车展智能化+铁锂打造爆款,广发证券
711,2021-04-26,电气设备行业简评报告：光伏行业景气度仍在 Q1业绩普遍超预期,新浪
712,2021-04-26,解构天合光能2020财报：组件出货量全球第三，2021年底组件总产能达50GW！,中国能源网china5e
713,2021-04-26,更高功率、更低度电成本 天合光能600w+至尊组件助力高比例可再生能源时代,中国能源网china5e
714,2021-04-26,无补贴时代的光伏“真理”：每一分收益都很重要，超高功率组件是关键,中国能源网china5e
715,2021-04-26,隆基晶科天合等五大龙头业绩，出货量不完全反映盈利,中国能源网china5e
716,2021-04-25,对话天合光能张映斌：直面行业210热点！,中国能源网china5e
717,2021-04-24,从产业到金融碳中和“方法论”初探,证券之星
718,2021-04-23,免费研报精选：“吃药”行情之后 农业股蠢蠢欲动！如何看待农业板块机会？,中金在线
719,2021-04-23,寡头游戏？2021年TOP5组件企业出货瞄准170GW,北极星电力
720,2021-04-22,新能源三角体系背后“先锋军”，鼎晖精准布局低碳转型创新引擎,21世纪经济报道
721,2021-04-21,安信证券--电力设备行业动态分析：ARCFOX上市！从造车盛宴观电动车提速【行业研究】,金融界股吧
722,2021-04-21,近185亿！全球Top5光伏组件大厂盈利赚钱 新寡头在“集结”,索比光伏网
723,2021-04-21,高纪凡表示：未来太阳能发电可以和车辆结合,中新网
724,2021-04-21,养老金持有科创板股名单,证券时报网
725,2021-04-21,600W+时代，产业链适配迈上新台阶,索比光伏网
726,2021-04-20,【直通博鳌】天合光能高纪凡：未来光发电成本可在1毛以下,科技新闻网
727,2021-04-20,从光伏到充电桩，揭秘鼎晖新能源图谱,猎云网
728,2021-04-20,拥抱600W+超高功率时代，智能跟踪支架的度电成本优势显着,索比光伏网
729,2021-04-20,4月20日晚间重要行业研究汇总(附股),中金在线
730,2021-04-20,首创证券--电气设备行业简评报告：光伏产业链博弈持续，关注高镍正极快速增长【行业研究】,金融界股吧
731,2021-04-20,华安证券--新能源行业周报：产业链涨价仍在持续，“新能源+储能”发展趋势不变【行业研究】,金融界股吧
732,2021-04-20,博鳌百人会：天合光能董事长预言“未来光能会无处不在”,中新网
733,2021-04-19,105股获券商买入评级 凯龙高科目标涨幅达83.11%,Wind
734,2021-04-17,科创板强调“科”定位：要求研发人员占比超10%，天合光能等3家企业不达标 产品问题,华夏时报
735,2021-04-17,光伏开放创新生态联盟,索比光伏网
736,2021-04-16,天合光能中标孟加拉60MW EPC项目,集邦新能源网
737,2021-04-16,发电量增益超8% 天合光能“安捷”双排联动跟踪支架全球发布,世纪新能源
738,2021-04-15,天合光能：一季度净利同比预增38%-65%,e公司
739,2021-04-15,天合光能：预计一季度净利润为2.11亿元至2.53亿元，同比增长37.91%至65.36%,Wind
740,2021-04-14,成为科创板光伏第一股后， 天合光能可否扭转颓势,财经网
741,2021-04-14,养老金持有科创板股名单,证券之星
742,2021-04-13,通威股份净赚36亿 二股东香港结算大幅增持,金融投资报
743,2021-04-13,财报里的光伏产业新预期,人民政协网
744,2021-04-12,上机数控拟斥资64亿囤货 产销两旺频获大单,e公司
745,2021-04-12,亚玛顿(002623)：薄玻璃壁垒深厚 21年有望再上台阶,新浪
746,2021-04-12,电力设备新能源行业：光伏迈入平价阶段 3月新能源车产销同比高增,广发证券
747,2021-04-12,电气设备行业光伏深度报告专题之二：聚焦HJT 下一代电池技术的领航员,新浪
748,2021-04-09,盘前有料丨住建部约谈广州等5城政府负责人；今日3只新股申购…重要消息还有这些,证券时报
749,2021-04-09,安信证券：继续重点推荐光伏和风电产业链投资机会 光伏建议把握4条主线,证券时报网
750,2021-04-09,新能源上网政策 利好相关产业链,财富动力网
751,2021-04-08,天合光能方斌：构建无碳新能源世界,上证报
752,2021-04-08,天合光能子公司与苏美达签署战略合作框架协议,e公司
753,2021-04-08,上海证券给予天合光能增持评级：组件出货高增长，大尺寸及一体化布局深入,每日经济新闻
754,2021-04-08,天合光能(688599)2020年年报点评：组件出货高增长 大尺寸及一体化布局深入,新浪
755,2021-04-08,电力设备行业：发改委发布2021年新能源上网电价征求意见稿 继续重点推荐,新浪
756,2021-04-08,光伏组件：优化的竞争格局 低估的品牌价值,财富动力网
757,2021-04-08,科创板2020年机构增持路线图 公募热捧头部大公司,21世纪经济报道
758,2021-04-07,科创板机构持股路线图：大部头公司受热捧、朱雀 “霸榜”金达莱,21世纪经济报道
759,2021-04-07,东吴证券：天合光能（688599.SH）20年Q4盈利突出，维持“买入”评级,智通财经
760,2021-04-07,电力设备新能源行业周报：玻璃降价有望激发光伏装机 深圳发布新能源车规划,广发证券
761,2021-04-06,天合光能(688599)：龙头回归业绩强劲增长 乘风210优势有望扩大,广发证券
762,2021-04-06,广发科创板一周全景(4月第1期)：中长线资金有何增量信息？,广发证券
763,2021-04-06,电气设备行业：小米布局新能源汽车领域 光伏玻璃价格回调,新浪
764,2021-04-06,天合光能：公司目前订单饱满,每日经济新闻
765,2021-04-06,机构首次青睐这些个股 最高有66%上涨空间,第一财经
766,2021-04-06,深度*行业*电力设备与新能源行业4月第1周周报：小米进军智能电动汽车 光伏玻璃大幅降价,新浪
767,2021-04-06,141股获券商买入评级 宇信科技目标涨幅达98.64%,Wind
768,2021-04-04,天合光能(688599)：20年利润同比大增 大尺寸组件龙头蓄势待发事件,新浪
769,2021-04-03,券商首次关注6股并给予买入评级（4月3日）,Wind
770,2021-04-02,天合光能(688599)：出货高增 积极扩产尽享大尺寸红利,新浪
771,2021-04-02,天合光能中标遂溪县官田水库50MW光伏项目组件采购,中国机经网
772,2021-04-01,天合光能组件出货16GW全球第三，营收近300亿，归母净利同比提升91.9%,集邦新能源网
773,2021-04-01,东吴证券给予天合光能买入评级，2020年年报点评：20年Q4盈利突出，龙头优势显着，目标价格为26.04元,每日经济新闻
774,2021-04-01,天合光能(688599)：210组件龙头 2020年业绩高速增长,新浪
775,2021-04-01,光伏“标准尺寸之争”再起,中国能源报
776,2021-04-01,第八届广东省光伏论坛,索比光伏网
777,2021-04-01,养老金去年四季度现身2只科创板股,证券时报网
778,2021-03-31,股价或达24元，天合光能净利润超12亿，同比暴涨91.9%,Ofweek
779,2021-03-31,行业需求拐点提前，3000亿龙头已开始暴涨！,云掌财经
780,2021-03-31,天合光能：2020年营收净利双增长 主营业务高速发展,中证报
781,2021-03-31,天合光能：210组件优势促业绩持续提升 营收增长26% 利润大增91.9%,证券时报网
782,2021-03-31,天合光能2020年营收近300亿元 归母净利同比提升92%,上证报
783,2021-03-31,年报解读|组件出货量近16GW带动2020年净利增九成天合光能：2021年将翻倍,科创板日报
784,2021-03-31,安信证券维持天合光能买入-A评级：组件、跟踪支架业绩亮眼，业绩有望持续高增，目标价24元,每日经济新闻
785,2021-03-31,天合光能：2020年净利润同比增长近92% 组件出货量15.915GW,北极星电力
786,2021-03-31,天合光能(688599)：业绩符合预期 大尺寸组件龙头布局支架与储能,光大证券
787,2021-03-30,天合光能：2020年净利润12.29亿 同比增92%,e公司
788,2021-03-30,天合光能(688599.SH)年度归母净利同比增长92%至12.3亿元 拟10派1.8元,智通财经
789,2021-03-30,天合光能(688599.SH)：2020年度净利升91.9%至12.29亿元 拟10派1.8元,格隆汇
790,2021-03-30,天合光能：2020年度净利同比增长91.9%拟10派1.8元,格隆汇
791,2021-03-30,天合光能：2020年净利润同比增长91.9%,Wind
792,2021-03-30,首创证券--电气设备行业深度报告：供应链一季报业绩抢眼，新能源汽车景气度维持【行业研究】,金融界股吧
793,2021-03-30,【行情】光伏概念拉升回暖，隆基股份、阳光能源涨超8%，通威股份、东方日升、天合光能、上能电气等走高,金十数据
794,2021-03-30,东吴证券：碳达峰、碳中和目标引领，光伏和电动车发展提速,证券时报网
795,2021-03-30,【电新*曾朵红】碳达峰、碳中和目标引领，光伏和电动车发展提速,东吴研究所
796,2021-03-30,一季度南美、欧洲成出口热点，新一轮“涨价潮”影响初现,索比光伏网
797,2021-03-29,电气设备行业周报：筑底接近尾声 强烈看好新能源板块后续行情,新浪
798,2021-03-29,电气设备行业周报：风电全球需求有望稳定增长 电车中游龙头业绩符合预期,新浪
799,2021-03-29,国投电力与天合光能成功签约盐城用户侧储能合作项目,新能源网
800,2021-03-29,协鑫牵手隆基、通威牵手天合：谁是下一个“硅王”,世纪新能源
801,2021-03-25,电气设备行业点评：进一步落实可再生能源消纳 推进可再生能源健康发展,新浪
802,2021-03-25,【朝闻国盛0325】IPO发行节奏放缓，ETF逆势扩容,国盛证券研究所
803,2021-03-24,碳中和系列点评之六：清洁能源消纳情况综合监管工作方案出台 促进清洁能源高效利用,新浪
804,2021-03-24,电气设备行业报告：下游景气度持续 关注锂电中游行情,新浪
805,2021-03-22,光伏组件设备行业研究：景气上行叠加技术更新，行业放量可期,新浪
806,2021-03-22,深度 | “双碳”目标如何尽快落地？天合光能先一步给出“参考答案”,中国贸易新闻网
807,2021-03-22,对话天合光能张映斌：直面行业210热点！,集邦新能源网
808,2021-03-22,52.65亿布局大尺寸硅片 天合光能可转债收首轮问询,金融界
809,2021-03-22,电气设备行业周报：新能源筑底阶段 强烈推荐各细分领域龙头,新浪
810,2021-03-21,【招商证券】总量的视野—电话会议纪要（20210321）,志明看金融
811,2021-03-21,天合光能(688599.SH)：就向不特定对象发行可转债申请 收到审核问询函 问询,格隆汇
812,2021-03-21,天合光能(688599.SH)拟为子公司申请合计8.86亿元银行授信提供担保 大额借贷担保,智通财经
813,2021-03-21,浙江鼎力(603338)：以史为鉴知兴替：“双反”的竞争推演,广发证券
814,2021-03-19,快可电子IPO：切中“碳中和”主线，晶澳太阳能、天合光能为主要客户,搜狐
815,2021-03-19,“先进光伏”对话：超高功率组件开启产业升级密码，深化协助推进行业迈进600W+,索比光伏网
816,2021-03-18,数据|科创板主力资金净流出149股天合光能流出率最高,科创板日报
817,2021-03-17,电力设备新能源行业：政策推进解决风光欠补 2月新能源汽车产销增速新高,广发证券
818,2021-03-16,电气设备行业周报：板块调整基本到位 强烈推荐各细分领域龙头,新浪
819,2021-03-16,能源行业高景气专题研究系列之二：能源安全主题 “能源安全”召唤下的能源革命之势,新浪
820,2021-03-15,浙商机械 邱世梁||王华君【捷佳伟创】深度：光伏电池设备龙头，未来5年持续高成长,高端装备制造及材料
821,2021-03-15,固定收益周报：股市高波动环境下紧握估值之锚,新浪
822,2021-03-15,电力设备与新能源行业：3月光伏上下游博弈明显 全年需求依然旺盛,新浪
823,2021-03-15,光伏圈频频“联姻” 好女不愁“嫁”,世纪新能源
824,2021-03-14,52亿资金难满足盐城、宿迁项目需求，天合光能未来如何筹资成关键,华夏时报
825,2021-03-13,“光伏大佬”高纪凡的进击：头顶巨债押宝大尺寸产能,新浪
826,2021-03-12,电力设备与新能源行业月报：“双碳”写入《政府工作报告》 官方引导加大风电光伏金融支持力度,新浪
827,2021-03-12,210超高功率组件，天合光能至尊系列再发新品,Ofweek
828,2021-03-11,天合光能发布670W组件 组件效率最高达21.6%,e公司
829,2021-03-11,天合光能发布670W至尊组件已正式量产,格隆汇
830,2021-03-11,浙江鼎力(603338)：“双反”影响有限 国内龙头地位突出,广发证券
831,2021-03-11,有6才精彩 天合光能发布670W至尊组件，组件效率达21.6%，600W+势不可挡,中国能源网
832,2021-03-11,天合光能助力哥伦比亚第二大太阳能项目,Ddu滴度
833,2021-03-10,超前迈开“扶贫脚步”，天合光能扶贫20年都做了什么？,Ofweek
834,2021-03-07,科创板340多亿再融资揭秘：间隔时间被重点关注这家尚亏损公司被问询三轮 亏损,科创板日报
835,2021-03-06,研选 | 光大研究每周重点报告 20210227-20210305,新浪
836,2021-03-06,第4单！天合光能50余亿可转债获受理 科创板可转债大起底来了,科创板日报
837,2021-03-06,天合光能：公司2021年底光伏组件产能规划超过50GW,格隆汇
838,2021-03-05,天合光能拟发行可转债52.65亿元 以加速布局大尺寸高效太阳能电池,经济观察网
839,2021-03-05,光伏业“加速跑”大基地开发成趋势,中国投资协会
840,2021-03-04,天合光能(688599.SH)：发行可转债申请获上交所受理,格隆汇
841,2021-03-04,电气设备行业碳中和系列点评之五：推进电力源网荷储一体化和多能互补发展 促进能源行业转型升级,新浪
842,2021-03-04,宇邦新材IPO二进宫：或有关联交易未披露，溢价收购实控人资产,新浪
843,2021-03-04,碳中和系列点评之四：广东省发文保障可再生能源电力消纳 风电光伏等新能源全额消纳,新浪
844,2021-03-04,碳中和系列点评之三：加快推动风电光伏项目建设 建立并网消纳多元保障机制,新浪
845,2021-03-04,2020光能杯年度大奖,索比光伏网
846,2021-03-02,光伏“黑马”百亿扩张竞速,21世纪经济报道
847,2021-03-02,碳中和系列点评之二：国家电网发布“碳达峰、碳中和”行动方案 加快推动能源电力转型,新浪
848,2021-03-02,银行间债市投资者组合策略之变,证券市场周刊
849,2021-03-02,天合光能拟在江苏盐城建设25亿元10GW高效组件项目,集邦新能源网
850,2021-03-02,东方日升缘何逆势报亏？ 亏损,证券市场周刊
851,2021-03-02,券商晨会观点速递,第一财经
852,2021-03-02,【光大研究每日速递】20210302,新浪
853,2021-03-02,价格疯涨，隆基、天合、晶科、上机数控深度“联姻”杀入硅料,北极星电力
854,2021-03-02,广发证券：光伏上游市场供应持续紧张 龙头企业优势凸显,证券时报网
855,2021-03-01,异质结组件功率新高，天合光能新品不断,Ofweek
856,2021-03-01,碳中和系列点评之一：加快建立健全绿色低碳循环发展经济体系 全面攻坚碳中和,新浪
857,2021-03-01,隆基、通威、协鑫等狂揽千亿订单，谁是供货王？,集邦新能源网
858,2021-03-01,小K播早报！君实生物等调入科创50指数深圳国资收购苏宁易购23%股份,科创板日报
859,2021-03-01,100股获券商买入评级，德林海目标涨幅达128.68%,Wind
860,2021-02-28,「财富周评榜」光伏股集体下挫：“三剑客”市值齐下滑隆基跌破4000亿，“阳光上机锦浪香”风光不再 连续下跌,华夏时报
861,2021-02-27,天合光能获调入科创50，盈利能力持续向好,大众证券报
862,2021-02-27,“拥硅为王”再现？ 光伏掀起多晶硅争夺战,新浪
863,2021-02-26,科创板晚报|天合光能拟投资25亿元建设高效光伏组件项目东方生物2020年净利润同比增长1956%,科创板日报
864,2021-02-26,好消息|坏消息上海国际能源交易中心发布风险通知；天合光能拟投资25亿元建设高效光伏组件项目,搜狐
865,2021-02-26,天合光能：拟在盐城经济开发区投资建设高效光伏组件项目,新浪
866,2021-02-26,天合光能(688599.SH)拟在盐城经济开发区投建高效光伏组件项目,格隆汇
867,2021-02-26,天合光能：拟25亿元投建高效光伏组件项,Wind
868,2021-02-26,上机数控(603185)：非公开发行顺利实施 硅单晶再扩10GW,国联证券
869,2021-02-25,行业观察|光伏组件商2020年出货量大涨过剩危机中龙头企业“结盟”抢市场,科创板日报
870,2021-02-25,回A首年利润暴涨，天合光能多人将获巨额激励,Ofweek
871,2021-02-25,天合光能(688599)：210组件优势凸显 全球化渠道布局提升竞争力,新浪
872,2021-02-25,光伏行业助力，天合光能2020年盈利12.32亿元,资本邦
873,2021-02-25,每日财报|苏泊尔净利同比下降3.69%天合光能净利大增九成 盈利能力下降,搜狐
874,2021-02-25,210mm高功率组件销量提升天合光能2020年净利润12.32亿元,科创板日报
875,2021-02-24,隆基股份对其子公司全资控股,Ofweek
876,2021-02-24,天合光能业绩快报：2020年净利润同比增92.25%,Wind
877,2021-02-24,天合光能业绩快报：2020年净利润12.32亿元 同比增92%,e公司
878,2021-02-24,天合光能(688599.SH)业绩快报：2020年净利升92.25%至12.3亿元,格隆汇
879,2021-02-22,光伏内卷，高景气时代的江湖纷争,36氪
880,2021-02-22,“十四五”风电光伏装机规划点评系列：浙江省“十四五”大力推进“光伏+”及海上风电建设,新浪
881,2021-02-22,快可电子能否成功登陆科创板,中国能源报
882,2021-02-21,机械设备行业周报：1月挖机销量同比高增符合预期 关注光伏、锂电、油服产业链动态,新浪
883,2021-02-20,天合光能(688599)：全球组件龙头 全面拥抱210,新浪
884,2021-02-19,国盛证券给予天合光能增持评级，全球组件龙头，全面拥抱210,每日经济新闻
885,2021-02-19,光伏组件天合造！加勒比地区最大太阳能发电厂开建,北极星电力
886,2021-02-19,三大逆变器供应商宣布适配超高功率组件光伏210产品渗透率将提升,中国能源网
887,2021-02-19,光伏企业订单激增 产业链高景气度延续,中证报
888,2021-02-17,牵手天合、晶科 通威股份补齐硅片短板,e公司
889,2021-02-09,东方日升33亿元可转债终止上市疑云,中国经营报
890,2021-02-09,上机数控(603185)复盘与展望：上涨三部曲-做出产品、做好产品、做好业绩！,新浪
891,2021-02-09,15股获买入评级 最新:天合光能,中财网
892,2021-02-08,三大逆变器供应商宣布适配超高功率组件 光伏210产品渗透率将提升,e公司
893,2021-02-08,原料涨价致东方日升预亏，33亿可转债“泡汤”，同行业绩如何？,云掌财经
894,2021-02-08,天合光能：提名冯小玉为监事会监事候选人,每日经济新闻
895,2021-02-08,私有化回A股IPO趋多！美埃科技二轮问询透露重点共性问题,科创板日报
896,2021-02-08,东方日升发债遇阻市值蒸发120亿 核心业务占比80%难抵市场风险,长江商报
897,2021-02-07,科创板股2020年业绩提前看 23股净利润增幅翻倍,证券之星
898,2021-02-06,疯狂的光伏！动不动百亿扩产 更有股票疯涨600%,证券时报网
899,2021-02-06,光伏疯狂！动不动百亿扩产，6大企业出货量超全球需求，过剩危机来了,腾讯网
900,2021-02-06,百亿级光伏项目密集上马 无序扩张苗头需警惕,证券时报
901,2021-02-05,股价4天下挫41%：扣非净利预亏1.4亿 东方日升可转债中止上市 预亏,投资时报
902,2021-02-05,各大光伏生产企业频频宣布扩产:上游占据优势地位 蚕食中下游利润,经济观察报
903,2021-02-05,光伏产业“风光无限”背后：上下游企业“冷热不均”,经济观察网
904,2021-02-04,天合光能参加全球“先进210组件技术”研讨会：解开210组件高效发电背后的技术密码,北极星电力
905,2021-02-04,中环股份(002129)：保障硅料长期供应 供应链管控能力提升,新浪
906,2021-02-03,2021光伏行业的技术主线与相关上市公司,金融界
907,2021-02-03,“共绘210蓝图”！天合光能经销商云端齐聚,北极星电力
908,2021-02-03,中环股份(002129)：210硅片扩产提速 股权激励绑定核心员工利益,新浪
909,2021-02-03,民企第一！天合光能领跑2020境外电力项目签约额排名榜,北极星电力
910,2021-02-03,“光伏+储能”或成竞争高地？,中国经济时报
911,2021-02-02,高景气光伏产业飞出“黑天鹅”：东方日升业绩暴雷收关注函，33亿可转债“凉凉” 关注函,时代在线
912,2021-02-02,资本动态|罕见！业绩变脸33亿可转债被中止上市，东方日升成A股首例 盈利能力下降,财经网
913,2021-02-02,天合光能董事长高纪凡：构建以可再生能源为主的能源体系基础已经具备,上证报
914,2021-02-02,鹏辉能源(300438)：减值计提影响利润 战略明确发展可期,新浪
915,2021-02-02,机械设备行业报告：1月PMI数据维持高位 全球动力电池扩产体量可观,新浪
916,2021-02-02,天合光能(688599)：组件环节龙头效应显着 210产品竞争力强,新浪
917,2021-02-02,太少见！这家公司可转债被中止上市了！退本金+利息,证券时报网
918,2021-02-02,广发证券：硅料涨价行情持续，大尺寸HJT电池量产转化效率突破,证券时报网
919,2021-02-01,光伏巨头东方日升业绩爆雷 锁死跌停板,时代在线
920,2021-02-01,东方日升业绩“预警”背后：“一体化”趋势下组件业务承压 盈利能力下降,中国经营报
921,2021-02-01,垂直一体化布局“存短板”，东方日升去年净利同比约降八成 盈利能力下降,经济观察报
922,2021-02-01,天合光能：重返A股持续受益光伏景气度上升，研发专利构筑业绩护城河,证券之星
923,2021-02-01,电气设备及新能源行业周报：电新行业2020Q4基金持仓分析,新浪
924,2021-02-01,600W+联盟又一重大突破！两大210组件企业660W+组件双双获IEC认证,工业电器网
925,2021-02-01,功率高达675W！天合光能获得660W+系列组件IEC认证,聚氨酯网
926,2021-02-01,双雄争霸—光伏大硅片尺寸混战，谁的天下?,中国能源网china5e
927,2021-02-01,光伏企业迈开激进扩产步伐 新一轮“厮杀”风险或将逼近,中新经纬
928,2021-01-31,超578亿元!国家电投、华能、国家能源集团“锁定”近20GW光伏项目,索比光伏网
929,2021-01-29,商业故事丨光伏业2500亿扩产潮背后：价格战一触即发,21世纪经济报道
930,2021-01-29,天合光能获得660W+系列组件IEC认证,e公司
931,2021-01-29,天合光能四维提速 只为客户价值,北极星电力
932,2021-01-27,创新突破！天合光能再获江苏省科学技术奖,北极星电力
933,2021-01-27,迈为股份(300751)：丝印王者布局“真空+激光” 未来成长空间有望打开,新浪
934,2021-01-27,115股获券商买入评级 晨化股份目标涨幅达130.61%,Wind
935,2021-01-26,天合光能(688599)：业绩大幅增长 大尺寸龙头呼之欲出,新浪
936,2021-01-26,总统来剪彩啦！天合光能哥伦比亚光伏电站成功并网,北极星电力
937,2021-01-26,光伏产品业务增长迅猛 天合光能预计2020年净利润增87.55%-107.29%,证券日报网
938,2021-01-26,光伏行业景气度较好，天合光能2020年预计实现归母净利润超12亿元,资本邦
939,2021-01-26,600W高功率组件销量大增 天合关能2020年预计盈利超12亿元,财联社
940,2021-01-25,光伏巨头晶澳科技投百亿“片、池、件”全面扩产 垂直一体化打法再加码,时代在线
941,2021-01-25,光伏整体景气度提升 天合光能净利润预增87.55%至107.29%,证券时报网
942,2021-01-25,天合光能：2020年净利预增88%至107%,e公司
943,2021-01-25,天合光能(688599.SH)2020年度净利润预增87.55%-107.29%左右,格隆汇
944,2021-01-25,电气设备行业周报：青海储能项目度电补贴0.1元 电池级碳酸锂价格涨势不断,新浪
945,2021-01-25,“超高功率再突破”！天合光能至尊660W+系列组件通过德国莱茵TüV全套可靠性测试,北极星电力
946,2021-01-25,55股获券商买入评级 富满电子目标涨幅达109.21%,Wind
947,2021-01-25,天合光能股份有限公司 2020年年度业绩预增预告,证券日报
948,2021-01-24,迈为股份：光伏设备商光环下的盛宴,证券市场周刊
949,2021-01-22,DNVGL权威测算度电成本再降3.72%！天合光能至尊210组件+双排跟踪引领更优系统价值表现,北极星电力
950,2021-01-22,天合光能(688599)：乘210大尺寸之风 老牌组件龙头再崛起,广发证券
951,2021-01-22,通威股份股价昨上涨逾9%,大众证券报
952,2021-01-21,焕新升级匹配660W！天合跟踪支架产品开拓者系列获IEC认证,北极星电力
953,2021-01-21,上机数控(603185)点评：近期共获292亿元硅片大单 迈向光伏210大硅片龙头！,新浪
954,2021-01-21,浙商机械 邱世梁||王华君【上机数控】深度：崛起！光伏210大硅片龙头！全球单晶硅有望“三分天下”,高端装备制造及材料
955,2021-01-18,国家电投、国投电力、国家能源集团等国企2021开年大动作,中国机经网
956,2021-01-14,今日能源看点：生态环境部发文督促化石能源、电力等多部门出台碳达峰方案！全国首个省级氢能标准化技术委员会在广东成立！,国际能源网
957,2021-01-14,天合光能(688599.SH)拟为子公司14亿元银团贷款提供担保 大额借贷担保,智通财经
958,2021-01-14,UL认可天合光能凭借UL EPD与EPDItaly之间的互认，助力满足全球可持续发展要求,中国贸易新闻网
959,2021-01-14,全球首家：天合光能获光伏行业全球首张UL及意大利EPD互认标志,北极星电力
960,2021-01-13,2020年光伏组件行业研究报告,索比光伏网
961,2021-01-12,电气设备行业周报：碳排放权交易管理办法下月施行 蔚来ET7发布引领行业热潮,新浪
962,2021-01-11,强强再联手——天合光能与江西电建签署全面战略合作协议,北极星电力
963,2021-01-08,【方正电新丨周观点】特斯拉再降价，新能源车、风电数据超预期,申建国电新团队
964,2021-01-08,2021年中国光伏产业链及市场投资前景深度分析,中商情报网
965,2021-01-08,注册制新股纵览：海优新材：国内领先的光伏封装胶膜制造商与供应商,新浪
966,2021-01-08,天合光能：下属子公司签订210尺寸光伏组件长单销售合同，销售规模约4GW,资本邦
967,2021-01-07,四大光伏龙头与中石化开了一个重要的会,上证报
968,2021-01-07,天合光能210组件再添4GW长单,北极星电力
969,2021-01-07,天合光能(688599.SH)将向NEXTERA ENERGY销售210尺寸光伏组件约4GW,智通财经
970,2021-01-07,天合光能：签署4GW光伏组件长单销售合同,格隆汇
971,2021-01-07,天合光能(688599.SH)：与新纪元能源签订4GW光伏组件长单销售合同,格隆汇
972,2021-01-07,天合光能：签订210尺寸光伏组件长单销售合同 规模合计约4GW,e公司
973,2021-01-06,光伏跟踪支架市场遭遇“外热内冷”,集邦新能源网
974,2021-01-06,【电新*曾朵红】爆款车型加速全球电动化，电动车、光伏和工控龙头全球崛起,东吴研究所
975,2021-01-05,一年上市13家光伏企业，还有4家拟上市！,中国能源网china5e
976,2021-01-05,发电量直升3.08%！天合发布智能跟踪新算法,国际电力网
977,2021-01-04,68只科创板股融资余额环比增加,证券之星
978,2021-01-04,电气设备行业周报：12月光伏并网或超预期 电动车补贴新政符合预期,新浪
979,2021-01-04,上周6家上市公司发布可转债预案，融资总规模达126.50亿元,Wind
980,2020-12-31,“奋楫扬帆行致远”!天合光能发布跟踪支架智能算法白皮书 助推发电量直升3.08%,北极星电力
981,2020-12-31,午评丨市场情绪高涨 金融股爆发,21世纪经济报道
982,2020-12-31,直奔2000元/股！刚刚，贵州茅台股价又创新高了！,上游新闻
983,2020-12-31,天合跟踪发布智能算法白皮书——智合SuperTrack三大硬核技术助推发电量直升3.08%,北极星电力
984,2020-12-31,电力设备新能源行业2021年投资策略：新能源 碳中和背景下的最强赛道,光大证券
985,2020-12-30,晶科能源斥资140亿采购光伏玻璃 龙头企业长单“锁料”已破千亿,21世纪经济报道
986,2020-12-30,天合光能(688599)：拟发行可转债募集资金 210电池及组件扩产加速,新浪
987,2020-12-30,天合光能：2020全年电池产能扩容近42GW、组件29GW,搜狐
988,2020-12-30,天合光能上市半年后再拟募资近53亿 投资四大项目,新浪
989,2020-12-29,天合光能拟发行不超52.65亿元可转债 加码布局210mm太阳能电池及组件,证券日报网
990,2020-12-29,天合光能拟募资52.65亿元 用于34GW电池、10GW组件项目,北极星电力
991,2020-12-28,电力电气设备、公用事业行业：多重因素推动光伏维持强势表现 市场不应低估明年政策力度和决心,新浪
992,2020-12-28,浙商早知道 | 12月29日,浙商证券研究所
993,2020-12-28,12月29日十大利好公告：天合光能拟公开发行不超52.65亿元可转债,上证报
994,2020-12-28,电力设备与新能源行业周报：磷酸铁锂供给整合出清 电力设备市场化提升,广发证券
995,2020-12-28,天合光能(688599.SH)拟向不特定对象发行不超52.65亿元可转换公司债券,智通财经
996,2020-12-28,天合光能(688599.SH)拟发行不超52.65亿元可转债用于盐城年产16GW高效太阳能电池项目等,格隆汇
997,2020-12-28,天合光能：拟公开发行可转债募资不超过52.65亿元,Wind
998,2020-12-28,硅料产能明年有望翻倍 行业巨头通威股份新发力硅片领域,每日经济新闻
999,2020-12-28,机械国防行业周报：持续力推光伏设备和国防装备；新能源“十四五”规划有望上调,新浪
1000,2020-12-28,本周观点：与个股集萃,华安证券
1001,2020-12-28,隆基、正泰、特变、阳光、固德威等26家企业入围中电建2021年5GW组件+5GW逆变器集采,集邦新能源网
1002,2020-12-28,募资将用于多个太阳能电池项目 天合光能拟发行最多52.65亿元可转债,北京商报
1003,2020-12-26,本周6只锂电股被券商看好,第一财经
1004,2020-12-26,光伏十年风云决：谁才是真正的“组件王者”？,华夏能源网
1005,2020-12-25,高纪凡成天合光能(688599.SH)董事长兼总经理,智通财经
1006,2020-12-25,天合光能(688599.SH)首次授予2400万股限制性股票 授予价10.26元/股,智通财经
1007,2020-12-25,天合光能(688599.SH)向479名激励对象首次授予2400万股限制性股票,格隆汇
1008,2020-12-25,29GW组件、41.5GW电池……天合2020年重砸179.5亿扩产,北极星电力
1009,2020-12-25,高通量、高生产效率和高组串功率，210具备压倒性优势,中国能源网
1010,2020-12-25,通威：左手+天合，右手+隆基！,中国能源网china5e
1011,2020-12-25,2021光伏概念的市场前景与未来展望,中国能源网china5e
1012,2020-12-25,2020全球组件出货排名：18家厂商成就129GW销量，明年或达215GW！,索比光伏网
1013,2020-12-25,天合光能拟44亿投建大硅片高效光伏电池项目 一类股望发力上扬,巨丰财经
1014,2020-12-24,天合光能韩国首个光伏电站成功并网,e公司
1015,2020-12-24,天合光能(688599.SH)选举姜艳红为职工代表监事,智通财经
1016,2020-12-24,抢抓市场发展机遇 天合光能拟30亿元投建大尺寸光伏电池项目,证券日报网
1017,2020-12-24,天合光能：拟43.5亿元投建大硅片高效光伏电池项目,e公司
1018,2020-12-24,天合光能(688599.SH)：拟投建大硅片高效光伏电池项目年产能达8GW,格隆汇
1019,2020-12-24,盐城落地8.5GW大硅片高效光伏电池项目 天合光能投资30亿元,产业经济新闻网
1020,2020-12-24,光伏行业越来越火热 上市公司竞相加大投资力度,上证报
1021,2020-12-24,光伏产业火热 投资加码大单频出,上证报
1022,2020-12-23,12月23日晚间重要公告,金融界
1023,2020-12-23,天合光能(688599.SH)：拟在盐城经济开发区投建大硅片高效光伏电池项目,格隆汇
1024,2020-12-23,天合光能：拟投资30亿元建设大硅片高效光伏电池项目,Wind
1025,2020-12-23,12月23日晚间重要行业研究汇总,天然橡胶网
1026,2020-12-23,【华创机械 | 周观点】光伏电池技术继续丰富，有望推动设备需求进一步增长,华创机械
1027,2020-12-23,【行情】光伏板块冲高，亿晶光电涨停，阳光电源、东山精密、中信博、天合光能等跟涨,金十数据
1028,2020-12-22,129只科创板股融资余额环比增加,证券时报网
1029,2020-12-21,华为、隆基、正泰、晶澳、天合、上能等光伏龙头深度“绑定”国企,索比光伏网
1030,2020-12-18,“十四五”国内新增光伏装机将超70GW 大尺寸、高效异质结成增长关键词,金融界
1031,2020-12-18,总投资50亿元！通威15GW单晶拉棒切方项目签约,北极星电力
1032,2020-12-18,浙商早知道 | 12月21日,浙商证券研究所
1033,2020-12-17,电新行业动态点评：光伏压延玻璃拟解除扩产限制 产业中长期发展迎利好,新浪
1034,2020-12-17,天合光能：600W+时代跟踪支架的度电成本优势和发展趋势,索比光伏网
1035,2020-12-16,玻璃价格一路狂飙“割伤”光伏业 工信部定向松绑产能政策稳供需,时代在线
1036,2020-12-16,风云再起 谁将问鼎年度企业？盘点2020年度“光伏大佬”,索比光伏网
1037,2020-12-16,天合光能：践行企业社会责任，推动人类绿色发展,索比光伏网
1038,2020-12-16,标准化成行业专家共识 天合光能冯志强解读210系统价值,索比光伏网
1039,2020-12-16,“十四五”风电光伏装机规划展望：大力发展绿色能源 推动能源结构加速转型,中国能源网china5e
1040,2020-12-15,最低1.665元/W 天合光能拟中标珠海综合能源16.2MW单晶组件采购,集邦新能源网
1041,2020-12-15,机械国防行业周报(2020年12月第二周)：挖掘机全年销量增速近40％；光伏设备、国防装备持续高景气,新浪
1042,2020-12-14,2021年新能源发电投资策略：总量增速换挡下“供需失衡”和“一超多强”,新浪
1043,2020-12-14,天合光能、晶科能源罕见“同台打擂” 光伏尺寸战火不休,时代在线
1044,2020-12-14,康拓医疗：今年科创板过会第200家 华泰联合过21单,中国经济网
1045,2020-12-14,光伏硅片尺寸之争白热化，210尺寸或在5年内实现逆转,第一财经
1046,2020-12-11,“十四五”国内新增光伏装机将超70GW 大尺寸、异质结成增长关键词,金融界
1047,2020-12-11,视频探秘 | 天合光能210超级工厂内部的力量,北极星电力
1048,2020-12-11,天合光能高纪凡：走向低碳发展新时代，构建光伏发展新格局,中国能源网china5e
1049,2020-12-11,浙商机械 邱世梁||王华君 【光伏设备】“十四五”全球光伏需求有望超预期！看好“异质结”、“大尺寸”新机遇！,高端装备制造及材料
1050,2020-12-10,喜讯连连！天合光能再获科技奖项,聚氨酯网
1051,2020-12-10,通威股份(600438)：配售顺利完成 大尺寸电池产能加速释放,光大证券
1052,2020-12-10,新增上市11家！盘点2020年上市的那些光伏企业！,中国能源网china5e
1053,2020-12-10,18股获券商买入评级 华阳国际目标涨幅达69.46%,Wind
1054,2020-12-09,天合光能发布天合跟踪开拓者600W+系列跟踪支架解决方案,北极星电力
1055,2020-12-09,天合光能(688599)：股票激励计划绑定骨干员工 210提升差异化竞争力,新浪
1056,2020-12-09,光伏行业2021年度投资策略：平价之路永无止境 降本增效殊途同归,广发证券
1057,2020-12-09,天合光能210超级工厂：2021年全球产能将超50GW,一带一路高参
1058,2020-12-08,天合光能：推3000万股限制性股票激励计划,e公司
1059,2020-12-08,天合光能(688599.SH)拟向金融机构新增申请不超85.79亿元的综合授信额度,智通财经
1060,2020-12-08,天合光能(688599.SH)拟授予3000万股限制性股票 首次授予价为10.26元/股,智通财经
1061,2020-12-08,天合光能(688599.SH)：拟授予激励对象限制性股票3000万股,格隆汇
1062,2020-12-08,科创板系列研究(三十六)：科创板注册制进一步完善 政策试验田经验有望推广,新浪
1063,2020-12-08,机械行业周报：工程机械景气持续 持续推荐工程机械和光伏锂电设备龙头,新浪
1064,2020-12-07,电力设备及新能源行业周报：光伏龙头长单密集落地 电堆降价潮指明降本路径,新浪
1065,2020-12-07,行业唯一|天合光能获“国家技术创新示范企业”认定,北极星电力
1066,2020-12-06,光伏龙头“一体化”之战：尺寸之争何时休？,中国经营网
1067,2020-12-05,光伏行业“望见终局”系列深度三：组件：迎接大尺寸技术红利 一体化龙头攻城略地,广发证券
1068,2020-12-05,下周840亿市值限售股解禁，环比增加56.56% 解禁,Wind
1069,2020-12-04,聚和股份冲刺科创板：IPO前突击分红，牺牲毛利换市场？,中国经营网
1070,2020-12-04,天合光能（688599）：释放业绩，半年投资窗口期,YY港股圈
1071,2020-12-04,浙商机械 邱世梁||王华君【迈为股份】深度：光伏异质结设备领军者，未来5年持续高增长,高端装备制造及材料
1072,2020-12-03,上机数控(603185)点评：近1月获251亿元大单 独立第三方210大硅片龙头受众客户高度认可！,新浪
1073,2020-12-02,天合光能入选胡润中国500强民营企业,北极星电力
1074,2020-12-02,天合光能(688599.SH)约1565.47万股限售股将于12月10日起上市流通 解禁,智通财经
1075,2020-12-02,天合光能(688599.SH)：1565.469万股限售股12月10日解禁 解禁,格隆汇
1076,2020-12-02,分布式市场再添悍将，天合光能至尊小金刚400W+超高功率组件通过IEC可靠性认证,中国能源网china5e
1077,2020-12-02,DNV GL权威解读600W+至尊双面双玻平单轴跟踪系统价值,北极星电力
1078,2020-12-01,近7万吨！大全新能源与天合、上机数控签署硅料销售长单,北极星电力
1079,2020-12-01,东方日升（常州）进出口公司签百亿硅片采购合同,电缆网
1080,2020-12-01,福20、运达、灵康、祥鑫转债投资价值分析,新浪
1081,2020-12-01,金博股份(688598)事件点评：拟发行可转债扩张产能 受益于硅片大型化,国海证券
1082,2020-12-01,天合光能携手凯盛科技发力玻璃材料科研和供应,集邦新能源网
1083,2020-12-01,【行情】光伏概念走高，上机数控拉升涨停，天合光能、锦浪科技、通威股份等纷纷走高,金十数据
1084,2020-12-01,天合光能与凯盛科技签署基于玻璃材料科研和供应的全方面战略合作,北极星电力
1085,2020-12-01,上机数控一月揽获215亿长单 单晶硅销售火爆明年营收或达50亿,长江商报
1086,2020-12-01,机械设备行业周报：重视光伏、锂电设备投资机会 关注工程机械细分龙头,新浪
1087,2020-11-30,天合光能与大全签订三年3-3.76万吨硅料供应合同,格隆汇
1088,2020-11-30,大全新能源(DQ.US)宣布与天合光能签订长期高纯硅料供应合同,智通财经
1089,2020-11-30,上机数控(603185)点评：再获东方日升114亿元大单！光伏210大硅片未来龙头地位逐步奠定！,新浪
1090,2020-11-30,锦浪科技正式宣布加入600W+光伏开放创新生态联盟,中国能源网china5e
1091,2020-11-30,电气设备及新能源行业周报：210产业链协同发展提升规模化效益,新浪
1092,2020-11-30,光伏两大阵营之战硝烟再起，八大巨头联合倡议共推“210”,中国能源网china5e
1093,2020-11-30,电力设备新能源行业：合规有补贴电站确权 首批新能源车补贴发放,广发证券
1094,2020-11-30,突发利好！子公司再签百亿大单，单晶硅“新势力”要起飞了,中国财富网
1095,2020-11-30,单晶硅产销两旺 上机数控签百亿合同,证券时报
1096,2020-11-29,又见光伏组件企业囤货 东方日升与上机数控签百亿“单晶硅片”长单,e公司
1097,2020-11-29,突发利好！4倍大牛股发布重要公告，子公司签百亿大单，股吧沸腾了,每日经济新闻
1098,2020-11-29,深度*行业*光伏行业2021年度策略：需求景气无忧 HJT如日方升,新浪
1099,2020-11-28,聚焦〡光伏8龙头联合倡议210技术“标准化”产业化进度已超预期？,科创板日报
1100,2020-11-28,光伏产业两军对垒硝烟再起 八企业联手高举210大旗,时代在线
1101,2020-11-28,科创板周报20201120：首批科创50ETF上市交易，科创板被动投资时代开启,科创TMT靖观其变
1102,2020-11-27,光伏玻璃价格上涨背后供需失衡是主因,投资界
1103,2020-11-27,分布式市场再添悍将！天合光能至尊小金刚400W+超高功率组件通过IEC可靠性认证,北极星电力
1104,2020-11-26,光伏行业：全部合规有补贴电站确权 补贴问题解决再迎推进,广发证券
1105,2020-11-25,农业光伏开启210时代,集邦新能源网
1106,2020-11-25,“如虎添翼”!天合光能至尊系列组件助力“光伏+农业”开启超高功率新时代,北极星电力
1107,2020-11-24,2020年电新行业周报11月第3期：全球新能源汽车销量向上 光伏产业链景气向好,新浪
1108,2020-11-24,组件产能扩张，一体化龙头市占率有望继续提升,广发证券
1109,2020-11-24,通威、中环、隆基：三极鼎立，长板为王,索比光伏网
1110,2020-11-24,周二机构一致看好的七大金股（11.24）,中金在线
1111,2020-11-24,组件产能扩张 一体化龙头市占率有望继续提升,集邦新能源网
1112,2020-11-24,中环股份：210硅片优势浮现 引领行业逐步替代,财富动力网
1113,2020-11-23,电力电气设备行业：硅料报价跌幅收窄 产业链合作与长单密集落地,新浪
1114,2020-11-23,机械设备行业光伏设备年度策略报告之一：“大尺寸”带来新一轮迭代需求,新浪
1115,2020-11-23,新能源行业周报：如何看待明年硅片价格下降？,华安证券
1116,2020-11-23,机械设备行业：下游技改、扩产爆发 重视光伏设备投资机会,新浪
1117,2020-11-23,智能制造双周观点：光伏产业链加速扩产 设备企业持续受益,新浪
1118,2020-11-23,【国君农业】行业周报：周期切换，关注养殖成长股和种植产业链,农业凯歌
1119,2020-11-23,电力设备新能源行业周报：全球电动化趋势明确 光伏企业加快一体化布局,新浪
1120,2020-11-23,周一机构一致看好的七大金股（11.23）,中金在线
1121,2020-11-22,【华西电新|行业观察】欧洲电动化进程有望再加速，光伏“竞争-合作”格局凸显,睿评电新
1122,2020-11-22,深度丨光伏大尺寸组件激战：巨头结盟 谁能胜出？,21世纪经济报道
1123,2020-11-22,中环股份(002129)：210硅片技术优势浮现 驱动产能提前预定,新浪
1124,2020-11-21,天合光能签65亿元单晶硅片保供应 光伏“尺寸之争”白热化,时代在线
1125,2020-11-21,光伏组件市场需求持续增长 天合光能“多方采购+投资”为210mm大尺寸硅片护航,证券日报网
1126,2020-11-21,光伏玻璃涨价，巨头“抱团叫苦”,经济观察网
1127,2020-11-20,【华西电子孙远峰团队-持续推荐中环股份】210硅片技术优势浮现，驱动产能提前预定,远峰电子
1128,2020-11-20,垂直一体化布局成光伏行业“大基调” 天合光能本周完成多单合作协议,金融界
1129,2020-11-20,保障210供货，天合近期共签35.67亿片硅片、8500万㎡玻璃 ，总额约201亿,北极星电力
1130,2020-11-20,中环股份与天合光能签销售大单 单晶硅片采购热潮持续丨资讯焦点,第一财经
1131,2020-11-20,天合光能跟踪支架业务全球品牌焕新,北极星电力
1132,2020-11-20,【行情】光伏板块持续拉升，天合光能涨停，捷佳伟创大涨7%，阳光电源、迈为股份、通威股份纷纷跟涨,金十数据
1133,2020-11-20,【热股】新接单晶硅片大额订单 中环股份涨超5%,上海有色
1134,2020-11-20,森根科技：今年科创板过会第180家 华泰联合过19单,中国经济网
1135,2020-11-20,中环股份与天合光能签65亿元大单,上证报
1136,2020-11-19,通威股份牵手天合光能 150亿“加码”光伏产业,金融投资报
1137,2020-11-19,【东吴机械陈显帆】周观点：重视变革期的光伏设备投资机会，工业自动化持续回暖建议关注细分龙头,透视先进制造
1138,2020-11-19,单晶硅片采购热潮持续 中环股份与天合光能签订逾65亿销售大单,e公司
1139,2020-11-19,天合光能与国电国际签署战略合作协议,e公司
1140,2020-11-19,中环股份(002129.SZ)：子公司与天合光能签订单晶硅片销售框架合同,格隆汇
1141,2020-11-19,天合光能：拟向中环股份采购210尺寸单晶硅片不少于12亿片,Wind
1142,2020-11-19,天合光能(688599.SH)拟向环欧国际采购不少于12亿片210尺寸单晶硅片,智通财经
1143,2020-11-19,天合光能：拟向环欧国际采购65.52亿元210尺寸单晶硅片,格隆汇
1144,2020-11-19,天合光能(688599.SH)：与中环股份下属公司签订约65.52亿元单晶硅片采购框架合同,格隆汇
1145,2020-11-19,“通天联盟”来了？通威、天合150亿共建光伏全产业链,时代在线
1146,2020-11-19,【国君电新】通威股份（600438）：长订单确认硅料紧俏，战略合作进军硅片,NAFII资讯
1147,2020-11-19,【国君电新】通威股份（600438）：长订单确认硅料紧俏，战略合作进军硅片,微信
1148,2020-11-19,巨投150亿！天合光能联手通威股份“押注”的这一光伏新系列产品火翻天？,科创板日报
1149,2020-11-19,【东北电新笪佳敏/王哲宇】通威股份（600438）事件点评：多个长协硅料订单落地，通威天合合作升级,东北证券研究所
1150,2020-11-18,行业重大变化信号：光伏巨头两大阵营渐次形成 合纵还是连横？,上证报
1151,2020-11-18,通威股份新增3年14万吨多晶硅长单 与天合光能合力进军硅片领域,金融界
1152,2020-11-18,通威股份签订重大销售框架合同 预计净利约37亿,电缆网
1153,2020-11-18,通威股份(600438)：与天合共同投资光伏产业链 深化战略布局,新浪
1154,2020-11-18,亚玛顿(002623)：订单保障提升 宽版玻璃生产能力得到印证,新浪
1155,2020-11-18,光伏设备：通威&天合合资扩产 垂直一体化利好各环节设备龙头,新浪
1156,2020-11-18,通威股份(600438)：与天合产业合作 新一体化加强竞争优势,广发证券
1157,2020-11-18,通威股份(600438)：携手天合光能扩产 持续锁定硅料长单,新浪
1158,2020-11-18,通威(600438)：一体化合作落地 硅料长单锁定出货,国金证券股份有限公司
1159,2020-11-18,天合光能与通威股份联手投资年产15GW项目 210一体化产业链再升级,中国证券网
1160,2020-11-18,产业布局升级！通威、天合共建4万吨多晶硅以及15GW单晶硅片、电池项目,集邦新能源网
1161,2020-11-18,2021年电力设备及新能源行业投资策略：新能源发电渐入佳境 新能车全球渗透率提升,新浪
1162,2020-11-17,通威股份：下属公司签订多晶硅、硅料销售合同,中证网
1163,2020-11-17,光伏组件需求维持高景气度 亚玛顿签署约21亿元光伏玻璃销售合同,证券日报网
1164,2020-11-17,通威股份、天合光能互抛橄榄枝 总投资150亿元筹建光伏全产业链项目,e公司
1165,2020-11-17,2020年11月18日涨停板早知道：七大利好有望发酵,新浪
1166,2020-11-17,通威股份：拟与天合光能合作投资光伏产业链项目 有助于提升公司光伏业务市场占有率,发布易
1167,2020-11-17,通威股份：与美科硅能源、天合光能签订重大销售框架合同,e公司
1168,2020-11-17,【公告抢先看】晚间重要公告：德展健康实控人将变更为新疆国资委、博敏电子及子公司拟超50亿元投资扩产,金融界
1169,2020-11-17,天合光能17日晚公告，公司与通威股份下属永祥股份、通威太阳能分别签署合资协议。,新华网
1170,2020-11-17,通威股份(600438.SH)：拟分别与天合光能签署合资协议,格隆汇
1171,2020-11-17,天合光能(688599.SH)与通威子公司共设项目公司生产210系列相关光伏产品,格隆汇
1172,2020-11-17,天合光能(688599.SH)拟向通威股份(600438.SH)下属多家子公司采购7.2万吨多晶硅,智通财经
1173,2020-11-17,天合光能：拟与通威股份等公司合作投资多个项目,金融界
1174,2020-11-17,天合光能：拟出资21亿元参与多项光伏项目,Wind
1175,2020-11-17,天合光能(688599.SH)与通威股份下属签订采购框架合同,格隆汇
1176,2020-11-17,数据|科创板主力资金净流出161股天合光能流出率最高,科创板日报
1177,2020-11-17,光伏“后浪”搅动硅片双寡头 大尺寸之争进入白热化阶段,e公司
1178,2020-11-17,天合光能将向亚玛顿采购8500万平米光伏玻璃,北极星电力
1179,2020-11-16,近700亿元!晶澳、天合、晶科、隆基等相继锁定硅料、硅片、玻璃长单,北极星电力
1180,2020-11-16,11月16日 12股盘前利好公告速递,中财网
1181,2020-11-15,亚玛顿(002623.SZ)与天合光能签署销售合同金额约21亿元,格隆汇
1182,2020-11-15,亚玛顿：与天合光能等签署21亿元光伏镀膜玻璃销售合同,发布易
1183,2020-11-12,天合光能42MW光伏电站获评 “2020越南杰出可再生能源项目”,北极星电力
1184,2020-11-12,上机数控(603185)点评：二期8GW单晶项目点火成功！光伏210大硅片龙头扩产速度超预期！,新浪
1185,2020-11-11,国内龙头企业悉数入局，分布式领域竞争越发激烈！,索比光伏网
1186,2020-11-10,天合光能再次进军马尔代夫 承建微网扩建项目,e公司
1187,2020-11-09,天合富家：分布式光伏“新物种”,华夏能源网
1188,2020-11-09,昀冢科技：今年科创板过会第162家 华泰联合过18单,中国经济网
1189,2020-11-06,【东吴机械陈显帆】周观点：建议持续超配新能源设备和工程机械龙头,透视先进制造
1190,2020-11-06,光伏210大硅片首签百亿大单 行业量产开始加速,新浪
1191,2020-11-06,从系统到生态——“韧”性的天合光能,北极星电力
1192,2020-11-06,一份荣誉 两大战略签约！上能电气智慧光芒闪耀CREC2020,北极星电力
1193,2020-11-06,600W+产业生态战略合作 打造最优度电成本方案,北极星电力
1194,2020-11-06,光伏组件6巨头呼吁放开玻璃产能限制 分析人士：几率不大,索比光伏网
1195,2020-11-05,发挥优势资源 东方日升携手合作伙伴共建 600W+产业生态,北极星电力
1196,2020-11-05,被玻璃“扼住咽喉”光伏龙头集体发声,金陵晚报
1197,2020-11-04,电力电气设备：组件企业呼吁放开光伏玻璃产能扩张限制 对光伏玻璃龙头影响小,新浪
1198,2020-11-04,光伏迈入平价前“最后一公里”,中国能源报
1199,2020-11-04,券商首次关注2股并给予买入评级（11月4日）,Wind
1200,2020-11-04,上机数控31亿扩产揽获百亿长单 杨建良家族财富大增,新浪
1201,2020-11-04,天合光能签100亿采购合同 组件龙头出手囤货,第一财经
1202,2020-11-03,六大巨头联合发声，光伏概念股还有补票机会吗？丨行业风口,第一财经
1203,2020-11-03,高功率、全场景、新生态：天合光能全球发布系列新品，再次引领分布式新时代,北极星电力
1204,2020-11-03,分布式210组件横空出世 明年1月正式量产,北极星电力
1205,2020-11-03,分布式市场鏖战，210才是全场最靓的那个崽,中国能源网china5e
1206,2020-11-03,上机数控获天合光能百亿大单 浙商证券：成长空间广阔,证券之星
1207,2020-11-03,浙商机械 邱世梁||王华君 【上机数控】：光伏行业首个210大硅片百亿长单落地，战略意义重大！公司占核心地位,高端装备制造及材料
1208,2020-11-03,5年20亿片 天合光能向上机数控采购210单晶硅片,北极星电力
1209,2020-11-02,天合光能(688599.SH)与上机数控及其子公司签订单晶硅片长单采购合同,格隆汇
1210,2020-11-02,天合光能(688599.SH)与上机数控签订单晶硅片长单采购合同 预计采购总额达102.4亿元,智通财经
1211,2020-11-02,上机数控(603185.SH)及下属全资子公司与天合光能就“单晶硅片”的销售签订合同,格隆汇
1212,2020-11-02,上机数控(603185.SH)与天合光能股份就“单晶硅片”的销售签订合同,智通财经
1213,2020-11-02,上机数控：与天合光能签订总计约102.4亿元“单晶硅片”销售合同,金融界
1214,2020-10-31,李仙德的资本“三步棋”：A股能否提振“晶科系”？,中国经营报
1215,2020-10-30,让AI游艇插上光伏的翅膀,北极星电力
1216,2020-10-29,天合光能延续上半年增长势头 收入与利润均稳步提高,北极星电力
1217,2020-10-28,天合光能前三季度净利8.31亿增长118.94%,北极星电力
1218,2020-10-28,光伏业务销量增加，天合光能前三季度盈利同比增长118.94%,资本邦
1219,2020-10-28,天合光能：前三季度净利润同比增长118.94%,Wind
1220,2020-10-28,山煤光电牵手天合光能重磅助推HIT技术降本,集邦新能源网
1221,2020-10-28,科创板话题：天合光能,科创板日报
1222,2020-10-27,天合光能(688599.SH)：前三季净利升118.94%至8.32亿元,格隆汇
1223,2020-10-27,天合光能(688599.SH)前三季度归母净利润同比增长118.94%至8.32亿元,智通财经
1224,2020-10-27,天合光能：前三季度净利同比增119%,Wind
1225,2020-10-27,天合光能：前三季度净利同比增119%,e公司
1226,2020-10-27,34.5GW！多家组件企业开启扩产计划,集邦新能源网
1227,2020-10-25,两个月股价暴涨200%后又突然大跌近30% 中概股光伏龙头晶科能源发生了什么？ 连续下跌,21世纪经济报道
1228,2020-10-24,增光添彩 天合光能产品再获行业认可,北极星电力
1229,2020-10-23,21家光伏企业前三季度业绩分析：原材料净利普涨 玻璃最高增幅4284.19%！,北极星电力
1230,2020-10-22,日本演讲实录（译）：光伏6.0时代600W+组件，岂止于大硅片,索比光伏网
1231,2020-10-21,锦浪科技(300763)：无惧疫情 业绩持续高增,新浪
1232,2020-10-21,提高转换效率仍将是光伏上下游产业链的主攻方向,集邦新能源网
1233,2020-10-21,我国光伏产业第三季度共计实现产能137GW,集邦新能源网
1234,2020-10-20,电池转换效率逼近天花板 光伏技术迭代路在何方？,中国能源报
1235,2020-10-20,天合光能与青海国投海南州100MW光伏竞价项目顺利开工,北极星电力
1236,2020-10-20,天合光能获TV莱茵全球首张IEC 62941：2019光伏组件制造质量体系证书,索比光伏网
1237,2020-10-20,前9月294家企业A股上市募资3557亿 江苏广东浙江领先,中国经济网
1238,2020-10-16,新疆大全信披存疑：多种数据打架，近7亿元现金流消失 欺诈造假,金融界
1239,2020-10-14,数据|科创板主力资金净流入46股天合光能流入率最高,科创板日报
1240,2020-10-13,光伏业务营收大幅增长 天合光能2020年前三季净利逾7.55亿元,电缆网
1241,2020-10-13,600W+将成光伏行业发展风向标,中国能源报
1242,2020-10-13,前9月，天合光能净利同比或大增120%，或至8.36亿,中国投资协会
1243,2020-10-13,天合光能预计2020年前三季度盈利同比增98.77%至120.10%,资本邦
1244,2020-10-13,净利润7.55亿-8.36亿 天合光能发布三季度业绩预告 同比大增98.77%-120.10%,北极星电力
1245,2020-10-12,海外光伏业务拉动 天合光能前三季度净利预计同比增长超九成,北京商报
1246,2020-10-12,天合光能(688599.SH)预计前三季度归母净利润同比上涨98.77%至120.10%,智通财经
1247,2020-10-12,天合光能：预计前三季度净利同比增长98.77%-120.1%,格隆汇
1248,2020-10-12,天合光能：前三季度净利预增99%至120%,e公司
1249,2020-10-12,机械设备行业周报：看好工程机械景气延续 关注光伏设备龙头投资机会,新浪
1250,2020-10-09,【研报掘金】假期海外光伏龙头大涨 板块价值重估或开启新一轮“泡沫化”行情,证券时报网
1251,2020-10-09,上半年组件出口TOP 5：晶科、晶澳、阿特斯、天合光能及隆基入围,索比光伏网
1252,2020-10-09,中国海关出口分析: 2020中国组件出口预估下半年趋势,索比光伏网
1253,2020-09-29,天合光能至尊600W+系列组件获行业首张IEC双项认证证书,北极星电力
1254,2020-09-29,天合光能拟25亿元新建光伏组件项目，预测未来2年组件价格约1.3-1.4元/W！,中国投资协会
1255,2020-09-29,24.5GW组件+30GW电池 中节能、天合光能、阿特斯持续扩产！,北极星电力
1256,2020-09-28,持续加码产能 天合光能拟25亿元投建光伏组件项目,e公司
1257,2020-09-28,强者恒强趋势下 组件企业以“差异化打法”突围,北极星电力
1258,2020-09-28,天合光能(688599.SH)投资不超25亿元在江苏大丰港经济开发区投设10GW光伏组件项目,智通财经
1259,2020-09-28,天合光能：拟新建光伏组件项目，总投资不超过25亿元,Wind
1260,2020-09-28,天合光能(688599.SH)：拟投建光伏组件项目主要为年产能10GW高效光伏组件及光伏衍生产品的研产销,格隆汇
1261,2020-09-28,天合光能：拟新建光伏组件项目 总投资不超过25亿元,e公司
1262,2020-09-28,光伏的投资逻辑和价值,新浪
1263,2020-09-27,电气设备新能源行业周报：中欧两国携手倡导绿色发展 光伏电动车双双利好,新浪
1264,2020-09-27,供应链关系尚未实质扭转光伏企业前景“稳中存忧”,产业经济新闻网
1265,2020-09-27,光伏电池技术路线之争愈演愈烈,北极星电力
1266,2020-09-25,平价时代光伏发展大浪潮，谁主沉浮?,索比光伏网
1267,2020-09-24,天合光能：公司在半导体行业有一定程度投资布局,Wind
1268,2020-09-23,数据|科创板主力资金净流入109股天合光能连续两日流入率最高,科创板日报
1269,2020-09-23,深度｜百亿晶科资本“阳谋”：最后的光伏“赴A者”保留双重上市地位,21世纪经济报道
1270,2020-09-22,2020年全球光伏发电行业市场现状及发展前景分析 2025年累计装机容量有望超1700GW,前瞻研究院
1271,2020-09-22,总投资30亿元，天合光能15GW高效组件项目签约落地常州高新区,索比光伏网
1272,2020-09-22,天合光能常州拟建年产15GW大功率高效组件项目,有色金属工业网
1273,2020-09-21,【SMM快讯】天合光能建设年产15GW新项目 扩充光伏组件产能,上海有色
1274,2020-09-21,天合光能至尊550W组件量产 平价时代需要低电压组件解决方案,索比光伏网
1275,2020-09-21,天合光能与常州高新区战略合作 打造光伏产业高地,机电之家
1276,2020-09-20,9月20日晚间上市公司十大重磅公告,巨丰财经
1277,2020-09-20,天合光能拟斥资不超30亿元 投资年产15GW的大功率高效组件项目,e公司
1278,2020-09-20,天合光能(688599.SH)拟投资不超30亿元建设年产15GW的大功率高效组件项目,格隆汇
1279,2020-09-20,天合光能：计划投资不超30亿元在常州高新区开展大功率高效组件项目,格隆汇
1280,2020-09-20,天合光能：建设15GW大功率高效组件项目，投资总额不超过30亿元,Wind
1281,2020-09-18,阿里云发布工业大脑3.0 相关上市公司有望获益,证券时报网
1282,2020-09-18,海优新材现金流3年连负流动负债飙虚增营收粉饰业绩? 偿债能力下降,中国经济网
1283,2020-09-17,天合光能至尊系列组件累计签单1GW,中国能源网
1284,2020-09-16,9月16日晚间上市公司十大重磅公告,巨丰财经
1285,2020-09-16,天合光能至尊600W/550W系列超高功率组件通过德国莱茵TüV全套可靠性测试,北极星电力
1286,2020-09-16,天合光能：至尊系列组件通过德国莱茵TüV全套可靠性测试,Wind
1287,2020-09-16,天合光能：至尊系列组件通过德国莱茵TV全套可靠性测试,e公司
1288,2020-09-16,2020年光伏产业给资本市场带来了一场惊喜：逾20家企业登陆资本市场或拟上市中,北极星电力
1289,2020-09-15,数据|科创板主力资金净流出110股天合光能流出率最高,科创板日报
1290,2020-09-14,高纪凡：天合光能新梦想——用创新打造无碳能源新世界,北极星电力
1291,2020-09-14,全球组件企业重新排座次：晶科守擂 隆基猛进,北极星电力
1292,2020-09-14,【太平洋机械】机械行业周报20200912：政策鼓励可再生能源发展，扩产及技术迭代利好光伏设备,太平洋机械大讲堂
1293,2020-09-11,天合光能呼吁：“十四五”规划应该扩大清洁能源应用,SEMI
1294,2020-09-10,通威&天合联姻！对产业链有何重大影响？,一带一路高参
1295,2020-09-09,天合光能全资收购西班牙支架企业 解决方案实力再飞跃,北极星电力
1296,2020-09-09,2019年光伏组件企业产能产量排行榜(含全球市场分析),一带一路高参
1297,2020-09-08,天合光能：拟4272.78万欧元收购Nclave剩余49%股权,中证网
1298,2020-09-08,天合光能：拟4273万欧元收购Nclave剩余49%股权,e公司
1299,2020-09-08,天合光能(688599.SH)：拟4272.78万欧元收购Nclave公司剩余49%股权完成后持其100%股权,格隆汇
1300,2020-09-08,分析：数说中国光伏“藏宝图”,Ofweek
1301,2020-09-08,9家组件企业出货量、技术、产能布局最新数据解析,集邦新能源网
1302,2020-09-04,光伏企业哪家强？86家上市公司85%业绩飘红,北极星电力
1303,2020-09-04,2020年中国光伏行业市场现状及发展前景分析 下半年“抢装潮”将持续改善行业需求,前瞻研究院
1304,2020-09-04,多少落了地？头部企业的扩产与投产状况一览 隆基334.77亿的新产能开始释放,北极星电力
1305,2020-09-04,光伏行业下半年需求将持续改善,中证报
1306,2020-09-03,浩欧博过会:今年科创板过会第107家 华泰联合过13.5单,中国经济网
1307,2020-08-28,数据|科创板主力资金净流出115股天合光能流出率最高,科创板日报
1308,2020-08-28,开放、创新、生态：600W+联盟再添新主题、新成员,工业电器网
1309,2020-08-28,支架第一家！中信博敲钟！盘点12家闯关科创板的光伏企业,北极星电力
1310,2020-08-27,组件龙头天合光能上半年净利翻倍 600W组件订单量近1GW,21世纪经济报道
1311,2020-08-27,天合光能上半年净利同比增长245.81% 将加快先进产能布局,上证报
1312,2020-08-27,鹏辉能源(300438)：客户产能双突破 下半年业绩可期,新浪
1313,2020-08-27,天合光能上半年净利逆市大增2.4倍 引领行业进入600W时代,证券时报网
1314,2020-08-27,天合光能2020年中报发布 净利润同比增长245.81%,电子信息产业网
1315,2020-08-27,天合光能2020年上半年净利4.9亿增长246% 光伏产品及光伏系统业务销售增长,中自网
1316,2020-08-27,天合光能再次发生高管变动 副总经理印荣方辞任 董监高成员变化,GPLP犀牛财经
1317,2020-08-27,半年报净利润4.93亿天合光能：境外销量猛增提升了业绩,科创板日报
1318,2020-08-26,天合光能：上半年净利4.93亿元同比增246%,格隆汇
1319,2020-08-26,天合光能(688599.SH)：上半年净利升245.81%至4.93亿元,格隆汇
1320,2020-08-26,天合光能：上半年净利润同比增长245.81%,Wind
1321,2020-08-24,海优新材购销一体关联交易众多，资产负债率高募投补血不忘分红 偿债能力下降,云掌财经
1322,2020-08-23,天合光能(688599.SH)：印荣方辞任副总经理 董监高成员变化,格隆汇
1323,2020-08-23,天合光能：印荣方辞去公司副总经理职务 董监高成员变化,Wind
1324,2020-08-23,机械行业周报：光伏各环节扩产 电动车换电浪潮来临 关注光伏和换电设备,新浪
1325,2020-08-21,天合光能五连冠 可融资性100%！,北极星电力
1326,2020-08-20,低电压 高串功率 至尊600W+组件产品技术深度解析,北极星电力
1327,2020-08-19,深度*行业*电力设备与新能源行业8月第3周周报：全球新能源汽车景气向上 光伏产业链再提价,新浪
1328,2020-08-19,规划总产能28GW 盐城百佳年代封装胶膜项目（一期）竣工投产,北极星电力
1329,2020-08-18,天合&锦浪助推河北户用光伏市场,索比光伏网
1330,2020-08-17,机械行业周报：光伏扩产积极利好设备 7月挖机销量维持高增长,新浪
1331,2020-08-16,大时代从这里走来∶超大硅片诞生一周年光伏产业回顾,索比光伏网
1332,2020-08-14,天合光能将投资建设年产10GW高效210mm太阳能电池项目,新能源网
1333,2020-08-13,600W+ 引领光伏进入开放创新生态的平价时代,索比光伏网
1334,2020-08-13,天合光能拟投建太阳能电池项目 产能大幅提升巩固行业领先地位,产业经济新闻网
1335,2020-08-12,投建年产10GW高效太阳能电池项目天合光能内部人士：有助控制成本,科创板日报
1336,2020-08-12,天合光能：投资建设总额不超30亿元年产10GW高效210mm太阳能电池项目,格隆汇
1337,2020-08-12,天合光能(688599.SH)：拟投建合计10GW高效210mm大尺寸太阳能电池项目,格隆汇
1338,2020-08-12,600W+超高功率组件和系统集成新技术平台成为光伏行业未来发展的重要方向,北极星电力
1339,2020-08-11,锦浪科技(300763)：持续全球化布局 业绩逆势高增,新浪
1340,2020-08-11,天合光能获SNEC2020十大亮点多项大奖,北极星电力
1341,2020-08-10,光伏行业深度报告：一体化抢占先机，专业化创新破局,新浪
1342,2020-08-10,天合光能至尊系列组件获鉴衡认证首张光伏领跑者一级证书,北极星电力
1343,2020-08-09,“大”出光彩！这些光伏组件新品闪耀SNEC展会第一天,北极星电力
1344,2020-08-09,2020 SNEC | DAY 1 你想看的新品全在这了！,索比光伏网
1345,2020-08-07,江苏省政协主席黄莉新来天合光能考察调研,北极星电力
1346,2020-08-07,高纪凡：坚持四个“不断”引领全球能源变革,北极星电力
1347,2020-08-06,数据|科创板主力资金净流出112股天合光能流出率最高,科创板日报
1348,2020-08-04,光伏胶膜行业“后浪” 海优新材能否比肩行业龙头？,中金在线
1349,2020-08-04,天合光能：计划电池片的产能在2022年底达到约30GW,中国证券网
1350,2020-08-04,阿特斯谋分拆上市 光伏巨头掀回A潮,时代在线
1351,2020-08-03,天合光能：W5-501 2020SNEC老地方见,北极星电力
1352,2020-08-03,十张图了解2020年全球光伏发电产业市场规模与竞争格局 中国光伏容量全球第一,前瞻研究院
1353,2020-08-03,天合光能为意大利最大无补贴光伏电站供应全部86MW光伏组件,北极星电力
1354,2020-07-31,天合光能全球首个210组件生产基地投产 迎多家机构调研,中证网
1355,2020-07-30,至尊组件产能再布局 天合光能义乌制造基地一期投产二期奠基,北极星电力
1356,2020-07-30,义乌天合光能项目一期投产,北极星电力
1357,2020-07-29,天合光能：团结拼搏抗疫情 逆势而上创辉煌,北极星电力
1358,2020-07-28,中国海关出口分析: ：二季度M6组件出口量占比达2GW,中国能源网china5e
1359,2020-07-28,迈为股份(300751)：丝印设备销售较好 2020H1收入大增51%,西南证券
1360,2020-07-27,天合智慧能源获TüV莱茵运维服务商认证,北极星电力
1361,2020-07-24,天合光能(688599.SH)：年报推10派1元股权登记日7月30日,格隆汇
1362,2020-07-24,科创板新星天合光能入选科创能力20强,北极星电力
1363,2020-07-24,天合光能预计2020上半年盈利同比增216.37%至279.51%,资本邦
1364,2020-07-24,天合光能发布上半年业绩公告：预计实现净利4.51亿-5.41亿,集邦新能源网
1365,2020-07-24,最新公告透露利好 13只个股有望爆发（07.24）,中金在线
1366,2020-07-23,天合光能上半年净利润预计增长216.37%以上,北京商报
1367,2020-07-23,天合光能上半年净利预增216%至279%,中国证券网
1368,2020-07-23,天合光能：上半年净利润同比预增216%-280%,格隆汇
1369,2020-07-23,天合光能(688599.SH)：上半年净利预增216.37%至279.51%,格隆汇
1370,2020-07-23,天合光能领跑600W新赛道,北极星电力
1371,2020-07-22,光伏供应链下半年趋紧 组件“尺寸之争”或在明年终结,中国经营网
1372,2020-07-22,天合光能：公司平台和应用均对外提供服务并已产生实质性收入,科创板日报
1373,2020-07-21,天合光能：老牌光伏龙头借力资本再迎爆发,每日经济新闻
1374,2020-07-21,85后一夜身家变300亿 科技创富选哪家？科创“硬核”20强（附股）,每日经济新闻
1375,2020-07-21,新能源光伏行业跟踪周报：光伏组件集采陆续开标,新浪
1376,2020-07-21,科创板开市一周年 科创能力哪家强？这个榜单“正面刚”！,每日经济新闻
1377,2020-07-21,尺寸联盟战：光伏巨头竞与合,时代在线
1378,2020-07-20,【华创机械 | 周观点】光伏全产业链布局趋势显现，光伏设备行业有望迎来新看点,华创机械
1379,2020-07-19,【华西电新|行业观察】新能源：看好光伏需求弹性较大环节及结构性机遇，风电板块多家企业中报业绩高增,睿评电新
1380,2020-07-17,电气设备光伏行业复盘深度报告：技术迭代成本下降 全球共振演绎成长,新浪
1381,2020-07-17,光伏行业侧身迈入6.0时代,中国能源网china5e
1382,2020-07-17,中环股份(002129)重大事项点评：G12优势产能提升 龙头盈利改善潜力有望释放,新浪
1383,2020-07-16,中环股份(002129)公司点评：大步迈向智能制造 G12硅片产能大幅提升,新浪
1384,2020-07-16,数据|科创板主力资金净流出123股天合光能净流出率最高,科创板日报
1385,2020-07-16,天合光能发布600W超高功率组件,中证网
1386,2020-07-16,600W组件来了！,北极星电力
1387,2020-07-15,2020能源互联网趋势TOP100，及2020能源互联网解决方案提供商TOP50推介,硅谷动力
1388,2020-07-15,182mm和210mm，谁能一统硅片江湖？,集邦新能源网
1389,2020-07-14,中环股份(002129)公司研究：切片产能迅速提升 G12大硅片稳步推进,新浪
1390,2020-07-14,天合光能：公司将进一步提升至尊组件的产业化优势,科创板日报
1391,2020-07-13,阿特斯、天合、熊猫绿能、上航电力、江苏林洋、展宇光伏、通威、协鑫“拍了拍”你,北极星电力
1392,2020-07-13,即刻应用 天合光能两地同日投产500W+至尊组件,北极星电力
1393,2020-07-10,光伏产业研究系列报告(8)：系统-双玻正当时 跟踪随风起 高效大时代,新浪
1394,2020-07-10,光伏市值闯进万亿时代 行业巨头组团“回A”,时代周报
1395,2020-07-10,光伏行业突现两大阵营对垒 硅片尺寸之争白热化,中国能源网china5e
1396,2020-07-09,光伏巨头企业相继发布组件新品 谁能一统江湖尚未可知,新浪
1397,2020-07-08,产品创新+模式升级 天合智慧分布式能源线下首秀不负众望,北极星电力
1398,2020-07-08,A股融资融券日报：两融余额增加267.17亿元（7月7日),Wind
1399,2020-07-08,光伏巨头“鏖战”大尺寸硅片产业格局加速洗牌,21世纪经济报道
1400,2020-07-07,光伏产业2020年上半年扩产计划一览,集邦新能源网
1401,2020-07-06,百强创新型企业评比 为什么天合光能一直名列三甲,北极星电力
1402,2020-07-03,与TPG签署7亿美元大单 天合光能海外项目开发模式新飞跃！,中国机经网
1403,2020-07-02,江苏百强创新型企业榜单发布国电南瑞、天合光能、恒瑞医药位列前三,格隆汇
1404,2020-07-02,天合光能光伏组件出货量位居全球前三 拿下7亿美元订单实现境外光伏系统业务突破,长江商报
1405,2020-07-01,天合光能向TPG售出近1GW光伏项目,北极星电力
1406,2020-07-01,科创板晚报|中微公司4月至今累计获政府补助超8千万元中译语通获3.65亿元融资,科创板日报
1407,2020-07-01,天合光能：海外光伏电站项目已有124.3MW左右达到可开工建设状态,科创板日报
1408,2020-07-01,天合光能(688599.SH)：海外光伏电站项目已有124.3MW左右达到可开工建设状态,格隆汇
1409,2020-07-01,TPG旗下“睿思基金”收购天合光能1吉瓦光伏项目,36氪
1410,2020-07-01,天合光能计划2019年分红2.07亿元，与境外公司签订约7亿美元合同,资本邦
1411,2020-07-01,天合光能签订7亿美元大单 于海外建设35个光伏电站,北极星电力
1412,2020-06-30,科创板晚报|中芯国际科创板IPO注册生效天合光能签署约7亿美元海外项目合同,科创板日报
1413,2020-06-30,天合光能(688599.SH)：拟使用不超3亿元闲置募集资金暂补流动资金,格隆汇
1414,2020-06-30,天合光能：签署总额约7亿美元海外光伏电站项目合同,金融界
1415,2020-06-30,天合光能：公司拟与TPG集团签署约7亿美元合同,证券时报网
1416,2020-06-30,天合光能：公司拟每10股分红1元,中证网
1417,2020-06-30,天合光能(688599.SH)：拟与TPG签署合作合同预估合同金额约7亿美元,格隆汇
1418,2020-06-30,天合光能(688599.SH)2019年度利润分配方案：拟每10股派1元,格隆汇
1419,2020-06-29,【金财富决策参考】2020-06-30,赢家之星
1420,2020-06-29,科创板6月上会数创年内新高,北京商报
1421,2020-06-29,电气设备新能源行业周报：光伏竞价项目超预期 特斯拉Q2销量超预期,新浪
1422,2020-06-29,30家科创板公司预告上半年业绩 天合光能等预增,证券时报网
1423,2020-06-28,558亿，20多家光伏公司一季度盈利且谁家表现更好？,和讯
1424,2020-06-28,业内首个500W级超高功率光伏电站解决方案，天合光能TrinaPro Mega正式发布,维库电子市场
1425,2020-06-25,光伏巨头鏖战“尺寸”江湖,中国经营报
1426,2020-06-24,浙商机械 邱世梁||王华君 光伏设备深度：“大尺寸”带来新一轮迭代需求-光伏设备年度策略报告之一,高端装备制造及材料
1427,2020-06-23,深度丨2020年光伏资本市场大热：A股上市企业突破60家 市值超9200亿,21世纪经济报道
1428,2020-06-23,天合“富家”梦 | 寻找启明星⑤,华夏能源网
1429,2020-06-23,天合光能：年初至今暂未与特斯拉就太阳能屋顶项目开展合作,发布易
1430,2020-06-23,天合光能发布业内首个500W级超高功率光伏电站解决方案,美通社
1431,2020-06-22,业内首个500W级超高功率光伏电站解决方案 天合光能TrinaPro Mega正式发布,北极星电力
1432,2020-06-22,热点追踪 | 国产电子气体行业打破国外寡头垄断,红周刊
1433,2020-06-22,苏陕两省党政代表团来天合光能考察调研,中国机经网
1434,2020-06-21,已披露公司三成业绩向好 科创板龙头公司存溢价拔高可能,大众证券报
1435,2020-06-19,天合光能：6月22日线上发布全行业首个500W级系统解决方案,e公司
1436,2020-06-19,数据|科创板主力资金净流出78股天合光能净流出率最高,科创板日报
1437,2020-06-19,天合光能宿迁电池项目一期投产二期奠基,上证报
1438,2020-06-17,电报|科创板主力资金净流出72股天合光能净流出率最高,科创板日报
1439,2020-06-17,科创板：科创板迎来首例并购重组中芯国际将火速完成过会,新浪
1440,2020-06-16,时代IPO周报 | 首发募资56亿，绿的谐波等本周上会，下游增速放缓经营风险攀升,时代在线
1441,2020-06-16,天合光能成功登陆上交所科创板挂牌交易,工业新闻网
1442,2020-06-15,東兴·电新 | 光伏系列报告1：行业规范提标，加速新技术产业化,分析师
1443,2020-06-15,A股融资融券日报：两融余额减少5.93亿元（6月12日),Wind
1444,2020-06-15,云计算“搭台”大数据“唱戏”常州高新区突破发展瓶颈,中国科技网
1445,2020-06-14,【国盛电新|周报】5月新能源车销量继续回升，光伏组件出口环比上升9%,电新硬核研究
1446,2020-06-12,天合光能：科创引领行业，品牌享誉全球,证券市场周刊
1447,2020-06-12,"二十三年，天合光能正在打造自己的""屋顶计划""",凤凰网
1448,2020-06-12,A股融资融券日报：两融余额增加30.2亿元（6月11日),Wind
1449,2020-06-12,6月挖掘机销量增速有望超70%；聚焦龙头【国金机械军工·周报】,国金高端装备制造及新材料
1450,2020-06-11,天合光能正式登陆科创板,中证网
1451,2020-06-11,天合光能挂牌上市，科创板迎来首家光伏企业,钛媒体
1452,2020-06-11,天合光能成功上市科创板,集邦新能源网
1453,2020-06-11,天合光能首发A股登陆科创板,北极星电力
1454,2020-06-11,天合光能将加大光伏系统及智慧能源业务投入,中证网
1455,2020-06-11,天合光能将加大光伏系统及智慧能源业务投入,中证报
1456,2020-06-10,科创板收评：个股多数下跌N天合涨超110%,科创板日报
1457,2020-06-10,科创板新股天合光能上午收盘涨118.75% 半日成交25.83亿元,证券时报网
1458,2020-06-10,全球光伏组件龙头企业天合光能登陆科创板，超高功率组件引领行业迈入光伏5.0时代,红周刊
1459,2020-06-10,6月10日新股提示：联赢激光、泽达易盛、北鼎股份申购 天合光能、中天精装上市 复旦张江、聚合顺公布中签号 神州细胞、帝科股份中签率出炉,上证报
1460,2020-06-10,天合光能今日上市 发行价格8.16元/股,中国证券网
1461,2020-06-10,新股发行与上市一览（6月10日）,Wind
1462,2020-06-10,A股IPO动态：天合光能(688599.SH)和中天精装(002989.SZ)今日上市,格隆汇
1463,2020-06-09,天合光能6月10日起在科创板上市交易,中证网
1464,2020-06-08,天合光能(688599.SH)将于6月10日在科创板上市,格隆汇
1465,2020-06-06,光伏巨头鏖战“尺寸”江湖,中国经营报
1466,2020-06-05,今年以来科创板股首发募资额达452.6亿元,证券时报
1467,2020-06-05,券商“分食”IPO承销保荐蛋糕：前5月最大一单来自科创板 这家券商进账1.58亿,中证报
1468,2020-06-04,券商“分食”IPO承销保荐蛋糕：前5月最大一单来自科创板，这家券商进账1.58亿,中证报
1469,2020-06-03,天合光能或本月中旬上市且超400亿市值 海优威和明冠新材排队科创板,北极星电力
1470,2020-06-03,天合光能（宿迁）组件项目二期投产、三期6GW签约,北极星电力
1471,2020-06-02,帝科股份(300842)：新股询价报告,新浪
1472,2020-06-02,6月2日新股提示：德马科技、宇新股份上市 天合光能中签号出炉 中天精装公布中签率,上证报
1473,2020-06-02,东北证券【新股】6月2日宇新股份、德马科技上市，天合光能缴款,东北证券金融世界
1474,2020-06-01,天合光能中签号出炉 6月2日缴款,证券时报网
1475,2020-06-01,天合光能(688599.SH)：网上摇号中签号码共178055个 华泰创新投资获配930.6万股,格隆汇
1476,2020-06-01,天合光能中签号出炉 超17.8万个,e公司
1477,2020-06-01,光伏企业战胜周期的“秘诀”究竟是什么,集邦新能源网
1478,2020-06-01,6月1日新股提示：中天精装申购 凯迪股份上市 天合光能公布中签率,上证报
1479,2020-06-01,天合光能网上发行最终中签率为0.0783%,中国证券网
1480,2020-05-29,今日新股申购：天合光能,中国经济网
1481,2020-05-29,牛市早报｜大众中国将成国轩高科第一大股东，天合光能今申购,澎湃新闻
1482,2020-05-29,东北证券【新股】5月29日天合光能申购，浙江力诺、燕麦科技等缴款,东北证券金融世界
1483,2020-05-29,5月29日新股提示：天合光能申购 松井股份、燕麦科技、浙江力诺中签号出炉,上证报
1484,2020-05-29,天合光能今日申购 顶格申购需配市值58.5万元,中国证券网
1485,2020-05-29,新股提示：天合光能今日申购,e公司
1486,2020-05-29,A股IPO动态：天合光能(688599.SH)今日申购,格隆汇
1487,2020-05-28,【新股信息】5月29日 天合光能(688599)新股申购,银河股票资讯
1488,2020-05-28,【安信中小盘】天合光能申购-次新股资讯0528,AX中小盘研究
1489,2020-05-28,发电性能与可靠性“双高” 天合光能连续六年获评PVEL全球“最佳表现”组件制造商,北极星电力
1490,2020-05-28,天合光能明日申购 58.50万市值可顶格申购,证券时报网
1491,2020-05-28,科创板新股天合光能5月29日申购宝典,金融界
1492,2020-05-27,狂拉18个涨停 新股疯了：中一签能赚5万多 更多肉签在路上,中国基金报
1493,2020-05-26,天合光能(688599.SH)拟发行3.102亿股 网上路演时间为5月28日9:00-12:00,格隆汇
1494,2020-05-26,申万宏源：天合光能申购解析,申万宏源
1495,2020-05-24,打新机会来了！一周6只新股，有一只中签率较高上涨潜力大,腾讯网
1496,2020-05-23,【安信中小盘】5.25-5.29新股申购一览,AX中小盘研究
1497,2020-05-22,花更少的钱，装更好的光伏：天合富家续写惠农致富经,中国能源网china5e
1498,2020-05-22,天合光能发布科创板招股书 2019年储能业务营收975万元,北极星电力
1499,2020-05-22,180mm战舰来了,世纪新能源
1500,2020-05-22,下周6只新股发行预计募资50.79亿元,Wind
1501,2020-05-21,4只科创板新股即将迎来申购 （附股）,证券时报网
1502,2020-05-20,天合光能(688599.SH)首次公开发行3.102亿股新股26日初步询价,格隆汇
1503,2020-05-20,云计算“搭台”，大数据“唱戏”！常州高新区企业突破提速增效“瓶颈”,科技日报
1504,2020-05-20,中环股份(002129)：中环集团混改开始竞价 有望近期落地,新浪
1505,2020-05-18,2019光伏组件企业出货量排行出炉 前三甲拿下半壁江山,北极星电力
1506,2020-05-15,600W！天合光能至尊白皮书发布 超高功率组件标准化最新动态,北极星电力
1507,2020-05-15,天合光能至尊组件白皮书发布，展望超高功率组件技术之巅,中国机经网
1508,2020-05-15,光伏用地租金攀升、税费加码，天合至尊超高功率组件优势凸显,华夏能源网
1509,2020-05-14,中环股份(002129)：制度修订开启治理新篇章 硅片龙头扬帆起航,新浪
1510,2020-05-13,天合光能高纪凡：疫情之下企业要危中寻机 创新发展,中国机经网
1511,2020-05-12,天合光能闯关科创板 IPO注册生效,资本邦
1512,2020-05-09,央视|天合光能助力海拔4200米的17村脱贫,北极星电力
1513,2020-05-06,【太平洋机械】机械行业周报20200504：机械行业盈利回升，光伏、半导体设备等行业表现亮眼,太平洋机械大讲堂
1514,2020-05-06,210mm签单、出货,北极星电力
1515,2020-05-06,聚焦 | 11家拟上市光伏企业近况一览！,北极星电力
1516,2020-05-01,天合光能冲刺科创板IPO，注册申请已获同意,资本邦
1517,2020-04-30,上交所：神州细胞、天合光能注册生效,e公司
1518,2020-04-30,布局全球首个百兆瓦级项目 天合光能向印度市场供应至尊组件,上证报
1519,2020-04-30,光伏企业“天合光能”科创板IPO获证监会核准注册,证券日报
1520,2020-04-30,全球首个百兆瓦级项目 天合光能至尊组件揭开印度组件市场500W+新篇章,北极星电力
1521,2020-04-29,天合光能科创板IPO获证监会批准注册,上证报
1522,2020-04-29,证监会同意天合光能、神州细胞科创板IPO注册,Wind
1523,2020-04-29,上交所：君实生物、天合光能科创板提交注册,e公司
1524,2020-04-24,德国莱茵TüV测评天合光能组件功率达515.8W 超高功率行业标准看至尊,北极星电力
1525,2020-04-23,天合光能至尊组件功率达515.8W，专业测评结果出来了,世纪新能源
1526,2020-04-23,515.8W 天合光能210mm组件功率专业测评结果出来了,北极星电力
1527,2020-04-23,专业测评获认证 天合光能至尊组件功率达515.8W,中国机经网
1528,2020-04-22,义乌持续强化光电光伏产业链“双轮驱动”,中国机经网
1529,2020-04-21,天合光能印荣方：“至尊”新品提速超高功率组件标准化,SEMI
1530,2020-04-17,集成能力突出 DNV GL发布天合智能优配评估报告,北极星电力
1531,2020-04-09,天合光能智能光伏领跑行业入选工信部试点示范企业,SEMI
1532,2020-04-03,天合光能与港华能源深化绿色能源领域战略合作,北极星电力
1533,2020-04-03,210光伏组件挺进中东市场 天合光能签约也门6MW分布式光伏项目订单,集邦新能源网
1534,2020-04-02,天合光能携手民生银行 供应商享受“光速”级融资服务,北极星电力
1535,2020-03-30,全球首个500W+组件项目出货！天合光能至尊组件树立光伏5.0时代标杆,北极星电力
1536,2020-03-26,天合光能拟在盐城建4GW光伏组件产能,集邦新能源网
1537,2020-03-24,大硅片生死战,北极星电力
1538,2020-03-23,天合光能美股私有化退市闯关科创板 IPO提交注册,资本邦
1539,2020-03-23,每经小强快讯：走完注册这最后一步，天合光能股份有限公司就可在科创板挂牌了,每日经济新闻
1540,2020-03-22,【华泰电新黄斌团队】鹏辉能源：蓄势待发的小而美锂电池企业,华泰电新价值研究
1541,2020-03-19,【科新先声】IPO观察：春节前后共23家企业过会，康华生物或值得重点追踪【安信诸海滨团队】,诸海滨科新先声
1542,2020-03-19,天合光能500W+至尊组件正式量产,集邦新能源网
1543,2020-03-18,光伏企业发力技术创新 迎接平价时代挑战,中国能源网china5e
1544,2020-03-16,中环股份：半导体硅片国产化龙头 12英寸即将放量,分析师
1545,2020-03-16,营收下坡、净利有疑、流动性危机四伏，天合光能再次闯关路或仍崎岖,中金在线
1546,2020-03-15,科创板第三十三周交易大复盘：新鲜事有趣事创纪录的事一应俱全,新浪
1547,2020-03-14,美股退市后，天合光能梦圆A股，实控人涉46亿借贷 退市,搜狐
1548,2020-03-13,天合光能为全球首批特高压光伏项目供应光伏智慧能源解决方案,中国机经网
1549,2020-03-13,天合光能“合约购—天合分期”业务：赞声不断捷报频传,中国经济网
1550,2020-03-13,光伏+医院，天合光能为广西医院实现年省电费29万,和讯
1551,2020-03-12,天合光能N型双面电池项目入选国家重点研发计划,中证网
1552,2020-03-12,民营光伏领军企业晶科电力IPO过会，提振行业信心,中经导报
1553,2020-03-12,鹏辉能源携手天合光能成立天辉锂电发力锂电池产研,集邦新能源网
1554,2020-03-12,我国综合能源服务领域重点上市公司统计,北极星电力
1555,2020-03-12,科创板时隔俩月首迎“云”发审 两光伏企业双双过关,电鳗快报
1556,2020-03-12,天合光能日本28兆瓦超高压光伏电站并网,北国网
1557,2020-03-12,天合光能过会：今年科创板过会第7家 华泰联合过1单,中国经济网
1558,2020-03-12,天合光能历经3年终上市，实控人46亿借贷问题悬而未决,新京报
1559,2020-03-12,科创板启动“云审核” 天合光能金博股份获放行,上证报
1560,2020-03-12,天合光能二度过会 控制权稳定性引关注,北京商报网
1561,2020-03-11,科创板采取“现场+视频”方式审议 天合光能和金博股份双双过会,e公司
1562,2020-03-11,天合光能二度闯关过会 公司控制权稳定性引关注,北京商报网
1563,2020-03-11,鼠年首场科创板审议会！天合光能二度上会过关，被问疫情影响,澎湃新闻
1564,2020-03-11,天合光能IPO过会 成常州首家科创板过会企业,中证网
1565,2020-03-11,募资30亿元 天合光能两度闯关科创板终过会,21世纪经济报道
1566,2020-03-11,天合光能科创板IPO二次上会过关 金博股份同日闯关成功,上证报
1567,2020-03-11,天合光能、金博碳素获科创板上市委会议通过,新浪
1568,2020-03-11,天合光能、金博股份科创板首发过会,Wind
1569,2020-03-11,上交所：天合光能、金博股份科创板首发过会,e公司
1570,2020-03-11,天合光能助力滨州美厨能源转型长效发展,证券之星
1571,2020-03-11,光伏+机场，天合光能为日照机场注入绿色能源,凤凰网
1572,2020-03-10,天合光能明日二次上会，借贷增持、偿债能力疑虑待解,第一财经
1573,2020-03-09,天合光能迎来科创板二度上会 拟募资30亿元,电缆网
1574,2020-03-09,中国能建签约天合光能常州工厂天然气分布式能源项目,中国能源网china5e
1575,2020-03-06,南京未来科技城迎来新“保洁” 天合光能智能环卫机器人“获聘上岗”,凤凰网
1576,2020-03-06,常州市委书记齐家滨到天合光能调研,和讯
1577,2020-03-06,天合光能迎来科创板二度上会 公司流动性压力待解,面包财经
1578,2020-03-05,小城的光伏战事,北极星电力
1579,2020-03-05,天合光能使用标准产业化设备制备的PERC电池效率达23.39%,中国机经网
1580,2020-03-05,转换效率达23.39%！天合光能产业化PERC电池再刷世界记录,集邦新能源网
1581,2020-03-05,合肥新站高新区领导到天合光能合肥工厂督导疫情防控工作,和讯
1582,2020-03-04,天合光能与供应商聚力同行 发展共赢,证券之星
1583,2020-03-04,常州市代市长陈金虎到天合光能考察调研,凤凰网
1584,2020-03-04,天合光能去年净利增长22.61% 全球化支撑智能优配业务快速发展,证券日报
1585,2020-03-03,天合光能：一季度业绩预计增长逾2成 电池技术再迎突破,中证网
1586,2020-03-03,天合光能N型i-TOPCon太阳电池效率突破24.58%,凤凰网
1587,2020-03-03,天合光能拟募资30亿元强化光伏主业,中证报
1588,2020-03-02,天合光能发布全新500W+超高功率组件，树立光伏5.0时代新标杆,证券之星
1589,2020-03-02,光伏企业发力技术创新迎平价时代挑战,新华网
1590,2020-03-02,科创板以“现场+视频”重启上会：3月11日两企业应考,e公司
1591,2020-03-02,科创板IPO启动“云上会” 天合光能3月11日“二进宫”,上证报
1592,2020-03-01,科创板上市委现场+视频审核天合光能、金博股份IPO,北京商报网
1593,2020-03-01,科创板恢复上会：以现场+视频方式召开，被暂缓审议的天合光能重新上会,21世纪经济报道
1594,2020-03-01,天合光能“二进宫” 科创板IPO将于3月11日“云上会”,上证报
1595,2020-03-01,上交所：科创板股票上市委员会将通过现场+视频方式召开上市委审议会议,Wind
1596,2020-03-01,科创板上市委：天合光能、金博股份首发3月11日上会,Wind
1597,2020-03-01,科创板上市委：天合光能、金博股份首发3月11日上会,e公司
1598,2020-02-27,500W+超高功率组件全球在线发布,科技日报
1599,2020-02-27,天合光能推出500W超高功率组件,北京商报网
1600,2020-02-27,天合光能位列江苏百强创新型企业榜单前三,证券之星
1601,2020-02-27,天合光能加快制造和管理的数字化、智能化转型,中金在线
1602,2020-02-27,光伏组件1月出口：总出货量4.39GW,中国能源网china5e
1603,2020-02-24,隆基、晶科、东方日升等光伏巨头企业在美国的现状,北极星电力
1604,2020-02-24,光伏企业如何穿越疫情生死线？这家公司的打法，再一次引领行业！,华夏能源网
1605,2020-02-24,黄鹤西楼月，长江万里情——天合光能全球接力，捐赠医疗物资支援战“疫”,中国机经网
1606,2020-02-24,天合光能曾义：平价竞价光伏项目的优配方案(4),北极星电力
1607,2020-02-20,天合光能出货量首破10GW,北京商报网
1608,2020-02-20,天合光能2019年光伏组件出货量超10GW,北极星电力
1609,2020-02-19,特斯拉太阳能屋顶年内进入中国180平米需23万元?前景会超过电动汽车？,上游新闻
1610,2020-02-17,逐渐“分化”的光伏产业链，天合光能命运如何？,财华社
1611,2020-02-14,周斌书记到天合光能常州总部督查疫情防控工作,中国机经网
1612,2020-02-13,天合光能参与国家重点研发计划 推动高效P型电池持续发展,中国经济网
1613,2020-02-11,3企扩产40GW!！26家光伏企业1月情报速递,北极星电力
1614,2020-02-10,征战210mm,中国能源网china5e
1615,2020-02-07,天合光能日本28兆瓦超高压光伏电站并网，可满足6500个家庭用电,21IC中国电子网
1616,2020-02-07,迈向500W时代！天合光能首片210组件正式下线,21IC中国电子网
1617,2020-02-06,智能洗地机器人加入天合光能抗疫前线,中国机经网
1618,2020-02-06,天合光能：单晶硅电池组件将成技术发展趋势,中证报
1619,2020-02-05,天合光能成为“中国行业标志性品牌”,证券之星
1620,2020-02-03,科创板拟上市公司天合光能暂缓审议,e公司
1621,2020-02-03,天合光能：创新技术助力光伏行业降本增效,中证网
1622,2020-02-01,天合光能首片210组件正式下线,美通社
1623,2020-01-31,上机数控与天合光能签订12.15亿元单晶硅片合同,集邦新能源网
1624,2020-01-31,上机数控和天合光能签订3.67亿片单晶硅片合同,证券之星
1625,2020-01-25,天合光能入选中国企业专利500强榜单,中金在线
1626,2020-01-22,天合光能获评中信保全国十大核心战略客户，系唯一光伏企业,证券之星
1627,2020-01-22,天合光能获评国家能源互联网产业及技术创新联盟杰出企业,凤凰网
1628,2020-01-22,天合光能N型i-TOPCon双面双玻高效组件震撼上市,凤凰网
1629,2020-01-21,坚持以科技创新引领发展 天合光能喜获哥伦比亚新能源竞拍全部太阳能项目,中国经济网
1630,2020-01-21,天合光能2019年会盛典|砥砺齐奋进 合创新辉煌,证券之星
1631,2020-01-21,工信部公示智能光伏试点示范名单 天合光能等入选,e公司
1632,2020-01-20,走进2019年“长三角工业互联网平台应用示范企业”天合光能,凤凰网
1633,2020-01-19,天合光能新型钙钛矿结构太阳电池技术课题通过验收,证券之星
1634,2020-01-17,天合光能印荣方：双面组件全球市占率有望达到25%,证券日报
1635,2020-01-17,天合光能科技成果转化专项通过验收,证券日报
1636,2020-01-17,天合光能冲击科创板被暂缓 巨额贷款等五大问题遭质询,腾讯网
1637,2020-01-16,天合光能进军科创板被按下“暂停键”五大问询中藏着两只“拦路虎” 问询,搜狐
1638,2020-01-15,一家被否，一家被暂缓表决 2020年IPO审核释放什么信号？,每日经济新闻
1639,2020-01-15,天合光能助力日本28MW超高压光伏电站并网,集邦新能源网
1640,2020-01-15,十大效率突破盘点：2019年太阳能电池降本增效仍是主旋律,集邦新能源网
1641,2020-01-15,天合、通威、爱旭等企业陆续加入210联盟,集邦新能源网
1642,2020-01-15,【山证科创板】动态跟踪：两国企试水分拆，科创板成境内外上市公司分拆首选-2020年第2期（总43期）,山西证券研究所
1643,2020-01-14,【科新先声】IPO观察：京北方等8家过会，博汇股份来自新三板，三友医疗为骨科器械可关注【安信诸海滨团队】,诸海滨科新先声
1644,2020-01-12,发审|科创板审核回归常态：天合光能被摁“暂停”下周5企业上会,科创板日报
1645,2020-01-10,一家被否，一家被暂缓表决 2020年IPO审核释放出什么信号？,每日经济新闻
1646,2020-01-10,暂缓审议，天合光能冲刺科创板遇波折,腾讯网
1647,2020-01-10,2020年科创板第一审：天合光能回A踩“急刹车”,中财网
1648,2020-01-09,天合光能成第三例暂缓审议公司 首家已“滞留”84天,新浪
1649,2020-01-09,天合光能科创板IPO遭暂缓审议，光伏企业回A不容易,第一财经
1650,2020-01-09,天合光能成今年科创板暂缓审议首家 上市委首问信托,中国经济网
1651,2020-01-09,光伏板块涨涨涨 行业风口到了?,北极星电力
1652,2020-01-09,2020年科创板首审现暂缓表决 3家企业获准注册,电鳗快报
1653,2020-01-09,天合光能叩关前被按下暂停键 2020年首场科创板上市审议“二过一”,上证报
1654,2020-01-09,科创板上市申请新年首现暂缓审议 天合光能面临控股权是否稳定等质疑,中证报
1655,2020-01-09,科创板开年第一单暂缓审议：45.69亿信托贷款埋雷？老牌光伏企业天合光能“回A”之路漫漫,21世纪经济报道
1656,2020-01-08,天合光能暂缓审议 三友医疗科创板IPO通过上市委审核,资本邦
1657,2020-01-08,新年首次科创板上市委审议会议结果出炉！天合光能被暂缓审议,澎湃新闻
1658,2020-01-08,天合光能科创板IPO暂缓审议,北京商报网
1659,2020-01-08,科创板拟上市公司天合光能暂缓审议 三友医疗通过,新浪
1660,2020-01-08,科创板上市委：暂缓审议天合光能首发事项,e公司
1661,2020-01-07,科创板开年首审 天合光能迎大考,北京商报网
1662,2020-01-07,研发费用率不足1%，经营成长趋缓，天合光能科创板上市合适吗？ 成长能力下降,中金在线
1663,2020-01-07,天合光能数据打架大客户可疑 研发占比低冲科创板补血 欺诈造假,中国经济网
1664,2020-01-06,时代IPO上会面面观 | 7家企业本周上会，近半数拟募资超10亿,时代在线
1665,2020-01-06,天合光能、晶科电力周三周四相继上会,北极星电力
1666,2020-01-05,发审｜本周科创板上会与提交注册均“空档”下周恢复节奏2家企业赶考,科创板日报
1667,2020-01-04,采购客户二手设备再亏本出售 奥特维是否遇“变相退货”遭问询 亏损,每日经济新闻
1668,2019-12-30,上会面面观 | 5家企业本周上会，龙磁科技排队近4年,时代在线
1669,2019-12-30,天合光能、三友医疗1月8日科创板上会,中国经济网
1670,2019-12-27,天合光能被问询 招股书信息披露与美股不一致 问询,挖贝网
1671,2019-12-27,天合光能、三友医疗将于1月8日接受2020年第1次科创板审核,资本邦
1672,2019-12-27,科创板上市委2020年第一次审议会议：三友医疗、天合光能1月8日首发上会,Wind
1673,2019-12-16,2.78GW平价上网项目进展：年底前预期并网量接近一半,集邦新能源网
1674,2019-12-13,为何科创板申报和美股年报披露不一致? 天合光能三回科创板,资本邦
1675,2019-12-11,高纪凡：“十四五”期间光伏有约30GW增长空间,太阳能光伏网
1676,2019-12-06,9家企业入围黄河公司青海3.1GW双面光伏组件订单，隆基供应166尺寸产品,集邦新能源网
1677,2019-12-05,处置工业废料拿客户好处 天合光能员工半年受贿40万 其他违规处罚,新浪
1678,2019-12-05,帝科股份IPO：国产正银发展迅猛 帝科股份研发实力突出,中国机经网
1679,2019-12-03,2020年光伏需求端增长迅速 六股投资正当时,证券时报网
1680,2019-12-01,天合光能以领先技术应用和更优解决方案助力平价上网,SEMI
1681,2019-11-25,天合光能成功出售日本两座大型地面电站项目,SEMI
1682,2019-11-22,再破纪录！天合光能i-TOPCon多晶电池效率高达23.22%,北极星电力
1683,2019-11-21,天合光能新型钙钛矿结构太阳电池技术课题通过验收,Ofweek
1684,2019-11-06,天合光能再次入选世界物联网企业500强,北极星电力
1685,2019-11-01,天合光能高效组件为国际建筑大奖建筑添彩,北极星电力
1686,2019-10-29,ETC发行量增长催升产业链公司业绩 6股人气爆棚,证券时报网
1687,2019-10-21,光伏一周：股价大跌、上市遇阻、补贴告罄！ 连续下跌,北极星电力
1688,2019-10-15,天合光能副总裁张兵：平价上网只是光伏行业的开始,中国能源网china5e
1689,2019-10-15,天合光能：坚持“高可靠、高保障、高收益”价值理念 为用户提供最佳光伏清洁能源体验,北极星电力
1690,2019-09-24,消息称天合光能正在准备最终的中国上市文件,Wind
1691,2019-09-06,IPO动态 | 天合光能：利润一半是税收优惠和政府补助，大客户疑点重重,财经网
1692,2019-09-05,天合光能荣获UL全球首家UL 61730目击实验室认可资质,世纪新能源
1693,2019-08-23,天合中止科创板上市!勿惊慌“中止”非“终止”,北极星电力
1694,2019-08-09,天合光能高效电池助力日本高校太阳能赛车再次夺冠,世纪新能源
1695,2019-08-09,天合光能连续第四次获评彭博“全球最具融资价值组件品牌”,世纪新能源
1696,2019-08-08,天合光能入选中国企业专利500强榜单,Ofweek
1697,2019-07-31,上交所：截至目前共有23家企业中止科创板上市申请,Wind
1698,2019-07-23,天合光能宿迁产业园光伏电池项目签约,Ofweek
1699,2019-07-16,天合光能鹤岗500MW光伏平价上网项目正式开工,世纪新能源
1700,2019-07-06,挑重点！贸易纠纷/业绩预告/破产！本周光伏行业热点全在这！ 诉讼纠纷,Ofweek
1701,2019-07-04,天合光能布局智慧能源领域,中证报
1702,2019-07-03,国内抢装潮后的首个“630” 无抢装也同样亮眼全球,中国能源网china5e
1703,2019-07-03,分布式能源高层研讨会在重庆召开,电力新闻网
1704,2019-07-02,"机械行业模拟组合(7月):中报预告高峰期,注重业绩",西南证券
1705,2019-06-24,【CS机械】迈为股份深度报告——光伏设备订单充足，外延扩张打开成长空间,CiticsMachinery
1706,2019-06-24,天合光能梦想与创新展示中心揭幕,世纪新能源
1707,2019-06-24,天合光能与合作伙伴共创能源互联网新生态,世纪新能源
1708,2019-06-21,数字化、网络化、智能化成为江苏“上云企业”发展方向,和讯
1709,2019-06-20,张峰：推动工业互联网快速健康有序发展要重点做好三项工作,中国金融信息网
1710,2019-06-20,"迈为股份:丝网印刷龙头,横向拓展提升成长空间",西南证券
1711,2019-06-19,光伏激光设备龙头，有望持续受益技术迭代—帝尔激光（300776）深度报告,机械盛宴
1712,2019-06-15,天合光能进入科创板“已问询”阶段,中金在线
1713,2019-06-14,面对光伏行业传闻 隆基股份原董事现身辟谣,e公司
1714,2019-06-14,每经小强快讯：前往科创板再下一城，天合光能股份有限公司已获上交所问询 问询,每日经济新闻
1715,2019-06-14,帝尔激光李志刚：不走寻常路的激光技术控,全景网
1716,2019-06-13,3企重大投资并购超37亿！25家光伏企业5月情报速递,中国能源网china5e
1717,2019-06-13,"新能源光伏市场跟踪周报:国内光伏产业链价格稳定,光伏展(SNEC)在上海举行",浙商证券
1718,2019-06-10,我国自主研发N型双面双玻高效组件实现量产,科技日报
1719,2019-06-06,汉能私有化完成，回A能否重生？,Ofweek
1720,2019-06-06,2019SNEC光伏巨头纷发高效产品：一季度装机量黯淡 各家加速开拓海外市场,21世纪经济报道
1721,2019-06-04,光伏步入“青年时代”：平价上网将全面开启,中国经营网
1722,2019-05-29,24.58%！天合光能N型i-TOPCon太阳电池效率破纪录,世纪新能源
1723,2019-05-29,中信建投 | 一文看懂科创板受理112家企业,中信建投证券研究
1724,2019-05-28,鹏辉能源将扩产动力电池产能,中证报
1725,2019-05-27,杜邦光伏业务显疲态 国产企业“围剿”蚕食市场,中国经营报
1726,2019-05-25,光伏业务或被出售 杜邦光伏业务显疲态 资产异常,中国经营报
1727,2019-05-24,营收、净利双降 天合光能冲刺科创板光伏第一股,新京报
1728,2019-05-22,天合光能如何拼杀科创板筹资30亿？“智慧能源”营收贡献低，组件老大转型路远,华夏时报
1729,2019-05-19,【天风电新|周报】海外电动车进展追踪,新能源研究员
1730,2019-05-19,汉能私有化方案获独立股东通过已开展回A尽职审查,中国经营网
1731,2019-05-18,IPO审核节奏明显放缓 过会率已升至87% （附最新IPO排队名单）,和讯
1732,2019-05-18,后“531新政”时代：光伏穿越至暗时刻,中国经营报
1733,2019-05-17,美股退市两年后，天合光能拟上科创板,IPO日报
1734,2019-05-17,帝尔激光：持续高成长，A股迎来亮丽新星,红周刊
1735,2019-05-17,视频丨原中国证监会委员周勤业：别把科创板搞成一个“高大上”的东西,21经济网
1736,2019-05-17,天合光能闯关科创板,北京商报网
1737,2019-05-16,帝尔激光5月17日上市定位分析,金融界
1738,2019-05-07,通威太阳能PK爱旭科技，三分钟对比两大PERC电池厂商核心指标,中国能源网china5e
1739,2019-05-06,帝尔激光5月7日申购宝典,金融界
1740,2019-04-23,光伏龙头高增长 设备企业帝尔激光引关注,挖贝网
1741,2019-04-12,证监会核发IPO批文：日丰电缆、三角防务和帝尔激光将陆续刊登招股文件,挖贝网
1742,2019-04-08,苏大光伏校企汇 | 帝尔激光IPO顺利过会，A股市场再添光伏设备企业,世纪新能源
1743,2019-04-04,4月4日IPO快报：4家企业全部过会 第十八届发审委IPO通过率92%,挖贝网
1744,2019-04-04,帝尔激光成功过会 A股市场再添激光企业,Ofweek
1745,2019-04-04,帝尔激光成功过会：产品高度定制化 毛利率66%高于行业平均,挖贝网
1746,2019-04-04,帝尔激光 高增长态势或难为继,金融投资报
1747,2019-03-22,23个大项目！开年10大光伏企业开拓海外市场,集邦新能源网
1748,2019-02-12,周三机构一致看好的八大金股（2.12）,证券之星
1749,2019-02-12,券商评级:三大股指集体上扬 六股迎掘金良机,证券之星
1750,2018-09-28,帝尔激光IPO：分红闹乌龙、业绩前景不明 上市之路或“凶多吉少” 业绩更正,财经网
1751,2018-08-30,特斯拉大幅提高对阿特斯、天合光能及 LG组件使用量,世纪新能源
1752,2018-03-23,帝尔激光(835053)年报点评：业绩保持高速增长 PERC设备销量看好,中财网
