,2021-12-31,由To C到To B 网络安全的变革与新机,中国经营网
0,2021-12-31,致远互联与奇安信达成战略合作 共建生态护航信息安全,凤凰网
1,2021-12-31,奇安信国际业务获7000万元大单,经济日报
2,2021-12-31,360拥抱元宇宙：数字安全元年来临？,经济观察报
3,2021-12-31,奇安信：国际业务取得重大突破 为网安市场开辟增量空间打下坚实基础,发布易
4,2021-12-31,聚焦APT监测 奇安信国际业务拿下7000万元大单,上证报
5,2021-12-31,奇安信国际业务拿下七千万大单,格隆汇
6,2021-12-30,奇安信-U今日大宗交易成交300万股，成交价84.63元溢价0.0%,Wind
7,2021-12-30,奇安信12月30日大宗交易成交1.27亿元,证券时报网
8,2021-12-30,贝壳财经对话百位企业家：看2022新年新期待②,新京报
9,2021-12-30,奇安信-U今日大宗交易成交150万股，成交价84.63元溢价0.0%,Wind
10,2021-12-30,奇安信牵头的零信任团体标准正式发布,和讯
11,2021-12-29,铜牛信息：公司和奇安信科技集团已经合资成立了北京铜牛奇安科技有限公司,每日经济新闻
12,2021-12-29,广东省科学院与奇安信达成战略合作 共同打造科研安全,TechWeb
13,2021-12-28,五大组件闭环运营 奇安信发布一站式威胁情报运营系统,TechWeb
14,2021-12-28,金融界领航中国上市公司创新发展高峰论坛成功进行 为上市公司高质量发展护航,金融界
15,2021-12-27,导致阿里云被暂停合作的漏洞 究竟是什么？,贝壳财经
16,2021-12-27,奇安信Q-SASE亮相信通院首届混合云大会 包揽所有SASE相关成果,砍柴网
17,2021-12-27,齐向东：走好网络安全科技自立之路 助力数字经济高质量发展,经济网
18,2021-12-27,263与奇安信达成战略合作！,砍柴网
19,2021-12-27,网宿牵手奇安信 加速开拓网安市场,厦门日报
20,2021-12-27,奇安信董事长齐向东获“信息工作先进个人”称号,中新网
21,2021-12-26,奇安信董事长：解决信息技术“卡脖子”问题需要换道超车 网络安全科技自立是必然选择,21世纪经济报道
22,2021-12-26,奇安信董事长齐向东：数字经济发展要换道超车,每日经济新闻
23,2021-12-26,齐向东：网络安全市场正迎来发展机遇,中国财富网
24,2021-12-25,齐向东：企业家在市场上冒创新的风险，我们才能实现科技自立,新京报
25,2021-12-25,齐向东：企业家在市场上冒创新的风险，我们才能实现科技自立,贝壳财经
26,2021-12-25,专访奇安信董事长齐向东：未来企业为网络安全支付的成本将提高,中新经纬
27,2021-12-25,齐向东出席APEC工商领导人中国论坛：网络安全科技自立是必然选择,金融界
28,2021-12-25,共话PKS安全实践 “安全先进绿色计算+安全实践” 论坛成功举办,TechWeb
29,2021-12-24,北京冬奥网络安全保障指挥中心在奇安信启动,e公司
30,2021-12-24,PKS生态大会：奇安信携手20家企业共建安全大生态,金融界
31,2021-12-24,A股资金流向：“弃宁投茅”显露调仓痕迹,Wind
32,2021-12-24,2021金融界领航中国“金智奖”上市公司价值评选揭晓 章锋、高月静、齐向东等荣获杰出创新发展领袖奖,金融界
33,2021-12-24,奇安信齐向东：信创不是替代，而是换道引领,金融界
34,2021-12-24,2022年中国网络安全(网络安全软件)行业竞争格局及市场份额分析 身份和数字信任软件等子行业竞争较为激烈,前瞻研究院
35,2021-12-24,北京冬奥网络安全保障中心正式启动,TechWeb
36,2021-12-24,阿帕奇漏洞再次警示网络安全风险,中国电子报
37,2021-12-24,2021网络空间安全人才峰会：奇安信多方合作打造闭环人才培养生态,砍柴网
38,2021-12-23,北京科创发展指数15年间年均增长6.9%,北京日报
39,2021-12-23,Apache安全漏洞全球发酵，工信部暂停阿里云合作单位,Wind
40,2021-12-23,网络安全重要领域创新发展全面发力,Wind
41,2021-12-22,千亿赛道再迎政策风口，一图看懂网络安全产业链！,Wind
42,2021-12-21,专注专业创新 奇安信入选北京市第一批“隐形冠军”企业,中国网
43,2021-12-21,奇安信(688561.SH)成功当选北京市第一批“隐形冠军”企业,格隆汇
44,2021-12-21,安全之约 奇安信邀您共赴PKS安全先进绿色计算“安全实践”专场活动,TechWeb
45,2021-12-20,关键软件密码应用研究中心成立 奇安信作为首批成员单位获正式授牌,e公司
46,2021-12-20,2022年中国网络安全设备行业市场规模及竞争格局分析 深信服网安设备整体市占率最高,前瞻研究院
47,2021-12-17,奇安信吴云坤：零信任是数据安全的必然选择和创新方向,TechWeb
48,2021-12-15,国内首批安全运营资质名单公布 奇安信获认证,e公司
49,2021-12-15,国内首批安全运营资质名单公布 奇安信率先获得认证 编号001,金融界
50,2021-12-15,大幅降低情报消费门槛 奇安信发布威胁情报检测引擎,砍柴网
51,2021-12-15,奇安信：2021年12月13日高管本人或关联人马江波减持股份13000股 减持股份,资本邦
52,2021-12-14,A股共发生240宗大宗交易成交77.89亿元（12月14日）,Wind
53,2021-12-14,奇安信中标中国电信服务器安全软件集采 再获运营商行业大单,金融界
54,2021-12-14,奇安信-U今日大宗交易成交35万股，成交价95.5元折价4.98%,Wind
55,2021-12-14,奇安信多项安全技术解决方案亮相央企·京企应用场景发布会,砍柴网
56,2021-12-14,御数坊成数千万元A轮战略融资 奇安信领投,智通财经
57,2021-12-14,奇安信出手一家数据治理企业：御数坊获数千万元 A 轮融资,ZAKER
58,2021-12-10,下周401亿市值限售股解禁，恒玄科技解禁139亿居首 解禁,Wind
59,2021-12-10,广电运通：拟与奇安信(北京)等设运通奇安,财联社
60,2021-12-10,广电运通(002152.SZ)：拟与奇安信(北京)等等设运通奇安,格隆汇
61,2021-12-10,"奇安信现3笔大宗交易 共成交8,951.85万元",新浪
62,2021-12-10,奇安信PKS安全体系框架解决方案获选信创安全优秀解决方案,砍柴网
63,2021-12-10,奇安信-U今日大宗交易成交95万股，成交价94.23元折价0.39%,Wind
64,2021-12-10,Apache Log4j爆高危漏洞危害堪比“永恒之蓝” 已发现近万次攻击,金融界
65,2021-12-09,A股资金流向：金融、消费持续回暖，外资助推风格切换,Wind
66,2021-12-08,中国工业信息安全大会：奇安信获优秀成员单位、CICS-CERT支撑机构两大荣誉,TechWeb
67,2021-12-08,A股资金流向：市场缩量普涨，价值“茅”走出持续行情,Wind
68,2021-12-07,计算机2022年度策略报告：边际变化里藏金子,新浪
69,2021-12-07,奇安信(688561.SH)246.61万股归属股票将于12月13日上市流通,智通财经
70,2021-12-07,“精英级”奖励 奇安信两名研究员入驻“特斯拉安全名人堂”,和讯
71,2021-12-07,计算机行业双周报：网安行业景气度上升 市场份额将向龙头集中,新浪
72,2021-12-07,奇安信：2021年12月03日高管本人或关联人马江波增持股份14031股,资本邦
73,2021-12-06,齐向东：一中心两体系助力通信运营商实现网络安全能力“内外兼修”,金融界
74,2021-12-06,1个月80多家！A股掀起股权激励创新巨浪，人才争夺愈加激烈！如何把人留住？怎样才能激励落地？,券商中国
75,2021-12-04,主力探秘：计算机板块估值处在合理位置,财富动力网
76,2021-12-03,计算机行业：网络安全行业持续高景气,国联证券
77,2021-12-03,计算机行业事件点评：软件定义时代 把握政策导向,新浪
78,2021-12-03,计算机行业：从CROWDSTRIKE看中国网安公司发展方向,新浪
79,2021-12-03,奇安信发布“明文挖矿专项情报”计划 挖矿木马无路可逃！,北国网
80,2021-12-02,跨年行情如何布局？机构普遍看好这三大赛道,Wind
81,2021-12-01,计算机行业2022上半年投资策略：把握数字化发展机遇 关注高景气、具备成长确定性领域,新浪
82,2021-12-01,【计算机】景气度为王，自下而上把握行业机会,金融界
83,2021-11-30,财信证券：给予奇安信买入评级，目标价位142.8元,证券之星
84,2021-11-30,财信证券维持奇安信推荐评级：国内网安行业领导者，产业升级机遇助力发展,每日经济新闻
85,2021-11-30,本月2板块获密集调研，“榨菜茅”被64家券商调研,Wind
86,2021-11-29,计算机应用：个人收款码从事经营活动有望得以规范 关注第三方服务商,新浪
87,2021-11-27,奇安信将在广州成立华南总部 布局珠三角、辐射大湾区,砍柴网
88,2021-11-27,首届数字政府建设峰会：奇安信华南总部将落地广州,砍柴网
89,2021-11-26,政府行业IT安全软件市场规模达23亿元 奇安信市场份额居首,TechWeb
90,2021-11-26,奇安信：在数字安全领域积极进行全面性、体系化、实战化的布局,每日经济新闻
91,2021-11-26,挖矿病毒致电力浪费 奇安信推出补天挖矿态势监测响应平台,中新网
92,2021-11-25,计算机年度策略：从产业变革到投资机会,新浪
93,2021-11-25,计算机动态点评：数据安全监管进一步加强,新浪
94,2021-11-24,计算机行业深度报告：趋势好 估值底 待风起,新浪
95,2021-11-23,奇安信(688561)：2020年限制性股票激励计划首次授予部分第一个归属期部分激励对象符合归属条件,资本邦
96,2021-11-23,奇安信(688561.SH)拟可归属246.61万股限制性股票,智通财经
97,2021-11-23,奇安信(688561.SH)作废失效的89.81万股限制性股票,智通财经
98,2021-11-23,2021年权威报告发布 奇安信蝉联态势感知领导者位置,金融界
99,2021-11-22,计算机周报：高通拿下宝马智能驾驶定点 医疗IT龙头基本面持续向好,新浪
100,2021-11-22,计算机行业周报：阿里云首次季度营收超过200亿元,新浪
101,2021-11-22,机构密集调研科创板公司，多个行业成“香饽饽”,Wind
102,2021-11-20,奇安信吴云坤：工业互联网面临三大新挑战,新京报
103,2021-11-20,奇安信吴云坤：网络安全建设三部曲保障工业互联网安全发展,凤凰网
104,2021-11-20,奇安信与中电光谷达成战略合作 共同打造安全智慧园区,金融界
105,2021-11-19,防得住才省心 奇安信椒图全新版本正式发布,北国网
106,2021-11-19,行业动态|系列文件开启百亿市场 网络数据安全服务将成刚需,财联社
107,2021-11-18,长沙城市运营中心落地 奇安信打造城市网络安全模板,中国网
108,2021-11-18,A股资金流向：题材快速切换，新能源内部分化,Wind
109,2021-11-18,江城之约 奇安信明日亮相2021中国5G+工业互联网大会,北国网
110,2021-11-18,助力运营商云网安全防护 奇安信获评2021天翼网信安全产业联盟优秀安全实践案例,北国网
111,2021-11-18,年末密集调研，海外资管巨头盯上A股“便宜货”,Wind
112,2021-11-17,计算机应用行业简评报告：《网络数据安全管理条例(征求意见稿)》发布 重视数据安全带来的网安公司投资机会,新浪
113,2021-11-17,数据安全市场进入快车道,大众证券报
114,2021-11-16,奇安信(688561)：向2020年限制性股票激励计划激励对象授予预留部分限制性股票,资本邦
115,2021-11-16,铜牛信息：拟与奇安信共同拓展北京市属国资企业客户网络安全市场,Wind
116,2021-11-16,奇安信(688561.SH)向796名激励对象授予271.4637万股限制性股票,智通财经
117,2021-11-16,11月调研情况：网安赛道风起，机构最爱“榨菜茅”,Wind
118,2021-11-15,计算机行业周报：虚拟与现实的交织 元宇宙背后的ICT技术,华安证券
119,2021-11-15,计算机：打造更开放的欧拉生态 剑指全球市场,新浪
120,2021-11-14,奇安信(688561)：高基数上高增长 网安领军地位继续夯实,新浪
121,2021-11-14,计算机行业周观点：参考3季报 重点把握年底估值切换机会,新浪
122,2021-11-12,行业动态|网络安全企业加码抢滩新赛道 投资加大致短期利润下滑 盈利能力下降,财联社
123,2021-11-11,奇安信(688561)首次覆盖报告：网络安全领军 新安全、安全服务快速增长,新浪
124,2021-11-10,科创引擎跑出“加速度”，硬科技助力高质量发展,Wind
125,2021-11-09,奇安信现3笔大宗交易 合计成交20.87万股,证券时报网
126,2021-11-09,计算机行业周报：各业务板块恢复发展 计算机行业有望在年底迎来业绩放量,新浪
127,2021-11-09,奇安信-U今日大宗交易成交20.87万股，成交价88.26元折价3.73%,Wind
128,2021-11-09,"奇安信现3笔大宗交易 共成交1,841.84万元",新浪
129,2021-11-09,《中国网络安全企业100强》发布，奇安信位居第一,猎云网
130,2021-11-09,数字冬奥，网络安全不容轻视,中国电子报
131,2021-11-09,华为将进一步拓展“欧拉”商用范围,Wind
132,2021-11-08,华为将召开第二届操作系统峰会，多家A股公司参与，都有谁？,Wind
133,2021-11-08,“元宇宙”大牛股份遭冻结，五大概念股警示风险,Wind
134,2021-11-08,网络安全龙头股被200多家机构盯上，高毅资产等29家百亿私募最新调研名单来了,21世纪经济报道
135,2021-11-06,周鸿祎连续减持，造车故事360准备用几年 减持股份,华夏时报
136,2021-11-05,奇安信参投私募基金合伙企业，持股33.33%,乐居财经
137,2021-11-04,中原证券给予奇安信增持评级：新赛道发展持续发力，三季度增长超预期,每日经济新闻
138,2021-11-04,中原证券：给予奇安信增持评级,证券之星
139,2021-11-03,三季度计算机行业营收增速近20%，这两只龙头获机构增持超1亿股,Wind
140,2021-11-03,首创证券首予奇安信买入评级：业绩增长超预期,每日经济新闻
141,2021-11-03,新赛道收入占比超七成 奇安信问“研发”要“效益”,上证报
142,2021-11-02,奇安信：与乐信达成战略合作,e公司
143,2021-11-02,奇安信与乐信达成战略合作 携手保障金融科技行业数据供应链安全,北国网
144,2021-11-02,奇安信与金杜律师事务所在数据合规领域达成战略合作,金融界
145,2021-11-02,太平洋证券维持奇安信买入评级：三季度收入增速表现亮眼,每日经济新闻
146,2021-11-02,奇安信前三季度营收26.74亿元，近两年复合增长率达63.45%,经济日报
147,2021-11-02,财信证券：给予奇安信买入评级，目标价位144.0元,证券之星
148,2021-11-02,计算机行业周报：网安处于国家战略的突出位置 投资机构持续看好人工智能,新浪
149,2021-11-01,前三季度毛利率提升5个点，奇安信业绩交流会还释放出一个重要信号,21世纪经济报道
150,2021-11-01,网络安全产业需求暴增 奇安信第三季度实现营收12.19亿元,证券日报网
151,2021-11-01,直击奇安信三季度业绩交流会：研发投入同比增4成，北京冬奥会将对公司带来多维影响,e公司
152,2021-11-01,中泰证券维持奇安信买入评级：新赛道安全产品和服务成为核心增长引擎，费用管控效果显著,每日经济新闻
153,2021-11-01,国信证券维持奇安信买入评级：高基数下依然保持高增速，新兴安全高质量成长,每日经济新闻
154,2021-11-01,A股资金流向：新能源板块冲高回落，资金分歧较大,Wind
155,2021-11-01,图解奇安信三季报：第三季度单季净利润同比增25.43%,证券之星
156,2021-11-01,毛利率提升7.41个百分点 网安龙头奇安信发布三季报,和讯
157,2021-11-01,网安三季报总结：新旧交替挖掘结构化机会，奇安信(688561.SH)稳坐一哥宝座,格隆汇
158,2021-11-01,【计算机】参考3季报，重点把握年底估值切换机会,金融界
159,2021-11-01,10月31日204只个股获券商关注，至纯科技目标涨幅达68.92%,每日经济新闻
160,2021-11-01,奇安信(688561)2021三季报点评：三季度收入保持高增速 亏损持续收窄 亏损,新浪
161,2021-11-01,奇安信-U(688561)：营收增长超预期 亏损收窄明显,新浪
162,2021-10-31,奇安信：前三季度净亏损11.57亿元，亏损同比增长14.85% 亏损,资本邦
163,2021-10-31,奇安信-U(688561)：引领新兴安全 战略聚焦企业侧大客户,新浪
164,2021-10-31,开源证券维持奇安信买入评级：高基数上高增长，网安领军低位继续夯实,每日经济新闻
165,2021-10-31,安信证券维持奇安信买入-A评级：新赛道成为主要增长引擎，企业客户占比持续提升,每日经济新闻
166,2021-10-31,安信证券：给予奇安信买入评级，目标价位130.0元,证券之星
167,2021-10-31,国盛证券维持奇安信买入评级：营收增速及经营质量超预期，成长持续性与规模效应被低估,每日经济新闻
168,2021-10-31,国盛证券：给予奇安信买入评级,证券之星
169,2021-10-31,东吴证券维持奇安信买入评级，2021年三季报点评：新赛道产品服务推动业绩高增，高质量发展战略成效显著,每日经济新闻
170,2021-10-31,奇安信(688561)：高基数下高增长 网安行业一枝独秀,新浪
171,2021-10-30,国内首批！上海CA 根证书获联合信任,经济日报
172,2021-10-30,网络安全公司，该拿什么来保护自己？,和讯
173,2021-10-29,奇安信前三季度营收增长43% 新赛道产品业绩亮眼,上证报
174,2021-10-29,奇安信三季度营收12.19亿元,北京商报
175,2021-10-29,奇安信2021前三季度营收26.74亿 同比增长43.02%,新浪
176,2021-10-29,奇安信公布三季报 前三季净利亏损11.5692亿 亏损,新浪
177,2021-10-29,奇安信：聘任张腾为证券事务代表,每日经济新闻
178,2021-10-29,A股资金流向：主线和题材共振反弹，宁王、隆基联手爆发,Wind
179,2021-10-29,奇安信：前三季度净利亏损11.57亿元 亏损,财联社
180,2021-10-29,奇安信前三季度营收达26.74亿元 同比增长43.02%,金融界
181,2021-10-29,奇安信-U：前三季度亏损扩大，净亏损11.57亿元 亏损,Wind
182,2021-10-29,国家级网络安全赛事夺魁！奇安信虎符战队在工业互联网安全大赛获一等奖,砍柴网
183,2021-10-28,计算机应用行业：国产EDA与海外差距在哪儿?,新浪
184,2021-10-28,网络安全头部玩家全速前进，谁家的财富密码最“香”？,猎云网
185,2021-10-27,奇安信-U(688561)：守正出奇 立安致新,新浪
186,2021-10-27,1835万！奇安信中标国家级工业互联网安全项目,金融界
187,2021-10-27,连续两届！奇安信获得“粤盾-2021”网络安全攻防演练 优秀攻击队伍一等奖,北国网
188,2021-10-26,"奇安信现1笔大宗交易 共成交2,580.00万元",新浪
189,2021-10-26,国际权威机构托管安全服务市场报告发布，奇安信MSS获评“领导者”,TechWeb
190,2021-10-26,奇安信于重庆成立新公司，注册资本1000万元,乐居财经
191,2021-10-25,干货！2021年中国网络安全行业上市公司市场竞争格局分析 三大方面进行全方位对比,前瞻研究院
192,2021-10-25,国产服务器占比持续提升 奇安信：安全是服务器信创的底板,砍柴网
193,2021-10-25,首个打印机项目挑战即夺冠 奇安信天工实验室获GeekPwn 2021大赛冠军,TechWeb
194,2021-10-23,网络安全市场前景广阔 全能型厂商优势凸显,中证报
195,2021-10-22,定增落地一度拉涨“15CM”！葛卫东豪掷3亿拿下,Wind
196,2021-10-21,奇安信&Gartner报告：网络安全建设差异需重视中外差异,北国网
197,2021-10-20,奇安信发生2笔大宗交易 合计成交1.12亿元,证券时报网
198,2021-10-20,奇安信与辽宁省九方签署战略合作协议,e公司
199,2021-10-20,计算机应用周报：计算机行业三季报前瞻,新浪
200,2021-10-20,"奇安信现2笔大宗交易 共成交11,180.00万元",新浪
201,2021-10-20,奇安信-U今日大宗交易成交130万股，成交价86.0元折价4.61%,Wind
202,2021-10-20,“政产学企研用”齐了！奇安信与辽宁省九方签署战略合作协议,TechWeb
203,2021-10-20,“工业互联网+网络安全”高峰论坛举办 奇安信成为首批网安技术支撑单位,上证报
204,2021-10-20,“工业互联网+网络安全”高峰论坛举办 探索工业互联网安全发展新方向,中新网
205,2021-10-19,奇安信入选咨询机构Forrester NAV报告,TechWeb
206,2021-10-19,“5G+云+AI”深度融合 龙头企业“赶集”全球工业互联网大会,上证报
207,2021-10-18,辽宁省政府与奇安信签署协议 助力辽宁网络安全产业全面发展,上证报
208,2021-10-18,一个文件破坏整个油田，DT时代工业互联网安全如何防？,北国网
209,2021-10-18,打造中国特色的安全托管服务 奇安信MSS安全托管服务全新升级发布,砍柴网
210,2021-10-18,“生态文明：共建地球生命共同体”奇安信圆满完成COP15第一阶段会议网络安保工作,北国网
211,2021-10-18,奇安信首次中标中国联通防火墙集采 继中国移动后再获运营商大单,金融界
212,2021-10-18,计算机应用行业周报：数据安全大事记整理及展望,新浪
213,2021-10-17,计算机应用行业：计算机行业网信板块三季报前瞻,新浪
214,2021-10-17,计算机行业周报：智能驾驶正在发生哪些变化,新浪
215,2021-10-16,数字时代，如何破解网络安全难题？行业大咖这么说！,金融投资报
216,2021-10-16,奇安信齐向东：所有网络攻击本质都是利用漏洞 安全问题有四大新挑战,东方网
217,2021-10-15,奇安信基于鲲鹏打造移动办公“双保险”,东方网
218,2021-10-15,奇安信总裁吴云坤：数据安全成为关基保护的核心和关键,TechWeb
219,2021-10-14,奇安信完成中国电子云全栈适配：云安全共建迈出关键一步,北国网
220,2021-10-14,工信部将出台网安三年行动计划，带动产业规模超2500亿元,览富财经
221,2021-10-14,职业教育迎重磅利好 网安龙头奇安信有望率先受益,和讯
222,2021-10-13,《网络安全三年行动计划》发布 关注“专精特新”细分龙头投资机会,和讯
223,2021-10-12,奇安信零信任项目入选2021人工智能安全典型实践案例,北国网
224,2021-10-12,2021国家网安周：刘勇谈“四轮驱动”构建车联网安全体系,TechWeb
225,2021-10-12,中金：长坡厚雪，如何布局安全产业上升周期？,中金点睛
226,2021-10-11,计算机行业周报：“十四五”全民医疗保障规划推出 智慧医保建设有望加速,华安证券
227,2021-10-11,计算机应用：继续重点推荐关注鸿蒙产业链相关公司,新浪
228,2021-10-10,计算机行业周报：从科技巨头入股飞腾看国产基础软硬件生态现状,新浪
229,2021-10-09,金秋长安之约 奇安信亮相2021国家网络安全宣传周,砍柴网
230,2021-10-09,计算机应用行业点评：挂钩收入大额罚款开启 互联网治理时代来临,新浪
231,2021-10-08,奇安信：公司在SaaS化方向积极布局，2020年公司SaaS化收入规模过亿元，未来预测会有更好的增长,每日经济新闻
232,2021-10-08,奇安信：截止2020年年报披露数据，公司有超过2700名的技术支持与安全服务人员,每日经济新闻
233,2021-10-08,奇安信：公司在“元宇宙”领域积极布局,每日经济新闻
234,2021-10-08,奇安信：公司核心团队和核心人员稳定,每日经济新闻
235,2021-10-08,奇安信大宗交易成交3632.73万元,证券时报网
236,2021-10-08,"奇安信现1笔大宗交易 共成交3,632.73万元",新浪
237,2021-10-08,奇安信-U今日大宗交易成交41.90万股，成交价86.7元溢价2.0%,Wind
238,2021-10-08,计算机行业周报：英特尔第12代酷睿ALDER+LAKE桌面处理器即将于本月发布,新浪
239,2021-09-30,最新亚太安全咨询服务榜单发布 奇安信再度成为国内唯一上榜企业,金融界
240,2021-09-30,奇安信科技集团股份有限公司 2021年第三季度报告,证券日报
241,2021-09-29,四方战略签约！多伦科技本次合作重点在这两个领域！,凤凰网
242,2021-09-28,迪普科技(300768)：高端网安领航者 发展将提速,新浪
243,2021-09-27,奇安信董事长齐向东：网络安全进入“深水区”,中国经营报
244,2021-09-27,打造全天候“挂图作战”能力 奇安信正式发布全球鹰,北国网
245,2021-09-27,"奇安信现4笔大宗交易 共成交10,685.79万元",新浪
246,2021-09-27,计算机应用：开源软件正在建设数字中国IT底座 关注主流商业发行版公司,新浪
247,2021-09-27,奇安信齐向东：网络安全技术要不断创新,经济日报
248,2021-09-27,奇安信齐向东：治理网络诈骗，必须严格限制企业过度收集个人数据,Bianews
249,2021-09-27,专访奇安信齐向东：网络安全是伴生技术，不会约束数字化发展,贝壳财经
250,2021-09-27,无人车、机器狗……343家中外企业亮相“互联网之光”博览会,新京报
251,2021-09-27,奇安信助力南光集团“跨境云地一体化”入选世界互联网大会案例集,北国网
252,2021-09-27,奇安信齐向东：一中心两体系护航关键信息基础设施,经济观察网
253,2021-09-27,之江实验室携手奇安信共同打造国家级数字化网络安全样板,中国经济网
254,2021-09-27,奇安信“一中心两体系”护航全国第十四届运动会完美收官,砍柴网
255,2021-09-27,奇安信总裁吴云坤：落实数据安全法的三大举措,砍柴网
256,2021-09-27,之江实验室与奇安信集团开启战略合作,新浪
257,2021-09-27,2021年世界互联网大会开幕 共议构建网络空间命运共同体,上证报
258,2021-09-26,之江实验室携手奇安信成立合资公司 助力浙江数字化改革,中国网
259,2021-09-26,之江实验室与奇安信达成战略合作 打造智能制造的浙江样板,和讯
260,2021-09-26,奇安信发布基于鲲鹏BoostKit的移动安全办公解决方案,砍柴网
261,2021-09-25,多地落地智慧交通项目 自动驾驶奇军蘑菇车联,国际在线
262,2021-09-25,云宏与奇安信达成战略合作，携手共创产业数字化信息安全新生态,和讯
263,2021-09-24,"奇安信现2笔大宗交易 共成交5,460.00万元",新浪
264,2021-09-24,奇安信-U今日大宗交易成交70万股，成交价78.0元折价2.63%,Wind
265,2021-09-24,奇安信与云宏信息结成核心战略合作伙伴，共同致力虚拟化安全的创新发展,凤凰网
266,2021-09-24,A股资金流向（9月24日）：资金连续三日大幅出逃资源股,Wind
267,2021-09-24,再赴乌镇之约 奇安信携冬奥网络安全运行指挥系统亮相世界互联网大会,北国网
268,2021-09-23,国资委：中国电子要推动奇安信集团，打造面向全球的世界一流网络安全企业,Wind
269,2021-09-23,国资委：中国电子要推动奇安信集团，打造面向全球的世界一流网络安全企业,e公司
270,2021-09-23,产业大数据：奇安信在2021网络安全服务行业招标采购供应商榜单评分第一,和讯
271,2021-09-22,计算机行业周报：CANALYS发布了中国云计算市场2021年第二季度报告,新浪
272,2021-09-18,奇安信总裁吴云坤：政企机构数据安全治理需要考虑的四个问题,和讯
273,2021-09-17,2021中国最强“先进计算”网安企业！奇安信荣登“2021中国先进计算企业百强榜”,金融界
274,2021-09-17,A股资金流向（9月17日）：消费、资源跷跷板效应显著,Wind
275,2021-09-17,奇安信荣登“北京民营企业百强榜单”,北国网
276,2021-09-17,软件及服务热点速评：车联网安全发展提速 数据安全成为新主题,新浪
277,2021-09-17,GPU的那些事儿：关于GPU的科普,新浪
278,2021-09-16,奇安信-U今日大宗交易成交82万股，成交价73.4元折价9.14%,Wind
279,2021-09-16,重大项目批量落地，自贸区自贸港建设提速,Wind
280,2021-09-14,奇安信董事长：全球每11秒将发生一次勒索攻击，去年数据泄露已超过去15年总和,21世纪经济报道
281,2021-09-14,计算机行业：鸿蒙商业系统用户突破9千万 开源鸿蒙系统将构建数字中国系统底座 金融IT持续受益资本市场改革红利,新浪
282,2021-09-13,Frost & Sullivan发布MSS报告：奇安信市场份额大中华区第一,金融界
283,2021-09-13,计算机行业周报：互联网医疗线上闭环形成 市场资源供给更加丰富,新浪
284,2021-09-13,计算机行业周报：上海发布工业软件专项行动计划 行业再迎政策利好,华安证券
285,2021-09-13,计算机行业周报：AI+IOT大潮潜力可期 看好龙头产业化变现能力,新浪
286,2021-09-10,奇安信：公司直接持有北京威努特技术有限公司25.93%的股权,Wind
287,2021-09-10,奇安信：公司持有新三板挂牌公司深圳市傲天科技股份有限公司10.20%的股权,Wind
288,2021-09-09,数据|科创板主力资金净流出257股 奇安信-U流出率最高,财联社
289,2021-09-09,奇安信与南京信息工程大学达成战略合作,金融界
290,2021-09-09,数字认证成为首家通过根证书认证的CA厂商,Wind
291,2021-09-08,工信部发布车联网身份认证和安全信任试点项目名单,Wind
292,2021-09-07,“元宇宙”概念火爆，游戏股回血，有哪些投资机会可关注？,证券之星
293,2021-09-07,奇安信受邀参加第三届西城区企业上市主题交流活动 获900万元奖励,和讯
294,2021-09-06,2021服贸会：奇安信正式发布数字城市网络安全运营中心,金融界
295,2021-09-06,奇安信董事长齐向东：守好隐私数据保护的生命线,亿邦动力
296,2021-09-06,数字贸易创新发展潜力巨大，服务贸易新引擎动力十足,Wind
297,2021-09-05,奇安信齐向东：网络安全将迎高速发展，关乎个人、企业和国家安全,新京报
298,2021-09-04,奇安信硬核黑科技“工业抽油机仿真沙盘”亮相2021服贸会,砍柴网
299,2021-09-04,奇安信亮相2021服贸会 “一中心两体系”为数字贸易安全经营护航,凤凰网
300,2021-09-04,海内外企业同台竞技，数字贸易成服贸会最强风口,Wind
301,2021-09-03,奇安信四项产品全部入围2021年央采安全软件协议采购项目,金融界
302,2021-09-03,奇安信2021年前三季度净亏损11.5亿元，同比扩大14.85% 亏损,亿欧网
303,2021-09-03,持仓市值骤增，科创板获外资大举加仓,Wind
304,2021-09-02,A股资金流向（9月2日）：新能源风云再起，风电板块抢得“C位”,Wind
305,2021-09-02,抢项目、接需求、增投入，网络与数据安全产业迎高光时刻,Wind
306,2021-09-02,私募大佬最新持股曝光！冯柳、邓晓峰500亿重仓这些票,Wind
307,2021-09-01,数据|科创板主力资金净流出249股 奇安信-U流出率最高,财联社
308,2021-09-01,A股资金流向（9月1日）：天量巨震下资金大幅调仓，周期与消费金融两级反转,Wind
309,2021-09-01,齐向东追忆周鸿祎抛售奇安信股权细节：从分家到分手,凤凰网
310,2021-09-01,私募大佬持仓出炉！冯柳、邓晓峰、葛卫东、裘国根、赵军等心水股有哪些,Wind
311,2021-08-31,《数据安全法》倒计时 奇安信发布业内首个“数据安全能力框架”,ZAKER
312,2021-08-31,新基建加码，重磅大会开幕，5G厂商业绩迎爆发,Wind
313,2021-08-31,联美控股(600167)：“双碳”清洁能源运营商 加码布局新兴赛道,广发证券
314,2021-08-31,奇安信吴云坤：5G安全挑战主要集中于应用场景层面,飞象网
315,2021-08-30,信息服务行业信息点评：关于国资云的观点,新浪
316,2021-08-30,A股资金流向（8月30日）：新能源持续吸金，“盐皇”遭大幅抛售,Wind
317,2021-08-30,计算机行业周报：从工业软件赋能工业母机 看智能制造蕴含的科技投资机遇,华安证券
318,2021-08-30,计算机行业点评：国资云或改变云市场格局 带动产业链建设需求,新浪
319,2021-08-30,奇安信连续两年中标中国移动硬件防火墙集采项目,金融界
320,2021-08-30,民生计算机周报：国资云或带来新一轮IT建设 三大方向有望受益,新浪
321,2021-08-29,上市公司中报披露进入密集期，多位私募大佬最新持股浮出水面,Wind
322,2021-08-28,BCS2021：奇安信系统安全运行服务支撑平台助力政企用户安全运营,北国网
323,2021-08-28,“关基元年”到来，奇安信距离千亿市值还有多远？,砍柴网
324,2021-08-27,奇安信总裁吴云坤：网络安全迎新拐点需转变企业管理模式,证券日报网
325,2021-08-27,网络安全迎发展新拐点 奇安信总裁吴云坤谈四点应对新机遇,经济观察报
326,2021-08-27,工信部人才中心与奇安信集团签署战略合作协议,北国网
327,2021-08-27,“女人茅台”获90家机构调研！3大板块是券商心头好,Wind
328,2021-08-27,奇安信齐向东：DT时代网络安全“一失万无”，责任无界限安全需经营,经济网
329,2021-08-27,私募大佬葛卫东出手！新进这只大牛股，裘国根也加仓,Wind
330,2021-08-26,2020年我国网络安全产业规模超1700亿元,Wind
331,2021-08-26,奇安信发布《全球高级持续性威胁（APT）2021年中报告》,金融界
332,2021-08-26,奇安信BCS 2021重磅发布：全球高级持续性威胁（APT）2021年中报告,北国网
333,2021-08-25,奇安信现2笔大宗交易 合计成交60.00万股,证券时报网
334,2021-08-25,奇安信-U今日大宗交易成交60万股，成交价78.19元折价17.43%,Wind
335,2021-08-25,奇安信齐向东：《关键信息基础设施安全保护条例》实施在即 亟需落实四项举措,上证报
336,2021-08-24,奇安信-U今日大宗交易成交78.60万股，成交价78.75元折价19.42%,Wind
337,2021-08-24,聚焦智博会｜构建工业互联网安全生态 这家网络安全领军企业在渝设立区域总部,上游新闻
338,2021-08-23,奇安信四个项目入围工信部车联网身份认证和安全信任试点项目,TechWeb
339,2021-08-23,机构买入评级大幅扩围，64股看涨逾70%,Wind
340,2021-08-23,民生计算机周报：网安法律体系初步建成 行业景气向上,新浪
341,2021-08-20,晚间重要公告2021年8月20日星期五,Wind
342,2021-08-20,奇安信与广东联通产互达成战略合作,e公司
343,2021-08-20,奇安信：与中科曙光达成全面战略合作,Wind
344,2021-08-20,奇安信与中科曙光达成全面战略合作,凤凰网
345,2021-08-20,赛迪报告：奇安信终端安全市场份额排名第一,中新经纬
346,2021-08-20,业界赛迪发布《2020-2021年中国网络信息安全市场研究年度报告》 奇安信位居榜首,财经网
347,2021-08-20,2020中国安全服务市场份额出炉 奇安信位居榜首,财经网
348,2021-08-20,奇安信：半年亏损超9亿元 逾300亿市值获解禁 亏损,面包财经
349,2021-08-19,“大摩”首席提问网安公司总裁，百家机构挖出千亿级赛道4只低估股？,华夏时报
350,2021-08-19,赛迪报告：2020年奇安信在网络安全整体市场位列第一,金融界
351,2021-08-19,蝉联第一！奇安信在网络安全整体市场和重要细分领域持续领先,ZAKER
352,2021-08-19,A股资金流向（8月19日）：核心赛道股再获追捧，大金融遭抛售,Wind
353,2021-08-18,27股获20家以上机构调研 奇安信最受关注,证券时报网
354,2021-08-18,奇安信董事长齐向东：数据技术时代 安全必须经营,中新网
355,2021-08-17,计算机行业点评：《关键信息基础设施安全保护条例》公布 本土网安厂商将充分受益,新浪
356,2021-08-17,计算机周报：东方通三年高成长性确立 有赞加速转型新零售 奇安信毛利率持续提升,新浪
357,2021-08-17,多家评级机构看好，19年的坚持，致远互联做对了什么？,新浪
358,2021-08-17,奇安信与恒华科技达成战略合作 以安全信创助力碳中和,北国网
359,2021-08-17,73股获券商买入评级 康泰生物目标涨幅达65.65%,Wind
360,2021-08-17,安全赛道风生水起 数据安全、物联网安全等方面未来机会较多,中证报
361,2021-08-17,需求爆发渐行渐近 网络安全赛道“起风了”,中证网
362,2021-08-16,民生计算机周报：从中报发掘边际改善和持续成长,新浪
363,2021-08-16,奇安信上半年亏损9.22亿元 预计未来仍可能持续亏损 预亏,GPLP犀牛财经
364,2021-08-16,计算机行业周报：华为鸿蒙的最新进展和投资全景,新浪
365,2021-08-16,网安新风口 奇安信2021上半年营收达14.56亿元,金融界
366,2021-08-16,奇安信四年半累亏32.53亿盈利遥遥无期 研发驱动下销售费率高达56%应收账款超20亿 亏损,长江商报
367,2021-08-15,下周操盘攻略：锂电牛股解禁600亿、重磅数据将公布,Wind
368,2021-08-15,顶流”出手！私募大佬们最新持仓来了（名单）,Wind
369,2021-08-15,邓晓峰、赵军、葛卫东、冯柳、林园私募大佬最新持仓,Wind
370,2021-08-15,“顶流”出手！邓晓峰、赵军、葛卫东、冯柳、林园…，私募大佬们最新持仓来了（名单）,中国基金报
371,2021-08-14,“网安一哥”奇安信发布中报：高质量发展战略效果显着 新赛道产品发力产品结构不断优化,经济观察报
372,2021-08-14,计算机行业周报：信息安全与服务器的产业链话语权均被明确低估！,新浪
373,2021-08-13,奇安信(688561)公司信息更新报告：人均创收明显提升 新赛道驱动高增长,新浪
374,2021-08-13,奇安信与UCloud优刻得达成战略合作 共建云安全创新生态,北国网
375,2021-08-13,UCloud优刻得与奇安信携手战略合作,砍柴网
376,2021-08-13,广发证券：维持奇安信-U(688561.SH)“买入”评级 目标价120.75元,智通财经
377,2021-08-13,国泰君安：维持奇安信-U(688561.SH)“增持”评级 目标价172.09元,智通财经
378,2021-08-13,奇安信上半年亏损超9亿 网络安全“一哥”的护城河在哪里？ 亏损,中投网
379,2021-08-13,太平洋维持奇安信买入评级：毛利率提升，产品力提升,每日经济新闻
380,2021-08-13,奇安信主营业务收入同比增长45.34% 网络安全市场未来可期,财经网
381,2021-08-13,中泰证券维持奇安信买入评级：新赛道安全产品高成长性，高质量发展战略成果显着,每日经济新闻
382,2021-08-13,奇安信-U(688561)：行业龙头收入持续高增长,新浪
383,2021-08-13,晨会聚焦210813重点关注物联网、培育钻石、轻工、仙鹤股份、中国移动、金龙鱼、奇安信、启明星辰、华测导航,国信研究
384,2021-08-13,开源证券维持奇安信买入评级，近期获9份券商研报关注，目标均价涨幅52.09%,每日经济新闻
385,2021-08-13,奇安信(688561)：业绩增长符合预期 强研发+高质量发展战略助推公司成长,新浪
386,2021-08-13,69股获券商买入评级 奇安信-U目标涨幅达63.74%,Wind
387,2021-08-12,东吴证券维持奇安信买入评级，2021年半年报点评：业绩增长符合预期，强研发+高质量发展战略助推公司成长,每日经济新闻
388,2021-08-12,西南证券维持奇安信买入评级：营收保持高速增长，新赛道产品持续发力,每日经济新闻
389,2021-08-12,奇安信，距离万亿市值还有多远？,搜狐
390,2021-08-12,【华西计算机】奇安信 | 2021H1点评报告：同比+45%超预期，新兴安全加速放量,科技晶选
391,2021-08-12,2021虎符安全训练营圆满结营 16门干货课程云端开讲,北国网
392,2021-08-12,科技+成长！网络安全升温，业绩加速释放,Wind
393,2021-08-12,奇安信-U(688561)：“高质量发展”战略落地效果明显 新赛道产品带领公司营收快速增长,光大证券
394,2021-08-12,奇安信(688561)：营收增长 符合预期 新安全占比持续提升,新浪
395,2021-08-12,国元证券维持奇安信买入评级，2021年半年度报告点评：研发驱动快速增长，毛利率显着改善,每日经济新闻
396,2021-08-12,奇安信-U(688561)2021年中报点评：新赛道产品表现亮眼 高质量发展效果显现,新浪
397,2021-08-12,奇安信今年上半年净亏损9.22亿元，同比扩大33.17% 亏损,资本邦
398,2021-08-12,奇安信-U(688561)：新赛道产品收入高增长 “高质量发展”稳步推进,新浪
399,2021-08-12,半年报解读|持续研发高投入 网络安全“一哥”奇安信继续增收不增利 盈利能力下降,财联社
400,2021-08-12,【民生计算机】奇安信2021H1中报点评：坚定执行高速高质量发展，行业东风渐进,MS计算机
401,2021-08-12,华西证券维持奇安信买入评级：同比+45%超预期，新兴安全加速放量,每日经济新闻
402,2021-08-11,奇安信：2021年上半年研发投入增长40% 净利润亏损扩大 亏损,中证网
403,2021-08-11,受益政策及立法推进 奇安信数据安全产品收入倍增,每日经济新闻
404,2021-08-11,奇安信2021年上半年营收达14.56亿元 研发投入同比增加40.4%,证券日报网
405,2021-08-11,晚间重要公告2021年8月11日星期三,Wind
406,2021-08-11,19点聊电商：5700亿！为靠近阿里？1.7万平方千米土地上的电商移民,亿邦动力
407,2021-08-11,奇安信公布半年报 上半年净利亏损9.2199亿 亏损,新浪
408,2021-08-11,新赛道发力 奇安信上半年营收增长45%至14.56亿元,上证报
409,2021-08-11,奇安信半年报：经营质量稳步提升 新赛道产品收入实现高增长,发布易
410,2021-08-11,奇安信2021年半年报 主营业务同比增长45.34%,和讯
411,2021-08-11,奇安信：上半年营收为14.56亿元，同比增长44.54%,36氪
412,2021-08-11,“网安一哥”奇安信发布2021年中报 主营业务收入大增45.34%,中国网
413,2021-08-11,发力新赛道 营收快速增长 奇安信2021年中报发布,财联社
414,2021-08-11,奇安信2021年半年报发布，营收达14.56亿元,财经网
415,2021-08-11,奇安信(688561.SH)：上半年营业收入14.56亿元 同比增长44.54%,格隆汇
416,2021-08-11,奇安信(688561.SH)拟使用不超过22亿元暂时闲置募集资金进行现金管理,智通财经
417,2021-08-11,奇安信：2021年半年度净利润约-9.22亿元,每日经济新闻
418,2021-08-11,奇安信(688561.SH)拟使用不超过12亿元闲置募集资金暂时补充流动资金,智通财经
419,2021-08-11,奇安信(688561.SH)上半年归母净亏损同比扩大33.17%至9.22亿元 亏损,智通财经
420,2021-08-11,奇安信-U：上半年亏损扩大，净亏损9.22亿元 亏损,Wind
421,2021-08-11,启明星辰跌5% 市值无力对抗同行深信服奇安信,中国经济网
422,2021-08-11,计算机行业周报：用友发布精智工业互联网平台3.0 企业云化面临更多网络安全问题,新浪
423,2021-08-10,营收、毛利率双双上涨，奇安信如何布局未来？,猎云网
424,2021-08-10,计算机应用行业：政策推动 工业软件行业关注度显着提升,新浪
425,2021-08-10,政策密集发布，网络安全行业加速“织就”新图景,Wind
426,2021-08-09,股权转让价格公允性及完税情况 上市审核多家公司遭问询 资产异常,金融界
427,2021-08-09,计算机行业周报：中国云计算市场逆势高增 高通加速布局自动驾驶,新浪
428,2021-08-08,计算机行业周报：工业软件有哪些重要变化,新浪
429,2021-08-06,外资向计算机板块流动，云计算、数据安全的确定性较高,红周刊
430,2021-08-06,整治移动端安全乱象如火如荼，PC端隐私安全又该如何守护？,和讯
431,2021-08-06,不做隐私“透明人” 奇安信安全防护软件上市 用户福音来了！,北国网
432,2021-08-05,奇安信安全防护软件冬奥版上市,中证网
433,2021-08-05,【华西计算机】0805 | Uber发布第二季度财报，营收同比增长105%,科技晶选
434,2021-08-05,打造服务器安全利器 奇安信新版“云锁”即将发布,北国网
435,2021-08-05,越秀金控：奇安信投资项目对公司未构成重大影响,Wind
436,2021-08-04,A股资金流向（8月4日）：赛道股王者归来，大资金高位加仓,Wind
437,2021-08-03,计算机应用行业：云化带来ERP行业产品边界拓宽 工业互联网和国产化存在预期差,新浪
438,2021-08-02,A股资金流向（8月2日）：高切低痕迹明显，资金转战超跌价值股,Wind
439,2021-08-02,计算机周报：领军企业中报表现亮眼 看好高端制造等高景气细分,新浪
440,2021-08-02,计算机周观点：解决“卡脖子”难题 高度重视工业软件产业趋势,新浪
441,2021-07-31,计算机应用行业点评：政策实施在即 互联网企业自发强化数据安全,新浪
442,2021-07-30,西南证券首予奇安信买入评级：新兴网安龙头企业，产品业务布局广泛,每日经济新闻
443,2021-07-30,数据|科创板主力资金净流出191股 奇安信-U流出率最高,财联社
444,2021-07-30,A股资金流向（7月30日）：白酒“信仰崩塌”连遭抛售,Wind
445,2021-07-30,工信部：加强重要数据安全风险评估和出境管理,Wind
446,2021-07-30,奇安信董事长齐向东：打造守护数据安全流动的“九板斧”,中证网
447,2021-07-29,"奇安信现1笔大宗交易 共成交9,512.37万元",新浪
448,2021-07-29,奇安信-U今日大宗交易成交125.16万股，成交价76.0元折价21.24%,Wind
449,2021-07-29,A股资金流向（7月29日）：成长股强势反包，资金汹涌抢筹,Wind
450,2021-07-28,这只股票跌超20%，葛卫东选择清仓，坚定离场,Wind
451,2021-07-27,奇安信与工信部电子一所达成战略合作,Wind
452,2021-07-27,A股资金流向（7月27日）：新能源产业链持续遭抛售，芯片龙头一枝独秀,Wind
453,2021-07-27,奇安信与新疆信息产业有限责任公司达成战略合作,砍柴网
454,2021-07-27,【中原计算机】计算机行业周报：软件行业2年复合增速已经恢复到疫情前水平,中原证券研究所
455,2021-07-26,奇安信荣膺Frost&Sullivan“中国安全编排自动化与响应（SOAR）市场领导奖”,金融界
456,2021-07-26,奇安信SOAR获评沙利文“SOAR市场领导奖”,中新经纬
457,2021-07-26,打造网安产业发展“助推器” 安全创客汇首场明星赛举行,消费日报网
458,2021-07-26,计算机行业周报：21Q2基金持仓统计：行业仍低配 把握景气赛道,华安证券
459,2021-07-26,A股早报2021年7月26日星期一,Wind
460,2021-07-25,【民生计算机|周观点】二季度持仓回顾：集中度提升，聚焦龙头与景气赛道,MS计算机
461,2021-07-25,计算机行业周报：教育政策超预期强势 海康中报振奋人心,新浪
462,2021-07-23,A股共发生99宗大宗交易成交15.49亿元（7月23日）,Wind
463,2021-07-23,"奇安信现1笔大宗交易 共成交9,496.62万元",新浪
464,2021-07-23,A股资金流向（7月23日）：市场情绪低迷，白酒、医药股遭大幅抛售,Wind
465,2021-07-23,科创板开市两周年，10家上市企业与上交所座谈感想与建议,第一财经
466,2021-07-23,奇安信：抓住科创板建设发展机遇,中证网
467,2021-07-22,今日上交所召开科创板上市公司座谈会，10位科创板掌门人都谈了些什么？,21世纪经济报道
468,2021-07-22,奇安信现3笔大宗交易总成交金额1.24亿元,证券时报网
469,2021-07-22,[公司]铜牛信息与奇安信展开全方位战略合作 共拓北京市属国资企业客户网络安全市场,全景网
470,2021-07-22,"奇安信现3笔大宗交易 共成交12,403.00万元",新浪
471,2021-07-22,奇安信-U今日大宗交易成交40万股，成交价95.47元溢价1.34%,Wind
472,2021-07-22,54家公司获海外机构调研,证券时报网
473,2021-07-22,A股资金流向（7月22日）：资金持续减仓白酒、医药等消费龙头,Wind
474,2021-07-22,网络安全“国家队”奇安信：新赛道已成为重要增长极,第一财经
475,2021-07-22,奇安信当选零信任联盟常务理事单位,北国网
476,2021-07-22,零信任联盟第一届理事会第一次会议在京召开,北国网
477,2021-07-22,计算机应用行业点评：安全事件与政策双驱动 千亿隐私安全产业加速,新浪
478,2021-07-22,科创板两周岁：中国“硬科技”初现峥嵘,上证报
479,2021-07-22,奇安信：用创新领跑中国网安行业,中证网
480,2021-07-22,2021中国网络安全年会数据安全分论坛顺利召开,北国网
481,2021-07-21,科创板“2周岁”：超4.7万亿元总市值背后的中国“硬科技”,证券日报网
482,2021-07-21,智慧芽发布科创板科创力排行榜：中芯国际居首，金山办公、奇安信、安恒信息上榜20强,零壹财经
483,2021-07-21,政策牵动网络安全产业双升 海外机构最关注奇安信,TechWeb
484,2021-07-20,铜牛信息(300895.SZ)拟与奇安信共同拓展北京市属国资企业客户网络安全市场,智通财经
485,2021-07-20,铜牛信息：与奇安信签署战略合作协议,财联社
486,2021-07-20,近日海外机构调研股名单曝光奇安信最受关注,第一财经
487,2021-07-20,齐向东出席中国网络安全年会：五大原因导致数据泄露,北国网
488,2021-07-20,齐向东出席中国网络安全年会：九板斧守护数据安全流动,金融界
489,2021-07-19,计算机行业周报：政策要求加大网安投入规模 广联达营收保持快速增长,新浪
490,2021-07-19,计算机应用行业：混合云架构是当下大型企业转云的最佳路径,新浪
491,2021-07-19,计算机行业周报：网络安全八大核心问题聚焦,新浪
492,2021-07-19,民生计算机周报：政策催化+市场扩容 网安景气度提升可期,新浪
493,2021-07-19,千亿解禁洪流来袭：科创板公司成“主力军”动力电池龙头在列 解禁,财联社
494,2021-07-19,千亿解禁周！AI芯片第一股、动力电池龙头都在列 解禁,Wind
495,2021-07-19,陆家嘴财经早餐2021年7月19日星期一,Wind
496,2021-07-19,科创板解禁潮开闸！这三只票解禁市值超200亿，7股流通盘将增超200% 解禁,每日经济新闻
497,2021-07-18,千亿解禁周！AI芯片第一股、动力电池龙头都在列，这些公司规模居前（名单）,证券时报
498,2021-07-18,下周操盘攻略：定价成长，寻找下一只创业板翻倍股,Wind
499,2021-07-18,明天科创板解禁潮开闸！这些股票流通盘将增超2倍 解禁,Wind
500,2021-07-18,明天，科创板解禁潮开闸！这些股票流通盘将增超2倍，部分股票解禁收益率超6倍（附名单） 解禁,中证报
501,2021-07-18,翻倍牛股乌龙事件，控股股东倒亏，知名游资登上榜一大哥宝座！全年解禁股数量最多的单周来了，多只热门概念股在列 控制人变化,证券时报网
502,2021-07-17,下周1549亿市值限售股解禁，环比增加51.33% 解禁,Wind
503,2021-07-17,计算机周观点：等保2.0升级 网安基本面增量测算,新浪
504,2021-07-16,投关案例展播 | 奇安信：通过数字化工具开展主动型、精细化投资者关系管理,华创证券投教基地
505,2021-07-16,大佬们都在买什么？细数A股牛散赵建平重仓科创板、葛卫东钟爱网络安全,证券之星
506,2021-07-15,中国长城(000066)公司点评：业绩预告收入超预期 信创全线领军迎加速点,新浪
507,2021-07-14,奇安信集团副总裁韩永刚：应基于数字化业务流转建立数据安全防护体系,TechWeb
508,2021-07-14,43股获海外机构调研 奇安信最受关注,证券时报网
509,2021-07-14,计算机行业：滴滴事件定性、行动计划定量 网安开启长牛,新浪
510,2021-07-14,A股资金流向（7月14日）：新能源产业链集体退潮,Wind
511,2021-07-13,网络产品安全漏洞管理规定印发，产业链具备千亿成长空间丨牛熊眼,第一财经
512,2021-07-13,网络安全行业重大事项点评：网络安全产业规划扩容、提速 数据安全重视程度提升,新浪
513,2021-07-13,奇安信(688561.SH)：3.83亿股限售股将于7月22日起上市流通,智通财经
514,2021-07-13,A股资金流向（7月13日）：业绩成为市场“试金石”，芯片股“掉队”遭抛售,Wind
515,2021-07-13,京东云发布行业首个混合云操作系统，近30家合作伙伴入驻“云筑计划”,Wind
516,2021-07-13,每日市场热点分析,新浪
517,2021-07-13,计算机应用行业：滴滴出行APP下架 再次印证网络安全与信创逻辑 产品问题,新浪
518,2021-07-13,计算机行业：网络安全再迎政策重视,新浪
519,2021-07-13,京东云发布行业首个混合云操作系统“云舰”,Wind
520,2021-07-13,网络安全概念股开盘走高 任子行等多股涨停,新浪
521,2021-07-13,高频度调研，机构关注网安行业核心竞争力,Wind
522,2021-07-12,网络安全概念1天暴涨9%，最新风口出现！机构推荐这些股,第一财经
523,2021-07-12,计算机行业点评：《行动计划(征求意见稿)》发布 将推动网络安全行业持续高景气发展,新浪
524,2021-07-12,信息技术点评报告：行动计划征求意见稿披露 网安再迎催化,新浪
525,2021-07-12,软件及服务行业二季报前瞻：板块企稳 后市积极,新浪
526,2021-07-12,涨停复盘 | 创业板指创6年新高 网络安全、锂电池携手狂欢,第一财经
527,2021-07-12,铜牛信息(300895.SZ)拟携奇安信两子公司设立控股子公司铜牛奇安,格隆汇
528,2021-07-12,计算机行业周观察：智能制造大势所趋 重视工业软件投资机遇,新浪
529,2021-07-12,重磅文件即将出炉：2023年产业规模或超2500亿元 网络安全板块今天全线爆发,上证报
530,2021-07-12,A股暴动！最新风口强势上线，指数1天涨9%,Wind
531,2021-07-12,市场极度割裂：新能源涨了又涨，16只千亿白马却创年度新低,Wind
532,2021-07-12,重仓金融的哭了，私募：千万不要对炒股的说一路平安,Wind
533,2021-07-12,A股资金流向（7月12日）：新能源产业链内部出现分歧,Wind
534,2021-07-12,科创板收评：网络安全板块集体上扬奇安信涨停,财联社
535,2021-07-12,A股收盘综述：题材股多点开花，市场释放出近一年来最强量能,Wind
536,2021-07-12,网络安全迎政策利好，相关概念股爆发，奇安信等涨停,证券时报网
537,2021-07-12,《科创板日报》12日讯，科创板网络安全板块午后继续走强，奇安信涨停，安恒信息、信安世纪、山石网科等个股均涨超10%。,财联社
538,2021-07-12,只差13个点！创业板指直追上证指数，创6年新高,Wind
539,2021-07-12,网络安全产业规模将超2500亿元，这些标的被主力加速流入（附股）,第一财经
540,2021-07-12,解盘：降准超预期，锂矿、网络安全、稀土、动力电池领涨,Wind
541,2021-07-12,网络安全审查趋紧 多家网络安全股大涨 奇安信涨幅超11%,金融界
542,2021-07-12,A股异动 | 铜牛信息涨近7% 拟携奇安信两子公司设立控股子公司铜牛奇安,格隆汇
543,2021-07-12,网络安全板块全线拉升奇安信-U(688561.SH)涨超9%,格隆汇
544,2021-07-12,网络安全的风口再起,搜狐
545,2021-07-12,【行情】A股网络安全概念股大幅拉升，任子行直线封涨停，兆日科技、安恒信息、奇安信、深信服等跟随走强，消息面上，网信办要求掌握超过100万用户个人信息运营者赴国外上市需审查,金十数据
546,2021-07-09,A股资金流向（7月9日）：锂电上游材料龙头获资金重金押注,Wind
547,2021-07-09,《数据安全法》催生千亿风口 奇安信发布数据安全体系建设路径图,和讯
548,2021-07-08,资源占用降低50% 奇安信安全防护软件冬奥版率先适配Windows11,今日头条
549,2021-07-08,科创板平均股价48.30元，20股股价超300元,证券时报网
550,2021-07-08,【行情】网络安全板块拉升，东方通涨超17%，信安世纪、奇安信、雄帝科技跟涨,金十数据
551,2021-07-07,场外首批双创50重磅来袭，能不能投？重磅大咖为你支招！,资本邦
552,2021-07-07,第九届中国（西部）电子信息博览会出新 四大新增领域亮点十足,电子产品世界
553,2021-07-07,信息服务行业：数据安全强监管在路上 重视网络安全的投资机会,新浪
554,2021-07-07,周三证券 | 网络安全 千亿市场空间待挖掘,金融投资报
555,2021-07-06,助力“科技冬奥”云上威胁感知，奇安信正式发布云天眼,北国网
556,2021-07-06,奇安信(688561.SH)：政策叠加利好，网安一哥有望开启新行情,格隆汇
557,2021-07-06,计算机行业点评：重申看好“泛安全” 迎接事件和Q3业绩双催化,新浪
558,2021-07-05,计算机行业动态报告：华为鸿蒙升级进程大幅提升 群核科技、龙芯中科发布IPO招股书,新浪
559,2021-07-05,计算机行业周报：研发设计类软件企业陆续上市 产业链价值巨大阳,华安证券
560,2021-07-05,【东吴计算机周报】：信创网安行业中报前瞻,吴声计事
561,2021-07-05,3家网络平台被查，暂停新用户注册！A股网安板块拉升,Wind
562,2021-07-05,网络安全审查风暴升级 网络安全板块集体大涨,新浪
563,2021-07-05,滴滴等一众公司被网络安全审查 奇安信等网络安全股应声大涨,和讯
564,2021-07-05,双重利好助推 奇安信-U(688561.SH)跳涨超11%,格隆汇
565,2021-07-05,网络安全板块大涨，网信办重拳出击，行业景气度或将提升,第一财经
566,2021-07-05,计算机行业点评：“滴滴出行”被接连要求整改 国内关键基础设施和个人信息保护趋严,新浪
567,2021-07-05,深度*行业*计算机行业点评：上市与下架 滴滴事件是不是网络安全问题？,新浪
568,2021-07-04,【民生计算机|周观点】行业中报前瞻：看好高景气细分，领军企业有望实现高增,MS计算机
569,2021-07-02,A股资金流向（7月2日）：小金属板块获资金入驻，权重股多被抛售,Wind
570,2021-07-02,险资二季度调研，上市公司数量同比增长近三成,Wind
571,2021-07-01,网红股被险资扎堆调研，17只个股二季度股价翻倍,Wind
572,2021-07-01,奇安信-U(688561)：卡位新安全 展现快成长,广发证券
573,2021-07-01,A股资金流向（7月1日）：银行、地产获资金回流,Wind
574,2021-06-29,中兴通讯联合信通院、三大运营商、奇安信发布《2030+网络内生安全愿景白皮书》,C114通信网
575,2021-06-28,庆祝建党100周年 筑牢网络安全防线——北京市保障房中心、奇安信集团主题党日联建,北国网
576,2021-06-28,奇安信终端安全两项方案入选工信部“2020年信息技术应用创新解决方案”,TechWeb
577,2021-06-28,计算机行业周报：板块仍在向上周期 多板块机会梳理,新浪
578,2021-06-28,西部证券：奇安信（688561.SH）市占率稳居行业第一，格局成就网安龙头，维持“买入”评级,智通财经
579,2021-06-28,西部证券维持奇安信买入评级，跟踪报告：市占率稳居行业第一，格局成就网安龙头,每日经济新闻
580,2021-06-28,56家科创板公司“剧透”半年报业绩，有人厚积有人薄发,Wind
581,2021-06-25,渤海证券给予奇安信买入评级：技术销售并重，网安行业优势凸显,每日经济新闻
582,2021-06-25,双创50ETF火爆开售 奇安信等成分股应声大涨,金融界
583,2021-06-25,网安成风口中的风口行业 领军者奇安信解码网络安全,凤凰网
584,2021-06-25,奇安信中国网安产业竞争力50强榜首 将迎更大发展机遇,凤凰网
585,2021-06-25,奇安信：全线移动办公安全解决产品已完成与鸿蒙OS兼容性测试工作,e公司
586,2021-06-25,金融数字化转型需求猛增，信创类上市公司各展神通谋扩张,Wind
587,2021-06-24,奇安信-U(688561)：网安新龙头：量质齐升 提效降费,新浪
588,2021-06-23,奇安信：网安龙头年报首秀，“高质量发展”战略初见成效,凤凰网
589,2021-06-23,奇安信：崛起的网络安全龙头企业,凤凰网
590,2021-06-23,机遇留给有准备者：网络安全业务领军者奇安信成长历程,凤凰网
591,2021-06-23,全面适配鸿蒙OS 奇安信移动办公安全产品和解决方案护航政企客户,北国网
592,2021-06-23,从漏洞挖掘到隐私保护 奇安信盘古实验室全方位守护鸿蒙生态安全,和讯
593,2021-06-22,计算机行业周报：互联网医疗服务深入人心 “京东618”相关订单实现高速增长,新浪
594,2021-06-22,信息服务行业跟踪报告：数据安全法 网安行业又一里程碑,新浪
595,2021-06-22,财信证券计算机行业2021年5月月度报告：板块估值修复，关注科技行业核心价值,财信证券研究
596,2021-06-21,网络安全产业50强榜单发布，奇安信、华为、腾讯等行业领军企业上榜,金融界
597,2021-06-21,奇安信零信任远程访问解决方案获2021网信自主创新优秀解决方案龙门奖,北国网
598,2021-06-20,【民生计算机|周观点】医保建设有望从法律层面强化，行业景气度提升可期,MS计算机
599,2021-06-18,奇安信登上“2021年中国网安产业竞争力50强”榜首,上证报
600,2021-06-18,奇安信获信息通信行业四领域企业信用等级评价最高评级（AAA级）认定,北国网
601,2021-06-17,全国社会保障基金理事会调研奇安信,财联社
602,2021-06-17,“网安之光”2021网络安全产业发展论坛召开,光明网
603,2021-06-17,【民生证券研究院】晨会纪要20210617,MS研究
604,2021-06-16,奇安信可信浏览器率先在Chromium 90内核全平台支持Flash,IT168
605,2021-06-16,计算机行业周报：SAAS市值持续增长 互联网医疗的关键在于运营,新浪
606,2021-06-16,计算机行业周报：数据安全法审议通过 关注网络安全,国海证券
607,2021-06-15,哈工大(深圳)-奇安信数据安全研究院执行院长刘川意教授解读《数据安全法》,和讯
608,2021-06-15,计算机行业周报：《数据安全法》正式发布 输入法APP强化监管,华安证券
609,2021-06-15,31股获券商买入评级，奇安信-U目标涨幅达88.65%,Wind
610,2021-06-11,奇安信捐资设立的“孙优贤人才教育基金”首次颁奖,北国网
611,2021-06-11,计算机应用行业点评：哪些网安公司将受益于《数据安全法》？,新浪
612,2021-06-11,计算机行业：《数据安全法》表决通过 网络安全景气度有望上行,新浪
613,2021-06-11,【机会挖掘】华为云全球技术峰会即将召开 关注生态合作伙伴,证券时报网
614,2021-06-10,行业观察|两大重磅法规即将施行 数据安全技术迎革新 渗透率或向发达国家看齐,财联社
615,2021-06-10,三六零午后涨停，主力净流入近5亿元,Wind
616,2021-06-10,开源证券--计算机周观点：医疗IT再迎政策利好【行业研究】,金融界股吧
617,2021-06-09,2021安全创客汇专家评审会召开 挖掘安全行业“千里马”,金融界
618,2021-06-08,计算机应用行业：盘点低代码开发平台的投资机会,新浪
619,2021-06-08,六大券商周三看好的六大板块,证券之星
620,2021-06-08,计算机行业周报：工业互联网标识注册量超200亿 已经从概念期走入“快速落地期”,新浪
621,2021-06-07,计算机行业：鸿蒙2.0正式发布公测体验良好 美股云计算SAAS增长超预期,新浪
622,2021-06-07,计算机行业周报：鸿蒙操作系统发布 华为全面拥抱软件、生态和AIOT,华安证券
623,2021-06-07,计算机行业周报：DCEP产业链市场空间测算及展望,新浪
624,2021-06-06,【民生计算机|周观点】鸿蒙出世，软件国产化进程进一步加速,MS计算机
625,2021-06-06,计算机2021中期策略行业策略：产业升级加速 智能化元年,新浪
626,2021-06-04,治理软件供应链安全要打“团体赛” 共同建立供应链安全体系,北国网
627,2021-06-04,计算机行业周报：零售业线上线下融合将持续加速 数据安全技术仍处于研究阶段,新浪
628,2021-06-04,【中原计算机】行业专题研究：2021年网络安全行业人员成本压力分析,中原证券研究所
629,2021-06-03,软件和信息技术服务业1年25公司登陆科创板 7家符合巴菲特选股标准,IPO日报
630,2021-06-03,《2021中国软件供应链安全分析报告》：供应链安全是一个长期持续的系统工程,北国网
631,2021-06-03,“高龄”源代码或成定时炸弹？15年前开源漏洞仍存在于多个软件 经营问题,新浪
632,2021-06-03,中国软件供应链安全报告出炉 超8成项目存在高危开源漏洞 经营问题,科创板日报
633,2021-06-02,奇安信报告称软件供应链安全形势严峻,中证网
634,2021-06-02,奇安信发布《2021中国软件供应链安全分析报告》,金融界
635,2021-06-01,奇安信创新推出“数据交易沙箱” 助推数据生产要素化快速发展,中国经济网
636,2021-05-31,奇安信工业安全态势感知与管理平台荣获2020-2021年度工业数字化优秀产品奖,北国网
637,2021-05-31,计算机行业周报：鸿蒙再次催化信创 继续看好讯飞、卫宁等公司的进化,新浪
638,2021-05-31,计算机周报：政策关注核心技术 鸿蒙开启生态建设与国产化新篇章,新浪
639,2021-05-29,计算机：信创有什么变化,新浪
640,2021-05-28,沸点资本于光东：未来企业服务独角兽的 4 个特征,ZAKER
641,2021-05-28,奇安信集团总裁吴云坤入选国家杰出工程师专家委员会,TechWeb
642,2021-05-27,2021数博会：主动构建“数据交易沙箱” 破解隐私保护与数据价值流通对立难题,北国网
643,2021-05-27,聚焦2021数博会:奇安信分布式关联分析引擎Sabre获评领先科技成果奖,北国网
644,2021-05-27,紧贴实战持续创新 奇安信助力贵州省大数据安全产业高速发展,北国网
645,2021-05-26,齐向东：工业互联网将成为勒索攻击的头号目标,财经网
646,2021-05-26,齐向东出席贵阳数博会 安全体系是“勒索流行病”的疫苗,北国网
647,2021-05-25,开源证券--计算机周观点：关注第三代社保卡产业链投资机会【行业研究】,金融界股吧
648,2021-05-25,奇安信携多项安全解决方案亮相2021贵阳数博会,北国网
649,2021-05-24,5月24日晚间重要行业研究汇总(附股),中金在线
650,2021-05-24,计算机应用行业：华为与飞腾齐飞 鲲鹏共PKS一色,新浪
651,2021-05-24,板块韧性强+行业需求稳定，网络安全概念拉升,第一财经
652,2021-05-24,民生计算机周报：鸿蒙改变汽车OS格局 生态升级下看好领军企业受益,新浪
653,2021-05-20,计算机行业周报：3月底部重推的云计算基本面近况如何,新浪
654,2021-05-20,奇安信与湖南省人民政府达成战略合作 助力现代化新湖南建设,财经网
655,2021-05-19,奇安信成为光合组织首个“卓越级伙伴”，双方达成全面战略合作,和讯
656,2021-05-18,奇安信与广州市委网信办达成战略合作,e公司
657,2021-05-18,海通AI产业链研究(13)：汽车数据管理明确方向 产业影响深远,新浪
658,2021-05-17,IDC发布《中国零信任市场研究》报告，奇安信服务案例入选,中新经纬
659,2021-05-17,计算机行业周观点：底部寻找高景气赛道 关注云计算板块,新浪
660,2021-05-13,奇安信发布国内首张安全运行构想图发布 系统安全生态亟需产业共建,TechWeb
661,2021-05-13,一文解读：被国家卫健委表扬的医改标杆是如何做终端安全的？,和讯
662,2021-05-12,计算机行业-网络安全行业Q1季报总结：收入均实现高增 长期发展向好,新浪
663,2021-05-12,计算机年报及一季报总结：业绩逐步修复 相关主线景气度有望延续,新浪
664,2021-05-11,奇安信-U(688561)一季报：毛利增速亮眼 营收质量大幅提升,新浪
665,2021-05-11,行业第一！IDC报告：奇安信安全咨询和托管安全服务双增长,金融界
666,2021-05-11,IDC报告：奇安信安全咨询服务增至7.2%，国内市场份额居首,金融界
667,2021-05-11,"计算机20Y/21Q1综述及策略：数字经济为国计,坐等行情纠偏(中银杨思睿团队)",一计之长
668,2021-05-10,科创板信息技术与软件服务企业Q1：金山办公进红利收获区 网安行业盈利欠佳,财联社
669,2021-05-10,计算机周观点：工业互联网持续受重视 抓住产业趋势,新浪
670,2021-05-10,计算机行业周报-2020年报&2021年一季报总结：业绩逐步修复 强者恒强趋势凸显,国海证券
671,2021-05-10,机构最新潜在目标曝光，海康威视获500家机构调研,Wind
672,2021-05-09,【东吴计算机周报】：计算机行业2020年报和2021一季报总结,吴声计事
673,2021-05-07,5月7日晚间重要行业研究汇总(附股),中金在线
674,2021-05-07,计算机行业深度报告：板块已回归正常增长轨道,新浪
675,2021-05-07,联美控股(600167)：供热面积稳增长 分红比例大提升,新浪
676,2021-05-06,信达证券维持奇安信买入评级，奇安信一季报：毛利增速亮眼，营收质量大幅提升,每日经济新闻
677,2021-05-06,5月6日晚间重要行业研究汇总(附股),中金在线
678,2021-05-06,第五届“蓝帽杯”首都网络安全日开赛 校企携手三方合作培养“未来网警”,北国网
679,2021-05-06,太平洋给予奇安信买入评级：业绩符合预期，多项产品排名靠前,每日经济新闻
680,2021-05-06,481股获券商买入评级 宇信科技目标涨幅达145.25%,Wind
681,2021-05-06,科创板交出“硬核答卷”，盈利质量稳步提升,Wind
682,2021-05-03,奇安信(688561)2021年一季报点评：业绩符合预期 经营质量持续提升,新浪
683,2021-05-01,联美控股(600167)：三年承诺分红高股息回报 非经常项目拖累一季报,新浪
684,2021-04-30,国元证券维持奇安信买入评级：推出安全防护软件，切入 C 端安全市场,每日经济新闻
685,2021-04-30,奇安信(688561)：营收质量持续提升 新兴安全空间大,新浪
686,2021-04-30,西部证券给予奇安信买入评级，事件点评，近期获19份券商研报关注，目标均价涨幅52.36%,每日经济新闻
687,2021-04-30,西部证券给予奇安信买入评级，2021年一季报点评：一季度业绩亮眼，经营质量稳步提升,每日经济新闻
688,2021-04-30,中国银河维持奇安信推荐评级，业绩符合预期，服务业务高增长,每日经济新闻
689,2021-04-30,"中泰证券给予奇安信买入评级：收入高增,毛利率提升，“高质量发展”战略成果显着",每日经济新闻
690,2021-04-30,奇安信董事长齐向东：网络供应链安全存风险,中新网
691,2021-04-30,405股获券商买入评级，桐昆股份目标涨幅达107.17%,Wind
692,2021-04-29,[华西计算机] 奇安信|一季报点评：营收翻倍，结构优化提振毛利率,科技晶选
693,2021-04-29,【华创计算机王文龙团队】点评|奇安信：毛利率创18年以来新高，竞争力再获国际认可,蚊子搞科研
694,2021-04-29,奇安信营收倍增、毛利率提升 多家券商给予推荐或买入评级,第一财经
695,2021-04-29,奇安信Q1毛利率大幅提升 多家券商表示龙头优势不断扩大,金融界
696,2021-04-29,奇安信(688561)：毛利率显着改善 经营质量持续提升,新浪
697,2021-04-29,奇安信安全防护软件冬奥版发布 面向个人用户开放,和讯
698,2021-04-29,C5类中国唯一！奇安信天眼参与申报项目荣获WSIS“冠军项目”,北国网
699,2021-04-29,东吴计算机点评【奇安信：2021年一季报点评：业绩符合市场预期，毛利率持续提升凸显战略执行力】,吴声计事
700,2021-04-28,亏损！奇安信：2021年第一季度净利润约-5.37亿元 亏损,每日经济新闻
701,2021-04-28,布局“新赛道产品”进行大量投入 奇安信一季度亏损超5亿 亏损,资本邦
702,2021-04-28,奇安信一季报：营业收入同比大增一倍 毛利率实现逆势提升,发布易
703,2021-04-28,奇安信(688561.SH)一季度归母净亏损同比收窄至5.37亿元 亏损,智通财经
704,2021-04-28,奇安信2021年Q1毛利同比增长超过126%,金融界
705,2021-04-28,奇安信-U：一季度亏损缩窄，净亏损5.37亿元 亏损,Wind
706,2021-04-28,73家公司获海外机构调研,证券时报网
707,2021-04-27,爱美客遭明星基金“做减法”，葛卫东退出前十大股东,第一财经
708,2021-04-27,奇安信集团与中国电子云达成战略合作 为中国电子云全栈安全再添助力,砍柴网
709,2021-04-27,助力智慧广电建设 福建广电网络集团与奇安信达成战略合作,北国网
710,2021-04-27,蘑菇车联携手奇安信、中电车联打造自动驾驶安全闭环获工信部授牌,盖世汽车
711,2021-04-27,奇安信、中电车联携手蘑菇车联 共建智慧交通安全体系联合实验室,北国网
712,2021-04-27,国际权威咨询机构最新报告：奇安信零信任位列“GROWTH STAGE”榜单,金融界
713,2021-04-27,数字中国建设峰会召开 开采“数据富矿” 守好数据安全底线,中证网
714,2021-04-26,开采“数据富矿”需守住三道“安全红线”,经济日报
715,2021-04-26,东吴证券--计算机应用行业：实体清单到底是什么？【行业研究】,金融界股吧
716,2021-04-26,用体系解决供应链安全 将工业互联网被攻击的概率降低到万分之一,砍柴网
717,2021-04-26,奇安信总裁吴云坤谈数据安全：应建立数据治理体系,中国经济网
718,2021-04-26,齐向东：供应链安全是工业互联网躲不开的挑战,北国网
719,2021-04-26,齐向东出席数字中国峰会：要直面工业互联网的安全挑战,财经网
720,2021-04-25,推动“根技术”发展 华为拼多多等建言中国数字经济,第一财经
721,2021-04-23,数说安全APT检测报告：奇安信天眼获评“7A”全优,北国网
722,2021-04-23,“新时代，新‘基’遇，新挑战”——第八届智慧城市建设高峰论坛成功召开,砍柴网
723,2021-04-22,网络安全人才需求升温 求职者期望平均月薪达14013元,中新网
724,2021-04-20,机构调研大幅升温，三大板块看多逻辑不变,Wind
725,2021-04-20,【机会挖掘】央行推进金融信息基础设施建设 金融IT行业持续高景气度,同壁财经
726,2021-04-19,4月19日晚间重要行业研究汇总(附股),中金在线
727,2021-04-16,奇安信2020年营收41亿 “高质量发展”战略初见成效 新赛道全面增长,财经网
728,2021-04-16,华泰证券：奇安信（688561.SH） 网络安全龙头，上调至“买入”评级,智通财经
729,2021-04-16,126股获券商买入评级 鄂尔多斯目标涨幅达140.55%,Wind
730,2021-04-15,“安防巨头”奇安信收入增速放缓，市值回撤超300亿 盈利能力下降,云掌财经
731,2021-04-15,奇安信2020年毛利率增至60% 人均创收增长17%,中国网
732,2021-04-15,奇安信2020年报：基本盘、新赛道全面增长 研发与成长共振,金融界
733,2021-04-15,奇安信：新赛道产品引领高增长 多家投资机构看好未来成长性,金融界
734,2021-04-15,奇安信：2020年实现营业收入41.61亿元 同比增长31.93%,中证网
735,2021-04-15,奇安信年报：营收规模创国内网安行业新高 新赛道产品收入同比增逾六成,发布易
736,2021-04-15,财信证券--计算机行业月度报告：个股分化情况改善，重视业绩兑现情况【行业研究】,金融界股吧
737,2021-04-15,【民生计算机】奇安信2020年报点评：“新安全”引领高成长，经营质量显着提升,MS计算机
738,2021-04-15,奇安信去年营收增逾三成 “高质量发展”潜力日显,上证报
739,2021-04-14,奇安信2020年营收增长31.93% 创国内网安行业新高,证券日报网
740,2021-04-14,“网安一哥”奇安信去年营收增三成 毛利率提升至59.57%,e公司
741,2021-04-14,奇安信：2020年营收41.61亿元，同比增长31.93%,36氪
742,2021-04-14,奇安信(688561.SH)年度归母净亏损同比收窄32.44%至3.34亿元 亏损,智通财经
743,2021-04-14,奇安信2020年归属净利润亏损约3.34亿元 亏损,北京商报
744,2021-04-14,奇安信-U：2020年亏损缩窄，净亏损3.34亿元 亏损,Wind
745,2021-04-14,4月14日晚间重要行业研究汇总(附股),中金在线
746,2021-04-14,安恒信息首次覆盖报告：云安全龙头厂商，充分受益行业高景气,东北计算机组
747,2021-04-13,-头豹研究院2021年奇安信与启明星辰商业模式竞争力探析【行业研究】,金融界股吧
748,2021-04-12,中国互联网协会副秘书长宋茂恩一行赴奇安信调研,互联网协会
749,2021-04-12,奇安信零信任安全项目获我国智能科学技术最高奖,北国网
750,2021-04-12,漏洞无法避免，快速响应才是硬核能力,中国网
751,2021-04-12,计算机行业周报：汽车雷达迎77GHZ技术升级 促智能驾驶上游产业链变革,华安证券
752,2021-04-12,新时代证券--计算机行业投资周报：CITE2021隆重开幕，智能网联汽车时代加速到来【行业研究】,金融界股吧
753,2021-04-11,【民生计算机|周观点】软件定义汽车下车企巨头齐发力，看好领军企业前景,MS计算机
754,2021-04-10,计算机行业研究周报：中美脱钩进一步加速 持续看好国产化主线,新浪
755,2021-04-10,中国网络安全行业系列报告：2021年奇安信与启明星辰商业模式竞争力探析,新浪
756,2021-04-09,奇安信集团与工信部电子五所达成战略合作,e公司
757,2021-04-09,计算机行业2021Q1业绩前瞻：医疗IT、汽车IT、信息安全等多域低基数高景气,新浪
758,2021-04-08,网络安全行业深度报告：拐点之时，格局之变,新浪
759,2021-04-08,景气回升，寻找计算机行业预期差,Wind
760,2021-04-08,产学研深度融合典范！清华大学-奇安信联合研究中心硕果累累,中国网
761,2021-04-07,投行格局生变？海通赶超中信夺冠，一季度落袋6.4亿,Wind
762,2021-04-06,计算机行业周报：关注央行数字货币投资机会,国海证券
763,2021-04-06,“三中一华”业绩PK：建投净利再超中金，中信稳坐券业一哥,第一财经
764,2021-04-06,计算机行业投资周报：深圳拟出台智能网联汽车管理条例 智能驾驶落地有望加速,新浪
765,2021-04-06,开源证券--计算机行业周报：国产CAD逐步突破中高端制造业市场【行业研究】,金融界股吧
766,2021-04-06,计算机行业周报：华为云崛起、小米百亿造车 产业链受到撼动,新浪
767,2021-04-06,民生计算机周报：数字货币试点扩大 全面落地预期提升利好银行IT,新浪
768,2021-04-05,【民生计算机|周观点】回顾2020年Saas板块：加速转型，成果靓丽,MS计算机
769,2021-04-01,中芯国际明起“摘U” 仕佳光子等候场,北京商报网
770,2021-04-01,奇安信吴云坤：网络安全体系建设将成为数字化改革的底板工程,北国网
771,2021-03-31,走进国企丨投早、投创新、投团队……“国投系”这么选投资,第一财经
772,2021-03-31,安信证券：“信创+网安”构成的“大安全”将是计算机板块业绩高增与持续性最为确定的主线之一,证券时报网
773,2021-03-31,【计算机-吕伟】计算机行业：信创进入业绩兑现期再获验证,安信证券研究
774,2021-03-30,安信证券--计算机行业动态分析：计算机板块一季报前瞻【行业研究】,金融界股吧
775,2021-03-29,计算机行业动态报告：2021Q1计算机板块业绩前瞻-云计算、AI板块预计业绩较佳 看好建筑信息化投资机会,新浪
776,2021-03-29,计算机行业周报：去中心化电商快速发展 关注电商SAAS,国海证券
777,2021-03-29,行业周报：计算机行业一季报前瞻：景气持续上行 网安与AI闪耀,新浪
778,2021-03-29,计算机行业周报：“碳中和”对IDC产业链影响几何,新浪
779,2021-03-29,计算机行业：1-2月软件业增速可观 年报季白马股或迎股价拐点,新浪
780,2021-03-29,计算机行业周报：继续看好信息安全板块,新浪
781,2021-03-29,民生计算机周报：数字货币试点扩大 全面落地预期提升利好银行IT,新浪
782,2021-03-28,计算机行业研究周报：数字人民币近况全梳理(重申推荐核心白马网安),新浪
783,2021-03-26,安全牛发布《中国网络安全行业全景图》 奇安信蝉联“入选最多企业”,金融界
784,2021-03-26,奇安信：清华大学-奇安信联合研究中心取得多项研究成果 将持续推进产学研深度融合,发布易
785,2021-03-26,清华大学-奇安信联合研究中心硕果累累,中新网
786,2021-03-25,天融信获超百家机构调研 实控人已经离场？ 控制人变化,搜狐
787,2021-03-25,打造中国核心科技沃土，回顾科创板2020年,云掌财经
788,2021-03-25,赛迪报告：威胁检测与响应市场增长率达51.9% 奇安信天眼市场份额第一,财经网
789,2021-03-25,赛迪报告：2022年威胁检测与响应市场规模将达到49.6亿元,金融界
790,2021-03-23,信息服务行业信息点评：国内公有云持续高增长 看好云产业链,新浪
791,2021-03-23,聚焦IPO | IPO前夕引入27名股东抬升估值，对赌之下亚信安全恐为“背水一战”,红周刊
792,2021-03-23,威努特完成3亿元D轮融资，覆盖千城冲刺科创板,投资家
793,2021-03-23,计算机行业周报：网安保持高速发展态势 REITS为网安预算提供保障,新浪
794,2021-03-23,四部门明确APP收集个人信息范围，网络安全概念逆市走强丨牛熊眼,第一财经
795,2021-03-22,计算机行业周观点：智慧医院管理评级出台 医疗IT建设迎百亿增量,新浪
796,2021-03-22,奇安信八大研发平台全新升级 超七成产品研发时间缩短至数周,TechWeb
797,2021-03-22,奇安信子公司入股一信息工程公司，后者增资96.08%,企查查
798,2021-03-22,奇安信董事长齐向东：网安风口正劲，头部企业10年或将实现20倍增长,财经网
799,2021-03-21,奇安信上市后首次年会 齐向东: 高质量发展初见成效,北国网
800,2021-03-19,中国工控安全“国家队”威努特获两大央企3亿元D轮融资，明年冲刺科创板,猎云网
801,2021-03-19,奇安信与通辽市政府达成战略合作,TechWeb
802,2021-03-18,计算机行业周报：行业景气度向上 网安、云计算板块迎估值修复,新浪
803,2021-03-17,遭315点名的360发力政企安全业务 前景几何？ 经营问题,财经网
804,2021-03-17,三六零收监管工作函：上交所就相关媒体报道事项明确监管要求 问询,Wind
805,2021-03-16,周鸿祎的十年：互联网主业蹉跎 金融版图悄然壮大,搜狐
806,2021-03-16,360、奇安信、腾讯、华为们“拥堵”在智能汽车安全的风口,云掌财经
807,2021-03-16,科创50样本股调整，寒武纪、君实生物等被纳入，影响几何？,Wind
808,2021-03-15,国投党组书记、董事长白涛调研奇安信、二十一世纪空间等基金投资企业,新浪
809,2021-03-15,《云计算半月刊》第七十二期（2021.3.15）,计算机司令部
810,2021-03-15,计算机行业研究周报：预计极端情况核心白马大概率下行空间约10-15%(附重申看好网安与信创),新浪
811,2021-03-15,计算机行业周报：重点推荐人工智能板块 AI 教育场景落地燎原之势 旷视IPO 获受理 百度二次上市重点投资AI,新浪
812,2021-03-15,科创50成份股年内首调仓，这次会带来什么？,Wind
813,2021-03-15,【民生计算机|周观点】板块估值处历史低位，关注成长性与数字化转型,MS计算机
814,2021-03-14,【民生计算机】网络安全行业动态报告：三利好共振，看好网安板块高成长性与估值修复,MS计算机
815,2021-03-14,国投董事长、党组书记白涛一行调研奇安信,金融界
816,2021-03-14,下周操盘攻略：理性看待牛市回撤，控制预期,Wind
817,2021-03-12,科技及智能设备产业链日报：大盘收小阳 工业和电信服务表现尚可,新浪
818,2021-03-11,财信证券：科技股抱团告一段落，重视长期基本面发展,第一财经
819,2021-03-11,科技及智能设备产业链日报：半导体产品与半导体设备板块出现回暖,新浪
820,2021-03-11,财信证券--计算机行业月度报告：抱团告一段落，重视长期基本面发展【行业研究】,金融界股吧
821,2021-03-10,奇安信(688561)：积极构建网安生态圈 行业拐点出现龙头率先受益,新浪
822,2021-03-09,奇安信子公司参股成立科技新公司，经营范围含健康科技开发等,企查查
823,2021-03-09,计算机行业周报：智能汽车网络安全备受瞩目 5G下游应用领域迎来政策利好,新浪
824,2021-03-09,国泰君安晨报,新浪
825,2021-03-09,华西证券--计算机行业周观点：两会前瞻，计算机有哪些亮点【行业研究】,金融界股吧
826,2021-03-09,国海证券--计算机行业周报：关注底部中小市值公司机会【行业研究】,金融界股吧
827,2021-03-09,晨报0309 | 计算机行业专题、建设机械（600984）、中国宏桥（1378）,国泰君安证券研究
828,2021-03-08,计算机行业周报：网络安全：景气度提升 估值有望持续修复,新浪
829,2021-03-08,计算机行业：关注有板块效应的中小市值标的,新浪
830,2021-03-08,安信证券--计算机行业动态分析：十年磨一剑，两会聚焦核心技术自主可控【行业研究】,金融界股吧
831,2021-03-07,【兴证计算机】周观点：两会提振板块关注度，围绕“两高”进行配置,兴业计算机团队
832,2021-03-07,【民生计算机|周观点】从政府工作报告中看数字化转型重点方向,MS计算机
833,2021-03-06,计算机周报：十年磨一剑 两会聚焦核心技术自主可控,新浪
834,2021-03-06,计算机行业研究周报：前瞻推荐后网安后续空间如何看？(附：近期行业信创重大变化),新浪
835,2021-03-05,自主研发！阿里云布局工业互联网等场景,重庆商报
836,2021-03-05,奇安信遇上阿里云，摘“U”脚步能否加快？,资本邦
837,2021-03-04,美股开盘涨跌不一，市场聚焦美联储主席鲍威尔讲话,Wind
838,2021-03-04,美股盘前：美股期指走低，百度获得香港二次上市批准,Wind
839,2021-03-04,阿里云与奇安信宣布达成战略合作,Wind
840,2021-03-04,阿里云与奇安信达成战略合作,财经网
841,2021-03-04,西部证券维持奇安信买入评级，2020年度业绩快报点评：高质量发展第一年，新赛道产品竞争力凸显,每日经济新闻
842,2021-03-03,新时代证券--计算机行业周报：网络安全，马太效应明显，增长动力充足【行业研究】,金融界股吧
843,2021-03-03,网络安全行业2020年业绩总结：高景气依旧 看好2021 关注云安全等新赛道产品的竞争力,新浪
844,2021-03-03,奇安信-U(688561)：实施“高质量发展”战略 亏损幅度收窄 亏损,新浪
845,2021-03-03,华西证券--网络安全行业深度报告：拐点之时，格局之变【行业研究】,金融界股吧
846,2021-03-03,开源证券--计算机行业周报：2021年，高度重视网络安全板块【行业研究】,金融界股吧
847,2021-03-02,太平洋维持奇安信买入评级：实施“高质量发展”战略，亏损幅度收窄,每日经济新闻
848,2021-03-02,计算机行业周报-医疗信息化：订单验证需求回暖 景气度向中枢以上修复,新浪
849,2021-03-02,【华西计算机】网络安全深度 (55页)：拐点之时，格局之变,科技晶选
850,2021-03-02,晨会纪要2021年第36期,国海证券
851,2021-03-01,计算机行业2021年春季策略报告：景气赛道上的结构性机会,光大证券
852,2021-03-01,A股共发生133宗大宗交易成交36.27亿元（3月1日）,Wind
853,2021-03-01,"奇安信现2笔大宗交易 共成交7,937.24万元",新浪
854,2021-03-01,奇安信-U今日大宗交易成交95.29万股，成交价83.3元折价24.62%,Wind
855,2021-03-01,计算机行业周报：头部公司业绩超预期 关注网络安全,国海证券
856,2021-03-01,顺周期关注度提升，机构称3月基本面修复趋势延续,Wind
857,2021-03-01,景气度快速恢复，网络安全板块有望发酵,云掌财经
858,2021-03-01,安信证券--计算机行业动态分析：网安板块走出疫情影响，业绩超预期复苏【行业研究】,金融界股吧
859,2021-03-01,华泰证券维持奇安信增持评级：收入持续高速，产品化能力提升,每日经济新闻
860,2021-03-01,港股盘前必读：阿里健康、海底捞、龙湖集团将纳入恒生指数,Wind
861,2021-03-01,计算机行业追踪报告：计算机的三类投资机会,国金证券股份有限公司
862,2021-03-01,计算机行业：网络安全行业业绩快报亮眼 行业配置窗口来临,新浪
863,2021-03-01,国海证券给予奇安信买入评级，事件点评：“新安全”带动营收高增长，公司领先地位加强,每日经济新闻
864,2021-02-28,【民生计算机|周观点】行业整体业绩向好，关注高景气及景气度改善板块,MS计算机
865,2021-02-28,券商评级一周速览：220只个股获券商关注，金螳螂目标涨幅达109.98%,每日经济新闻
866,2021-02-26,奇安信(688561)：收入增速行业领先 经营质量显着提升,新浪
867,2021-02-26,奇安信调入“科创50指数”名单,中国财富网
868,2021-02-26,上市刚过半年，奇安信入选科创50指数样本股,金融界
869,2021-02-26,上交所：决定于3月15日起对科创50等指数的样本进行调整,Wind
870,2021-02-26,财信证券首予奇安信推荐评级：网安龙头持续增长，利润实现渐行渐近，合理价128.70-145.86元,每日经济新闻
871,2021-02-26,晨会聚焦210226重点关注极米科技、VESYNC、香港交易所、纺织服装、奇安信、道通科技、贝瑞基因,国信研究
872,2021-02-26,奇安信（688561）2020业绩快报点评：营收质量显着提升，新兴安全推动长期高增长,国信研究
873,2021-02-26,43股获券商买入评级 金螳螂目标涨幅达115.12%,Wind
874,2021-02-25,东吴计算机点评【奇安信：全年营收继续高增长，参设车联网安全企业完善产业布局】,吴声计事
875,2021-02-25,国信证券维持奇安信买入评级：营收质量显着提升，新兴安全推动长期高成长,每日经济新闻
876,2021-02-25,奇安信2020年营收增速32.04% 网安产业发展进入“快车道”,和讯
877,2021-02-25,东吴证券维持奇安信买入评级：全年营收继续高增长，参设车联网安全企业完善产业布局,每日经济新闻
878,2021-02-25,国盛证券维持奇安信买入评级：业绩符合预期，网安龙头迈入高质量发展阶段,每日经济新闻
879,2021-02-25,天风证券维持奇安信买入评级：20年完美收官，期待21年发展,每日经济新闻
880,2021-02-25,奇安信-U(688561)：收入符合预期 毛利率边际优化,新浪
881,2021-02-25,奇安信(688561)公司点评：20年完美收官 期待21年发展,新浪
882,2021-02-25,华西证券维持奇安信买入评级：收入符合预期，毛利率边际优化,每日经济新闻
883,2021-02-25,奇安信(688561)：业绩符合预期 网安领军持续领跑,新浪
884,2021-02-25,奇安信：2020年净利同比增长32% “新赛道”产品市占率提升,金融界
885,2021-02-25,奇安信-U(688561)2020年业绩快报点评：新安全占比持续提升 经营质量不断优化,新浪
886,2021-02-25,奇安信-U(688561)：成长逻辑持续兑现 高质量发展初见成效,新浪
887,2021-02-25,国金证券维持奇安信买入评级：产品竞争力提升，加速推进高质量发展,每日经济新闻
888,2021-02-25,【民生计算机】奇安信2020业绩快报点评：成长逻辑持续兑现，高质量发展初见成效,MS计算机
889,2021-02-25,奇安信-U(688561)：新赛道产品竞争力强 经营效率稳步提升,新浪
890,2021-02-24,「未来智安」XDR产品落地，曾获红杉种子基金数千万元投资,36氪
891,2021-02-24,晚间重要公告2021年2月24日星期三,Wind
892,2021-02-24,奇安信发布业绩快报 新赛道产品市场竞争力凸显,财经网
893,2021-02-24,快讯｜奇安信发布2020年度业绩快报：规模居网络安全行业第一,财经网
894,2021-02-24,奇安信2020年净亏损3.29亿元 亏幅同比减少33.62% 亏损,新浪
895,2021-02-24,奇安信(688561.SH)披露2020年业绩快报 归母净亏损同比收窄33.62%至3.29亿元 亏损,智通财经
896,2021-02-24,奇安信业绩快报：2020年度净利润亏损3.29亿元 亏损收窄 亏损,金融界
897,2021-02-24,奇安信2020年营收增长32.04%，规模稳居行业第一,金融界
898,2021-02-24,奇安信-U：2020年亏损缩窄，净亏损3.29亿元（业绩快报） 亏损,Wind
899,2021-02-24,国内XDR产品落地，「未来智安」希望告诉客户一个完整的攻击故事,36氪
900,2021-02-23,网络安全年度策略：回顾2020 展望2021和未来,新浪
901,2021-02-23,奇安信发布春节期间DDoS攻击报告：被攻击 IP 数增加 37%,TechWeb
902,2021-02-23,开源晨会0226丨未来拿地溢价率有望回落，利好一二线龙头房企；中国移动、奇安信、彤程新材,开源证券研究所
903,2021-02-22,教育科技行业周报：线上化+智能化加速,新浪
904,2021-02-22,计算机行业：美股业绩期来临 建议关注声网和哔哩哔哩 百度20Q4财报超预期 智能云和智能驾驶高速增长,新浪
905,2021-02-22,计算机周报：百度智能驾驶全方位推进 5G重要应用端前景可期,新浪
906,2021-02-22,开源证券--计算机周观点：关注超跌的优质标的【行业研究】,金融界股吧
907,2021-02-21,计算机行业周报：节后抱团松动 关注超跌景气板块(推荐),国海证券
908,2021-02-20,计算机：为什么手机巨头都想造车,新浪
909,2021-02-19,2月19日晚间重要行业研究汇总(附股),中金在线
910,2021-02-19,国金证券--计算机行业点评：区块链引领反弹，看好医疗网安信创板块机会【行业研究】,金融界股吧
911,2021-02-19,计算机行业深度报告-云安全专题报告：网络安全的未来在云端,新浪
912,2021-02-18,A股融资融券日报：两融余额减少208.35亿元（2月11日）,Wind
913,2021-02-17,计算机行业点评报告：布局两会黄金窗口期 计算机行业历史复盘及政策梳理,新浪
914,2021-02-17,计算机行业周报：牛年春节备忘录,新浪
915,2021-02-10,亚信安全拟科创板IPO 半年前获深创投、人民网、中金资本等融资,财联社
916,2021-02-10,2月10日晚间重要行业研究汇总(附股),中金在线
917,2021-02-10,券商评级丨机构首次青睐这些个股 这只股有49%上涨空间,第一财经
918,2021-02-10,信息服务行业跟踪报告：从深信服业绩快报和奇安信业绩预告 看云计算和网络安全市场发展,新浪
919,2021-02-10,A股融资融券日报：两融余额增加34.45亿元（2月9日）,Wind
920,2021-02-10,47股获券商买入评级 中京电子目标涨幅达142.11%,Wind
921,2021-02-10,【东北晨会0210】光学行业深度/物管行业点评/公司点评：东宏股份、长城汽车、奇安信,东北证券研究所
922,2021-02-10,【东北绝对收益王凤华】奇安信（688561）业绩快报点评：安全大数据质量优势助推公司乘风破浪高增长,东北证券研究所
923,2021-02-09,【民生计算机|周观点】百度智能驾驶全方位推进，5G重要应用端前景可期,MS计算机
924,2021-02-09,谷歌发布Chrome高危漏洞警告 奇安信可信浏览器、天擎率先解决,北国网
925,2021-02-09,葛卫东赌赢了！化工、军工又疯涨，茅台也新高了,中国基金报
926,2021-02-09,全市场科技产业策略报告第九十七期：从金融IT产业链公司最新业绩预告看行业的高景气度,新浪
927,2021-02-09,奇安信：全资子公司奇安信网络科技拟出资1750万元参与设立合资公司,资本邦
928,2021-02-09,A股融资融券日报：两融余额减少23.79亿元（2月8日）,Wind
929,2021-02-08,奇安信：拟与中电互联、北京联安信设合资公司,科创板日报
930,2021-02-08,计算机行业2020年报前瞻：领军业绩逐季改善 把握景气下游！,新浪
931,2021-02-08,奇安信(688561.SH)：拟使用超募资金用于营销网络体系建设项目,格隆汇
932,2021-02-08,奇安信(688561.SH)：拟使用超募资金用于集团数字化管理平台建设项目,格隆汇
933,2021-02-08,东北证券首予奇安信买入评级：安全大数据质量优势助推公司乘风破浪高增长,每日经济新闻
934,2021-02-08,奇安信(688561.SH)拟参设合资公司拓宽车联网领域安全业务市场,智通财经
935,2021-02-08,计算机行业周观点：密集回购 彰显信心,新浪
936,2021-02-08,奇安信(688561)：新网安领军,国金证券股份有限公司
937,2021-02-08,计算机行业周报：2020年软件业统计公报发布 工业软件引领三大增长极,华安证券
938,2021-02-08,【国金晨讯】A股一周策略：持币还是持股过节？金山云：视频云、游戏云“特长生”能否弯道超车？奇安信：新网安领军,国金证券研究所
939,2021-02-08,2月7日31只个股获券商关注，奇安信目标涨幅达84.24%,每日经济新闻
940,2021-02-08,民生计算机周报：工业软件再迎核心企业 持续看好板块价值,新浪
941,2021-02-07,【兴证计算机】持续聚焦强规模效应龙头，关注Fintech新机会,兴业计算机团队
942,2021-02-07,国金证券首予奇安信买入评级：新网安领军，目标价188.68元,每日经济新闻
943,2021-02-07,奇安信(688561)：主动防御领军者 规模效应与成长持续性被低估,新浪
944,2021-02-07,科创板股2020年业绩提前看 23股净利润增幅翻倍,证券之星
945,2021-02-05,三六零(601360)点评：业绩符合预期 安全业务订单充裕 TOC逐步恢复,新浪
946,2021-02-05,财富证券--计算机行业月度报告：业绩预告催化个股走势，关注长期基本面变化【行业研究】,金融界股吧
947,2021-02-05,开源证券--计算机周观点：云计算高景气度持续【行业研究】,金融界股吧
948,2021-02-04,助力工信部整治APP侵害用户权益行为 奇安信获感谢信,北国网
949,2021-02-04,信息服务行业跟踪报告：从深信服与腾讯云战略合作看云安全和PAAS生态安全能力的输出,新浪
950,2021-02-02,冯柳抛售的医药股，葛卫东姐姐接盘了,上证报
951,2021-02-02,科创板外资“活水来” 不能忽视的两大布局策略,新浪
952,2021-02-02,中国银河维持奇安信推荐评级：业绩稳步增长，新业务进展顺利,每日经济新闻
953,2021-02-02,奇安信-U(688561)：业绩稳步增长 新业务进展顺利,新浪
954,2021-02-02,奇安信获赛可达实验室两项大奖 终端安全能力再获认可,TechWeb
955,2021-02-02,计算机行业周报：创新型国产替代 ARM生态崛起带来新机遇,新浪
956,2021-02-02,154股获券商买入评级 宇信科技目标涨幅达133.70%,Wind
957,2021-02-01,跨年行情未变，机构称增量资金将持续支撑市场,Wind
958,2021-02-01,奇安信(688561)：解决方案全面和强大安全服务团队,新浪
959,2021-02-01,计算机行业周报：公募计算机板块持仓减少 集中度提高,国海证券
960,2021-02-01,计算机行业投资周报：产业合作稳进 车联网安全或为网安新风向,新浪
961,2021-02-01,计算机周报：板块整体业绩有望改善 主要细分核心标的表现亮眼,新浪
962,2021-01-31,【民生研究】周观点汇总：行情第三阶段里风险偏好才是主因,MS研究
963,2021-01-29,三六零：预计2020年净利润约28.20亿元至33.20亿元，同比降约44%至53% 盈利能力下降,Wind
964,2021-01-29,奇安信(688561)业绩预告点评：坚定实施高质量战略 自研产品竞争力不断提升,新浪
965,2021-01-29,券商首次关注4股并给予买入评级（1月29日）,Wind
966,2021-01-28,计算机行业重大事项点评：APP数据安全整治继续 数据安全迎良好机遇,新浪
967,2021-01-28,奇安信(688561)：业绩符合预期 收入高增长同时开启高质量发展,新浪
968,2021-01-28,奇安信-U(688561)公司跟踪报告：新赛道产品增速突出 放眼行业的长期空间和增长确定性,新浪
969,2021-01-28,安信证券--计算机行业专题报告：CrowdStrike，开启网安龙头登云之路【行业研究】,金融界股吧
970,2021-01-28,118股获券商买入评级 值得买目标涨幅达86.06%,Wind
971,2021-01-28,聚焦高成长，科创板成公募主流配置,Wind
972,2021-01-27,汇鸿集团(600981.SH)：奇安信将增加公司2020年度投资收益7589.32万元,格隆汇
973,2021-01-27,汇鸿集团：因华泰大健康基金净值变化 2020年当期损益预增5045.54万元,上证报
974,2021-01-27,【安信计算机】CrowdStrike：开启网安龙头登云之路,计算机司令部
975,2021-01-27,东吴计算机点评【奇安信：营收稳步增长，行业多点共振龙头有望继续受益】,吴声计事
976,2021-01-27,奇安信(688561)：毛利率有望改善 疫情影响下关注Q1业绩,新浪
977,2021-01-27,晨会聚焦210127重点关注中公教育、数字浪潮系列之钢铁行业数字化、苏农银行、奇安信、拓邦股份、视源股份,国信研究
978,2021-01-27,奇安信-U(688561)2020年业绩快报点评：疫情不改公司业绩高增长 “高质量发展”战略效果持续显现,光大证券
979,2021-01-27,奇安信(688561)：业绩高速增长 盈利能力增强,新浪
980,2021-01-27,奇安信-U(688561)：营收增速领先行业 亏损持续收窄 亏损,新浪
981,2021-01-27,奇安信-U(688561)：利润端边际改善 整体符合预期,新浪
982,2021-01-26,奇安信：与水运院共建联合实验室,e公司
983,2021-01-26,【华创计算机王文龙团队】奇安信（688561）2020年业绩预告点评：营收稳步增长，经营效率提升带来亏损缩窄,蚊子搞科研
984,2021-01-26,奇安信2020年预计最高营收42.5亿 净利润亏损额3.9亿元到2.8亿 预亏,和讯
985,2021-01-26,计算机行业周报：深圳启动第三轮数字人民币试点 产业链有望受益,新浪
986,2021-01-26,【华西计算机】奇安信点评：收入符合预期，毛利率边际优化,科技晶选
987,2021-01-26,仍亏损？奇安信2020年归母净利润预亏超2.8亿元 预亏,资本邦
988,2021-01-26,计算机应用行业：公募2020Q4持仓分析 集中度继续提升 主配云计算,新浪
989,2021-01-26,【民生计算机】奇安信2020业绩预告点评报告：持续高速增长，网安领军者成长空间广阔,MS计算机
990,2021-01-26,新赛道产品营收大幅增长，奇安信发布业绩预告,北国网
991,2021-01-26,开源晨会0127丨不可贪胜；胜利者的“陷阱”；城市住房问题，值得提到更高位置,开源证券研究所
992,2021-01-25,企业级客户增长 奇安信去年营收预计超41亿元,证券时报网
993,2021-01-25,奇安信-U：2020年预计亏损金额有所缩减 预亏,Wind
994,2021-01-25,奇安信发布业绩预告：新赛道产品发力 企业级客户市场增长强劲,金融界
995,2021-01-25,毛利率提升、集成收入占比下降，奇安信(688561.SH)发布业绩预告,格隆汇
996,2021-01-25,奇安信预告：2020年营收增幅超30% 实现高速增长,中国网
997,2021-01-25,奇安信业绩预告：2020年度净利润亏损3.9亿元-2.8亿元 亏损,科创板日报
998,2021-01-25,奇安信：预计2020年营收同比增长29.99%至34.75%,36氪
999,2021-01-25,奇安信(688561.SH)：2020年度亏损收窄预亏2.8亿元-3.9亿元 预亏,格隆汇
1000,2021-01-25,奇安信：预计2020年度净亏损为2.8亿元-3.9亿元,Wind
1001,2021-01-25,聚焦工业安全需求的烽台科技获7000万元A轮融资,投资界
1002,2021-01-25,氪记 | 安全行业2021: 从诸侯割据到马太效应的关键一年,36氪
1003,2021-01-25,【华西计算机】奇安信2020年报预告点评：利润端边际改善，整体符合预期,科技晶选
1004,2021-01-25,【华创计算机王文龙团队】多个股推荐，长期价值大于短期,蚊子搞科研
1005,2021-01-25,A股融资融券日报：两融余额减少11.18亿元（1月22日）,Wind
1006,2021-01-25,中信证券：看好国内科技板块一季度投资机会，首选港股市场,证券时报网
1007,2021-01-25,计算机行业周报：关注人工智能和信创产业,国海证券
1008,2021-01-23,烽台科技完成新一轮战略融资,猎云网
1009,2021-01-23,市政协委员、奇安信集团董事长齐向东：占比不足2%网络安全投入亟待加强,北京商报
1010,2021-01-22,A股融资融券日报：两融余额增加110.85亿元（1月21日）,Wind
1011,2021-01-21,收藏|七份网络安全2020年度研究报告集中发布,北国网
1012,2021-01-19,【民生计算机|周观点】机构重点配置方向未变，智能驾驶等关注度提升,MS计算机
1013,2021-01-19,奇安信(688561)深度研究报告：全局思维重塑行业土壤 以创新为翼加速起飞,新浪
1014,2021-01-18,首席观点：2020年新能源汽车市场“翘尾”收官,新浪
1015,2021-01-18,2021数字中国创新大赛启动 第二届“虎符网络安全赛道”升级助推数字中国建设,北国网
1016,2021-01-18,奇安信：拟为子公司网神提供不超过5亿元的担保额度 大额借贷担保,资本邦
1017,2021-01-18,计算机行业周报：行动计划发布 关注工业互联网,国海证券
1018,2021-01-18,计算机板块市值排行榜：昔日王者360 一年蒸发400亿，深信服称与360不在一个赛道 连续下跌,华夏时报
1019,2021-01-18,本周2426亿市值限售股解禁，环比增加1254.32% 解禁,Wind
1020,2021-01-17,计算机行业动态分析：行动计划指明方向 工业软件机遇来临,新浪
1021,2021-01-17,安信证券：行动计划指明方向 工业软件机遇来临,证券时报网
1022,2021-01-15,奇安信(688561.SH)为子公司网神申请综合授信额度提供担保 大额借贷担保,智通财经
1023,2021-01-14,计算机行业工业软件系列报告(三)：三年行动计划发布 工业互联网政策持续加码,华安证券
1024,2021-01-14,三年行动计划发布 工业互联网政策持续加码（附股）,证券时报网
1025,2021-01-14,计算机行业：新一轮《行动计划》发布 工业互联网有望迎来加速发展,新浪
1026,2021-01-14,计算机行业周报：多因素驱动 看好计算机2021年的投资机会,新浪
1027,2021-01-13,【银河计算机】行业点评报告-计算机行业：三年行动计划发布，工业互联网快速发展期到来,科创TMT靖观其变
1028,2021-01-13,【民生计算机|周观点】工业互联网迎政策利好，推动工业软件长期发展,MS计算机
1029,2021-01-13,奇安信：约393万股限售股1月22日解禁 解禁,科创板日报
1030,2021-01-13,奇安信(688561.SH)：约392.78万股限售股1月22日解禁 解禁,格隆汇
1031,2021-01-12,Forrester最新报告：奇安信领跑国内威胁情报市场,北国网
1032,2021-01-11,计算机应用行业：一二线品种估值继续分化 春季行情仍然可期,新浪
1033,2021-01-11,计算机行业：蔚来ET7发布 国产车智能化站上浪潮之巅 供应链崛起之路,新浪
1034,2021-01-11,计算机行业月度报告：板块分化加剧，关注成长性龙头，维持“同步大市”评级,格隆汇
1035,2021-01-11,计算机行业周报：信创之新在于“芯” 行业国产推进应用软件或先行,新浪
1036,2021-01-11,奇安信天眼新一代安全感知系统 获评“中国十大网络安全明星产品”,北国网
1037,2021-01-11,《云计算半月刊》第六十八期（2021.1.11）,计算机司令部
1038,2021-01-11,计算机行业周报：如何看金山办公在雷军系的版图地位,新浪
1039,2021-01-11,计算机行业周报：蔚来NIOET7智能网联配置发布 自动驾驶推出订阅服务,华安证券
1040,2021-01-08,晨会聚焦210127重点关注中公教育、数字浪潮系列之钢铁行业数字化、苏农银行、奇安信、拓邦股份、视源股份,国信研究
1041,2021-01-07,计算机行业点评报告：2021年 对网络安全行业继续保持积极期待,新浪
1042,2021-01-06,360牵手国资，奇安信拥抱腾讯，网安巨头分家后战火愈烈,环球老虎财经
1043,2021-01-06,计算机行业投资周报：“PK”体系进展超预期 2021年政策驱动明显,新浪
1044,2021-01-06,奇安信-U(688561)重大事件快评：与腾讯安全战略合作 数字政府领域有望率先共鸣,新浪
1045,2021-01-06,43股获券商买入评级，精工钢构目标涨幅达79.87%,Wind
1046,2021-01-06,晨报0106 | 集运&卤制品行业专题、奇安信（688561）、创业慧康（300451）、龙蟒佰利（002601）,国泰君安证券研究
1047,2021-01-06,【计算机*郝彪】景气度和估值分化,东吴研究所
1048,2021-01-05,计算机行业：飞腾生态大会召开 助力信创加速；长城牵手高通、华为布局L3智能驾驶,新浪
1049,2021-01-05,计算机行业周报：从ARM发展看信创生态收敛 工业软件景气度提升,新浪
1050,2021-01-05,2021年1月份上海证券研究所投资组合报告,新浪
1051,2021-01-05,计算机行业周报：全球计算芯片产业洞察-从飞腾1229大会说起,新浪
1052,2021-01-05,安信证券：2021年将是计算机“三山叠峦”规模化的分水岭,证券时报网
1053,2021-01-05,安信研究|晨会在线20210105,安信证券研究
1054,2021-01-05,【计算机-胡又文】三山叠峦，软件定义世界的“分水岭”,安信证券研究
1055,2021-01-04,【金财富决策参考】2021-01-05,赢家之星
1056,2021-01-04,财闻点金：国常会：将证券交易印花税纳入法律规范,巨丰财经
1057,2021-01-04,奇安信与腾讯安全战略合作 打造行业领先的安全解决方案,上证报
1058,2021-01-04,计算机周报：政策持续催化+5G重要应用 长期看好智能驾驶,新浪
1059,2021-01-04,奇安信与腾讯安全达成战略合作,Wind
1060,2021-01-04,腾讯安全与奇安信达成战略合作,Wind
1061,2021-01-04,【华创计算机王文龙团队】奇安信（688561）2020年业绩预告点评：营收稳步增长，经营效率提升带来亏损缩窄,蚊子搞科研
1062,2021-01-04,计算机行业周报：春季躁动关注板块龙头,国海证券
1063,2021-01-04,1月观点 | 轮动叠加躁动，将迎向上良机,一计之长
1064,2021-01-04,奇安信荣获CNVD漏洞信息报送突出贡献单位等四项殊荣,北国网
1065,2021-01-04,68只科创板股融资余额环比增加,证券之星
1066,2021-01-04,腾讯安全与奇安信合作 将推出安全解决方案,北京商报
1067,2020-12-31,午评丨市场情绪高涨 金融股爆发,21世纪经济报道
1068,2020-12-31,直奔2000元/股！刚刚，贵州茅台股价又创新高了！,上游新闻
1069,2020-12-30,蔚来ET7发布，国产车智能化站上浪潮之巅，供应链崛起之路,中信建投证券研究
1070,2020-12-29,计算机行业周报：大数据平台是新基建重点建设领域之一 关注低估值高成长板块,新浪
1071,2020-12-29,信创产业再迎利好 飞腾发布新一代处理器芯片 一大氵皮终端产品在路上,科创板日报
1072,2020-12-29,计算机行业网安调研简报：底部反转 2021景气可期,新浪
1073,2020-12-29,奇安信与高新兴达成战略合作 构建车联网安全共同体,e公司
1074,2020-12-29,奇安信集团与高新兴集团达成战略合作，构建车联网安全共同体,北国网
1075,2020-12-29,A股公司研发费用增长势头明显，提升科技创新能力,Wind
1076,2020-12-28,计算机应用行业：系统盘点麒麟软件和统信软件的经营情况,新浪
1077,2020-12-28,奇安信荣获“2020年度公益贡献奖”,凤凰网
1078,2020-12-27,【民生计算机|周观点】腾讯分布式数据库发布，看好产业长期发展潜力,MS计算机
1079,2020-12-27,计算机行业：白马补跌或为底部信号 附最看好21年行业主线,新浪
1080,2020-12-27,计算机行业周报：下游溢价充分体现后计算机周期料将来临,新浪
1081,2020-12-25,中国科学院信息工程研究所、奇安信等合资成立宏途信安，注册资本8000万元,企查查
1082,2020-12-25,抗疫攻坚中的奇安信“担当”,中国网
1083,2020-12-25,数据|科创板两融余额合计442.38亿元奇安信较上一交易日变动率最大,科创板日报
1084,2020-12-25,次新市场周报：次新股指表现持续不佳,新浪
1085,2020-12-24,奇安信发布SOAR 3.0 安全处置效率提升十倍,中国网
1086,2020-12-24,小鱼易连在中国网络会议市场占有率再居首位,中金在线
1087,2020-12-24,41家科创板公司提前预告2020年业绩,证券之星
1088,2020-12-24,【东吴晨报1224】【宏观】【行业】社服【个股】东山精密、奇安信、拼多多、中伟股份、固德威,东吴研究所
1089,2020-12-24,【奇安信*郝彪】深度：全面布局主动防御体系，新兴安全优势明显,东吴研究所
1090,2020-12-22,奇安信(688561)：把握政企级网安风口 剑指全球顶级网安公司,新浪
1091,2020-12-22,奇安信集团副总裁陈华平：新一代网络安全框架适用于几乎所有应用场景,科创板日报
1092,2020-12-22,计算机行业：创新中心呼之欲出 信创拐点或已临近,新浪
1093,2020-12-22,计算机行业周报：中央经济工作会议强化科技战略 科技创新有望加速推进,新浪
1094,2020-12-22,奇安信集团副总裁陈华平：产业链各环节深度融合将成为未来网络安全产业发展的新业态,科创板日报
1095,2020-12-22,中国软件、金山办公、奇安信等拟联合成立新公司，构建国产操作系统生态,企查查
1096,2020-12-22,中国软件(600536)：国产操作系统旗舰强强联合打造最强信创生态,新浪
1097,2020-12-22,计算机行业周报：业绩真空期 精选景气高具有强业绩支撑板块,新浪
1098,2020-12-22,360付费尝试告败，周鸿祎的变现焦虑有多深？,《商学院》杂志
1099,2020-12-22,国产操作系统联盟诞生 剑指Wintel 龙头企业齐聚,巨丰财经
1100,2020-12-22,129只科创板股融资余额环比增加,证券时报网
1101,2020-12-21,晚间重要公告2020年12月21日星期一,Wind
1102,2020-12-21,中国软件：拟与金山办公、奇安信等联合出资成立先进操作系统创新中心有限公司,Wind
1103,2020-12-21,中国软件：麒麟软件拟与金山办公、奇安信等联合出资成立先进操作系统创新中心有限公司,格隆汇
1104,2020-12-20,经济工作会议点评 | 直接受益于国家战略与自主可控,一计之长
1105,2020-12-18,【民生计算机|周观点】科技创新大势所趋，新基建、信创重要性再次凸显,MS计算机
1106,2020-12-18,数据|科创板主力资金净流入58股奇安信-U流入率最高,科创板日报
1107,2020-12-18,奇安信荣获“2018-2020中国互联网行业自律贡献和公益奖”,凤凰网
1108,2020-12-18,计算机行业：云转型更进一步 智能化加速落地,新浪
1109,2020-12-18,年内IPO募资逾4400亿元，科创板占47%,Wind
1110,2020-12-17,发力智慧城市41家企业机构集中签约,重庆商报
1111,2020-12-16,谁是“科创之星”？12家科创板公司三年研发投入占比超30% 生物产业突出丨科创之星,新浪
1112,2020-12-16,特斯联AI CITY再进展，携生态伙伴打造全新城市数字化生态平台,36氪
1113,2020-12-16,AI CITY城市如何打造？重庆城市智能科技研讨会做了新解读,重庆商报
1114,2020-12-16,计算机行业周报：卫健委发布公卫信息化建设规范 公卫IT行业有望获新增量,新浪
1115,2020-12-16,奇安信斩获36氪【2020中国新经济之王最具影响力企业】,凤凰网
1116,2020-12-15,热点 | 360付费尝试告败 周鸿祎的变现焦虑有多深？,商学院
1117,2020-12-15,奇安信开展定向帮扶等公益项目 荣获多项“社会责任”大奖,时代在线
1118,2020-12-14,计算机行业周报：产业资本看好网络安全,国海证券
1119,2020-12-12,计算机行业2021上半年投资策略：聚焦高景气及边际改善赛道,新浪
1120,2020-12-11,连续入围双榜! 奇安信行为安全进入Gartner魔力象限和关键能力报告,北国网
1121,2020-12-11,首次申请即入围!奇安信SWG进入Gartner互联网安全网关魔力象限,北国网
1122,2020-12-10,券商首次关注3股并给予买入评级（12月10日）,Wind
1123,2020-12-09,奇安信董事长齐向东：缺乏安全运行的安全系统相当于靠天吃饭,新浪
1124,2020-12-09,【华西计算机】奇安信深度（70页）：狼性的网安新龙头,科技晶选
1125,2020-12-09,奇安信(688561)：狼性的网安新龙头,新浪
1126,2020-12-09,报告显示奇安信天眼威胁检测与响应市场优势明显,中国青年网
1127,2020-12-08,资助学生 消费扶贫 奇安信定向帮扶重庆巫山洞桥村,北国网
1128,2020-12-08,计算机行业周报：造车新旧势力纷纷加码智能网联汽车 行业景气度持续高涨,新浪
1129,2020-12-08,2021年计算机行业策略报告：新成长 新变化,新浪
1130,2020-12-08,奇安信荣获“2020年度第一财经金融价值榜—年度网络安全支持”奖,北国网
1131,2020-12-08,奇安信态势感知入选《2020年人工智能优秀产品和应用解决方案》,北国网
1132,2020-12-07,计算机行业周报：板块开启反弹 关注中期景气细分赛道,光大证券
1133,2020-12-07,【民生计算机|周观点】政策推动超高清落地，5G应用新一轮景气周期可期,MS计算机
1134,2020-12-07,计算机行业投资策略：积极变化正在发生 拥抱科技创新浪潮,新浪
1135,2020-12-07,安信证券：近期多项重要事件表明行业信创正在加速启动 推荐金山办公等,证券时报网
1136,2020-12-07,【计算机-胡又文】行业信创风起云涌-计算机行业动态分析,安信证券研究
1137,2020-12-07,“科创200”画像：彰显中国创新的资本力量,Wind
1138,2020-12-07,科创板公司达到200家，持续为科技创新赋能,Wind
1139,2020-12-05,奇安信专家：拒绝孤岛，把握零信任架构落地的四大关键,北国网
1140,2020-12-05,【民生周末重点推荐】首席看计算机：期待反弹，布局主线,MS研究
1141,2020-12-04,开创“1+X+1”合作模式 奇安信与中国电信安徽分公司达成战略合作,北国网
1142,2020-12-03,入围《2020工信部网络安全技术应用试点示范名单》奇安信六大项目全揭秘,中国网
1143,2020-12-03,奇安信集团荣获第八届CNCERT网络安全应急服务国家级优秀支撑单位,北国网
1144,2020-12-02,齐向东荣膺猎云网2020年度创业领军人物,凤凰网
1145,2020-12-01,【新时代计算机】周报：“PK”体系进展超预期，2021年政策驱动明显,新时代计算机
1146,2020-12-01,奇安信副总裁吴俣：工业互联网将面临更复杂的安全挑战,北国网
1147,2020-12-01,计算机行业周报：医保信息平台进入落地实施阶段 多类医保IT需求将加速释放,新浪
1148,2020-12-01,奇安信副总裁陈华平：网络安全风口上企业要用好资本力量,北国网
1149,2020-11-30,我国网安产业规模增速超国际水平，这些龙头或重回高速增长丨牛熊眼,第一财经
1150,2020-11-30,5G安全指引加速出台：网安板块站上风口 Q4订单加快释放,新浪
1151,2020-11-30,计算机行业周报：世界互联网大会召开 数字赋能成为业界共识,新浪
1152,2020-11-30,奇安信总裁吴云坤荣膺工信部首批网络安全创新创业导师,北国网
1153,2020-11-30,计算机行业周报：AI独角兽企业陆续上市 关注人工智能产业投资价值,华安证券
1154,2020-11-29,【兴证计算机】从“世界互联网大会”观IT前沿趋势,兴业计算机团队
1155,2020-11-28,2020年中国网络安全行业市场现状及发展前景分析 2024年市场规模或将突破千亿元,前瞻研究院
1156,2020-11-27,齐向东：中小型金融机构网络安全存在十大薄弱环节,凤凰网
1157,2020-11-27,齐向东：金融机构需要建立金融行业内生安全体系,凤凰网
1158,2020-11-27,奇安信董事长齐向东：中小金融机构的网络安全状况非常堪忧,中证报
1159,2020-11-27,云知声近三年半亏损7.9亿欲IPO 未来如何扭亏为盈？,投资者网
1160,2020-11-27,云知声近三年半亏损7.9亿欲IPO 官网所列名企均非前五大客户 亏损,投资者网
1161,2020-11-26,奇安信(688561)：股票激励授予完成 助力持续成长,新浪
1162,2020-11-26,2021年度计算机行业投资策略：四大红利驱动 优选景气赛道,华安证券
1163,2020-11-25,奇安信集团与图灵人工智能研究院签约战略合作,e公司
1164,2020-11-25,牛散大佬的三季报踪迹：葛卫东新进6股，陈发树加仓中国中免,21世纪经济报道
1165,2020-11-25,计算机行业点评报告：世界互联网大会 企业级服务发展风向标,新浪
1166,2020-11-24,像“搭积木”一样构建网络安全能力 奇安信的内生安全框架是如何做到的,浙江在线
1167,2020-11-24,奇安信(688561.SH)向1147名激励对象首次授予1085.85万股限制性股票 授予价为49元/股,智通财经
1168,2020-11-24,奇安信(688561.SH)向1147名激励对象首次授予1085.8548万股限制性股票,格隆汇
1169,2020-11-24,奇安信(688561.SH)拟以子公司房产抵押申请不超15亿元银行综合授信额度,格隆汇
1170,2020-11-24,奇安信集团董事长齐向东：疫情期间中国未发生灾难性的网络安全事故,重庆商报
1171,2020-11-24,奇安信推出个人信息保护解决方案 实现全生命周期防护,凤凰网
1172,2020-11-24,“京牌”创新获选 互联网领先科技成果,北京晚报
1173,2020-11-24,奇安信齐向东：内生安全框架助力“一带一路”企业构建防御体系,北国网
1174,2020-11-24,齐向东：“一带一路”走出去企业面临更严峻的网络安全威胁,凤凰网
1175,2020-11-24,齐向东：“一带一路”走出去企业需内生安全保驾护航,凤凰网
1176,2020-11-24,齐向东：奇安信响应“一带一路”倡议 全面开启国际化,凤凰网
1177,2020-11-24,计算机行业2021年投资策略：云化、智能化、国产化 驱动IT产业高景气,国海证券
1178,2020-11-24,全市场科技产业策略报告第八十六期：当前时点网络信息安全行业的一些积极变化,新浪
1179,2020-11-23,奇安信乌镇发布业内首个特权访问安全解决方案 实现访问权限精细化管控,北国网
1180,2020-11-23,计算机行业周报：智能汽车 鲶鱼搅动的一池春水,新浪
1181,2020-11-23,奇安信董事长齐向东： 网络安全助力全球数字抗疫,证券日报网
1182,2020-11-23,齐向东：网络安全是数字抗疫成功的重要保障,凤凰网
1183,2020-11-23,奇安信齐向东：缺乏安全保障的数字世界就像木桶缺失了底板,北国网
1184,2020-11-23,奇安信齐向东：数字化抗疫场景推动网络安全技术加快创新,北国网
1185,2020-11-23,奇安信齐向东：疫情提升网络安全意识 行业Q3平均增速超35%,北国网
1186,2020-11-23,奇安信齐向东：网络安全助力全球数字抗疫，疫情期间未发生灾难性网安事故,凤凰网
1187,2020-11-23,通信行业周报：5G进入政策密集期 板块边际向好,新浪
1188,2020-11-23,奇安信董事长齐向东：数字抗疫推动了网络安全技术新体系的形成,中证报
1189,2020-11-23,奇安信齐向东：第三代网络安全技术极大地增强了抵御网络攻击的能力,第一财经
1190,2020-11-23,计算机周观点：把握工业软件投资机会,新浪
1191,2020-11-23,聚焦乌镇 | 奇安信让您一屏看懂乌镇网络安全态势,北国网
1192,2020-11-22,更高更快更强+更安全 奇安信“奥运标准”网安产品服务体系亮相乌镇,中国网
1193,2020-11-22,聚焦乌镇：奇安信携多项安全黑科技亮相世界互联网大会,TechWeb
1194,2020-11-22,计算机行业周报：全领域智能替代,新浪
1195,2020-11-21,乌镇前瞻：奇安信告诉你安全黑科技如何助力抗疫,北国网
1196,2020-11-21,“网安一哥”奇安信助力上百家机构数字化转型 齐向东斩获“数字经济掌舵人”桂冠,凤凰网
1197,2020-11-21,陈薇、雷军、齐向东等31人获北京科学技术最高奖提名,Wind
1198,2020-11-20,奇安信齐向东：工业互联网应首选数据驱动的内生安全,北国网
1199,2020-11-20,奇安信齐向东：工业互联网的新时代已经到来,北国网
1200,2020-11-20,奇安信齐向东：网络安全是工业互联网第一大挑战,金融界
1201,2020-11-20,【东吴计算机周报】: 盘点工业控制核心领域投资机会,吴声计事
1202,2020-11-20,【读财报】科创板企业三季报“面面观”：4家营收破百亿 研发投入占比领先其他市场,新华网
1203,2020-11-20,“网安一哥”奇安信 服务数百家机构数字化转型,证券日报
1204,2020-11-19,深信服：难以令人信服,证券市场周刊
1205,2020-11-19,一段代码瘫痪一座工厂？奇安信现场展示攻防全过程,中国网
1206,2020-11-18,计算机行业2020年三季报点评暨11月投资策略：鸿蒙2.0生态初现 计算机逢低介入,新浪
1207,2020-11-18,计算机行业事件点评：RCEP有望推动国内电子商务、网络安全等相关产业发展,新浪
1208,2020-11-18,通信设备行业专题研究：云计算全产业链持续高景气 “新基建”助力行业发展,新浪
1209,2020-11-18,2020年中国信创行业之信息安全市场现状及发展前景分析 国产替代发力于传统防火墙,前瞻研究院
1210,2020-11-18,奇安信科技集团股份有限公司关于2020年限制性股票激励计划内幕信息知情人 及激励对象买卖公司股票情况的自查报告,证券日报
1211,2020-11-17,「小鱼易连」获奇安信集团领投4亿元D轮融资 | 股权投资周报,新浪
1212,2020-11-17,国内首家！工信部为大连海事大学-奇安信船舶网络安全实验室授牌,国际船舶
1213,2020-11-17,奇安信U(688561)：Q3业绩超预期 股权激励赋予发展潜力,新浪
1214,2020-11-17,特斯联携手奇安信，定义数字经济“无界安全”,砍柴网
1215,2020-11-17,时代点金（1117）：京东双喜临门；金域医学股东减持6%股份 减持股份,时代财经
1216,2020-11-16,【金财富决策参考】2020-11-17,赢家之星
1217,2020-11-16,奇安信与特斯联达成战略合作 共同构建城市级网安新生态,TechWeb
1218,2020-11-16,计算机应用：行业盘点CAD行业新动向 维持“增持”评级,格隆汇
1219,2020-11-16,计算机行业周报：《智能网联汽车技术路线图2.0》发布 车联网利好政策频出,新浪
1220,2020-11-16,计算机行业周报：为什么我们看好工业软件-三维度深度剖析行业周报,新浪
1221,2020-11-14,深信服左手圈钱右手送钱，难以令人信服,证券市场周刊
1222,2020-11-13,合川信息安全产业城、奇安信六大项目入选2020工信部网络安全技术应用试点示范名单,重庆商报
1223,2020-11-13,内生安全框架助力奇安信六大项目入围工信部网安技术应用试点示范名单,北国网
1224,2020-11-13,奇安信NGSOC入选2020年电子信息行业百项自主创新成果,北国网
1225,2020-11-13,奇安信总裁吴云坤：用内生安全框架培育产业新动能,北国网
1226,2020-11-12,小鱼易连获奇安信集团领投4亿元D轮融资,凤凰网
1227,2020-11-12,信息安全行业20Q3季报回顾：信息安全继续改善但两极分化显现,新浪
1228,2020-11-12,小鱼易连获4亿元D轮融资 奇安信领投,TechWeb
1229,2020-11-12,晨会聚焦201112重点关注计算机、纺织服装、银行、香港交易所、申洲国际,国信研究
1230,2020-11-12,【国信计算机】计算机行业2020年三季报点评：鸿蒙2.0生态初现，计算机逢低介入,国信计算机
1231,2020-11-12,科技产业2021年投资策略：科技进步与中美再平衡下的新机遇,新浪
1232,2020-11-12,中信证券：A股科技板块估值回调后配置价值进一步凸显,证券时报网
1233,2020-11-09,奇安信TQL战队车联网破解项目斩获“天府杯”最佳漏洞演示奖,TechWeb
1234,2020-11-09,构筑实战未来！“天府杯”2020实战化安全运营建设主题论坛顺利召开,TechWeb
1235,2020-11-06,计算机行业2020年三季报深度分析：Q3平淡全年格局已定 接近明年绝佳布局期,新浪
1236,2020-11-05,中小公司研究-一周策略回顾与展望,新浪
1237,2020-11-05,2020年工业互联网安全成果展工业互联网安全保障论坛召开,TechWeb
1238,2020-11-05,计算机行业20Q3基金持仓统计：超配比例收窄 仓位提升有空间,华安证券
1239,2020-11-05,奇安信零信任远程访问解决方案入选“2020世界计算机创新技术与产品应用成果”,北国网
1240,2020-11-05,IPO见证着新老富豪们的交替与变化,福布斯
1241,2020-11-05,奇安信齐向东：用内生安全框架筑牢数字世界的底板,中新网
1242,2020-11-05,奇安信亮相武汉5G+工业互联网大会,中新网
1243,2020-11-04,三六零(601360)：政企信息安全业务启程 长期业绩趋稳向好,新浪
1244,2020-11-04,奇安信-U(688561)：营收恢复快速增长 健全长效激励机制,新浪
1245,2020-11-04,【新时代计算机】2020三季报总结：现金流改善，行业分化加剧,关爱传媒成长小分队
1246,2020-11-04,奇安信总裁吴云坤：以内生安全框架实现工业互联网安全融合内生,金融界
1247,2020-11-04,【朝闻国盛1104】聚焦5G全新边际机遇，重视轻工低估值洼地,国盛证券研究所
1248,2020-11-03,风雨之后见彩虹-科创板TMT行业2020三季报总结深度解析专题【安信诸海滨团队】,诸海滨科新先声
1249,2020-11-03,【计算机】市场短期承压，关注云计算和网络安全―― 计算机行业周报――看好,渤海证券研究
1250,2020-11-03,【计算机-胡又文】奇安信：收入大超预期，拟推出重磅股权激励计划,安信证券研究
1251,2020-11-02,计算机板块2020年三季报总结：持续复苏回暖 业绩分化明显,新浪
1252,2020-11-02,数据|科创板主力资金净流入38股奇安信-U流入率最高,科创板日报
1253,2020-11-02,工业互联网攻击事件频发 安全建设亟须从“零散”走向“全局”,中投网
1254,2020-11-02,三季度市场回温 奇安信业绩大增迎利好,中国经营报
1255,2020-11-02,网络安全行业Q3总结：营收改善行业整体趋势向好,财富动力网
1256,2020-11-02,奇安信集团董事长齐向东：用内生安全加固数字化时代的底板,中新网
1257,2020-11-02,奇安信：企业级市场渗透率提升有望抵消政府投资下降,新浪
1258,2020-11-01,牛散大佬三季报踪迹：葛卫东新进6股，陈发树豪赚隆基股份,21世纪经济报道
1259,2020-11-01,牛散大佬的三季报踪迹：葛卫东新进6股 陈发树加仓中国中免,21世纪经济报道
1260,2020-11-01,2020Q3科技板块基金持仓分析：整体下降 电子微升,新浪
1261,2020-10-31,明星基金经理最新调研结果曝光！陈光明调研华菱钢铁、萧楠调研新乳业、谢治宇调研传音控股,红周刊
1262,2020-10-31,奇安信前三季度营业成本同比增长,挖贝网
1263,2020-10-31,【计算机】奇安信（688561）首次覆盖：龙头优势持续扩大，规模与效率双向提升,天风研究
1264,2020-10-30,期货大佬葛卫东重仓“网安一哥” 持仓价值达10亿！,北国网
1265,2020-10-30,奇安信发布三季报，第三代安全引擎装机量突破百万台,北国网
1266,2020-10-30,奇安信发布Q3财报：零信任同比增长达373% 持续领跑国内市场,TechWeb
1267,2020-10-30,奇安信发布Q3财报：前三季度云安全同比增长70%,北国网
1268,2020-10-30,奇安信发布首份财报：安全服务业务同比增长77.06%,北国网
1269,2020-10-30,奇安信发布三季报：大数据智能安全检测与管控产品体系竞争优势持续扩大,北国网
1270,2020-10-30,奇安信：物联网安全领域是公司重要布局方向之一,格隆汇
1271,2020-10-30,奇安信三季度营收增长近九成 领跑网安行业,每经网
1272,2020-10-30,早盘跳涨，奇安信IPO后首份财报抛出单季九成营收增长，1360万股激励千余员工,21世纪经济报道
1273,2020-10-30,业绩快报丨奇安信发布上市后首份财报，三季度营收同比增长近90%,36氪
1274,2020-10-30,奇安信2020年前三季度净亏损达10.07亿元，同比扩大3.19% 亏损,零壹财经
1275,2020-10-30,三季报十大亏损王 北汽蓝谷巨亏28亿居首 重大损失,财富动力网
1276,2020-10-30,8点1氪 | 苹果大中华区营收大降28%；国行版华为Mate40 RS保时捷今日开售；星巴克Q4净利润同比降低51.1%,36氪
1277,2020-10-30,奇安信天擎位居国际机构领导者象限第一,北京商报
1278,2020-10-29,奇安信上市后首份财报：前9个月亏10亿 齐向东直接持股22% 亏损,雷帝触网
1279,2020-10-29,奇安信：第三季度营收同比增九成 领跑网络安全板块,发布易
1280,2020-10-29,上市后首份财报 奇安信三季度营收8.63亿元,北京商报
1281,2020-10-29,奇安信发布上市后首份财报，三季度营收同比增长89.25%,36氪
1282,2020-10-29,奇安信(688561.SH)拟续聘信永中和会计师事务所为2020年度审计机构,智通财经
1283,2020-10-29,三季报：“网安一哥”奇安信营收同比大增89.25%,中国网
1284,2020-10-29,奇安信公布三季报 前三季净利亏损10.0736亿 亏损,新浪
1285,2020-10-29,奇安信(688561.SH)前三季度归母净亏损10.07亿元 亏损,智通财经
1286,2020-10-29,奇安信-U：前三季度亏损扩大，净亏损10.07亿元 亏损,Wind
1287,2020-10-29,【银河计算机】奇安信-U(688561.SH)三季报点评：Q3营收超预期，股权激励赋予发展潜力,科创TMT靖观其变
1288,2020-10-28,23公司获得推荐评级-更新中,中财网
1289,2020-10-28,晨会聚焦201030重点关注移远通信、阳光电源、华工科技、药明康德、通化东宝、奇安信、广电计量、电连技术、豆神教育、福耀玻璃,国信研究
1290,2020-10-28,工业互联网攻击事件频发安全建设亟须从“零散”走向“全局”,中国科技网
1291,2020-10-27,IDC报告：奇安信天擎EDR获国内市场份额和策略双第一,北国网
1292,2020-10-27,数码科技：公司通过基金间接参股的“奇安信”已科创板上市,Wind
1293,2020-10-26,计算机行业周观点：数字货币时代加速到来,新浪
1294,2020-10-23,工信部：将继续开展好个人信息保护专项整治工作，构建好相关规范标准体系,Wind
1295,2020-10-23,信息通信管理局组织召开APP用户个人信息保护座谈会，中国电信、百度、腾讯、华为、小米、OPPO、vivo、字节跳动、京东、拼多多、360、滴滴、网易、美团、快手、每日互动、奇安信、极光、捷星信源等单位,金十数据
1296,2020-10-22,“分手”之后，360与奇安信再次“暗战”工业互联网,和讯
1297,2020-10-22,谷歌和Oracle先后致谢奇安信安全团队,北国网
1298,2020-10-22,IDC报告：奇安信夺得安全分析和威胁情报国内市场第一,北国网
1299,2020-10-20,石油石化界年度技术盛筵来了！奇安信邀您共同赴会！,中国能源网china5e
1300,2020-10-20,前9月294家企业A股上市募资3557亿 江苏广东浙江领先,中国经济网
1301,2020-10-19,奇安信：与公安部三所达成战略合作,Wind
1302,2020-10-19,奇安信：与公安部三所达成战略合作,e公司
1303,2020-10-19,“安全新动能，护航高质量” 奇安信启动工业互联网安全主题月活动,TechWeb
1304,2020-10-19,5G、消费、医药、新能源等领域具有投资机会,中证报
1305,2020-10-19,物联生态安全联盟成立 奇安信当选副理事长单位,北国网
1306,2020-10-19,网络安全赛道“热启动” 规模超千亿,北京商报
1307,2020-10-19,机构调研透露A股“投资密码”,中证报
1308,2020-10-19,规模超千亿 网络安全赛道“热启动”,北京商报
1309,2020-10-18,唯一网安企业！奇安信亮相2020全球工业互联网大会,金融界
1310,2020-10-18,奇安信韩永刚：工业互联网内生安全建设的核心是“体系化”,金融界
1311,2020-10-17,奇安信副总裁韩永刚：以内生安全框架构建智慧交通网络安全新体系,北国网
1312,2020-10-16,连斩两项殊荣后 奇安信工业互联网安全解决方案即将亮相2020全球工业互联网大会,TechWeb
1313,2020-10-16,奇安信发布《中国政企机构数据安全风险研究报告》,北国网
1314,2020-10-15,工业互联网安全榜单奇安信夺冠,中国网
1315,2020-10-15,参与制定国家标准 奇安信成2020中国工业互联网50佳唯一上榜网安企业,TechWeb
1316,2020-10-15,一家网络安全企业闯入中国工业互联网企业50佳榜单,北国网
1317,2020-10-15,国际权威咨询机构最新报告：奇安信领跑国内安全托管服务市场,金融界
1318,2020-10-14,【华西计算机】网安调研简报：底部反转，2021景气可期,科技晶选
1319,2020-10-14,一路大跌29%，启明星辰VS奇安信：网络安防产业链，情况还好吗？,并购优塾
1320,2020-10-14,奇安信软件定义防火墙亮相数字中国峰会 推动新边界防御的变革,凤凰网
1321,2020-10-13,一个核心、九大任务 奇安信总裁吴云坤出席数字中国建设峰会,IT168
1322,2020-10-13,一个核心、九大任务 奇安信总裁吴云坤数字中国建设峰会谈内生安全框架保障工业互联网安全,TechWeb
1323,2020-10-13,数字中国：奇安信正式发布软件定义防火墙 推动新边界防御的变革,TechWeb
1324,2020-10-13,福州15个数字经济重大项目集中签约，总投资额达418亿元,Wind
1325,2020-10-13,北京民营企业科技创新百强榜单发布 奇安信位列第七领跑网络安全行业,和讯
1326,2020-10-12,奇安信与福州市政府达成战略合作，助推福州数字经济高质量发展,Wind
1327,2020-10-12,奇安信与福州市政府达成战略合作 助推福州数字经济高质量发展,e公司
1328,2020-10-12,计算机行业周报：数字货币、自动驾驶等出现积极信号 市场风险偏好回升,新浪
1329,2020-10-12,9月机构去哪儿？627家出动科创板 传音控股获200余家机构调研,新浪
1330,2020-10-11,节前机构调研45股，节后首日3股涨超9%！这两大行业最受欢迎,21世纪经济报道
1331,2020-10-11,周观点：国庆期间客运需求恢复至去年九成左右,新浪
1332,2020-10-10,计算机行业动态分析：计算机板块三季报业绩前瞻,新浪
1333,2020-10-10,奇安信蝉联2020北京民营企业科技创新、社会责任百强双榜单前十,北国网
1334,2020-10-10,数字中国峰会召开在即 奇安信将首次线下展示“内生安全框架”,TechWeb
1335,2020-10-10,华泰研究所10月金股推荐,新浪
1336,2020-10-09,【国盛策略&行业】看好节后市场表现——10月配置建议&金股推荐,尧望后势
1337,2020-10-02,【图解】奇安信：网络安全新局面即将来临？【安信诸海滨团队】,诸海滨科新先声
1338,2020-09-30,奇安信推出8大锦囊计 守护网络安全人的国庆8天长假,北国网
1339,2020-09-30,内生安全护航“智慧大理” 奇安信打造数字时代的城市名片,中新网
1340,2020-09-30,奇安信总裁吴云坤：保障工业互联网安全的一个核心和九大任务,中新网
1341,2020-09-29,网络安全产品技术能力验证评估系列报告：中国网络流量监测与分析产品研究报告,新浪
1342,2020-09-29,奇安信集团总裁吴云坤提出保障信创安全的两个路径,TechWeb
1343,2020-09-29,注册制下改革红利频现，中国今年IPO规模有望全球第一,第一财经日报
1344,2020-09-28,注册制下改革红利频现，中国今年IPO规模有望全球第一,第一财经
1345,2020-09-28,首席观点：防控疫情二次爆发 疫苗和检测都有机会,新浪
1346,2020-09-28,奇安信-U(688561)重大事项点评：合作华为云 共拓新市场,新浪
1347,2020-09-27,通信行业研究：5G应用大赛落幕 场景加速“绽放”中,新浪
1348,2020-09-27,计算机行业周报：华为全联接大会发布智能体 加速云计算落地,华安证券
1349,2020-09-27,计算机行业周报：从蚂蚁外滩大会看FINTECH“云库链智”趋势,新浪
1350,2020-09-27,伟仕佳杰：与网络安全公司奇安信多领域合作升级,格隆汇
1351,2020-09-26,奇安信联合华为云推出政企移动安全办公解决方案,和讯
1352,2020-09-23,中小券商谋突围：民生以量取胜，东莞国元发力创业板,第一财经
1353,2020-09-23,开源晨会0925丨顺周期的路，赚盈利的钱；中国5G用户世界第一，披荆斩棘引领全球；开润股份,开源证券研究所
1354,2020-09-22,重庆市、两江新区与奇安信签订战略合作协议,海峡经济
1355,2020-09-22,奇安信齐向东:5G时代传统安全防护将完全失效 内生安全是破解之法,新浪
1356,2020-09-21,奇安信工业互联网网络安全西部中心总部落户重庆,重庆商报
1357,2020-09-21,融资融券周报2020年第37周,新浪
1358,2020-09-21,2020年上半年工业互联网安全态势综述,新浪
1359,2020-09-19,奇安信科技集团股份有限公司,证券时报
1360,2020-09-19,2020年国家网络安全宣传周于9月14日至20日在全国范围内开展,Wind
1361,2020-09-18,央视《焦点访谈》聚焦物联网安全 奇安信安全专家揭示安全风险,和讯
1362,2020-09-17,奇安信副总裁韩永刚：以“内生安全框架”支撑民航数字化业务运营,北国网
1363,2020-09-15,计算机行业2020秋季投资策略：布局成长性、景气度兼备板块,新浪
1364,2020-09-15,奇安信发布网络欺骗诱捕产品 谁说攻击者才能“钓鱼”,北国网
1365,2020-09-15,计算机行业周报：鸿蒙OS2.0发布 智能网联汽车是重要落地场景,华安证券
1366,2020-09-15,新基建催生千亿网安市场，上市公司竞相布局,Wind
1367,2020-09-14,融资融券周报2020年第36周,新浪
1368,2020-09-13,计算机行业研究：多云来袭 网安的拐点与认知差,新浪
1369,2020-09-12,科创板71家TMT公司半年报解密！芯片股爆发 中芯研发下血本,凤凰网
1370,2020-09-12,奇安信张聪：工业互联网需建设内生安全体系,TechWeb
1371,2020-09-12,智博会聚焦工业互联网安全 内生安全框架为工业互联网提供安全保障,TechWeb
1372,2020-09-12,一周研读｜新格局下的新机遇,中信证券研究
1373,2020-09-11,奇安信与光大银行合作共建网络安全联合创新实验室,e公司
1374,2020-09-11,奇安信与中国电建北京华科软达成战略合作,e公司
1375,2020-09-11,奇安信发布可信浏览器先锋版,北京商报
1376,2020-09-10,江西省政府与奇安信签订战略合作协议,中国证券网
1377,2020-09-10,奇安信齐向东：网络安全要从“治病救人”进化到“可防可控”,中新网
1378,2020-09-09,奇安信网络安全产业园将落地江西赣州,凤凰网
1379,2020-09-09,软件及服务行业：发布全球数据安全倡议 关注数据安全、大数据平台厂商,新浪
1380,2020-09-08,任子行(300311.SZ)拟2000万元转让云安宝8.7%股权予奇安信 资产异常,格隆汇
1381,2020-09-08,任子行：向奇安信转让其持有的云安宝8.7%的股权 资产异常,Wind
1382,2020-09-08,奇安信与江西赣州达成战略合作 打造网安“赣州模式”,金融界
1383,2020-09-08,【行情】网络安全板块较为活跃，任子行涨停，宜通世纪封板，飞利信大涨15%，熙菱信息、奇安信、北信源跟涨,金十数据
1384,2020-09-07,融资融券周报2020年第35周(8月31日至9月4日),新浪
1385,2020-09-07,奇安信（688561）：详解网安新龙头三大竞争力,中信证券研究
1386,2020-09-06,通信行业周报：国产替代再升温 聚焦光博会行业最新动态,新浪
1387,2020-09-04,开源晨会0904丨 零售行业、非银金融2020年中报综述,开源证券研究所
1388,2020-09-04,奇安信用户市场独占鳌头,北京商报
1389,2020-09-03,计算机行业20年中报总结：盈利指标逐季改善 多数主线未来预期向好,新浪
1390,2020-09-01,奇安信：拟使用募集资金向子公司网神增资25亿元,零壹财经
1391,2020-09-01,奇安信：增加网神为募集资金投资项目实施主体,36氪
1392,2020-09-01,奇安信(688561.SH)：拟增加网神为募投项目实施主体并使用募集资金向其增资25亿元,格隆汇
1393,2020-09-01,16年历史铁律将重现？9月还看科技股？,中证报
1394,2020-09-01,科创板公司上半年净利124亿增长42%,Wind
1395,2020-08-31,上交所：上半年科创板上市公司持股基金数量比一季度增长10倍,Wind
1396,2020-08-30,【网安中报大阅兵，至暗时刻已过】天风计算机团队,兵哥看IT
1397,2020-08-30,360业绩对赌拉响一级警报,猎云网
1398,2020-08-29,建行APP上线数字货币钱包，数字人民币来了？,中证报
1399,2020-08-27,海兰信(300065)：探索数据中心新模式 海底IDC前景广阔,创业板
1400,2020-08-27,2020北京网络安全大会智慧矿山网络安全研讨会在京召开,北国网
1401,2020-08-27,齐向东谈用内生安全框架实现“六防”目标,中新网
1402,2020-08-26,奇安信：与四家重要伙伴达成战略合作 共筑网络安全新生态,中证网
1403,2020-08-26,奇安信与四家重要伙伴签订战略合作协议,e公司
1404,2020-08-21,赛迪报告：奇安信在网络安全整体市场与主要细分领域稳居第一,金融界
1405,2020-08-21,中证协：加快出台行业标准，促进金融科技应用融合,Wind
1406,2020-08-21,奇安信零信任安全获国家标准立项,北京商报
1407,2020-08-20,计算机行业：从2020年北京网络安全大会与互联网安全大会看网络安全发展趋势,新浪
1408,2020-08-19,奇安信：已在关注并积极布局数字货币的试点测试,中国证券网
1409,2020-08-18,计算机行业2020年8月投资策略：信创产业蓄势待发 信息安全新赛道增长点十足,新浪
1410,2020-08-18,网安龙头奇安信乘风破浪：布局中国首个海底数据中心,证券日报
1411,2020-08-18,奇安信独家中标中国联通集团终端安全管理项目,金融界
1412,2020-08-18,奇安信与重庆经侦总队成立反金融犯罪联合实验室,36氪
1413,2020-08-18,BCS2020收官：万亿网安市场大爆发，龙头企业拥抱“红利期”,雷锋网
1414,2020-08-18,网络安全系列报告之三：零信任安全 将成为数字时代主流的安全架构,新浪
1415,2020-08-18,科技成果转化“基金国家队”慧眼识金,中国科技网
1416,2020-08-17,工信部副部长刘烈宏出席BCS2020 用好网络安全交流合作平台,北国网
1417,2020-08-17,奇安信要在海南建海底数据中心 开启海南自贸港数字建设大幕,中国IDC圈
1418,2020-08-17,奇安信中标之江实验室工业互联网信息安全攻防平台等项目,和讯
1419,2020-08-17,奇安信联手北大共建区块链安全实验室,北京商报
1420,2020-08-16,海兰信举办绿色数据中心峰会,中国证券网
1421,2020-08-16,晚间重要公告2020年8月16日星期日,Wind
1422,2020-08-16,奇安信-U：与海兰信签订《战略合作框架协议》,Wind
1423,2020-08-15,BCS2020：医疗网络安全创新与实践高峰论坛成功举办,砍柴网
1424,2020-08-15,奇安信旗下网神公司中标之江实验室项目采购,36氪
1425,2020-08-15,奇安信与鹏城实验室联合推出“AI靶场”,36氪
1426,2020-08-15,奇安信领跑中国网络安全市场,中新网
1427,2020-08-14,海兰信(300065.SZ)：与海南移动、联想信息、中通服、奇安信签署绿色数据中心(海底IDC)战略合作框架协议,格隆汇
1428,2020-08-14,奇安信发起的零信任首个国家标准已成功立项,和讯
1429,2020-08-14,安全与AI互促发展 BCS2020举办安全与AI高峰论坛,北国网
1430,2020-08-14,能源新基建 · 网络智安全 第三届智慧能源网络安全高峰论坛顺利召开,TechWeb
1431,2020-08-14,BCS2020：百家企业担当安全使命 融合创新共创产业未来,金融界
1432,2020-08-13,中国信通院安全研究所与奇安信集团联合发布零信任白皮书,北国网
1433,2020-08-13,北大—奇安信区块链安全实验室正式成立,北国网
1434,2020-08-13,护航敏捷开发和运维 BCS2020举办DevSecOps论坛,TechWeb
1435,2020-08-13,奇安信董事长齐向东：网络安全市场规模10年将增长10倍,金融界
1436,2020-08-13,奇安信：公司网络安全运营软件可做到100%国产化,Wind
1437,2020-08-13,奇安信：公司网络安全运营软件可以做到100%国产化,格隆汇
1438,2020-08-13,奇安信集团董事长齐向东：内生安全框架要立足解决未来20年网络安全,金融界
1439,2020-08-13,中关村企业科创板上表现强劲,北京日报
1440,2020-08-12,奇安信“安全框架”保驾护航数字化 拓宽网络安全市场,每日经济新闻
1441,2020-08-12,奇安信齐向东：计划6年时间实现奥运化、乐高化、服务化、国际化,和讯
1442,2020-08-12,风口上的奇安信：抢占信息化建设高地，破解网络安全规模困局,时代在线
1443,2020-08-11,奇安信集团总裁吴云坤：用内生安全框架提升网络安全产值,中新网
1444,2020-08-11,融资融券周报2020年第31周(8月3日至8月7日),新浪
1445,2020-08-10,奇安信推出内生网络安全框架,北京商报
1446,2020-08-10,奇安信新一代安全框架实现内生安全 齐向东强调三大关键点,中国网
1447,2020-08-10,奇安信(688561) “新安全”龙头厂商,新浪
1448,2020-08-10,76股获券商买入评级，奇安信-U目标涨幅达62.55%,Wind
1449,2020-08-10,北京冬奥会上的那些“亦庄元素”,北京商报
1450,2020-08-09,【天风计算机】周观点：软件的历史性机遇，科技内循环,兵哥看IT
1451,2020-08-07,北京冬奥组委专职副主席韩子荣：网络安全是冬奥成功的重要支撑,中国青年网
1452,2020-08-07,北京冬奥会与奇安信联合标识揭牌,和讯
1453,2020-08-07,纾解网安人才慌，全国顶级专家学者齐聚武汉共议网安人才培养新模式,北国网
1454,2020-08-07,BCS冬奥主题活动日：奥运网络安全成全球关注焦点,雷锋网
1455,2020-08-07,券商首次关注7股并给予买入评级（8月7日）,Wind
1456,2020-08-07,65股获券商买入评级，信隆健康目标涨幅达62.54%,Wind
1457,2020-08-06,奇安信-U(688561)：六年磨剑 登顶江湖,新浪
1458,2020-08-06,中关村科技企业密集登陆科创板,中证网
1459,2020-08-05,北京网络安全大会8月7日开幕， “安全框架”成新主题,重庆商报
1460,2020-08-05,奇安信上市两周拿29亿理财 上半年业绩预计亏损超6亿元 预亏,新浪
1461,2020-08-05,股海导航 8月5日沪深股市公告提示,新浪
1462,2020-08-05,晚间公告热点追踪：8天7板英特集团上半年净利同比降17%,新浪
1463,2020-08-04,奇安信科创板上市不到2周齐向东就拿出29亿资金理财,雷帝触网
1464,2020-08-04,晚间重要公告2020年8月4日星期二,Wind
1465,2020-08-04,通信行业研究：工业互联网 5G的下一个上甘岭,新浪
1466,2020-08-04,奇安信：子公司设合资公司，拓宽健康医疗领域网络安全市场,Wind
1467,2020-08-04,奇安信：子公司设合资公司 拓宽健康医疗领域网络安全市场,e公司
1468,2020-08-04,奇安信(688561.SH)：拟使用不超16亿元闲置募集资金暂补流动资金,格隆汇
1469,2020-08-04,奇安信(688561.SH)：拟与海南信合长盈及关联方中电数据共设中电奇安科技,格隆汇
1470,2020-08-04,沸点资本涂鸿川：摸准技术行业迭代脉络，就能投中独角兽,陆家嘴
1471,2020-08-04,“网安一哥”奇安信举办的这场大会，主题为何是“从安全框架开始”,和讯
1472,2020-08-04,“数字经济”正成为拉动中国经济增长新引擎,新华网
1473,2020-08-04,从安全框架开始 “十四五”将全面提升网络安全规划能力,金融界
1474,2020-08-03,零信任SAAS：美国经验与中国特色,新浪
1475,2020-08-03,7月金股组合盈利17.26% 8月荐股名单出炉,新浪
1476,2020-08-03,融资融券周报2020年第30周,新浪
1477,2020-07-30,融资资金助力做多 科创50指数大涨5.45%,上证报
1478,2020-07-29,科创50指数大涨5% 这一数据提前发出信号,上证报
1479,2020-07-29,科创板：科创50正式登陆A股科创板公司减持压力持续 减持股份,新浪
1480,2020-07-28,奇安信科创板造富市值超900亿元 三年亏损近20亿何日能盈利？ 亏损,GPLP犀牛财经
1481,2020-07-27,7月27日科创板主力资金净流出24.88亿元,证券时报网
1482,2020-07-27,北京网络安全大会（BCS 2020）将于8月7日线上线下同步开启,雷锋网
1483,2020-07-27,光速IPO后：何时盈利成奇安信踏入资本市场的头等大事,云掌财经
1484,2020-07-27,计算机行业周报：十七部门印发《若干意见》 中国互联网大会召开,新浪
1485,2020-07-26,计算机行业周报：中长期向上趋势不变 短期调整中市场空间和成长质量的差异尚未体现,广发证券
1486,2020-07-26,计算机行业研究周报：不确定性下积极向内需IT靠拢,新浪
1487,2020-07-25,计算机行业动态分析：从奇安信与CROWDSTRIKE看网安行业的服务化新方向,新浪
1488,2020-07-24,高投入迅速构筑强大竞争优势 网络安全巨头奇安信登陆科创板,证券市场周刊
1489,2020-07-24,7月24日科创板主力资金净流出69.09亿元,证券时报网
1490,2020-07-24,齐向东：全球新形势将驱动网络安全需求爆炸式增长,中新网
1491,2020-07-24,华泰固收：“固收+”打新策略全解析,Wind
1492,2020-07-24,齐向东：全球新形势推动网络安全行业迈入三个新时期,TechWeb
1493,2020-07-24,奇安信登陆科创板，光大控股新经济基金投资企业再添IPO成员,凤凰网
1494,2020-07-24,知料丨奇安信上市，从战友到竞对，周鸿祎的to B生意为什么晚了？,36氪
1495,2020-07-24,A股融资融券日报：两融余额增加86.87亿元（7月23日）,Wind
1496,2020-07-24,被容忍的泡沫,阿尔法工场
1497,2020-07-24,经开区信创产业链增新动能,北京商报
1498,2020-07-23,启明星辰(002439)半年度业绩预告点评：业务持续恢复中 2季度业绩重回增长态势,新浪
1499,2020-07-23,【安信计算机】奇安信深度报告：剑指5G时代的网络安全领导者,计算机司令部
1500,2020-07-23,方正深度严选 | 计算机·奇安信：新王诞生，重塑格局,半导体风向标
1501,2020-07-23,奇安信上市：掏空360不是梦？,AI财经社
1502,2020-07-23,跟周鸿伟“分家”后的齐向东，身价超300亿，公司市值破900亿！,投资家
1503,2020-07-23,奇安信登陆科创板背后的资本图谱：IDG资本A轮入局并多轮支持,证券时报
1504,2020-07-23,滴滴回应上市传闻；刘永好33次增持民生银行；科创板一年催生7名百亿富豪,中国企业家网
1505,2020-07-23,22股获融资净买入额超亿元 奇安信居首,证券时报网
1506,2020-07-23,融资客青睐12股，湖北能源买入占比高达44.13%,Wind
1507,2020-07-23,A股融资融券日报：两融余额增加72.2亿元（7月22日）,Wind
1508,2020-07-23,A股早报2020年7月23日星期四,Wind
1509,2020-07-23,北京市委书记蔡奇：打造国际一流的金融科技示范区,Wind
1510,2020-07-23,奇安信科创板上市 首日大涨138%,北京日报
1511,2020-07-23,IPO大爆发背后， VC/PE机构迎退出盛宴,Wind
1512,2020-07-23,奇安信登陆科创板 上市首日股价涨138%,北京商报
1513,2020-07-23,奇安信成立六年IPO： 市值突破900亿，科技VC迎来收获期,21世纪经济报道
1514,2020-07-22,奇安信高研发投入登陆科创板布局5G网络安全大趋势,第一财经
1515,2020-07-22,上市大涨138%市值超900亿 与360分手16个月后奇安信再出发,新浪
1516,2020-07-22,奇安信登陆科创板 创同类型企业 A 股募资额新高,中国青年网
1517,2020-07-22,7月22日科创板主力资金净流入34.77亿元,证券时报网
1518,2020-07-22,"滴滴回应股权拍卖：公司目前暂无相关计划;奇安信登陆科创板 发行价格56.1元/股;微信回应两分钟内不能删除并非新功能【Do说】
资产查封",DoNews
1519,2020-07-22,上交所：科创板上市公司达到140家，总市值逾2.79万亿元,Wind
1520,2020-07-22,数据|科创板主力资金净流入50股N奇安信,科创板日报
1521,2020-07-22,网安龙头奇安信科创板上市 国投创业网络安全投资开启新征程,中证网
1522,2020-07-22,网络安全行业龙头奇安信登陆科创板 获IDG资本A轮投资,凤凰网
1523,2020-07-22,8股集体亮相A股 单日上市数创年内新高,北京商报
1524,2020-07-22,北向资金流出41亿:资金追捧计算机板块 30亿主力流入两新股,新浪
1525,2020-07-22,奇安信登陆科创板 A股迎来网络安全“隐形”巨头,经济观察网
1526,2020-07-22,A股收盘综述：上证指数连升4日，创业板指涨逾1%,Wind
1527,2020-07-22,奇安信上市，齐向东开启新征程,新浪
1528,2020-07-22,市值突破 800 亿！奇安信正式登陆科创板，齐向东终圆上市梦,雷锋网
1529,2020-07-22,奇安信登陆科创板，揭示网安行业这些市场机会,TechWeb
1530,2020-07-22,A轮投资奇安信3年后收获IPO：为何沸点能连续在早期投中未来的科技独角兽？,TechWeb
1531,2020-07-22,奇安信登陆科创板 打造网安市场“隐形冠军”,证券时报
1532,2020-07-22,网络安全“国家队”奇安信成功登陆科创板,金融界
1533,2020-07-22,奇安信科创板上市 三年营收复合增长率达96%,中国网
1534,2020-07-22,奇安信市值突破900亿元 联美控股早期投资浮盈近3亿元,中国证券网
1535,2020-07-22,A股午盘综述：上证指数涨逾1%，创业板指涨近2%,Wind
1536,2020-07-22,奇安信登陆科创板 加快网络安全行业格局洗牌,飞象网
1537,2020-07-22,奇安信上市的新起点：行业深层变革与无限成长潜力,和讯
1538,2020-07-22,开盘大涨138%，市值突破900亿，奇安信登陆科创板，齐向东身价逾300亿,投中网
1539,2020-07-22,奇安信科创板上市：市值超800亿 齐向东360分家后圆梦,新浪
1540,2020-07-22,奇安信今日上市 发行价格56.1元/股,上证报
1541,2020-07-22,7月22日新股提示：奇安信等八股上市 国联证券等公布中签率,上证报
1542,2020-07-22,奇安信登陆科创板 首日开盘涨116%,金融界
1543,2020-07-22,竞逐网安市场 奇安信今日登陆科创板,中证网
1544,2020-07-22,奇安信上市首日开盘涨116% 当前市值799.23亿元,新浪
1545,2020-07-22,奇安信今日科创板上市 开盘涨116%市值破800亿元,e公司
1546,2020-07-22,奇安信正式登陆科创板，开盘涨115.7%,36氪
1547,2020-07-22,东北证券【新股】7月22日天地在线、盟升电子等申购，震有科技、科思股份等上市,东北证券金融世界
1548,2020-07-22,奇安信(688561)精读新股系列(三)：快速成长的新贵网安龙头,新浪
1549,2020-07-22,N奇安-U：券商定位区间均值为97.97-123.53元,Wind
1550,2020-07-22,新股发行与上市一览（7月22日）,Wind
1551,2020-07-22,“网安一哥”正式登陆科创板！您给他多少估值？,上证报
1552,2020-07-22,七子登“科” 科创板喜迎周年庆,上证报
1553,2020-07-21,计算机行业中期策略报告：云计算领涨 Q3关注信创,新浪
1554,2020-07-21,奇安信7月22日科创板上市 3年亏损近20亿元 亏损,TechWeb
1555,2020-07-21,奇安信：股票将于2020年7月22日在上海证券交易所上市,新浪
1556,2020-07-21,奇安信：重磅报告（120页）,半导体风向标
1557,2020-07-20,奇安信7月22日科创板上市：第一季净亏5.4亿 亏损,雷帝触网
1558,2020-07-20,奇安信(688561.SH)将于7月22日在科创板上市预计未来仍可能持续亏损 预亏,格隆汇
1559,2020-07-20,奇安信：股票将于7月22日在上交所上市,新浪
1560,2020-07-20,奇安信(688561)新股报告：网安帝国初建 千亿市值只是起点,新浪
1561,2020-07-20,奇安信(688561.SH)披露上市发行结果：遭弃购29137股 由主承销商包销,格隆汇
1562,2020-07-20,奇安信确定发行价56.10元/股，中电金控等9名投资者参于战略配售,资本邦
1563,2020-07-19,【天风计算机】周观点：奇安信上市在即，行业基本面与估值面有望迎来双击,兵哥看IT
1564,2020-07-19,A轮投资奇安信3年后收获IPO，沸点资本“高成功率”投资秘诀,猎云网
1565,2020-07-18,奇安信7月22日科创板上市，齐向东仍实控,猎云网
1566,2020-07-17,一周通读：光大证券重点报告精选,光大证券
1567,2020-07-16,奇安信(688561)新股定价报告：新一代网络安全巨头,光大证券
1568,2020-07-16,7月16日新股提示：国光连锁申购 慧辰资讯、中芯国际、同庆楼上市 奇安信、图南股份、协创数据中签号出炉 科拓生物公布中签率,上证报
1569,2020-07-15,奇安信：网上发行最终中签率0.04087398%,科创板日报
1570,2020-07-15,【新股提示】奇安信公布中签结果,证券时报网
1571,2020-07-15,奇安信(688561.SH)：网上摇号中签号码共43176个 战略投资者获配2877.6797万股,格隆汇
1572,2020-07-15,奇安信中签号出炉 共43176个,e公司
1573,2020-07-15,7月15日新股提示：科拓生物申购 埃夫特、君实生物上市 德林海、大地熊、三生国健、震有科技、芯朋微、力合微、申昊科技、科思股份中签号出炉 奇安信、图南股份、协创数据公布中签率,上证报
1574,2020-07-15,奇安信网上发行最终中签率为0.0409%,上证报
1575,2020-07-14,7月14日新股提示：奇安信、图南股份、协创数据、建邦股份、微创光电、翰博高新、创远仪器、中航泰达、连城数控、旭杰科技申购 恒誉环保上市 德林海、大地熊、三生国健、震有科技、芯朋微、力合微、申昊科技、科思股份公布中签率,上证报
1576,2020-07-14,新股日历丨今日新股申购：图南股份、协创数据、奇安信,国融证券资讯
1577,2020-07-14,【新股】奇安信、协创数据、图南股份今日发行,国信证券证券金融事业部
1578,2020-07-14,4只科创板新股即将迎来申购（附股）,证券时报网
1579,2020-07-14,图南股份、协创数据、奇安信今日申购,Wind
1580,2020-07-14,东北证券【新股】7月14日建邦股份、连城数控等申购，恒誉环保、泛微转债上市,东北证券金融世界
1581,2020-07-14,今日新股（债）：图南股份、奇安信、欣旺转债等申购指南,恒泰睿财
1582,2020-07-14,新股提示：图南股份、协创数据、奇安信今日申购,e公司
1583,2020-07-13,【新股信息】7月14日 图南股份(300855)、协创数据(300857)、奇安信(688561)新股申购,银河股票资讯
1584,2020-07-13,新股排查丨奇安信面临持续亏损风险，销售费用高引发上交所关注 亏损,21世纪经济报道
1585,2020-07-13,科创板新股奇安信7月14日申购宝典,金融界
1586,2020-07-13,"火力全开！本周29只新股连发！一签暴赚20万，一天大涨1000%…打新赚钱效应爆发，""神话""还在继续",券商中国
1587,2020-07-13,彻底炸了！岂止1天涨10倍，更有1签狂赚20万还没开板！刚刚，超级打新周来了，罕见29股齐发！大肉签真不少，千万别错过！,中国基金报
1588,2020-07-13,超级打新周来了，罕见29股齐发！岂止1天涨10倍，更有1签狂赚20万还没开板,凤凰网
1589,2020-07-12,奇安信(688561.SH)发行价格确定为56.10元/股,格隆汇
1590,2020-07-10,8只科创板新股即将发行（附股）,证券时报网
1591,2020-07-09,奇安信推出零信任远程访问解决方案 保障数字化业务开展,北国网
1592,2020-07-09,软件与服务行业：从奇安信看信息安全新玩法、新技术、新市场和新格局,新浪
1593,2020-07-09,开闸放水趁热打铁 奇安信、中芯国际、寒武纪加速奔向科创板,DoNews
1594,2020-07-08,3年累计研发投入24亿元 国内网络安全领军企业奇安信将登陆科创板 | 产业新股,金融界
1595,2020-07-07,科创板晚报|格科微科创板上市申请获受理红杉领投快点完成近亿美元C轮融资,科创板日报
1596,2020-07-07,上交所：奇安信等3家企业“注册生效”,e公司
1597,2020-07-07,A股高光时刻，奇安信顺利“上马”，抢滩新基建万亿市场,搜狐
1598,2020-07-07,奇安信科创板IPO获证监会注册,科创板日报
1599,2020-07-07,证监会：同意奇安信、爱博诺德、合肥江航科创板IPO注册,资本邦
1600,2020-07-07,奇安信IPO获注册 上半年扣非净利润大幅下滑引关注 盈利能力下降,北京商报
1601,2020-07-06,奇安信(688561.SH)拟发行约1.02亿股初步询价时间为7月9日9:30-15:00,格隆汇
1602,2020-07-06,奇安信通过科创板IPO注册：周鸿祎终于帮齐向东实现梦想,雷帝触网
1603,2020-07-06,网络安全领军者奇安信盛势出击 携手满客宝打造智慧食堂系统,凤凰网
1604,2020-07-03,最前线丨证监会同意奇安信科创板IPO注册，13天前公司首发过会,36氪
1605,2020-07-03,安信研究|晨会在线20200703,安信证券研究
1606,2020-06-30,网络安全供应商奇安信首发过会,中证报
1607,2020-06-28,周鸿祎的金融梦 三六零的新“解药”？,新浪
1608,2020-06-28,科创板第四十八周交易大复盘：新鲜事有趣事创纪录的事一应俱全,新浪
1609,2020-06-28,时代IPO周报 | 本周仅2企上会，海德曼面临四大经营风险 经营问题,时代在线
1610,2020-06-28,新进展！科创板IPO公司海目星、奇安信近日提交注册,资本邦
1611,2020-06-24,科创板奇安信科技发布招股书：拟发行不超过1.02亿股股票,新浪
1612,2020-06-24,奇安信、圣湘生物科创板IPO双双过会,上证报
1613,2020-06-23,圣湘生物、奇安信科创板IPO过会,上证报
1614,2020-06-23,二过二！圣湘生物、奇安信通过科创板上市委审核,资本邦
1615,2020-06-23,最前线丨奇安信科创板首发过会，审核用时43天仅次于中芯国际,36氪
1616,2020-06-23,上交所：圣湘生物、奇安信科创板首发过会,e公司
1617,2020-06-22,奇安信：从实网攻防演练看欺骗检测技术的发展,凤凰网
1618,2020-06-19,计算机行业2020下半年策略：数字化主导经济变革 云厂商改写B端格局,新浪
1619,2020-06-19,360的掉队与重启：回A两年市值蒸发近3200亿，转战B端重构价值,搜狐
1620,2020-06-18,犀牛财经早报：吉利汽车欲回归A股奇安信能否破科创板审核纪录,GPLP犀牛财经
1621,2020-06-18,奇安信IPO再破科创板审核纪录 网络安全行业竞争迷局待解,21世纪经济报道
1622,2020-06-16,奇安信 成中国移动防火墙供应商,北京商报
1623,2020-06-12,圣湘生物、奇安信6月23日科创板首发上会,e公司
1624,2020-06-12,奇安信回复科创板二轮问询：2020年无业绩大幅下滑风险 问询,资本邦
1625,2020-06-12,奇安信发布生态战略计划,北京商报
1626,2020-06-11,奇安信与瑞斯康达达成战略合作,第一财经
1627,2020-06-10,奇安信回复科创板上市首次问询：试运行周期较长导致长账龄表述为笔误 问询,36氪
1628,2020-06-10,奇安信科创板IPO首次问询回复报告：未分配利润为负 问询,牛华网
1629,2020-06-09,奇安信科创板IPO首次问询回复报告披露 问询,36氪
1630,2020-06-09,奇安信科创板IPO首轮问询：360股权转让估值遭追问,新浪
1631,2020-06-09,奇安信科创板IPO首轮问询曝光：360股权转让估值遭追问 今年一季度续亏5亿 资产异常,科创板日报
1632,2020-06-09,公司经营是否具有可持续性？奇安信科创板首轮问询遭28问 问询,资本邦
1633,2020-06-09,奇安信单向光闸提升数据传输完整性,北京商报
1634,2020-06-08,应对客户细分化、定制化安全需求 揭秘奇安信四大研发平台,中国青年网
1635,2020-06-05,区内多家企业斩获“中国企业社会责任奖”,北京商报
1636,2020-06-02,奇安信打造网络安全四大研发平台 可快速实现新品研发,中新网
1637,2020-06-02,构建中国云生态|华云数据与奇安信完成产品兼容互认证 推出“奇安信云安全联合解决方案”,砍柴网
1638,2020-05-29,智能网联汽车安全实验室 力促车联网安全融合创新,北京商报
1639,2020-05-28,保护个人信息安全、助力APP隐私合规 奇安信在行动,凤凰网
1640,2020-05-22,2020信创产业独角兽100强,硅谷动力
1641,2020-05-22,奇安信发布可信浏览器成4月最受媒体关注事件,北京商报
1642,2020-05-21,【看新股】奇安信冲刺科创板，5G时代网络安全行业或迎来井喷,新华网
1643,2020-05-19,IDC报告：奇安信再次领跑终端安全市场,中新网
1644,2020-05-19,【科创板网络安全系列：奇安信，综合性的网安供应商】天风计算机团队,兵哥看IT
1645,2020-05-18,奇安信勇闯ipo，风险颇多且关联交易频发,凤凰网
1646,2020-05-18,科创板动态跟踪：科创板受理持续提速 单周受理数量创新高,新浪
1647,2020-05-18,奇安信勇闯IPO 风险颇多且关联交易频发,金融界
1648,2020-05-15,奇安信与中汽数据达成战略合作 共同加强智能网联汽车信息安全建设,中新网
1649,2020-05-14,2分钟读财报|奇安信科创板IPO：3年亏20亿 圆齐向东上市梦 亏损,新浪
1650,2020-05-13,奇安信冲刺科创板，齐向东将在资本市场正面PK周鸿祎,环球老虎财经
1651,2020-05-12,奇安信科创板递表：拟募集45亿元，尚未完全消除360烙印,36氪
1652,2020-05-12,奇安信冲刺IPO 科创板受理企业扩至281家,上证报
1653,2020-05-10,解禁潮再起 谁将“撤离”360？ 解禁,华夏时报
1654,2020-04-24,360广告、游戏业务下滑，一季度净利跌44% 盈利能力下降,时代在线
1655,2020-04-17,挖漏洞数量最多 Oracle公开致谢奇安信,北国网
1656,2020-04-04,360裁员？营收困局如山 员工变动,搜狐
1657,2020-03-20,调研机构：奇安信态势感知技术创新力和市场执行力双第一,中国金融信息网
1658,2020-03-20,【东吴计算机周报】: 系统盘点麒麟软件和统信软件的经营情况,吴声计事
1659,2020-03-14,奇安信发布微软高危漏洞预警 Win10为主要影响目标,中国网
1660,2020-03-02,Win7停服，你的电脑面临病毒攻击风险？来看看专家怎么说！,计世网
1661,2020-02-27,三六零：股票解禁，股价一度跌停，私有化四年后，安全梦依然遥远 解禁,投中网
1662,2020-02-26,周鸿祎开年“大考”：360回归A股两年市值腰斩 齐向东与35家机构现套现时机 连续下跌,和讯
1663,2020-01-24,奇安信套现近30亿元，三六零2019盈利增超62% 减持股份,资本邦
1664,2020-01-23,聚焦大安全战略三六零年报预增62%至79%,中证网
1665,2019-12-30,三六零(601360.SH)：奇安信37.31亿元股权转让款已全部收讫 资产异常,格隆汇
1666,2019-10-31,360三季度营收几无增长 网安斗士沉寂了吗？,网易
1667,2019-09-26,犀牛财经晚报：大摩下调蔚来评级 Mate30售价曝光,GPLP犀牛财经
1668,2019-08-29,360借壳一年半市值蒸发3000亿 出售资产助净利大增 资产异常,新浪
1669,2019-08-28,360上半年受转让奇安信股权收益影响净利大增 营收下滑主因为增值服务业务收入下降 资产异常,经济观察网
1670,2019-08-27,周鸿祎“放虎归山”！巨额“分手费”成三六零财报支柱，政企安全领域“兄弟阋墙”成隐患,经济观察网
1671,2019-07-09,奇安信两年亏损超5亿 冲刺科创板或与360直接竞争 亏损,长江商报
1672,2019-06-13,大浪淘沙见真金—科创板TMT行业2020中报总结深度解析专题【安信诸海滨团队】,诸海滨科新先声
