,2021-12-31,正泰电器：以集中竞价交易方式回购公司股份,资本邦
0,2021-12-31,正泰电器拟出售部分工商业分布式光伏电站项目公司股权 预增净利2.67亿元,上证报
1,2021-12-31,正泰电器斥资6.4亿元回购1242万股，占总股本 0.58%,乐居财经
2,2021-12-31,正泰电器(601877.SH)耗资6.40亿元累计回购1242.33万股,智通财经
3,2021-12-31,正泰电器(601877.SH)：子公司拟将杭阳新能源和81家工商业分布式光伏电站项目公司100%股权转让给宁波风电,格隆汇
4,2021-12-31,正泰电器(601877.SH)截至12月底已累计回购1242.33万股,格隆汇
5,2021-12-31,正泰电器：出售部分工商业分布式光伏电站项目公司股权,Wind
6,2021-12-30,中控技术：正泰电器累计减持比例达1.36% 减持股份,Wind
7,2021-12-30,中控技术(688777.SH)股东正泰电器减持670.25万股 减持股份,智通财经
8,2021-12-30,中控技术(688777.SH)：正泰电器自12月23日累计减持1.36%股份 持股减至6.03% 减持股份,格隆汇
9,2021-12-30,正泰电器：公司2020年户用光伏装机容量1800MW，市占率蝉联第一！,索比光伏网
10,2021-12-29,光伏行业2022年投资策略：全球需求维持高景气 关注边际改善环节,新浪
11,2021-12-29,北向资金年末交投持续低迷净买入逾6亿元，连续4日加仓宁德时代累计扫货超20亿,Wind
12,2021-12-29,"正泰电器：截至2021年三季度末，公司持有集中式光伏电站容量为1,478.04MW",每日经济新闻
13,2021-12-29,正泰电器：2020年度，公司实现太阳能组件销售5.2GW,每日经济新闻
14,2021-12-29,正泰电器：公司2020年度新增户用装机容量超1800MW,每日经济新闻
15,2021-12-29,正泰电器：公司在全球拥有13个生产制造基地,Wind
16,2021-12-29,正泰电器：截至三季度末公司持有集中式光伏电站容量为1478.04MW，持有分布式光伏电站容量为5701.43MW,Wind
17,2021-12-29,正泰电器抛售10个光伏电站,中国能源报
18,2021-12-29,正泰电器旗下诺雅克电气高管变动：郭嵋俊退任董事，刘淼接替 董监高成员变化,乐居财经
19,2021-12-28,中信建投：市场化力量推动，分布式光伏迎接增速拐点,Wind
20,2021-12-27,传闻吓趴光伏板块：正泰电器差点跌出“千亿市值俱乐部”,21经济网
21,2021-12-27,一则传闻拖垮电网板块！2000亿白马股闪崩跌停，机构最新研判来了,新浪
22,2021-12-27,2000亿白马闪崩！中信建投首席怒了：接了一万个电话,Wind
23,2021-12-27,正泰电器闪崩，新能源板块连续下滑,Wind
24,2021-12-25,光伏板块周内股价整体下挫，产业链上游价格持续博弈「光伏周评榜」,华夏时报
25,2021-12-24,1.65亿 正泰电器拟将10个集中式光伏电站项目转让给三峡能源,索比光伏网
26,2021-12-24,A股早报2021年12月24日星期五,Wind
27,2021-12-23,正泰电器：拟将10个集中式光伏电站项目转让给三峡能源,上证报
28,2021-12-23,晚间重要公告2021年12月23日星期四,Wind
29,2021-12-23,正泰电器拟转让杭州泰景100%股权 预增6400万元净利润,上证报
30,2021-12-23,正泰电器出售部分集中式光伏电站，2021年净利润预计将增加6400万,索比光伏网
31,2021-12-23,正泰电器拟1.65亿元转让泰景光伏发电100%股权,乐居财经
32,2021-12-23,正泰电器(601877.SH)：拟以1.65亿元转让杭州泰景100%股权予三峡能源,格隆汇
33,2021-12-23,正泰电器：拟将杭州泰景100%股权转让予三峡能源,财联社
34,2021-12-23,正泰电器：1.65亿元出售部分集中式光伏电站项目公司股权,Wind
35,2021-12-23,产能过剩PK技术变革，光伏行业风险与机遇共存,Wind
36,2021-12-21,连续三年居榜首！正泰电器入选浙江上市公司“最佳内控奖TOP30”,和讯
37,2021-12-20,电气设备行业周报：从新基建角度看电网投资,新浪
38,2021-12-18,中控技术：正泰电器拟减持不超2965万股 拟减持股份,中国经济网
39,2021-12-17,晚间重要公告2021年12月17日星期五,Wind
40,2021-12-17,中控技术(688777.SH)：正泰电器拟减持不超6%股份 拟减持股份,格隆汇
41,2021-12-17,中控技术：正泰电器拟减持不超过总股本6% 拟减持股份,Wind
42,2021-12-17,持仓动向看点多，基金备战跨年行情进退有序,Wind
43,2021-12-16,资本潮涌兴钱塘 A股浙江板块迈入“600+”时代,上证报
44,2021-12-15,光伏企业“承诺收益”暴增 国央企加速抢占农村屋顶,第一财经
45,2021-12-15,中国电研(688128.SH)：减持数过半 正泰电器已大宗交易减持2%股份 减持股份,格隆汇
46,2021-12-15,中国电研：股东浙江正泰电器股份有限公司减持公司股份809万股，本次减持计划的减持数量已过半,每日经济新闻
47,2021-12-15,中国电研：正泰电器累计减持比例达2% 减持股份,Wind
48,2021-12-13,电气设备行业：广东破局储能电价分摊机制改革,新浪
49,2021-12-08,电力设备及新能源行业2022年度投资策略：双碳元年风电光伏坚定成长 储能行业蓄势待发,新浪
50,2021-12-08,电力设备与新能源行业专题策略报告：电动车蓬勃发展 风光储吹响碳中和冲锋号角,新浪
51,2021-12-07,电气设备行业周报：光伏硅片下调报价 产业博弈出现拐点,新浪
52,2021-12-06,电力设备及新能源行业周报：风光大基地二期再加码 装机需求或将迎复苏,新浪
53,2021-12-06,电气设备行业投资策略：回归本质属性的高增长一年 重视供给端变革,新浪
54,2021-12-06,正泰电器荣获2021年度电力科技创新大奖,北极星电力
55,2021-12-06,2021年基金，买了个“寂寞”,Wind
56,2021-12-04,深度*行业*新能源发电行业2022年度策略：奋楫扬帆正当时 抖擞精神再出发,新浪
57,2021-11-30,正泰电器斥资1.2亿元回购232万股，占总股本0.11%,乐居财经
58,2021-11-30,正泰电器：累计回购约232万股，占比0.1078%,每日经济新闻
59,2021-11-30,正泰电器(601877.SH)已累计回购231.74万股 耗资1.2亿元,智通财经
60,2021-11-30,正泰电器(601877.SH)：截至11月30日已累计回购231.74万股,格隆汇
61,2021-11-30,电力设备及新能源行业周报：政策推动分布式规范发展 提升电网智能化水平,新浪
62,2021-11-30,电力电气设备行业：配网：投资加码关键环节 行业景气正当时,新浪
63,2021-11-29,中证指数光伏力量：隆基股份、通威股份、特变电工、福斯特、正泰电器,Ofweek
64,2021-11-29,电力电气设备、公用事业：分布式光伏安全标准征求意见 有望加速行业发展规范化、格局集中化,新浪
65,2021-11-29,电气设备策略：新型电力系统下电网投资回暖 看好结构性投资机遇,新浪
66,2021-11-29,电力电气设备、公用事业：硅片跌幅扩大 政策首提分布式规范化,新浪
67,2021-11-29,中信证券：政策的出台有利于工商业分布式光伏和户用光伏向更加规范的方向发展,证券时报网
68,2021-11-26,总规模9GW+、交易金额超287亿元，2021年光伏电站交易创新高！,北极星电力
69,2021-11-25,正泰电器：以集中竞价交易方式首次回购100.80万股公司股份,发布易
70,2021-11-25,正泰电器拟斥资5150万元回购公司股份约101万股,乐居财经
71,2021-11-25,正泰电器：首次回购约101万股,每日经济新闻
72,2021-11-25,正泰电器(601877.SH)耗资5150.12万元累计回购100.8万股,智通财经
73,2021-11-25,正泰电器(601877.SH)：首次回购 累计耗资5150.12万元回购100.80万股,格隆汇
74,2021-11-25,光伏股二次下探，德业股份、晶澳科技领跌,Wind
75,2021-11-23,【中银电新】新能源发电：美众议院通过刺激法案，新能源需求有望提升,老成之见
76,2021-11-22,正泰电器：拟回购不低于10亿元且不超过20亿元公司股份,每日经济新闻
77,2021-11-22,新能源行业周报：10月出口数据强劲 国内外需求依然无忧,华安证券
78,2021-11-21,碳中和行业(电新+环保)周报：美国新能源车刺激政策有望出台 10月新增光伏装机环比增速转正,光大证券
79,2021-11-19,正泰电器旗下诺雅克电气经营范围新增研发配电开关控制设备等,乐居财经
80,2021-11-19,硬核成果见证标准引领之路！正泰电器获评“全国低压电器标准化杰出贡献奖”,和讯
81,2021-11-18,正泰电器轻资产布局户用光伏 子公司增资10亿引入工行、红杉,贝壳财经
82,2021-11-18,电力设备专题报告(16)：南网发布“十四五”规划：总量温和增长 重心是解决新能源问题、配用电侧建设,新浪
83,2021-11-17,2022年光伏行业投资策略：格局向好成长加速-光伏行业2022年投资策略,新浪
84,2021-11-15,正泰电器：19.72亿出售户用光伏发电系统资产 资产异常,中证网
85,2021-11-15,环保新能源事件点评：两大“双碳”指导性文件落地,新浪
86,2021-11-15,正泰电器(601877.SH)：19.72亿元出售合计493.13MW户用光伏发电系统资产 资产异常,格隆汇
87,2021-11-15,电力电气设备 公用事业行业动态：产业链现跌势 中美光伏贸易摩擦或缓和,新浪
88,2021-11-11,正泰电器：截至2021年11月4日前十大流通股东持股占比63.81%,每日经济新闻
89,2021-11-10,910家公司今年以来回购股份逾千亿元,Wind
90,2021-11-09,中国电研：正泰电器累计减持1%股份，减持数量过半 减持股份,Wind
91,2021-11-09,中国电研：股东正泰电器本次集中竞价减持数量已过半 减持股份,每日经济新闻
92,2021-11-09,中国电研(688128.SH)：正泰电器于11月3日-9日减持1%的股份 减持股份,格隆汇
93,2021-11-09,正泰电器涨超6%，光伏50ETF（159864）涨超2%,资本邦
94,2021-11-08,新能源又迎利好？央行推出碳减排支持工具，哪些股望受益？,财联社
95,2021-11-08,宏发转债：高压直流继电器龙头品种,新浪
96,2021-11-05,家居市值周榜（10.29-11.05）：34家下滑，正泰电器降幅最高,乐居财经
97,2021-11-04,晚间重要公告2021年11月4日星期四,Wind
98,2021-11-04,正泰电器拟回购10亿元-20亿元股份，用于实施员工持股计划,乐居财经
99,2021-11-04,北向资金稳步加仓连续6日净买入，新能源、大消费集体获抢筹,Wind
100,2021-11-04,正泰电器：拟以10亿元-20亿元回购股份,格隆汇
101,2021-11-03,东吴证券维持正泰电器买入评级，2021年三季度报点评：户用光伏表现亮眼，低压经销渠道略有承压，目标价77.4元,每日经济新闻
102,2021-11-03,东吴证券：给予正泰电器买入评级，目标价位77.4元,证券之星
103,2021-11-02,盈利同比下滑近一成，正泰电器今年前三季度净利润27.79亿元 盈利能力下降,资本邦
104,2021-11-02,北向资金连续4日净买入累计扫货近150亿，新能源龙头股集体获抢筹,Wind
105,2021-11-01,公募三季度全景图绘出， “百亿俱乐部”规模缩水,Wind
106,2021-11-01,图解正泰电器三季报：第三季度单季净利润同比减24.50% 盈利能力下降,证券之星
107,2021-11-01,聪明资金最新动向揭秘，风格紧急切换氢能源概念股，重金杀入3只大白马股，大幅加仓19股,证券之星
108,2021-11-01,公募三季度全景图绘出“百亿俱乐部”规模缩水,Wind
109,2021-10-30,光伏板块全线爆发，正泰电器上涨17.73%「光伏周评榜」,华夏时报
110,2021-10-29,正泰电器第三季度营收同比增长43%,上证报
111,2021-10-29,正泰电器(601877.SH)：第三季度净利降24.50%至9.34亿元 盈利能力下降,格隆汇
112,2021-10-29,正泰电器：三季度营收同比增长43.68% 新能源业务持续发力,中证网
113,2021-10-29,正泰电器公布三季报 前三季净利减少8.84% 盈利能力下降,新浪
114,2021-10-29,正泰电器第三季度净利9.34亿元，同比减少24.5% 盈利能力下降,乐居财经
115,2021-10-29,正泰电器：前三季度净利润同比减少8.84% 盈利能力下降,Wind
116,2021-10-28,沪港通十大成交活跃股排名（10月28日）,Wind
117,2021-10-28,A股早报2021年10月28日星期四,Wind
118,2021-10-27,涨停板解密：政策利好，新能源产业个股逆市爆发！（10月27日）,Wind
119,2021-10-27,深度*行业*新能源发电行业动态点评：政策体系趋明 风光需求无忧,新浪
120,2021-10-27,新能源、环保领域碳中和动态追踪(三十三)：国务院印发碳达峰行动方案 风光储+循环经济助力降碳行动,光大证券
121,2021-10-27,金风科技、正泰电器、日月股份涨停，机械ETF（516960）涨超1.2%,资本邦
122,2021-10-27,快讯：正泰电器涨停 报于59.4元,金融界
123,2021-10-27,正泰电器涨停，光伏50ETF（516880）上涨超2%,资本邦
124,2021-10-27,正泰电器涨超7%，光伏50ETF（159864）涨超1%,资本邦
125,2021-10-27,碳中和概念炒作卷土重来，正泰电器、天赐材料、上海电力涨超7%,Wind
126,2021-10-26,顶流基金经理三季度持仓出炉，他们重仓这些股！,国际金融报
127,2021-10-26,明星基金三季度调仓观察：冯明远减仓宁德时代，葛兰加仓爱尔眼科,第一财经
128,2021-10-26,特斯拉刷屏，坚定两点看法,每日经济新闻
129,2021-10-26,傅鹏博、赵诣、冯明远、林英睿、赵枫持仓思路各有不同,Wind
130,2021-10-25,电气设备周报：国家能源局积极推动风电光伏 9月户用光伏装机量超预期,新浪
131,2021-10-25,碳中和行业(电新+环保)周报：华为签约全球最大储能项目 海外车企积极拥抱磷酸铁锂,光大证券
132,2021-10-25,9月光伏装机量点评：9月光伏装机同比大增 持续看好行业,新浪
133,2021-10-18,电气设备周报：光伏产业链价格上涨 需求逻辑全面兑现,新浪
134,2021-10-17,光伏10月景气研判：蓄势上扬,新浪
135,2021-10-14,券商营业部实力大比拼！中金成最强黑马，这家中小券商挤入前三,Wind
136,2021-10-14,股票交易龙虎榜百强营业部出炉，华泰、中信数量最多,Wind
137,2021-10-11,北向资金今日小幅净买入1.87亿元，药明康德、招商银行净买入超3亿元,Wind
138,2021-10-11,电力设备及新能源行业周报：风光基地建设推进 电网结构机会明确,新浪
139,2021-10-10,电气设备行业周报：基本面强势得验证 继续看好新能源,新浪
140,2021-10-08,正泰电器：员工持股计划所持有的公司股票全部出售完毕,每日经济新闻
141,2021-10-01,顶流海外中国基金最新动向曝光！节后A股怎么投？,Wind
142,2021-10-01,抄底茅台，狂买银行！顶流海外中国基金最新动向曝光！,Wind
143,2021-09-29,【中原电气设备】光伏行业周报：能耗双控，产业链价格上涨,中原证券研究所
144,2021-09-28,碳中和系列点评之十七：深化能源领域“放管服”改革 加快以新能源为主体的新型电力系统建设,新浪
145,2021-09-28,488.61MW！“整县推进”背景下的首单交易出炉！正泰发布户用资产出售公告！ 资产异常,新能源网
146,2021-09-27,光伏板块重回强势，硅料涨势不止,华夏时报
147,2021-09-27,电力设备及新能源行业周报：主辅材价格强势 电网结构机会明确,新浪
148,2021-09-27,电力设备行业动态分析：新能源车销量稳定上行 风电增长确定性强化,新浪
149,2021-09-27,A股异动 | 中国电研(688128.SH)跌逾5% 股东正泰电器拟减持不超6%公司股份 拟减持股份,格隆汇
150,2021-09-26,电气设备新能源行业周报：二线电池价格探涨缓解成本压力 8月新能源装机超市场预期,新浪
151,2021-09-25,东方雨虹：目前公司与正泰电器、中来股份尚未就光伏屋面项目开展合作,每日经济新闻
152,2021-09-25,Wind风控日报2021年9月25日星期六,Wind
153,2021-09-25,上市公司正负面新闻2021年9月25日星期六,Wind
154,2021-09-24,晚间重要公告2021年9月24日星期五,Wind
155,2021-09-24,晚间公告｜9月24日这些公告有看头,第一财经
156,2021-09-24,正泰电器(601877.SH)拟出售总装机容量不超3000MW 户用光伏发电系统资产,智通财经
157,2021-09-24,正泰电器：拟出售部分户用光伏发电系统资产 总装机容量不超过3000MW 资产异常,e公司
158,2021-09-24,正泰电器：授权公司管理层办理户用光伏发电系统资产出售 资产异常,Wind
159,2021-09-24,中国电研(688128.SH)主要股东正泰电器拟减持不超过2427万股 拟减持股份,智通财经
160,2021-09-24,中国电研：持股9.35%的股东浙江正泰电器股份有限公司拟减持不超过6% 拟减持股份,新浪
161,2021-09-24,中国电研：正泰电器拟减持公司6%股份 拟减持股份,e公司
162,2021-09-24,中国电研：正泰电器拟减持公司股份不超6% 拟减持股份,Wind
163,2021-09-24,正泰电器签1556MW光伏电站协议，二季度社保基金增持868万股,阿尔法工场
164,2021-09-23,储能风口进行时|近半年涨幅超过70%，正泰电器正渐入佳境？,财华社
165,2021-09-23,晚间重要公告2021年9月23日星期四,Wind
166,2021-09-23,正泰电器子公司与多地政府部门签署屋顶分布式光伏电站开发合作协议,上证报
167,2021-09-23,正泰电器(601877.SH)：控股子公司就推进整县屋顶分布式光伏开发试点工作与多地相关政府部门签署合作框架协议,格隆汇
168,2021-09-23,正泰电器：控股子公司与多地相关政府部门签署了合作框架协议,Wind
169,2021-09-22,跌宕起伏！光伏行业基本面是否生变？（名单）,Wind
170,2021-09-17,锂电股突然大跌的原因找到了！公募基金紧急解盘,Wind
171,2021-09-17,证监会重磅发声！“基金大跌”冲上热搜，节前A股能否企稳？,Wind
172,2021-09-16,锂矿三巨头集体跌停！机构“有点懵”,Wind
173,2021-09-16,A股又跳水！一则大消息，最强赛道掀跌停潮,Wind
174,2021-09-16,A股收盘综述：锂、光伏、稀土等大幅调整，统筹保障动力电池资源供应消息引起波澜,Wind
175,2021-09-16,快讯：正泰电器跌停 报于51.91元,金融界
176,2021-09-15,电气设备行业跟踪报告：“双碳”目标呼唤灵活性与智能化,新浪
177,2021-09-15,光伏行业重大事项点评：整县项目超预期 分布式增长再加速,新浪
178,2021-09-15,电力电气设备、公用事业行业动态：整县分布式名单下发 国内光伏需求再加码,新浪
179,2021-09-14,万亿养老金重仓股揭晓！去年投资收益率超10%,Wind
180,2021-09-13,电力设备新能源行业周报：电池龙头加大布局力度 光伏装机四季度旺季确定性高,新浪
181,2021-09-13,电力设备及新能源行业周报：电网3500亿美元投资 推进新型电力系统建设,新浪
182,2021-09-12,光伏股抱团跳水，正泰电器下跌6.03%「光伏周评榜」,华夏时报
183,2021-09-10,A股市场流动性热点跟踪：8月外资流入复盘,新浪
184,2021-09-10,电气设备行业事件点评：绿色电力交易正式开启 利好风电光伏健康发展,新浪
185,2021-09-10,正泰电器通过国家工业互联网平台功能性能综合评测,财联社
186,2021-09-06,电力设备与新能源行业周观察：欧洲五国电动车渗透率环比提升 风光储发展空间可期,新浪
187,2021-09-06,三大热门赛道财报透视，高研发投入下业绩迎爆发,Wind
188,2021-09-04,专访正泰电器董事长南存辉：减排已成全社会共识，发展新能源产业助力实现“双碳”目标,每日经济新闻
189,2021-09-02,快讯：正泰电器涨停 报于62.8元,金融界
190,2021-09-01,快讯：正泰电器跌停 报于56.66元,金融界
191,2021-09-01,上机数控(603185)：单晶硅片产能扩建迅猛 业绩持续高增长,国联证券
192,2021-09-01,新能源行业周报：下半年建议关注涨价行情和政策利好板块,华安证券
193,2021-09-01,光伏板块跌幅加深，隆基、通威、阳光电源、中环、福斯特等集体下挫,Wind
194,2021-08-31,电力电气设备、公用事业行业动态：需求支撑全产业链价格维持涨势,新浪
195,2021-08-31,2021年9月十大金股：风格再平衡 以景气对冲宏观不确定性,光大证券
196,2021-08-31,新能源、环保领域碳中和动态追踪(二十八)：光伏政策有望超预期 需求提振利好全产业链,光大证券
197,2021-08-30,山西证券首予正泰电器增持评级：低压电器销售稳步增长，政策助力户用业务有望高增,每日经济新闻
198,2021-08-30,电力设备及新能源行业周报：需求驱动涨价 光伏景气度有望持续,新浪
199,2021-08-30,一图看懂正泰电器2021半年度报告,工业电器网
200,2021-08-30,正泰电器(601877)：低压发展超预期 整县分布式利好户用业务,新浪
201,2021-08-30,电气设备行业周报：再看光伏的持续性,新浪
202,2021-08-30,电力设备与新能源行业周观察：宁德时代储能业务快速成长 风电行业变化正当时,新浪
203,2021-08-30,解盘：资源科技强势，光伏屋顶、新能源、小金属、大飞机领涨,Wind
204,2021-08-29,东吴证券维持正泰电器买入评级，2021年中报点评：低压直销高速增长，户用光伏借势起航,每日经济新闻
205,2021-08-29,中银证券维持正泰电器买入评级：低压电器多点突破，户用业务高速增长,每日经济新闻
206,2021-08-28,【东吴电新】正泰电器2021年中报点评：低压直销高速增长，户用光伏借势起航,新兴产业汇
207,2021-08-28,中泰证券维持正泰电器增持评级：业绩符合预期，低压&户用龙头稳健扩张,每日经济新闻
208,2021-08-27,【方正电新】正泰电器上半年业绩点评：户用龙头持续进击，低压直销快速放量,申建国电新团队
209,2021-08-27,安信证券维持正泰电器买入评级：业绩符合预期，双轮驱动亮点纷呈，目标价70元,每日经济新闻
210,2021-08-27,正泰电器半年度报告！二季度业绩喜人,证券之星
211,2021-08-27,正泰电器：业绩符合预期，双轮驱动亮点纷呈【安信电新】,电新邓永康团队
212,2021-08-27,资金决定市场方向：北上加码买入，两融迭创新高,Wind
213,2021-08-27,正泰电器披露2021半年报：抢抓“双碳”机遇，户用光伏业务势头强劲,中国经济网
214,2021-08-27,正泰电器：就推进整县屋顶分布式光伏开发签署合作协议,财联社
215,2021-08-27,电力电气设备行业动态：2Q21海外光伏回顾：涨价接受度提升 看好3Q起供应链压力边际改善,新浪
216,2021-08-26,正泰电器上半年实现净利润18.44亿元 户用光伏保持高速增长,中证网
217,2021-08-26,正泰电器今日大宗交易成交3.81万股，成交价54.11元溢价0.0%,Wind
218,2021-08-26,茅台“降价”吓趴白酒，两大主力资金却连续加仓,Wind
219,2021-08-26,正泰电器：2021年半年度净利润约18.44亿元，同比增加1.86%,每日经济新闻
220,2021-08-26,正泰电器2021年上半年实现净利润19.84亿元，同比小幅增长4.54%,经济观察网
221,2021-08-26,正泰电器(601877.SH)上半年净利微升1.86%至18.44亿元,格隆汇
222,2021-08-26,正泰电器：上半年净利润同比增长1.86%,Wind
223,2021-08-25,腾讯、阿里、京东、美团集体躁动，港股又到布局时点？,Wind
224,2021-08-23,电气设备行业周报：光伏出口那些事儿,新浪
225,2021-08-21,捷捷微电(300623)公司信息更新报告：2021H1业绩符合预期 产品结构优化明显,新浪
226,2021-08-17,电力设备及新能源行业周报：需求回暖驱动光伏涨价 关注风电、电网配置价值,新浪
227,2021-08-16,新能源行业周报：储能政策再出台 三四季度装机需求将持续高增,华安证券
228,2021-08-16,电气设备行业周报：光伏硅料价格箱体震荡 下游需求持续向好,新浪
229,2021-08-16,79股获券商买入评级，龙马环卫目标涨幅达79.71%,Wind
230,2021-08-16,揭秘各路机构“心动股” 新能源赛道最受追捧,证券时报
231,2021-08-14,主力资金最钟情股来了！谁是新晋心动股，谁是主力“心头肉”，30只“长情股”名单出炉,证券时报网
232,2021-08-14,正泰电器(601877)首次覆盖报告：市场放量在即 分布式建设运营龙头再起航,光大证券
233,2021-08-13,正泰电器股价涨6.3% 现报55.88元,乐居财经
234,2021-08-12,电气设备行业点评报告：储能(三大弹性方向之后周期)再迎利好 发电侧政策出台,新浪
235,2021-08-11,天正电气(605066)：直销经销双轮驱动 低压电器龙头增长加速,新浪
236,2021-08-10,光伏系列报告(四十二)：整县推进模式有望激活分布式市场,新浪
237,2021-08-10,正泰电器成立智慧低碳科技公司，注册资本5000万,搜狐
238,2021-08-10,正泰电器股价涨5.7% 现报54.95元,乐居财经
239,2021-08-10,风格切换？机构：硬科技仍是主线，寻找高性价标的,Wind
240,2021-08-10,市场风格轮动切换，机构提示热门赛道拥挤风险,Wind
241,2021-08-09,孕育十家千亿企业后，光伏还有哪些期待？,Ofweek
242,2021-08-09,正泰电器(601877)：因为相信 所以看见,新浪
243,2021-08-09,正泰电器股价涨5.1% 现报53.57元,乐居财经
244,2021-08-09,安信证券维持正泰电器买入评级：因为相信，所以看见—再论正泰电器投资价值，目标价70元,每日经济新闻
245,2021-08-09,正泰电器·重磅深度：因为相信，所以看见——再论正泰电器投资价值【安信电新】,电新邓永康团队
246,2021-08-08,福莱特股价涨幅高达24.36%，正泰电器、晶澳科技市值超千亿「光伏周评榜」,华夏时报
247,2021-08-06,正泰电器盘中快速下跌,新浪
248,2021-08-06,正泰电器等71股近五日获机构净买入,证券时报网
249,2021-08-06,北向资金动向盘点：谁接谁的盘，谁抄谁的底？,Wind
250,2021-08-05,浙江区域股市周报：和达科技跌出板块市值10强 54家机构调研迪普科技,每日经济新闻
251,2021-08-05,长江证券：维持正泰电器(601877.SH)“买入”评级 整县推进方案助力用户业务成长,智通财经
252,2021-08-05,正泰电器大涨,新浪
253,2021-08-05,新政助力户用光伏加速拓展 正泰电器新增980MW意向装机容量,财联社
254,2021-08-04,每日市场热点分析,新浪
255,2021-08-04,江特电机等74股近五日获机构净买入,证券时报网
256,2021-08-04,正泰电器(601877)：出奇制胜 户用为先,新浪
257,2021-08-04,正泰电器涨停市值突破千亿，成第十家千亿光伏企业,证券之星
258,2021-08-04,正泰电器：签署合作框架协议 推进整县屋顶分布式光伏开发试点,财联社
259,2021-08-04,正泰电器(601877.SH)：就推进整县屋顶分布式光伏开发试点工作与相关政府部门签署合作框架协议,格隆汇
260,2021-08-04,正泰电器收报47.77元涨10.0% 总市值1027.0亿元,乐居财经
261,2021-08-04,A股收盘综述：创业板指涨2.47%，新能源车产业链掀起炒作大潮,Wind
262,2021-08-04,解盘：资金回流市场人气不减，锂电、稀土、新能源领涨,Wind
263,2021-08-04,正泰电器市值突破1000亿元！,北极星电力
264,2021-08-02,正泰电器龙虎榜数据(8月2日）,Wind
265,2021-08-02,兴业证券：7月金股组合亏损2.87% 8月荐股名单出炉 亏损,新浪
266,2021-08-02,机构3日爆买4.7亿 这家公司叠加储能+光伏+自动化三大热点！,证券之星
267,2021-08-02,龙虎榜丨机构今日抛售这17股，买入正泰电器4.68亿元,第一财经
268,2021-08-02,正泰电器：连续3个交易日收盘价格涨幅偏离值累计超过20%,发布易
269,2021-08-02,8月2日主力资金净流出26亿元,证券时报网
270,2021-08-02,正泰电器入选“2020中国上市公司高质量发展百强榜”,工业电器网
271,2021-08-02,交易异动！正泰电器：近3个交易日上涨30.03%,每日经济新闻
272,2021-08-02,正泰电器(601877.SH)股价异动 不存在应披露而未披露事项,智通财经
273,2021-08-02,电力设备及新能源行业周报：风光景气度持续回升 政策驱动储能发展,新浪
274,2021-08-02,基础材料、机械、电力电气设备行业2Q21持仓及陆港通分析：公募持仓大幅提升 超配新能源,新浪
275,2021-08-02,杠杆资金重仓股曝光 正泰电器居首,第一财经
276,2021-08-02,A股早报2021年8月2日星期一,Wind
277,2021-07-30,7月30日主力资金净流出257亿元,证券时报网
278,2021-07-30,电力设备及新能源行业储能与新能源发展跟踪：分时电价机制点评-分时电价政策出台 “软”因素支持储能发展,新浪
279,2021-07-30,涨停板解密：资金抢入，三大板块个股掀涨停潮！（7月30日）,Wind
280,2021-07-30,储能概念全线爆发，科信技术等多股涨停,Wind
281,2021-07-30,每日市场热点分析,新浪
282,2021-07-30,A股早报2021年7月30日星期五,Wind
283,2021-07-30,连ETF都涨停！万亿巨头有重磅动作，A股后市怎么走,Wind
284,2021-07-29,涨停板解密：两板块个股现涨停潮！（7月29日）,Wind
285,2021-07-29,国社罕见深夜喊话，A50强劲反弹近3%,Wind
286,2021-07-28,39股主力资金净流入超亿元,中国财富网
287,2021-07-28,热门光伏板块两日跌8%，5张图看清其业绩、债务和估值风险情况,Wind
288,2021-07-28,A股缩量十字星，北上资金80亿抄底，市场稳了？,Wind
289,2021-07-27,"正泰电器现1笔大宗交易 共成交1,172.36万元",新浪
290,2021-07-27,正泰电器今日大宗交易成交32.30万股，成交价36.3元溢价0.0%,Wind
291,2021-07-27,天正电气(605066)：市场开拓新突破 业绩进入加速期,新浪
292,2021-07-23,储能风口进行时|华为披荆斩棘，带来哪些掘金机遇？,财华社
293,2021-07-23,【行情】光伏建筑板块短线拉升，秀强股份涨超13%，双杰电气、天合光能、正泰电器跟涨,金十数据
294,2021-07-20,电力设备新能源行业2021年中报业绩前瞻：“双碳”驱动电动化加速 新能源发电需求持续向好,新浪
295,2021-07-20,正泰电器加码分布式光伏，股价将赶超其他龙头？,Ofweek
296,2021-07-20,正泰电器现1笔大宗交易 共成交282.95万元,新浪
297,2021-07-20,正泰电器：子公司拟引进投资者增资10亿元 促进分布式光伏业务发展,北极星电力
298,2021-07-20,中信建投证券：维持正泰电器(601877.SH)“买入”评级 户用装机高增 新能源业务持续增长,智通财经
299,2021-07-19,正泰电器(601877)：双轮驱动 稳健增长,新浪
300,2021-07-19,正泰电器：正泰安能拟增资扩股引进投资者增资总金额为10亿元,发布易
301,2021-07-19,正泰电器(601877.SH)子公司正泰安能拟增资扩股引进投资者,智通财经
302,2021-07-19,正泰电器(601877.SH)：为促进分布式光伏业务发展正泰安能拟引进投资者增资10亿元,格隆汇
303,2021-07-16,电气设备行业：分布式光伏试点政策推进 铁锂电池助力爆款车型,广发证券
304,2021-07-12,电力电气设备、公用事业行业：硅料成交价首次松动 看好开工率持续修复,新浪
305,2021-07-12,电力设备及新能源行业周报：风电板块配置价值凸显 新型电力系统长期空间可期,新浪
306,2021-07-10,正泰电器：大力推广BIPV光伏建筑一体化，实现清洁能源“身边取”,e公司
307,2021-07-09,众业达：公司商城有销售一小部分正泰产品,Wind
308,2021-07-09,乐清启动浙江首个地方碳普惠市场建设，正泰集团等四方签订协议,Wind
309,2021-07-07,温州10家企业及2个产业基地上榜省级名单,钢企网
310,2021-07-06,电气设备行业周报：硅料龙头加速扩产 价格下降有望释放需求,华安证券
311,2021-07-06,电力电气设备、公用事业行业：硅片电池报价下调 看好下游开工率回升,新浪
312,2021-07-05,电气设备行业周报：中游排产维持高景气 电动车大行情延续,新浪
313,2021-07-05,电力设备新能源行业周报：新势力6月销量创新高 多省份发布整县推进申报方案,新浪
314,2021-07-04,电力设备行业：全球电动化呼啸前行 光伏多环节价格松动,新浪
315,2021-07-04,工控&电力设备行业2020年中期投资策略：工控高景气和进口替代加速 新型电力系统结构变化,新浪
316,2021-06-30,电力电气设备、公用事业、节能环保行业2H21电力新能源策略：聚焦光伏转折 关注新能源运营长期成长性,新浪
317,2021-06-30,新能源行业：硅片降价周期启动需求或好于预期 分布式光伏爆发助力碳中和-行业点评,新浪
318,2021-06-29,正泰电器：公司全资子公司上海正泰电源系统有限公司为新能源及电力行业提供性能优异的光伏逆变与储能变流等设备，满足不同类型项目的需求,每日经济新闻
319,2021-06-29,电力电气设备 公用事业：硅片价格松动 广西存量项目可延期并网 项目问题,新浪
320,2021-06-29,电力设备新能源行业周观察：电动与智能共振中游景气向上 1-5月户用光伏装机超预期,新浪
321,2021-06-29,120家光伏概念股再上涨；上能电气上周涨幅31%，天合光能、正泰电器、通威股份、锦浪科技、固德威等上扬,中国能源网china5e
322,2021-06-28,智能工厂 | 上市十年，正泰电器以创新驱动发展、数字化升级，“拓宽”企业护城河,新浪
323,2021-06-28,电力设备及新能源行业周报：光伏需求望复苏 风电配置价值凸显,新浪
324,2021-06-28,电力电气设备、公用事业行业：上游涨价企稳+政策利好 光伏行情持续演绎,新浪
325,2021-06-28,电气设备行业周报：政策推进利好分布式装机 5月需求持续向好,华安证券
326,2021-06-28,电力设备与新能源21H2投资策略：对电动车板块超配 光伏拐点初现,智通财经
327,2021-06-25,北向资金本周爆买A股超200亿，连续加码金融股,Wind
328,2021-06-25,电气设备行业跟踪报告：整县推进分布式光伏试点 利好分布式光伏市场,新浪
329,2021-06-25,正泰电器盘中快速上涨,新浪
330,2021-06-25,别看表面波澜不惊，万亿风口来临？277亿惨烈博弈，“巨无霸”上演“天地板”,和讯
331,2021-06-25,【东吴晨报0625】【行业】电新【个股】波司登、奥特维,东吴研究所
332,2021-06-24,两市全天共58只股涨停，电气部件与设备行业成最大赢家,Wind
333,2021-06-24,光伏板块嗨了：社保QFII坚守的正泰电器涨停 6月来硫酸钾价格大涨,每经牛眼
334,2021-06-24,电力电气设备、公用事业行业：整县分布式试点方案下发 有望成零碳关键,新浪
335,2021-06-24,近20股涨停，市场空间有望达万亿，光伏建筑一体化概念为何如此火爆丨行业风口,第一财经
336,2021-06-24,电力设备及新能源行业重大事项点评：推进整县光伏试点 分布式集约化发展加速,新浪
337,2021-06-24,光伏行业点评：分布式光伏开发试点启动 屋顶光伏高增开启,新浪
338,2021-06-24,新能源、环保领域碳中和动态追踪(十六)：规模化开发分布式光伏成未来趋势 需求加速放量全产业链将受益,光大证券
339,2021-06-21,工控5月月报：工控需求高增、进口替代加速,新浪
340,2021-06-21,电力设备及新能源行业周报：关注新能源和制造业的边际变化,新浪
341,2021-06-20,电力设备新能源周观察：电动车中游景气向上 硅料产业链博弈或将结束,新浪
342,2021-06-18,从探索到领跑 | 正泰电器入选浙江省首批内外贸一体化“领跑者”企业培育名单,工业电器网
343,2021-06-15,电力设备及新能源行业周报：政策推动新能源发展 自动化景气有望延续,新浪
344,2021-06-15,电力电气设备、公用事业行业：项目电价及开发规则利好 光伏迎积极拐点,新浪
345,2021-06-15,【方正电新｜周观点】锂电5月磷酸铁锂产量占比超60%，广东海风政策好于预期,申建国电新团队
346,2021-06-11,光伏发电成本降80%，平价上网悄然而至,Wind
347,2021-06-11,电力电气设备、公用事业行业：光伏产业呼吁价格理性 板块迎来积极拐点,新浪
348,2021-06-11,发改委调整新能源上网电价政策，机构建议三条路径布局投资机会,第一财经
349,2021-06-09,【晨观方正】宏观/家电/电新/环保/科技&电子/食品饮料/建材建筑 20210609,新浪
350,2021-06-08,电力设备行业动态分析：欧洲电车持续繁荣 光伏展热点不断,新浪
351,2021-06-03,光伏板块走弱，隆基、通威、阳光电源、福斯特、福莱特、正泰电器齐跌,Wind
352,2021-06-02,新能源与电力设备行业周报：美国电动车补贴力度空前 中游机会正在提前,新浪
353,2021-06-02,百年大党的支部力量丨正泰集团：红色力量扛起双重责任,新浪
354,2021-05-31,中国电研：浙江正泰电器股份有限公司减持计划完成，减持约117万股,每日经济新闻
355,2021-05-31,中国电研(688128.SH)：减持期届满 正泰电器累计减持116.6392万股 减持股份,格隆汇
356,2021-05-31,【方正电新｜周观点】美国新能源补贴提案超预期，光伏产业链价格持续上涨,申建国电新团队
357,2021-05-31,电力设备及新能源行业周报：光伏产业链涨价趋势下 关注新技术和新应用,新浪
358,2021-05-28,电气设备行业：大宗材料涨价下电气元器件龙头的应对之法,新浪
359,2021-05-28,电力电气设备、公用事业行业：数据中心配套新能源 利好新增装机和消纳,新浪
360,2021-05-26,正泰电器：控股子公司对外担保,Wind
361,2021-05-25,中泰证券--电力设备新能源周观察：产业链价格再迎上调，光伏海内外持续高景气【行业研究】,金融界股吧
362,2021-05-24,电力设备及新能源行业周报：硅料价格持续上涨 产业盈利继续分化,新浪
363,2021-05-24,光伏行业周报：硅片电池涨价提速,新浪
364,2021-05-24,【方正电新丨周观点】光伏材料价格全线上涨，新能源车相关政策持续推进,申建国电新团队
365,2021-05-23,牵手正泰电器 星帅尔获约百亿级光伏组件大单,上证报
366,2021-05-23,安信电新：锂电材料验证板块高景气，新政落地风光起量在即,科创板日报
367,2021-05-23,电气设备周观点：产业链价格再迎上调 光伏海内外持续高景气,新浪
368,2021-05-21,上机数控(603185)：再签51亿元硅料长单 保障原材料供应,国联证券
369,2021-05-20,电力设备行业动态跟踪报告：该如何看待原材料价格上涨对低压电器企业的影响？,新浪
370,2021-05-20,工控月报：工控需求高增、进口替代加速,新浪
371,2021-05-19,国家电网再提新型电力系统 这几条投资主线值得关注丨牛熊眼,第一财经
372,2021-05-19,[路演]中国电研：正泰电器减持系其自身资金安排所需 减持股份,全景网
373,2021-05-19,正泰电器：业绩符合预期，低压电器龙头加速扩张,Ofweek
374,2021-05-19,正泰电器上调8类低压电器产品价格,国际电力网
375,2021-05-18,电力设备新能源周观察：4月新能源汽车销量符合预期 继续看好板块行情,新浪
376,2021-05-17,公牛集团盈利原地踏步，正泰电器4亿现金扛380亿债|年报对比⑩,乐居财经
377,2021-05-17,电力设备：电车景气依旧 光伏拐点已现,新浪
378,2021-05-13,千亿大白马遭反垄断调查，高瓴社保踩雷！紧急回应来了,Wind
379,2021-05-12,中国最低调的行业冠军：一年净利超过99%的制造企业,I黑马
380,2021-05-11,正泰电器(601877)：户用光伏高速增长 低压电器增长超预期,国联证券
381,2021-05-11,上机数控(603185)：单晶硅片出货放量 一季度业绩大幅增长,国联证券
382,2021-05-11,我国可再生能源装机规模稳步扩大，后市如何捕捉投资主线,第一财经
383,2021-05-10,【方正电新丨周观点】欧洲新能车增势持续强劲，央企光伏组件开标逐步推进,申建国电新团队
384,2021-05-10,正泰电器：员工持股计划专用证券账户持有股票1780万股，员工持股计划锁定期将于5月12日届满,每日经济新闻
385,2021-05-10,正泰电器(601877.SH)员工持股计划锁定期届满,智通财经
386,2021-05-10,电力设备及新能源行业周报：硅料盈利有望超预期 持续关注电气龙头,新浪
387,2021-05-10,电力设备及工控2020年年报及2021年一季报总结：2020业绩高增 工控21Q1延续高景气,新浪
388,2021-05-10,【电新*曾朵红】深度：工控&电力设备行业2020年报&一季报总结——工控龙头Q1再超市场预期持续向好，电网龙头表现平稳,东吴研究所
389,2021-05-08,正泰聘任新副总裁，曾任施耐德电气销售总监,中国房地产网
390,2021-05-08,正泰电器(601877)年报&一季报点评：低压整装再出发 光伏户用新篇章,新浪
391,2021-05-07,【东吴电新】年报&季报总结：工控龙头Q1再超市场预期持续向好，电网龙头表现平稳,新兴产业汇
392,2021-05-07,中银国际：维持正泰电器“买入”评级，低压电器与光伏业务双轮驱动,乐居财经
393,2021-05-07,正泰电器(601877)：直销、户用爆发力显现 Q1高增兑现,新浪
394,2021-05-06,中银晨会聚焦,新浪
395,2021-05-06,国联证券：正泰电器(601877.SH)户用光伏高速增长，给予“持有”评级,智通财经
396,2021-05-06,【电新】正泰电器—经营业绩保持稳健，户用龙头地位稳固,中银证券研究
397,2021-05-01,研究 | 浙江新能路演推至节后预测一季度业绩负增长 上市背后或遭“七连问” 盈利能力下降,中金在线
398,2021-04-30,正泰电器：整体经营稳健，渠道体系变革初见成效 【安信电新】,电新邓永康团队
399,2021-04-30,券商首次关注8股并给予买入评级（4月30日）,Wind
400,2021-04-29,【方正电新】正泰电器：业绩稳定增长，低压电器+户用光伏双轮驱动,申建国电新团队
401,2021-04-29,上市公司炒股悲喜剧：谁赚钱了，谁又亏钱了？ 投资失误,第一财经
402,2021-04-29,首创证券给予正泰电器买入评级：低压再上层楼，光伏高增可期,每日经济新闻
403,2021-04-29,平安证券维持正泰电器推荐评级：业绩符合预期，龙头稳健增长,每日经济新闻
404,2021-04-29,正泰电器：财务费用大幅增长91% | 年报拆解,乐居财经
405,2021-04-29,正泰电器：毛利率两连降，负债率连续三年攀升 | 年报拆解 偿债能力下降,乐居财经
406,2021-04-29,正泰电器：经营现金流、投资现金流双双下滑 | 年报拆解 盈利能力下降,乐居财经
407,2021-04-29,正泰电器(601877)：Q1业绩超预期 低压电器龙头加速扩张,新浪
408,2021-04-29,中泰证券：正泰电器（601877.SH）Q1业绩超预期，维持“增持”评级,智通财经
409,2021-04-29,低压电器及新能源产业协同发展 正泰电器2020年净利增长7成,上证报
410,2021-04-28,正泰电器：2020年度净利润约64.27亿元，同比增加70.85%,每日经济新闻
411,2021-04-28,正泰电器：2021年第一季度净利润约1.21亿元，同比下降64.52% 盈利能力下降,每日经济新闻
412,2021-04-28,正泰电器聘任刘淼为公司副总裁 曾任施耐德电气销售总监,每日经济新闻
413,2021-04-28,正泰电器(601877.SH)：一季度净利降64.52%至1.21亿元 盈利能力下降,格隆汇
414,2021-04-28,正泰电器(601877.SH)：2020年度净利升70.85%至64.27亿元 拟10派5元,格隆汇
415,2021-04-28,正泰电器(601877.SH)一季度光伏电站电费收入达8.21亿元,智通财经
416,2021-04-28,正泰电器：2020年净利润同比增长70.85%,Wind
417,2021-04-28,正泰电器：一季度净利润同比减少64.52% 盈利能力下降,Wind
418,2021-04-27,电力设备行业点评：施耐德发布1Q21业绩 中国区能效管理业务两位数增长,新浪
419,2021-04-26,电力设备新能源周观察：2025风光电量占比明确 行业维持高景气,新浪
420,2021-04-26,电气设备行业周报：顶层设计之下的国内储能新起点,新浪
421,2021-04-21,安信证券--电力设备行业动态分析：ARCFOX上市！从造车盛宴观电动车提速【行业研究】,金融界股吧
422,2021-04-16,A股早报2021年4月16日星期五,Wind
423,2021-04-16,上市公司正负面新闻2021年4月16日星期五,Wind
424,2021-04-15,晚间重要公告2021年4月15日星期四,Wind
425,2021-04-15,正泰电器(601877.SH)：拟向亿利洁能收购正利新能源49%股权,格隆汇
426,2021-04-15,正泰电器：子公司拟2.48亿元收购亿利洁能持有正利新能源49%股权,格隆汇
427,2021-04-15,每日全球并购：赛默飞世尔拟超150亿美元收购PPD，贝恩资本将联手CVC竞购东芝（04/15）,晨哨网
428,2021-04-12,电力板块持续拉升，机构建议四主线把握投资机遇丨牛熊眼,第一财经
429,2021-04-12,电力设备及新能源行业周报：210电池片硅成本优势显现 市场份额有望提升,新浪
430,2021-04-12,电力设备新能源周观察：电动化趋势加速 拥抱行业高景气,新浪
431,2021-04-11,【方正电新丨周观点】3月动力电池装机量9.0GWh环增61.3%，光伏户用度电补贴延续,申建国电新团队
432,2021-04-09,光伏系列（41）：BIPV有爆发迹象，将是光伏下一个重要应用,电新产业研究
433,2021-04-09,电力电气设备、公用事业行业：发改委就2021年新能源上网电价征求意见 户用享受平价过渡补贴,新浪
434,2021-04-09,盘前有料丨住建部约谈广州等5城政府负责人；今日3只新股申购…重要消息还有这些,证券时报
435,2021-04-09,安信证券：继续重点推荐光伏和风电产业链投资机会，光伏建议把握4条主线,Wind
436,2021-04-09,安信证券：继续重点推荐光伏和风电产业链投资机会 光伏建议把握4条主线,证券时报网
437,2021-04-09,新能源上网政策 利好相关产业链,财富动力网
438,2021-04-08,电力设备行业：发改委发布2021年新能源上网电价征求意见稿 继续重点推荐,新浪
439,2021-04-08,自动化系列（8）：自动化行业再现复苏，进入新的品牌塑造期,电新产业研究
440,2021-04-06,电气设备行业周报：新势力3月销量数据亮眼 再证电动车消费力,新浪
441,2021-04-06,电力设备及新能源行业周报：电气龙头向好 光伏边际改善,新浪
442,2021-04-06,电力电气设备、公用事业行业光伏周报：玻璃降价带来组件开工回暖预期,新浪
443,2021-04-05,【方正电新丨周观点】造车新势力销量继续高增，光伏玻璃4月价格下调,申建国电新团队
444,2021-03-29,电力设备及新能源行业周报：工业利润增长利好工控 风光产业发展长期向好,新浪
445,2021-03-29,电气设备行业周报：价格博弈期产业链利润流动分析,新浪
446,2021-03-24,这一行业彻底火爆，5巨头460亿紧急杀入！,Wind
447,2021-03-22,电气设备专题报告：解密低压龙头应对大宗原料涨价之法-“预见低压”系列专题之四,新浪
448,2021-03-22,电气设备行业周报：大众POWERDAY都说了些什么？,新浪
449,2021-03-22,山东省市场监督管理局：2批次断路器产品不符合相关标准的要求 产品问题,质量新闻网
450,2021-03-21,电力电气设备、公用事业行业：光伏周报：硅片控价能力凸显,新浪
451,2021-03-19,新型电力系统构建下 碳中和概念有哪些股票？,至诚财经
452,2021-03-19,电力电气设备、公用事业行业：碳交易市场落地在即 存量CCER具备稀缺价值,新浪
453,2021-03-19,八大券商主题策略：水、火、核价值重估！新型电力系统构建下 关注哪些标的？,中金在线
454,2021-03-18,电力股再获主力资金抢筹，南网能源等多股涨停,第一财经
455,2021-03-16,新能源与电力设备行业周报：电动车中游基本面强劲依然 关注自动化与电力设备,新浪
456,2021-03-15,电气设备行业周报：新势力2020大放异彩 2021更值得期待,新浪
457,2021-03-15,电力设备及新能源行业周报：碳中和与十四五规划指引行业发展,新浪
458,2021-03-11,东吴证券--电气设备行业工控月报：工控需求高增、进口替代加速【行业研究】,金融界股吧
459,2021-03-11,光伏股复苏，隆基股份、通威股份、阳光电源、正泰电器、福莱特普涨,Wind
460,2021-03-11,新能源与电力设备行业周报2021年3月第2周：电动车中游与光伏超跌 部分公司进入合理估值区间,新浪
461,2021-03-10,中泰证券--电力设备新能源行业周观察：碳中和推动产业发展，行情景气持续向上【行业研究】,金融界股吧
462,2021-03-09,光伏这一细分领域火了，龙头加码布局，潜在市场空间达千亿,第一财经
463,2021-03-09,电力设备及新能源行业周报：光伏进入涨价博弈期 龙头企业有望夯实优势,新浪
464,2021-03-08,电力设备：“碳中和”各项规划加速落地 欧洲电车2月同比再高增,新浪
465,2021-03-08,电力设备及新能源行业周报：光伏涨价博弈后可能的三个方向,新浪
466,2021-03-08,电气设备行业周报：对于电动车 市场在担心什么？,新浪
467,2021-03-08,两部门推进电力源网荷储一体化，储能地位明显提升,Wind
468,2021-03-07,电力电气设备、公用事业行业光伏周报：产业链涨价此起彼伏 能源局平价政策陆续落子,新浪
469,2021-03-05,全国政协委员、正泰电器董事长南存辉：拥抱能源转型新时代紧抓绿色发展新机遇,证券时报网
470,2021-03-05,代表委员热议资本市场改革，打通科技资本融合“任督二脉”,Wind
471,2021-03-02,电力电气设备行业：硅料硅片价格齐涨 光伏需求持续旺盛,新浪
472,2021-03-02,新能源与电力设备行业周报2021年3月第1周：电动车中游景气度强 建议关注自动化与电力设备,新浪
473,2021-03-01,中国电研：股东正泰电器已减持约116.6万股，减持计划尚未实施完毕,每日经济新闻
474,2021-03-01,中国电研(688128.SH)：正泰电器减持期过半 累计减持116.64万股 减持股份,格隆汇
475,2021-03-01,中国电研：正泰电器通过集中竞价方式累计减持0.29%股份 减持股份,Wind
476,2021-03-01,正泰电器入选省级供应链创新与应用试点企业,工业电器网
477,2021-02-28,电力设备新能源周观察：行业景气持续向上 坚持基本面绩优标的,新浪
478,2021-02-26,上机数控(603185)：非公开发行顺利实施 硅单晶再扩10GW,国联证券
479,2021-02-25,研究 | 浙江新能：突击置入19家子公司增厚资产 子公司收购价格上演罗生门,中金在线
480,2021-02-24,电力电气设备、公用事业行业：清洁电气化助力绿色低碳循环发展经济体系,新浪
481,2021-02-22,电力设备及新能源行业周报：硅料持续供不应求 价格延续强势表现,新浪
482,2021-02-22,安信证券--电力设备行业：电动车开年延续高增，碳中和部署如火如荼【行业研究】,金融界股吧
483,2021-02-20,正泰电器入选浙江省级供应链创新与应用试点企业,新浪
484,2021-02-19,光伏ETF市场火热，户用光伏龙头正泰电器引关注,新浪
485,2021-02-08,电力设备及新能源行业周报：关注顺周期“Α＊Β” 硅料硅片价格强势,新浪
486,2021-02-07,【方正电新丨周观点】欧洲新能车增势不减，光伏龙头上调硅片报价,申建国电新团队
487,2021-02-05,电力电气设备行业：光伏硅片涨价启动 或显示下游需求旺盛 行业成长属性提升,新浪
488,2021-02-01,正泰电器：为4家全资子公司6.76亿元借款提供担保 大额借贷担保,乐居财经
489,2021-02-01,电气设备行业周报：从电动车海外财报 看景气趋势,新浪
490,2021-02-01,周报(2021.2.1)：仍看好中游，圆柱电池、六氟、光伏硅料均涨价,电新产业研究
491,2021-02-01,电力设备行业：特斯拉产能加速扩建 光伏平价时代方兴未艾,新浪
492,2021-01-30,2020年最赚钱的光伏企业是哪家？隆基股份净利润居首 这家公司亏损超26亿元 亏损,21世纪经济报道
493,2021-01-29,赛道上育新机！正泰智能制造装备赋能产业链协同创新,新浪
494,2021-01-29,中泰证券--电力设备新能源周观察：硅料价格持续上涨，关注大众MEB供应链【行业研究】,金融界股吧
495,2021-01-28,A股收盘综述：上证指数跌近2%，险守3500点,Wind
496,2021-01-28,中银证券--电力设备与新能源行业1月第4周周报：2020年全国新增风、光装机71.67GW、48.20GW【行业研究】,金融界股吧
497,2021-01-28,A股午盘综述：上证指数跌1.48%，创业板指跌2.72%,Wind
498,2021-01-27,正泰电器预计2020年度净利同比增70.46%-86.40%,北极星电力
499,2021-01-25,电力设备及新能源行业周报：风光装机超预期 储能补贴始出台,新浪
500,2021-01-25,深度*行业*电力设备与新能源行业1月第4周周报：2020年全国新增风、光装机71.67GW、48.20GW,新浪
501,2021-01-25,电力设备新能源行业周观察：硅料价格持续上涨 关注大众MEB供应链,新浪
502,2021-01-25,安信证券：电新板块欣欣向荣青眼有加龙头,金融界
503,2021-01-25,周报（2021.1.25）-六氟磷酸锂价格再涨，光伏硅料回暖,电新产业研究
504,2021-01-22,【焦点复盘】资金重回抱团！连板空间进一步压缩，科技股集体杀跌 连续下跌,财联社
505,2021-01-21,正泰电器：2020年净利同比预增70.46%-86.4%,北极星电力
506,2021-01-21,电力电气设备、公用事业行业：2020年风电新增装机超预期 电网对新能源接纳态度改善,新浪
507,2021-01-21,正泰电器(601877)：2020年归母净利润或同比增长70.5%-80.4% 户用市场展望乐观,新浪
508,2021-01-21,A股早报2021年1月21日星期四,Wind
509,2021-01-21,正泰电器：全资子公司签订约40.59亿元单晶硅片采购合同,资本邦
510,2021-01-20,晚间重要公告2021年1月20日星期三,Wind
511,2021-01-20,正泰电器2020年净利预增70%至86%,上证报
512,2021-01-20,正泰电器：预计2020年净利61.12亿至70.12亿元，同比增长70.46%到86.4%,上游新闻
513,2021-01-20,正泰电器(601877.SH)签订总价值40.59亿元的单晶硅片采购合同,智通财经
514,2021-01-20,正泰电器(601877.SH)预计2020年度归母净利润同比增长70.46%到86.40%,智通财经
515,2021-01-20,正泰电器：预计2020年净利润64.12亿元到70.12亿元，同比增加70.46%到86.40%,Wind
516,2021-01-20,正泰电器(601877.SH)：子公司与弘元新材签订单晶硅片采购合同预估合同总额为40.59亿元,格隆汇
517,2021-01-18,电力设备及新能源行业周报：上海目标2025年碳达峰 现代在粤设燃电生产基地,新浪
518,2021-01-15,A股第四家千亿市值光伏公司诞生背后：机构“抱团” 泡沫几何？,Wind
519,2021-01-13,新能源与电力设周报：电动车中游趋势不改，其余方向机会均衡（2021年1月第3周）,电新产业研究
520,2021-01-12,正泰电器：智能电气解决方案集大成者,申建国电新团队
521,2021-01-11,电力设备及新能源行业周报：12月风光装机超预期 国际巨头加速布局氢能,新浪
522,2021-01-11,电力设备新能源周观察：欧洲电动车销量超预期 光伏行业高景气,新浪
523,2021-01-11,新能源行业周度点评报告：碳排放管理办法出台 能源转型势在必行,华安证券
524,2021-01-08,今日能源看点：国网公示2021年首批可再生能源发电补贴项目清单！江苏发布“十四五”可再生能源规划征求意见稿！,国际能源网
525,2021-01-07,正泰电器：加码国际业务，提速创新裂变,新浪
526,2021-01-06,正泰电器转让研发中心100%股权予正泰集团 资产异常,乐居财经
527,2021-01-04,正泰电器(601877.SH)：拟开展商品期货套期保值业务,格隆汇
528,2020-12-31,电力电气设备、公用事业行业：发电行业碳配额最终方案无修改落地 短期火电盈利影响有限,新浪
529,2020-12-31,正泰电器拟参与国网浙江综合能源服务有限公司20%股权项目竞拍,北极星电力
530,2020-12-28,华云电力、正泰电器正式签约！国网浙江综合能源服务公司完成混改,北极星电力
531,2020-12-27,电力设备行业动态分析：行业需求有望10%+ 龙头企业加速国产替代,新浪
532,2020-12-24,正泰电器(601877.SH)：控股股东完成可交债质押专户剩余股份解除质押,格隆汇
533,2020-12-24,正泰电器：加码国际业务 提速创新裂变,中证网
534,2020-12-24,高科技、轻资产、强服务、平台化正泰电器如何蓄势再出发？ 南存辉给出12字战略密钥,上证报
535,2020-12-23,12月23日晚间重要行业研究汇总,天然橡胶网
536,2020-12-23,2021年电力设备及工业控制行业投资策略：电气设备迎来数字化、智能化时代,新浪
537,2020-12-23,20亿资金猛攻光伏ETF，正向强化板块再创新高,Wind
538,2020-12-21,正泰电器成立一智能公司，经营范围含半导体照明器件等,企查查
539,2020-12-21,技术赋能企业未来，正泰与辽泰电气达成战略合作,工业电器网
540,2020-12-17,正泰电器喜获中国机械工业科学技术奖,工业电器网
541,2020-12-17,盘前情报丨新冠疫苗大批量生产在即，华为鸿蒙2.0传来重磅消息，这些概念股值得关注,21世纪经济报道
542,2020-12-16,中控技术上市以来市值突破520亿,21世纪经济报道
543,2020-12-15,2021年度工控&电网策略报告：国产化进程加速 聚焦高成长个股,新浪
544,2020-12-14,【安信电新】低压电器：行业需求有望超10%，龙头企业加速国产替代,电新邓永康团队
545,2020-12-14,正泰电器全产业链优势凸显净利五连增 上市10年现金分红17次累计派利104亿,长江商报
546,2020-12-11,融资客看好10股 买入占成交超三成,证券之星
547,2020-12-11,正泰电器成立销售新公司，注册资本1亿元,企查查
548,2020-12-09,估值约1.16亿元 正泰电器拟参与竞拍国网浙江综合能源服务公司5%股权,北极星电力
549,2020-12-09,股海导航 12月9日沪深股市公告提示,新浪
550,2020-12-09,12月9日操盘必读：影响股市利好与利空消息,新浪
551,2020-12-08,正泰电器：拟参与竞拍国网浙江综合能源20%股权,乐居财经
552,2020-12-08,晚间公告｜12月8日这些公告有看头,第一财经
553,2020-12-08,正泰电器:转让上海电科100%股权给正泰集团 资产异常,乐居财经
554,2020-12-08,正泰电器(601877.SH)为集中资源发展主业拟转让子公司上海电科100%股权 资产异常,智通财经
555,2020-12-08,12月8日上市公司晚间公告速递,新浪
556,2020-12-08,正泰电器(601877.SH)：拟向交通银行申请不超20亿元综合授信,格隆汇
557,2020-12-08,正泰电器：出售子公司股权 资产异常,Wind
558,2020-12-08,正泰电器(601877.SH)：拟参与竞拍国网浙江综合能源服务有限公司5%股权,格隆汇
559,2020-12-08,正泰电器(601877.SH)拟向控股股东转让上海电科100%股权 减持股份,格隆汇
560,2020-12-07,电力设备及新能源行业周报：光伏龙头长单密集落地 电堆降价潮指明降本路径,新浪
561,2020-12-07,正泰电器:正泰集团可交债已全部换股并摘牌,乐居财经
562,2020-12-07,正泰电器(601877.SH)：控股股东可交债摘牌并解除剩余股份质押,格隆汇
563,2020-12-04,公用事业-电力电气设备行业：碳中和 离我们还有多远,新浪
564,2020-12-01,2021年公用事业新能源：多能互补 开启碳中和征程,新浪
565,2020-11-30,电力设备及新能源行业周报：光伏尺寸标准化助力平价 燃料电池关注度提升,新浪
566,2020-11-29,深度*行业*光伏行业2021年度策略：需求景气无忧 HJT如日方升,新浪
567,2020-11-27,A股第一只光伏ETF要来了 值不值得投？,华宝证券
568,2020-11-26,北向资金半日流入40亿：白酒股资金分化 电力股获加仓,新浪
569,2020-11-26,电力板块大涨，11月用电增速有望增长，细分领域如何布局,第一财经
570,2020-11-24,首只光伏ETF：把握产业链长期高成长带来的投资机遇,华宝财富魔方
571,2020-11-23,电力设备及新能源行业周报：光伏龙头联合强化一体化布局 巨轮航定行稳致远,新浪
572,2020-11-23,A股共发生96宗大宗交易成交23.27亿元（11月23日）,Wind
573,2020-11-23,电力电气设备、公用事业：发电行业碳配额全国统一方案发布 鼓励清洁发电收紧煤电配额,新浪
574,2020-11-23,正泰电器今日大宗交易成交180.41万股，成交价30.9元折价4.66%,Wind
575,2020-11-23,"正泰电器现5笔大宗交易 共成交5,574.78万元",新浪
576,2020-11-16,电力设备及新能源行业周报：广东上海发布氢能规划 燃料电池示范在即,新浪
577,2020-11-12,正泰电器大宗交易成交额3097万元,证券时报网
578,2020-11-12,"正泰电器现1笔大宗交易 共成交3,097.00万元",新浪
579,2020-11-11,正泰电器现1笔大宗交易 共成交929.10万元,新浪
580,2020-11-11,电力设备新能源周观察：光伏需求持续向好 电动车销量将超预期,新浪
581,2020-11-10,正泰电器：控股股东可交换公司债券换股导致持股比例由55.05%下降至54.05%,Wind
582,2020-11-10,正泰电器(601877.SH)：控股股东及其一致行动人持股比例降至54.05%,格隆汇
583,2020-11-10,电力电气设备行业-3Q持仓及陆港通分析：资金大幅流入 电池工控受到青睐,新浪
584,2020-11-10,正泰电器(601877)：低压电器+光伏协同发展 业绩稳健增长,国联证券
585,2020-11-09,电力设备及新能源行业周报：光伏全面放开容配比 特高压直流再获核准,新浪
586,2020-11-09,电力设备及新能源行业2020年三季度总结：“新新”向荣,新浪
587,2020-11-06,中国电研：持股9.64%股东正泰电器拟减持公司股份不超过809万股 拟减持股份,资本邦
588,2020-11-06,上市公司正负面新闻2020年11月6日星期五,Wind
589,2020-11-05,晚间重要公告2020年11月5日星期四,Wind
590,2020-11-05,中国电研(688128.SH)主要股东正泰电器拟减持不超809万股 拟减持股份,智通财经
591,2020-11-05,中国电研：正泰电器拟减持不超2%股份 拟减持股份,Wind
592,2020-11-04,正泰电器(601877)：业绩稳健增长 低压业务受益于行业高景气度,新浪
593,2020-11-04,正泰电器(601877)：低压电器直销业务亮眼 光伏稳步推进,广发证券
594,2020-11-04,正泰电器(601877)：业绩符合申万宏源预期 光伏电站装机提升,新浪
595,2020-11-04,【电新*曾朵红】深度：工控&电力设备行业2020三季报总结——Q3加速增长，工控大超预期,东吴研究所
596,2020-11-02,正泰电器(601877.SH)：王国荣因工作调整原因辞去公司副总裁职务 董监高成员变化,格隆汇
597,2020-11-02,正泰电器董事、副总裁王国荣辞职 董监高成员变化,中国经济网
598,2020-11-02,正泰电器：王国荣离任副总裁 董监高成员变化,乐居财经
599,2020-11-02,正泰电器：高级管理人员辞职 董监高成员变化,Wind
600,2020-11-02,社保基金最新持仓动向：狂买周期股，减持医药科技,第一财经
601,2020-11-02,电力设备及新能源行业周报：光伏辅材涨价持续超预期 政策加码充换电建设运营,新浪
602,2020-10-30,正泰电器(601877)2020年三季报点评：业绩符合预期 单季加速改善,新浪
603,2020-10-30,正泰电器：今年前三季度营业收入同比增3.43%至232.47亿元,资本邦
604,2020-10-30,正泰电器：前三季度营收净利润双增长 低压、光伏业务稳中求进,中证网
605,2020-10-29,正泰电器低压、光伏业务稳健发展,上证报
606,2020-10-29,正泰电器前三季业绩增长6.42% 社保基金增持,上证报
607,2020-10-29,电气设备行业月度报告：合理利用小时数确定，光伏玻璃及硅料产能趋紧，维持“领先大市”评级,财信证券
608,2020-10-29,正泰电器(601877.SH)前三季度净利润升6.42%至30.48亿元,格隆汇
609,2020-10-29,正泰电器：前三季度净利润同比增长6.42%,Wind
610,2020-10-29,电气设备行业月度报告（2020年10月）：合理利用小时数确定，光伏玻璃及硅料产能趋紧,财信证券研究
611,2020-10-27,电力设备及新能源行业周报：全生命周期小时数补贴出台 六部委再议剥离国网制造装备业务,新浪
612,2020-10-27,智能终端+正泰云平台，让配电网更“聪明”,和讯
613,2020-10-26,电力设备新能源周观察：光伏玻璃价格持续上涨 电动车Q4延续高增长,新浪
614,2020-10-22,电力设备行业点评：施耐德发布20年三季报 能效管理业务中国区两位数增长,新浪
615,2020-10-22,比亚迪与正泰跨界合作 优势互补“玩转”新能源,经济网
616,2020-10-22,比亚迪与正泰开启合作 携手谱写新能源篇章,金融界
617,2020-10-21,能辉科技尚存未结案重大诉讼，大客户占比超9成，抗风险能力弱 诉讼纠纷,时代在线
618,2020-10-21,电力电气设备、公用事业行业：合理利用小时政策靴子落地 可再生能源补贴缺口总量收口,新浪
619,2020-10-19,电力设备及新能源行业周报：看好受益“两新一重”标的 风电迎预期改善,新浪
620,2020-10-18,电气设备行业周报：如何看待9月国内产销超预期,新浪
621,2020-10-17,创新进“晋” 续写荣耀|正泰亮相行业峰会助力山西能源改革,北极星电力
622,2020-10-16,正泰电器(601877)：低压龙头的户用光伏新篇章,新浪
623,2020-10-13,正泰电器：大丰市拿地是用于高效光伏电池与高效光伏组件,Wind
624,2020-10-13,正泰电器：2019年公司光伏业务营业收入约119亿元,格隆汇
625,2020-10-12,电力设备及新能源行业周报：国网展望“十四五”电网投资 塑造能源互联网产业链,新浪
626,2020-10-12,打造数字化转型标杆！正泰电器入选高质量发展创新案例,工业电器网
627,2020-10-09,【研报掘金】假期海外光伏龙头大涨 板块价值重估或开启新一轮“泡沫化”行情,证券时报网
628,2020-09-28,光伏的投资逻辑和价值,新浪
629,2020-09-28,CDCC专家组深度参观考察正泰,北极星电力
630,2020-09-27,电力电气设备：玻璃吹响旺季号角 逆变器竞争结构性机会,新浪
631,2020-09-27,电气设备新能源行业周报：中欧两国携手倡导绿色发展 光伏电动车双双利好,新浪
632,2020-09-24,电气设备行业月度报告：十四五预期升温，产业链价格企稳，给予“领先大市”评级,财信证券
633,2020-09-20,电气设备行业周报：时代使命、大国担当 新能源宏图加码,新浪
634,2020-09-18,正泰电器发布2020年半年度报告,北极星电力
635,2020-09-15,【中银电新】新能源发电：“十四五”装机或迎广阔空间,老成之见
636,2020-09-14,主动量化周报：这不是一次简单的回调,新浪
637,2020-09-11,北上资金和融资客大手笔加仓股仅14只,证券时报网
638,2020-09-06,电气设备行业周报：欧洲新能源车销量高增 光伏玻璃需求持续向好,新浪
639,2020-09-04,电力设备及新能源行业2020年中报业绩总结：增长韧性凸显 格局加速优化,新浪
640,2020-09-04,光伏企业哪家强？86家上市公司85%业绩飘红,北极星电力
641,2020-09-04,折戟主板“旧病未除”再闯创业板 能辉科技大客户营收占比仍超90%,投资者网
642,2020-09-03,1H20业绩回顾&下半年行业动态前瞻：工控篇,新浪
643,2020-08-29,正泰电器(601877)：Q2业绩显著回暖 持续提升核心竞争力,新浪
644,2020-08-28,正泰电器(601877)：Q2单季高增 龙头韧性强劲,新浪
645,2020-08-28,正泰电器(601877)2020年中报点评：业绩符合预期 景气度望加速恢复,新浪
646,2020-08-28,正泰电器(601877)半年报点评：低压业务优势稳固 有望受益于下半年行业高景气度,新浪
647,2020-08-28,物联感知+可靠性技术 | 被“国家队”认可的智能断路器长这样,工业电器网
648,2020-08-27,正泰电器发生大宗交易成交折价率13.51%,证券时报网
649,2020-08-27,正泰电器今日大宗交易成交170万股，成交价29.52元折价13.51%,Wind
650,2020-08-27,正泰电器上半年业绩稳中精进 海外市场实现正增长,上证报
651,2020-08-27,正泰电器(601877.SH)：上半年净利升1.49%至18.11亿元,格隆汇
652,2020-08-27,正泰电器：上半年净利润同比增长1.49%,Wind
653,2020-08-27,A股异动丨正泰电器(601877.SH)创历史新高 明天将发布中期业绩,格隆汇
654,2020-08-26,A股早报2020年8月26日星期三,Wind
655,2020-08-25,A股共发生85宗大宗交易成交23.66亿元（8月25日）,Wind
656,2020-08-24,重要股东增持排行榜：6股增持金额超千万元,证券时报网
657,2020-08-24,电力设备新能源周观察：汽车执行器赛道优质 风电龙头中报高增,新浪
658,2020-08-21,正泰电器大宗交易成交228.59万股成交额6480.53万元,证券时报网
659,2020-08-19,正泰电器(601877.SH)：控股股东及其一致行动人合计持股由60.06%降至55.05%,格隆汇
660,2020-08-19,正泰电器(601877.SH)：三董事、高管增持完毕合计增持105万股,格隆汇
661,2020-08-18,"正泰电器现6笔大宗交易 共成交6,496.98万元",新浪
662,2020-08-17,ZJBENY｜技术创新是奔一发展的基石——奔一荣获阳光电源和正泰电源2019年度技术创新奖,北极星电力
663,2020-08-17,正泰电器产品价格调整,格隆汇
664,2020-08-11,电力设备行业：光伏产业链涨价持续 V字之后欧洲电车持续向好,新浪
665,2020-08-06,正泰电器设计员伙同同事受贿40余万 3名当事人均获刑 其他违规处罚,中国经济网
666,2020-08-06,两融透析：大盘继续活跃　正泰电器融资盘小幅流入,财富动力网
667,2020-08-03,7月金股组合盈利17.26% 8月荐股名单出炉,新浪
668,2020-08-03,正泰电器两员工让步接受供应商瑕疵商品 收40万元好处费,新浪
669,2020-08-03,电车七月产销同比首次上升，低压电器提价显景气需求【安信电新周观察20200817】,电新邓永康团队
670,2020-08-01,股价创历史新高股一览,证券时报网
671,2020-07-31,【东吴电新】正泰电器中报点评：Q2单季高增，龙头韧性强劲,新兴产业汇
672,2020-07-31,正泰电器大涨5.14%，成交1.13亿元,中新经纬
673,2020-07-30,"正泰电器现1笔大宗交易 共成交1,181.80万元",新浪
674,2020-07-30,正泰电器盘中创历史新高,证券时报网
675,2020-07-27,中证指数公司：8月6日发布中证兴业证券ESG盈利100指数,Wind
676,2020-07-27,正泰电器西部渠道建设再添新成果,中国机经网
677,2020-07-26,电气设备新能源行业周报：光伏全产业链涨价 电动车众多新车上市,新浪
678,2020-07-26,浙江：正泰斩获国外市场亿元大单，国内市场发力能效板块,Wind
679,2020-07-22,伟思医疗(688580)：新型康复器械前景广阔 国产龙头快速成长,西南证券
680,2020-07-21,券商首次关注13股并给予买入评级（7月21日）,Wind
681,2020-07-20,正泰电器(601877)首次覆盖报告：正身立本 风至泰来,新浪
682,2020-07-20,工控&电力设备行业2020年中期投资策略：工控龙头乘风破浪 电力设备盈利改善,新浪
683,2020-07-19,电气设备行业周报：电动车热管理赛道清晰 光伏组件报价止跌回升,新浪
684,2020-07-17,电气设备光伏行业复盘深度报告：技术迭代成本下降 全球共振演绎成长,新浪
685,2020-07-10,光伏产业研究系列报告(8)：系统-双玻正当时 跟踪随风起 高效大时代,新浪
686,2020-07-07,一处长索贿又诈骗 正泰电器旗下控股公司被坑60万元 欺诈造假,中国经济网
687,2020-07-07,一人犯受贿罪与诈骗罪被判刑！被告人多次索要财物，正泰电器旗下控股公司起初给予10万后还被诈骗50万元 其他违规处罚,和讯
688,2020-07-06,藏内基建发力 正泰“电气之花”绽放天路,中国机经网
689,2020-07-03,正泰电器(601877.SH)拟向银行申请综合授信,格隆汇
690,2020-07-02,正泰电器(601877.SH)：“17正集EB”换股价调至28.8元/股,格隆汇
691,2020-06-29,电气设备新能源行业周报：光伏竞价项目超预期 特斯拉Q2销量超预期,新浪
692,2020-06-29,电力设备&工控行业2020中期策略：紧跟电网新基建增量 布局工控复苏渗透,广发证券
693,2020-06-28,电气设备行业周报：光伏淡季不淡得印证,新浪
694,2020-06-28,独家 | 正泰电器及通威股份未竞购，TCL科技拟购中环集团股权解密,和讯
695,2020-06-28,558亿，20多家光伏公司一季度盈利且谁家表现更好？,和讯
696,2020-06-23,债券重大事件2020年6月23日星期二,Wind
697,2020-06-23,正泰集团：“17正集EB”停牌及暂停换股 发行人申请债券停牌,Wind
698,2020-06-22,正泰新华科技强势发布自主研发新成果,中国机经网
699,2020-06-19,“股王”分红，幸福满满！还有这些公司股权登记,Wind
700,2020-06-15,电力行业如何高质量发展？正泰电器这场会议来支招,工业电器网
701,2020-06-14,名校副校长出狱后再成创业明星！旗下公司冲刺科创板,中国基金报
702,2020-06-08,电气设备新能源行业周报：欧州电动车政策持续超预期 国内锂电中游排产逐步恢复,新浪
703,2020-06-01,电气设备新能源行业周报：欧州电动车政策超预期 光伏扩产标准趋严,新浪
704,2020-05-26,全国政协委员、正泰电器董事长南存辉：加强工业互联网平台建设 瞄准趋势实现转型,中证报
705,2020-05-21,电气设备行业：国家电网2020年风电 光伏发电新增消纳能力点评：国网消纳空间落地 国内风电、光伏装机有望超预期,新浪
706,2020-05-21,全国政协委员、正泰电器董事长南存辉：支持培育新能源技术创新 助益全球绿色增长,中证网
707,2020-05-18,5月18日有64家公司获重要股东增减持 光环新网已被连续减持20次 减持股份,Wind
708,2020-05-18,抢抓机遇、乘势发展，正泰电器这场会议传递什么信号？,工业电器网
709,2020-05-13,智能化、数字化 让正泰电器从“制造”走向了“智造”,浙商网
710,2020-05-11,正泰电器(601877.SH)：2020年员工持股计划账户持公司股份1780万股,格隆汇
711,2020-05-08,正泰新能源去年收入120.5亿 出货3.73GW且2年内上扬77%,北极星电力
712,2020-05-07,正泰电器：疫情影响一季度业绩，全年有望实现稳健增长,电新产业研究
713,2020-05-07,"正泰电器""靓丽""数据背后：多数产品毛利率均下滑，手握近60亿资金却大量举债长期借款高达92亿 盈利能力下降",和讯
714,2020-05-07,正泰电器2019年：营收增10.23%净利增4.74% 海内外市场取得新突破,中国机经网
715,2020-04-30,正泰电器2019年营收稳健增长 海内外市场取得新突破,中证网
716,2020-04-30,正泰电器2019年报：实现净利润 39.71 亿元， 同比增长 5.55%,集邦新能源网
717,2020-04-30,正泰电器：短期业绩增速承压 双主业驱动韧性强 盈利能力下降,北极星电力
718,2020-04-29,正泰电器（601877）：短期业绩增速承压，双主业驱动韧性强 盈利能力下降,CITICS电新
719,2020-04-29,鹰眼预警：正泰电器业绩增速放缓 现金流净流出 盈利能力下降,新浪
720,2020-04-29,正泰电器：一季度净利润同比减少36.93% 盈利能力下降,Wind
721,2020-04-29,正泰电器(601877.SH)一季度净利润降36.93%至3.42亿元 盈利能力下降,格隆汇
722,2020-04-29,正泰电器：2020年Q1光伏电站经营数据,北极星电力
723,2020-04-28,正泰电器：2019年实现营业收入302亿元 现金流净额同比增长72.38%,中证网
724,2020-04-28,正泰电器2019年现金流净额大增,上证报
725,2020-04-28,正泰电器：一季度净利润同比减少40.22% 盈利能力下降,Wind
726,2020-04-28,正泰电器：预计新增担保额度不超过90亿元 大额借贷担保,Wind
727,2020-04-28,正泰电器(601877.SH)2019年度净利润升4.74%至37.62亿元拟10派5元,格隆汇
728,2020-04-28,正泰电器：2019年净利润同比增长4.74%,Wind
729,2020-04-27,正泰电器上榜“浙江省创造力百强企业”,工业电器网
730,2020-04-16,正泰“玩法”引发行业思考：民营企业产业链优势到底在哪里?,中国能源报
731,2020-04-16,电站交易频繁，光伏企业纷纷甩卖电站,集邦新能源网
732,2020-04-14,中控技术科创板IPO进入“已问询” 背靠中石化、英特尔、正泰电器,资本邦
733,2020-04-14,巨星仇建平出清中控信息 正泰南存辉加码资本版图,时代在线
734,2020-04-13,山西公布产品抽查 正泰电器2个型号交流接触器不合格 产品问题,中国经济网
735,2020-04-08,公告点题｜4月8日这些公告有看头,第一财经
736,2020-04-08,巨星科技：拟1.77亿元转让中控信息11%股权予正泰电器 资产异常,e公司
737,2020-04-08,巨星科技：将持有的中控信息11.05%股权转让给正泰电器 资产异常,Wind
738,2020-04-08,巨星科技(002444.SZ)：拟转让中控信息11.05%股权予正泰电器 资产异常,格隆汇
739,2020-04-08,正泰电器(601877.SH)：拟约1.77亿元受让受让中控信息11.05%的股权,格隆汇
740,2020-03-30,正泰电器NSD1伺服系统中标日发纺机,中国纺织报
741,2020-03-26,26日公司新闻聚焦:美的集团间接控股合康新能 中海油服净利增34倍,证券时报网
742,2020-03-26,上市公司正负面新闻2020年3月26日星期四,Wind
743,2020-03-25,正泰电器推近3亿元员工持股计划 64名员工7折买自家股票,e公司
744,2020-03-25,正泰电器(601877.SH)拟推2020年员工持股计划 金额不超2.99亿元,格隆汇
745,2020-03-24,充电桩市场迎来爆发，正泰电器凭何抓住“新基建”风口？,工业电器网
746,2020-03-19,中控技术拟赴科创板：上市公司正泰电器持股10%,新浪
747,2020-03-18,顺风清洁能源壮士断腕 正泰电器1.8亿抄底收购电站,新京报
748,2020-03-17,顺风清洁能源1.81亿元出售140MW光伏电站 正泰电器收购价只相当于项目资本金30%,证券日报
749,2020-03-17,沪市公司回购增持势头不减，用真金白银筑起信心“长城”,Wind
750,2020-03-16,正泰电器(601877.SH)拟出资2.55亿元获得艾临科51%股权 子公司拟1.81亿元收购6个光伏电站项目公司100%股权,格隆汇
751,2020-03-16,新突破，新机遇！正泰电器NSD1伺服系统中标日发纺机,中国机经网
752,2020-03-13,正泰电器上榜“省制造业亩均效益领跑企业综合20强”,中国能源网china5e
753,2020-03-13,18家公司高管出手增持动用资金9460.16万元,证券时报网
754,2020-03-13,3月12日有79家公司获重要股东增减持，同和药业已被连续减持70次 减持股份,Wind
755,2020-03-12,跌出价值！回购增持齐上阵，更有公司连续回购无缝对接,Wind
756,2020-03-09,[公司]正泰电器高管增持公司股份90万-180万股,全景网
757,2020-03-09,正泰电器(601877.SH)：副总裁兼财务总监林贻明累计增持16万股,格隆汇
758,2020-03-06,19股获高管增持史丹利获增持1520.04万元,证券时报网
759,2020-03-05,A股共发生132宗大宗交易成交26.9亿元（3月5日）,Wind
760,2020-03-05,"正泰电器现5笔大宗交易 共成交63,089.00万元",新浪
761,2020-03-05,上海证券市场大宗交易公开信息(2020-03-05),上交所
762,2020-03-05,正泰电器今日大宗交易成交2300万股，成交价27.43元溢价0.0%,Wind
763,2020-03-05,高管增持榜：史丹利增持额居首,证券时报网
764,2020-03-04,上市公司重要股东增减持动态（2月15日-28日）：178家减持 减持股份,面包财经
765,2020-03-03,"正泰电器现2笔大宗交易 共成交20,006.69万元",新浪
766,2020-03-03,近10日21家公司获高管增持,证券时报网
767,2020-03-02,"正泰电器现1笔大宗交易 共成交20,032.50万元",新浪
768,2020-03-01,20家公司高管出手增持动用资金1940.71万元,证券时报网
769,2020-02-29,浙江正泰电器股份有限,证券时报
770,2020-02-28,智造升级 正泰电器硬核抗疫按下复工快进键,全景网
771,2020-02-28,24股获高管增持华测检测获增持2932.00万元,证券时报网
772,2020-02-26,近10日22家公司获高管增持,证券时报网
773,2020-02-25,正泰电器(601877.SH)：副总裁兼董事会秘书潘洁累计增持15万股,格隆汇
774,2020-02-24,"正泰电器现3笔大宗交易 共成交20,044.90万元",新浪
775,2020-02-24,正泰电器今日大宗交易成交732.10万股，成交价27.38元折价2.98%,Wind
776,2020-02-24,近10日23家公司获高管增持,证券时报网
777,2020-02-21,2月20日有55家公司获重要股东增减持，延安必康已被连续减持156次,Wind
778,2020-02-20,A股共发生59宗大宗交易成交17.74亿元（2月20日）,Wind
779,2020-02-20,"正泰电器现1笔大宗交易 共成交40,102.80万元",新浪
780,2020-02-19,正泰电器：三位高管拟合计增持不低于90万股,中证网
781,2020-02-19,正泰电器部分董事和高管拟增持公司股份,金融界
782,2020-02-19,正泰电器(601877.SH)：已累计回购5.25亿元的股份 回购方案实施完毕,格隆汇
783,2020-02-19,正泰电器(601877.SH)：部分董事和高管拟增持90万-180万股,格隆汇
784,2020-02-12,“特斯拉光伏概念股”来了？合作供应商南玻A、亚玛顿、正泰电器火了，秀强股份是合作还是炒作？,华夏时报
785,2020-02-03,正泰电器：已累计回购566.49万股　耗资1.37亿元,中证网
786,2020-02-03,正泰电器(601877.SH)截至1月末累计回购1.37亿元股份,格隆汇
787,2020-01-21,正泰电器上市十周年 双轮驱动促高质量发展,中证网
788,2020-01-21,正泰电器十年分红93亿元,上证报
789,2020-01-04,天正电气ipo：同业竞争处于劣势，与大客户采销数据存差异,百度
790,2020-01-02,正泰电器(601877.SH)截至12月底累计回购566.49万股 涉资1.37亿元,格隆汇
791,2019-12-24,正泰电器：关于部分限售股解禁上市流通的提示性公告 解禁,上交所
792,2019-12-24,正泰电器：3.73亿股限售股12月30日上市流通 解禁,Wind
793,2019-12-18,喜报！国家级工业设计中心授牌 正泰再添“国字头”创新平台！,中国机经网
794,2019-12-15,连续22日爆买！51股获北上资金连续七周买入，钢铁等行业获大幅加仓,e公司
795,2019-12-12,沪港通十大成交活跃股排名（12月12日）,Wind
796,2019-12-11,正泰电器大幅拉升1.25% 股价创近2个月新高,金融界
797,2019-12-09,抢抓能源变革机遇，正泰电器如何进化|沪市公司质量行,第一财经
798,2019-12-06,正泰电器正式启动股票回购,长江证券
799,2019-12-04,正泰电器南存辉：推进智能制造和供应链改革,中证网
800,2019-12-02,正泰电器：耗资1.05亿元回购445.67万股,Wind
801,2019-11-19,正泰电器南存辉：用“加减法”求解高质量发展命题,上证报
802,2019-11-18,正泰电器：首次回购69.08万股，涉资1620.59万元,Wind
803,2019-11-18,正泰电器(601877.SH)首次回购69.08万股 涉资1620.59万元,格隆汇
804,2019-11-13,浙江省市场监督管理局：10批次小型断路器产品抽查不合格 产品问题,质量新闻网
805,2019-11-06,光伏行业三季报：超半数企业营收同比下滑，头尾企业分化明显 盈利能力下降,腾讯网
806,2019-11-05,【东吴电新】工控&电力设备19年报及20一季报总结：Q1总体承压，工控龙头表现优异、电网龙头稳健,新兴产业汇
807,2019-11-05,【东吴电新】新能源行业三季报总结：景气提升，迎接旺季,新兴产业汇
808,2019-11-04,【电新】2019年三季报综述:板块业绩有所下滑，盈利质量明显提升*强于大市 盈利能力下降,中银国际证券研究
809,2019-11-03,电气设备：大众ID.3国内亮相 中国制造MODEL3开放预订,中银国际
810,2019-11-02,浙大发布浙江上市公司内部控制指数报告,Wind
811,2019-11-02,浙江正泰电器股份有限公司关于回购公司股份的报告书,证券时报
812,2019-11-01,正泰电器(601877.SH)拟回购5亿元至10亿元股份,格隆汇
813,2019-10-29,351股获券商买入评级 兔宝宝目标涨幅达88.30%,Wind
814,2019-10-28,226股获券商买入评级 中国中铁目标涨幅达70.41%,Wind
815,2019-10-27,三季度券商增持海康威视、正泰电器等股,Wind
816,2019-10-25,正泰电器：2019年前三季度主要财务指标,上交所
817,2019-10-25,"正泰电器:三季报业绩符合预期,毛利率逐季提升",证券之星
818,2019-10-24,正泰电器：前三季度实现收入224.77亿元 同比增长17.62%,中证网
819,2019-10-24,正泰电器(601877.SH)前三季度净利润升2.65%至28.64亿元,格隆汇
820,2019-10-24,正泰电器：前三季度净利润同比增2.65%,Wind
821,2019-10-24,正泰电器：Q2业绩显著回暖，持续提升核心竞争力【安信电新】,电新邓永康团队
822,2019-10-24,正泰电器：Q3业绩提速，各业务领域持续开拓【安信电新】,电新邓永康团队
823,2019-10-22,"电力设备与新能源行业周报:9月工控略有复苏,光伏旺季有所延后",东吴证券
824,2019-10-16,电新行业2019年三季度业绩前瞻：光伏业绩确定性强，新能源汽车增速放缓 盈利能力下降,格隆汇
825,2019-10-14,"电力设备与新能源行业周报:电动车销售依然平淡,泛在加快推进",东吴证券
826,2019-10-14,"电力设备行业动态分析:装机量环比改善,泛在建设全面提速",安信证券
827,2019-10-12,融资1730亿 分红333亿 新能源上市公司分红榜都有谁？,北极星电力
828,2019-09-26,汽车：海外光伏持续景气 荐25股,中银国际
829,2019-09-23,正泰电器今日大宗交易成交120万股，成交价20.5元折价10.09%,Wind
830,2019-09-20,正泰电器上半年净利达17.84亿元,工业新闻网
831,2019-09-18,光伏企业上半年财务数据排名：营收总额超千亿，带息债务增速放缓,面包财经
832,2019-09-18,电气设备：盈利提升+迎接旺季 荐12股,广发证券
833,2019-09-18,光伏企业上半年财务数据排名：营收总额超千亿，带息债务增速放缓,和讯
834,2019-09-16,【民生电新】新能源行业丨周跟踪：上周国内单晶PERC电池片价格回升,睿评电新
835,2019-09-16,晶澳、亚玛顿、中天、正泰电器、特变电工、东方日升等12家企业入选工信部第四批绿色制造名单！,工信部
836,2019-09-15,【华泰电新黄斌团队】周观点： 光伏产业链价格终反弹，8月新能源车销量符合预期,华泰电新价值研究
837,2019-09-15,【东吴电新曾朵红团队】周策略：光伏中上游开始涨价，锂电龙头景气度提升,新兴产业汇
838,2019-09-12,上半年光伏行业稳步回暖,腾讯网
839,2019-09-10,正泰电器与阿里云等签订战略合作协议,Wind
840,2019-09-10,正泰电器与阿里云等签订战略合作协议,e公司
841,2019-09-09,正泰电器(601877.SH)与隆基股份签署18.22亿元的硅片采购框架合同,格隆汇
842,2019-09-09,隆基股份：与正泰电器子公司签订18.22亿元硅片销售合同,e公司
843,2019-09-09,正泰电器3.7亿股面临解禁，高额回购能否支撑市场信心？ 解禁,面包财经
844,2019-09-09,"新能源光伏市场跟踪周报:多晶硅料价格上涨,组件价格有所下滑",浙商证券
845,2019-09-09,"电力设备新能源行业2019年半年报综述:新能源业绩表现突出,下半年把握量增主线",平安证券
846,2019-09-06,正泰电器：为参股公司提供合计2.96亿元担保 大额借贷担保,Wind
847,2019-09-06,正泰电器(601877.SH)拟开展不超3.5亿美元外汇衍生品交易业务,格隆汇
848,2019-09-06,光伏制造板块净利两极化 近四成公司成“进步生”,证券日报
849,2019-09-05,【华泰电新黄斌团队】行业分化，或跃在渊——电力设备新能源行业 19 年半年报总结,华泰电新价值研究
850,2019-09-05,【东吴晨报0905】【策略】周评【行业】电新【个股】正泰电器,东吴研究所
851,2019-09-05,"电力设备与新能源行业9月第1周周报:行业中报披露完毕,需求旺季即将来临",证券之星
852,2019-09-04,【东吴电新】正泰电器年报&一季报点评：一季度受疫情拖累，全年稳健增长可期,新兴产业汇
853,2019-09-04,【华创电新】本周行业动态信息归总,华创电新研究
854,2019-09-04,【国金晨讯】传媒反弹可持续?2019年A股中报整体业绩增速温和回落;中国化纤龙头已成稀缺资产!关注汽车转债的左侧机会 盈利能力下降,国金证券研究所
855,2019-09-04,"正泰电器:股权回购,彰显信心",东吴证券
856,2019-09-04,"正泰电器:推出史上最大规模回购预案,彰显发展信心",国金证券
857,2019-09-03,减持两个月后 南存辉提议正泰电器回购 减持股份,e公司
858,2019-09-03,正泰电器拟斥资5亿元至10亿元回购公司股份,中证网
859,2019-09-03,9月3日晚间上市公司十大重磅公告,巨丰财经
860,2019-09-03,正泰电器：拟以5亿-10亿元回购股份,Wind
861,2019-09-03,正泰电器(601877.SH)拟回购5亿元-10亿元的股份 回购价不超33元/股,格隆汇
862,2019-09-03,正泰电器：拟5亿元至10亿元回购股份,e公司
863,2019-09-02,正泰电器：下半年竣工回暖有望带动公司低压增速环比回升,证券时报网
864,2019-09-02,电新|正泰电器（601877）：业绩符合预期，业务增长稳健,CITICS电新
865,2019-09-02,【电新】行业2019年中报综述:板块业绩略有下滑，经营现金流大幅改善*强于大市 盈利能力下降,中银国际证券研究
866,2019-08-30,正泰电器2019年上半年净利17.84亿 光伏新能源业务稳定增长,挖贝网
867,2019-08-30,"正泰电器中报点评:低压稳健、毛利率改善,光伏增长持续",东吴证券
868,2019-08-29,正泰电器：2019年半年度主要财务指标,上交所
869,2019-08-29,正泰电器上半年实现营业收入144.28亿元 同比增长21.22%,中证网
870,2019-08-22,光伏概念大幅拉升产业链价格望迎拐点 六股掘金,证券时报网
871,2019-08-16,正泰电器今日大宗交易成交13.20万股，成交价22.35元溢价0.0%,Wind
872,2019-08-15,A股共发生46宗大宗交易成交7.08亿元（8月15日）,Wind
873,2019-08-14,"电力设备与新能源行业周报:电动车筑底待旺季,光伏降价见底等旺季",东吴证券
874,2019-08-13,"电力设备与新能源行业:从国电投招标看光伏组件技术走向,下半年泛在电力物联网建设将提速",国金证券
875,2019-08-13,"电力设备行业动态分析:装机量符合预期,单晶有望触底反弹",安信证券
876,2019-08-05,"电力设备与新能源行业周报:电池排产逐步恢复迎旺季,光伏降价临尾声等旺季",东吴证券
877,2019-07-31,"电力设备行业深度报告:全球低压电器龙头施耐德电气的启示,本土化+产品力",平安证券
878,2019-07-30,"电新行业6月深度跟踪:新能源汽车抢装明显,风电景气度大幅提升",证券之星
879,2019-07-29,"跨市场电力设备新能源行业双周报:电动车排产低位,风电将迎投运高峰",光大证券
880,2019-07-19,下周268亿市值限售股解禁，环比增加1478% 解禁,Wind
881,2019-07-19,正泰电器：关于公司2017年限制性股票第二次解锁暨上市的公告,上交所
882,2019-07-18,[快讯]正泰电器802万限售股7月24日解禁 解禁,中财网
883,2019-07-16,勇于突破 拥抱变革｜正泰电器2019年中国区（年中）营销会议暨长三角业务发展研讨会召开,工业电器网
884,2019-07-14,公用事业：国内需求启动在即 荐14股,安信证券
885,2019-07-12,上市公司高股息比拼“宝宝”军团，63只“现金奶牛”名副其实,Wind
886,2019-07-12,中信证券：光伏竞价项目落地，全年装机增长无虞,Wind
887,2019-07-11,电气设备：产业链趋势变化几何 荐5股,国盛证券
888,2019-07-11,47股获券商买入评级 天邦股份目标涨幅达74.83%,Wind
889,2019-07-11,"正泰电器投资价值分析报告:低压电器高端化持续推进,光伏业务保持稳健增长",光大证券
890,2019-07-08,光伏产业政策趋好，正泰电器潜力俱佳,中国能源网china5e
891,2019-07-05,正泰电器的低压电器业务如何？,证券之星
892,2019-07-05,财融汇·早间必读 | 20190705,财通证券融资融券部
893,2019-07-05,48股获券商买入评级 利民股份目标涨幅达78.57%,Wind
894,2019-07-05,【东吴晨报0705】【个股】东方财富、荣盛发展、正泰电器、晨鸣纸业,东吴研究所
895,2019-07-04,7月4日有56家公司获重要股东增减持 延安必康已被连续减持89次,Wind
896,2019-07-04,正泰电器今日大宗交易成交45.10万股，成交价21.07元折价11.06%,Wind资讯
897,2019-07-04,正泰电器：年报推10派6元 股权登记日7月10日,金融界
898,2019-07-04,正泰电器：光伏供应商参与持股计划，与产业链伙伴共享成长收益,证券时报网
899,2019-07-04,正泰电器：供应商参与大额持股计划 买入评级,东吴证券
900,2019-07-04,【东吴电新】正泰电器点评：供应商参与大额持股计划，实现产业链合作共赢,新兴产业汇
901,2019-07-04,【东北电新顾一弘】正泰电器（601877）深度报告：低压电器龙头地位稳固，光伏稳健发展,东北证券研究所
902,2019-07-03,又见供应商持股计划 正泰电器供应商拟近6亿元参与,e公司
903,2019-07-03,A股共发生80宗大宗交易成交25.62亿元（7月3日）,Wind
904,2019-07-03,[快讯]7月3日大宗交易一览,中财网
905,2019-07-03,上海证券市场大宗交易公开信息(2019-07-03),上交所
906,2019-07-03,正泰电器供应商计划近6亿元受让2811万股公司股票,中证网
907,2019-07-03,正泰电器(601877.SH)：控股股东及实控人转让合计2811万股予公司供应商持股计划,格隆汇
908,2019-07-03,正泰电器：控股股东及实际控制人向公司供应商持股计划转让股份 减持股份,Wind
909,2019-07-03,26股获券商买入评级 新宝股份目标涨幅达57.22%,Wind
910,2019-07-03,"电力设备:氢能白皮书发布,风光再迎利好",安信证券
911,2019-07-02,申万宏源-正泰电器-蔷薇保理供应链1-10期30亿元资产支持专项计划获上交所出函通过,中国金融信息网
912,2019-06-27,电气设备：工控需求仍然承压 荐4股,广发证券
913,2019-06-27,"电新行业5月深度跟踪:光伏风电高景气,新能源汽车需求增速放缓",证券之星
914,2019-06-24,正泰电器：关于重大资产重组部分限售股解禁上市流通的公告,上交所
915,2019-06-24,[快讯]正泰电器3227万限售股6月28日解禁 解禁,中财网
916,2019-06-24,正泰电器：3227.31万股限售股解禁，占公司总股本比例1.5%,Wind
917,2019-06-24,正泰电器(601877.SH)：约3227.31万股限售股解禁 解禁,格隆汇
918,2019-06-17,"电力设备与新能源行业周报:电动车5月产销平淡,工控5月需求偏弱",东吴证券
919,2019-06-14,"电力设备行业:拥抱光伏平价大周期,关注促消费政策后续实施",安信证券
920,2019-06-04,中国电器进入科创板已问询阶段 A股上市公司正泰电器持股11%,中金在线
921,2019-05-31,"电气设备光伏行业:光伏政策搭建完毕,国内需求正式启动",证券之星
922,2019-05-29,电气设备：工控下游景气维持 荐3股,广发证券
923,2019-05-28,"电力设备行业动态分析:平价先行,政策平稳,风光大周期开启",安信证券
924,2019-05-27,电气设备行业周报:新能源开工旺季即将开启,正点财经
925,2019-05-27,19股获券商买入评级 汇川技术目标涨幅达67.39%,Wind
926,2019-05-23,正泰电器：业绩符合预期，低压电器业务继续提升,电新产业研究
927,2019-05-17,南存辉：一直稳健扩张，不会为投而投,新京报
928,2019-05-16,"电新新能源专题之二:消纳保障机制正式发布,确保新能源消纳,稳定装机需求",联讯证券
929,2019-05-10,【东吴电新】工控电力设备年报季报总结：工控和低压电器前低后高后劲足，电网设备龙头有望恢复增长,新兴产业汇
930,2019-05-10,电新行业2018年报&2019一季报重点公司业绩回顾:2018年步履维艰2019年关注风光与电网投资边际变化,申万宏源
931,2019-05-09,透视科创板“最高龄考生”中国电器,IPO日报
932,2019-05-07,【华泰电新黄斌团队】业绩向好，坚守龙头——电新行业18年年报及19年一季报总结,华泰电新价值研究
933,2019-05-07,64亿元大礼包！ 43家光伏企业2018年分红预案揭晓,北极星电力
934,2019-05-06,中国电器闯关科创板获受理 背靠国资委及上市公司正泰电器,中金在线
935,2019-05-06,正泰电器:三大战略和渠道建设给低压业务产生积极的催化效应,国金证券
936,2019-04-29,【中信证券电新】许继电气一季报点评：业绩仍处低点，静待订单释放,CITICS电新
937,2019-04-29,【中信证券电新】国电南瑞年报及一季报点评：行业业态加速升级，技术龙头成长稳健,CITICS电新
938,2019-04-29,【中信证券电新】特锐德年报及一季报点评：充电业务快速发展，收益质量显著提升,CITICS电新
939,2019-04-29,【中信证券电新】麦格米特一季报点评：平台优势酝酿，业绩持续高增,CITICS电新
940,2019-04-29,【中信证券电新】汇川技术一季报点评：关注行业复苏与业务放量，业绩有望持续修复,CITICS电新
941,2019-04-29,【朝闻国盛0429】PPI中枢上行，股市消费板块相对稳健,国盛证券研究所
942,2019-04-29,"正泰电器:业绩符合申万宏源预期,低压电器和光伏协同发展",申万宏源
943,2019-04-28,【国金电新周观点】五月光伏产品价格好于预期，关注超跌电力设备白马,新兴产业观察者
944,2019-04-28,正泰电器一季度净利5.42亿同比下滑12% 现金流量净额-3.4亿 盈利能力下降,挖贝网
945,2019-04-28,"正泰电器:双轮驱动,稳健增长",证券之星
946,2019-04-27,【中泰电新】正泰电器：业绩高增，光伏和低压电器协同发展,中泰电新研究
947,2019-04-26,【中信证券电新】正泰电器：业绩符合预期，盈利能力稳步提升,CITICS电新
948,2019-04-26,正泰电器去年净利35.9亿元 同比增长26% 董事长南存辉薪酬130万元,挖贝网
949,2019-04-26,新能源业务净利增长48.20％！正泰电器2018主要干了这几件事！,世纪新能源
950,2019-04-25,正泰电器2018年营收突破274亿元 扣非归母净利润超36亿元,中证网
951,2019-04-25,正泰电器(601877.SH)一季度净利润降11.60%至5.42亿元 盈利能力下降,格隆汇
952,2019-04-25,正泰电器(601877.SH)2018年度净利润升26.47%至35.92亿元 拟10派6元,格隆汇
953,2019-04-25,正泰电器：2018年净利润同比增26.47%,Wind
954,2019-04-25,正泰电器：一季度净利润同比减11.60% 盈利能力下降,Wind
955,2019-04-22,正泰电器今日大宗交易成交9.61万股，成交价27.6元折价0.0%,Wind资讯
956,2019-04-22,新能源汽车平台化，光伏从周期迈向成长【安信电新·周观察·0422】,电新邓永康团队
957,2019-04-14,电气设备：电力设备风光平价加速 荐10股,安信证券
958,2019-04-11,【广证恒生电新】深度报告-正泰电器(601877.SH)-低压龙头市占率稳步提升，户用是公司未来最大弹性,广证恒生
959,2019-03-20,南存辉诠释企业家精神： 从修鞋匠到民营企业家,21世纪经济报道
960,2019-03-15,A股早报2019年3月15日星期五,Wind
961,2019-03-14,A股共发生51宗大宗交易成交18.15亿元（3月14日）,Wind
962,2019-03-14,正泰电器今日大宗交易成交731.58万股，成交价25.59元折价3.51%,Wind资讯
963,2019-03-14,深圳市市场监管局：3批次剩余电流动作断路器产品不合格 产品问题,质量新闻网
964,2019-03-13,正泰电器：公司低压电器产品中都有传感器，是“万物互联”不可缺一部分,Wind
965,2019-03-07,正泰集团子公司销售员挪用公款罪名成立 被判处有期徒刑十个月,和讯
966,2019-02-27,正泰电器：低压电器稳居龙头 户用光伏再迎成长,工业电器网
967,2019-02-27,券商首次关注8股并给予买入评级（2月27日）,Wind
968,2019-02-20,"电力设备行业:把握春季攻势,光伏需求超预期,探析19年新能源爆款车型",安信证券
969,2019-02-13,"电力设备行业2018年年报业绩前瞻:业绩持续分化,龙头差异竞争力凸显",平安证券
970,2019-02-10,电气设备：光伏提价淡季不淡 荐8股,联讯证券
971,2019-02-01,"电力设备行业:产业携手前进,静待靴子落地",安信证券
972,2019-01-31,"正泰电器:低压电器+光伏,确定性与成长性兼备",平安证券
973,2019-01-29,半导体国产替代有望加速 新兴应用提供确定增量,第一财经
974,2019-01-23,"联讯电新周报:风光政策预期向好,新能源汽车负面情绪渐消化",联讯证券
975,2019-01-22,正泰电器：从相信到看见 买入评级,和讯
976,2019-01-18,快看！数据表明2月份上涨概率高达80%,中金在线
977,2019-01-16,"联讯电新周报:风光推进平价项目,新能源汽车迎政策窗口",联讯证券
978,2019-01-15,19股获券商买入评级 碧水源目标涨幅达31.84%,Wind
979,2019-01-15,"电力设备行业:新能源政策密集期,影响测算与点评",安信证券
980,2019-01-15,"电力设备与新能源行业周报:风光平价管理办法出台,平价在即龙头成长空间打开",东吴证券
981,2019-01-10,"电力设备行业:电池装机超预期,能量密度创新高",安信证券
982,2019-01-04,电新行业2019年年度策略:风景这边独好,证券之星
983,2019-01-03,"电力设备行业:补贴新政临近,新能源新年新气象",安信证券
984,2019-01-01,【长江电新-周观点】新能源有望旺季开年，板块“避风港”价值强化,长江电力设备新能源
985,2018-12-27,"电力设备与新能源行业12月第4周周报:产业趋势向好,建议积极配置",证券之星
986,2018-12-24,正泰电器今日大宗交易成交141万股，成交价21.17元折价9.88%,Wind资讯
987,2018-12-24,"电气设备行业跟踪周报:确定性和成长性兼具,看好优质龙头",正点财经
988,2018-12-20,"电力设备行业周报:立足大趋势,把握边际改善环节",安信证券
989,2018-12-18,正泰电器：拟开展资产证券化项目,e公司
990,2018-12-18,高管增持排行榜 7股获增持超千万元,证券时报
991,2018-12-18,"正泰电器:业绩略超预期,低压龙头强者愈强,光伏业务稳健经营",中证网
992,2018-12-18,电力设备与新能源行业12月第3周周报:11月国内新能源汽车产销高增长,证券之星
993,2018-12-14,正泰电器：稳健增长添信心 买入评级,和讯
994,2018-12-12,58股获高管增持 近10日主力资金净流入13只,证券时报
995,2018-12-12,A股早报2018年12月12日星期三,Wind
996,2018-12-11,A股共发生43宗大宗交易成交12.55亿元（12月11日）,Wind
997,2018-12-11,上海证券市场大宗交易公开信息(2018-12-11),上交所
998,2018-12-11,正泰电器：控股方向员工、经销商及供应商持股计划转让近3400万股,e公司
999,2018-12-11,正泰电器：控股股东等转让3389.93万股给员工经销商等持股计划,Wind
1000,2018-12-11,"电力设备行业:新能源产销旺盛,全球化大势所趋",安信证券
1001,2018-12-10,金股预测早间版：8股有望开启估值修复,巨丰财经
1002,2018-12-10,"联讯电气设备与新能源行业周报:新能源板块持续上扬,期待光伏政策出台",联讯证券
1003,2018-12-09,机构看好黄金、光伏板块 资金加仓这些股（名单）,每日经济新闻
1004,2018-12-09,晚间重要公告2018年12月9日星期日,Wind
1005,2018-12-09,正泰电器：董事陆川完成增持计划,e公司
1006,2018-12-05,"电力设备行业:动力观格局,风光迎利好",安信证券
1007,2018-12-03,正泰电器入选上证180指数,中证网
1008,2018-12-03,"联讯电气设备与新能源行业周报:电动车趋势向好,风光获政策持续支持",联讯证券
1009,2018-11-27,"电力设备行业:消费驱动,静待爆款",安信证券
1010,2018-11-20,"电气设备行业周报:配额制有望缓解补贴缺口,重视三元产业链龙头",国海证券
1011,2018-11-20,"可再生能源配额制第三版征求意见稿解读:配额制落地时间明确,市场化机制促进新能源消纳",申万宏源
1012,2018-11-20,"电力设备行业:望眼全球,格局为大",安信证券
1013,2018-11-19,电力设备与新能源行业周报:新能源和电动车优质龙头成长性看好,东吴证券
1014,2018-11-16,"电新新能源专题之一:配额制明年将执行,确保新能源消纳,稳定装机需求",联讯证券
1015,2018-11-14,2018年三季度逆势上扬的光伏企业,集邦新能源网
1016,2018-11-13,"电力设备行业:守得云开,方见月明",安信证券
1017,2018-11-06,【高管面对面】正泰电器：从低压龙头走向综合能源服务商,e公司
1018,2018-11-05,"电气设备行业:光伏终迎政策利好,新能源板块全面向好",联讯证券
1019,2018-11-02,【东吴电新】正泰电器：低压电器超预期增长，光伏运营大幅改善,新兴产业汇
1020,2018-10-31,【华创电新】正泰电器：低压电器增长稳健，光伏业务好于预期,华创电新研究
1021,2018-10-29,电气设备：青海 河南直流特高压获批,中银国际
1022,2018-10-29,"电气设备行业:新能源各版块前景广阔,龙头享受确定性溢价",联讯证券
1023,2018-10-26,【中银电新 沈成团队】正泰电器（601877）2018年三季报点评：业绩超预期，延续优异表现,老成之见
1024,2018-10-26,正泰电器前三季度营收191.11亿元 同比增长19.92%,中证报
1025,2018-10-26,受惠行业结构性变化 正泰电器三季报净利同比增42%,中证网
1026,2018-10-26,易事特全资子公司获国家发明专利 北京鼓励清洁能源等方面合作,Ofweek
1027,2018-10-26,正泰电器：2018年前三季度主要财务指标,上交所
1028,2018-10-25,【中泰电新】正泰电器：三季报业绩高增，预收款创新高,中泰电新研究
1029,2018-10-25,正泰电器：前三季度净利润同比增41.79%,Wind
1030,2018-10-25,"电力设备行业:脚步未止,静待量变到质变",安信证券
1031,2018-10-23,"电新周报:9月锂电装机高增长,三季报窗口期关注盈利分化",联讯证券
1032,2018-10-16,[强大于市评级]深度*行业*电力设备与新能源行业2018年三季报前瞻：行业景气有所回落 细分板块持续分化,中财网
1033,2018-10-15,[领先大市-A评级]电力设备行业动态分析：特高压高歌猛进 电动车不负旺季,中财网
1034,2018-10-15,[增持评级]联讯电新行业周报：风电出现长期机会 新能源车或有三季报行情,中财网
1035,2018-10-15,[买入评级]电气设备行业周报：九月销量涨势明显 宁德时代扣非业绩增八成,中财网
1036,2018-10-10,正泰电器今日大宗交易成交25万股，成交价20.67元折价8.74%,Wind资讯
1037,2018-10-10,"电力设备行业:追寻变化,把握阶段性机会",安信证券
1038,2018-10-09,巨丰热点：宝泰隆强势涨停带动石墨烯板块活跃,巨丰财经
1039,2018-10-08,"电新周报:新能源汽车持续向好,看好风电龙头低位反弹",联讯证券
1040,2018-09-27,"电气设备行业周报:新能源车中游需求发力,特高压建设提速",国海证券
1041,2018-09-23,电气设备：研发抵扣新规利于新能源汽车产业升级 荐5股,国盛证券
1042,2018-09-19,"电力设备行业:新能源车旺季开启,特高压基建提速",安信证券
1043,2018-09-18,正泰电器：2018年半年度权益分派实施公告,上交所
1044,2018-09-18,[快讯]正泰电器公布2018年半年度分红方案,中财网
1045,2018-09-18,"正泰电器2018年中报点评:低压电器增长提速,光伏新政影响消化",正点财经
1046,2018-09-18,"电气设备行业周报:钴及电解液涨价,领跑者支撑单晶PERC后续价稳",正点财经
1047,2018-09-16,电气设备：新能源汽车景气度逐月提升 荐3股,国盛证券
1048,2018-09-14,正泰被欠16.7亿光伏补贴？,世纪新能源
1049,2018-09-14,"电气设备行业周报:需求转暖价格依然承压,重视反弹时龙头溢价",国海证券
1050,2018-09-13,A股共发生45宗大宗交易成交6.57亿元（9月13日）,Wind
1051,2018-09-12,电气设备：新能源消纳稳步提升 荐8股,广发证券
1052,2018-09-10,9月10日有48家公司获重要股东增减持 赢合科技已被连续减持37次 减持股份,Wind
1053,2018-09-06,"电力设备行业2018中报总结:企业分化,聚焦龙头",安信证券
1054,2018-09-05,电气设备：电力设备分化明显 荐4股,广发证券
1055,2018-09-05,正泰电器：预计欧洲光伏市场将迎来新一轮增长,Wind
1056,2018-09-03,东方不亮西边亮！“双反”取消深V反弹，商务部点赞,Wind
1057,2018-09-03,电气设备：整体平稳 荐4股,中银国际
1058,2018-08-28,[买入评级]正泰电器(601877)中报点评：低压电器收入毛利率双丰收 二季度翘尾上涨,中财网
1059,2018-08-28,【东吴电新】正泰电器：低压电器收入毛利率双丰收，二季度翘尾上涨,新兴产业汇
1060,2018-08-28,"电新行业周报:锂电装机表现良好,风电龙头中报符合预期",联讯证券
1061,2018-08-22,"正泰电器:业绩略超申万宏源预期,低压电器发展提速",申万宏源
1062,2018-08-21,[推荐评级]正泰电器(601877)半年报点评：低压业务加速增长 光伏表现稳健,中财网
1063,2018-08-21,明日最具投资机会六大牛股一览（2018年8月21日）,中财网
1064,2018-08-21,[买入评级]正泰电器(601877)中报点评：低压龙头主业抢眼 光伏新政影响有限,中财网
1065,2018-08-21,[强于大市评级]深度*行业*电力设备与新能源行业周报：7月全社会用电量同比增长6.8%,中财网
1066,2018-08-21,152股获券商买入评级 联创电子目标涨幅达103.33%,Wind
1067,2018-08-21,"电气设备与新能源行业周报:电动乘用车销售向好,坚定看好龙头",东吴证券
1068,2018-08-20,[看好评级]电气设备行业周报：车型丰富强化消费崛起后盾 经济放缓不改工控向好逻辑,中财网
1069,2018-08-20,[领先大市-A评级]电力设备行业动态分析：三大主线日益明晰 新能源车逻辑不改,中财网
1070,2018-08-20,[增持评级]电力设备新能源行业周报：电动车逐月回暖 全球风电需求提速,中财网
1071,2018-08-20,[增持评级]电气设备行业周报：继续看好风电龙头 新能源车静候凤凰涅槃,中财网
1072,2018-08-20,[买入评级]正泰电器(601877)中报点评：低压电器精准发力 光伏业务稳定增长,中财网
1073,2018-08-20,[优于大市评级]正泰电器(601877)半年报点评：低压电器全面发展 光伏新政影响消化,中财网
1074,2018-08-20,"正泰电器2018年中报点评:低压电器高速增长,光伏电站布局持续优化",光大证券
1075,2018-08-20,"正泰电器:渠道优势强化,低压电器业务稳增长",安信证券
1076,2018-08-19,【国金电新】正泰电器研究报告：业绩高增长，低压电器进入新一轮快速增长期,新兴产业观察者
1077,2018-08-19,[买入评级]正泰电器(601877)半年报点评：低压电器重回高增长 光伏板块稳健发展,中财网
1078,2018-08-18,【中泰电新】正泰电器：低压电器量利齐升，业绩高增长,中泰电新研究
1079,2018-08-17,[中性评级]电力设备行业周报：国家统计局发布7月份能源供给情况,中财网
1080,2018-08-17,今日资金抢入六只强势股一览（2018年8月17日）,中财网
1081,2018-08-17,[强烈推荐-A评级]正泰电器(601877)中报点评：低压电器业务实现快速增长 光伏新政影响逐步消化,中财网
1082,2018-08-17,正泰电器：低压电器业务实现高增长，光伏新政影响逐步消化,电新产业研究
1083,2018-08-17,[审慎增持评级]正泰电器(601877)中报点评：低压电器龙头持续高增长 业绩略超预期,中财网
1084,2018-08-17,中期惊艳！正泰电器：上半年实现营业收入119.02亿元 尽显主业优势,北极星电力
1085,2018-08-17,[买入评级]正泰电器(601877)中报点评：低压+光伏双驱动 业绩继续高增长,中财网
1086,2018-08-17,[买入评级]深度*公司*正泰电器(601877)中报点评：中报业绩增速亮眼 低压电器表现优异,中财网
1087,2018-08-17,[强烈推荐评级]正泰电器(601877)半年报点评：低压电器进入20+%新阶段 新能源脚步依然稳健,中财网
1088,2018-08-17,[买入评级]正泰电器(601877)中报点评：低压板块持续高增长 光伏板块稳健运行,中财网
1089,2018-08-16,正泰电器：上半年业绩强劲增长 尽显主业优势,中证网
1090,2018-08-16,[中报]正泰电器上半年净利17.83亿元 同比增41.87%,全景网
1091,2018-08-16,正泰电器：上半年净利17.83亿元 同比增42%,e公司
1092,2018-08-16,正泰电器：上半年净利润同比增41.87%,Wind
1093,2018-08-15,[买入评级]工控&电力设备行业8月刊：工信部五方面促进制造业高质量发展 乌东德柔直启动招标,中财网
1094,2018-08-13,[增持评级]电气设备行业周报：新能源汽车再度进入配置区间 核电标准化工作加速推进,中财网
1095,2018-08-13,[买入评级]电力设备与新能源行业研究周报：十三五电力规划启动调整 造车新势力开始放量,中财网
1096,2018-08-03,"电气设备行业:上半年可再生能源平稳发展,由重量向重质转变",国联证券
1097,2018-08-01,[看好评级]新能源行业点评：新能源发展趋势不变 风电光伏消纳持续改善,中财网
1098,2018-08-01,[买入评级]光伏风电行业：政策预期变好 新能源发电获强心剂,中财网
1099,2018-07-31,电气设备新能源行业周报：电芯产业链迅速提升 风电环比改善,中财网
1100,2018-07-31,[买入评级]电气设备行业周报：可再生能源配额制年内出台 新能源发电预期转好,中财网
1101,2018-07-30,[增持评级]联讯电新周报：配额制年内或将出台 风光板块长期发展向好,中财网
1102,2018-07-30,"电力设备与新能源行业周报:电动车龙头继续看反转,风光龙头估值开始修复",东吴证券
1103,2018-07-26,7月26日有49家公司获重要股东增减持 当升科技已被连续减持39次,Wind
1104,2018-07-24,[买入评级]工控&电力设备行业7月报：IAS&RS助力华中智能制造 国网充电桩招标量提升,中财网
1105,2018-07-24,"电力设备与新能源行业周报:升级元年和旺季在即,电动车龙头成长行情发酵",东吴证券
1106,2018-07-24,"电力设备与新能源行业研究:整车与电池厂合作掀高潮,龙头优势继续扩大",国金证券
1107,2018-07-23,[增持评级]电气设备行业周报：风电反转逻辑持续验证 海上风电将有优异表现,中财网
1108,2018-07-20,下周608亿市值限售股解禁，环比增加68%,Wind
1109,2018-07-20,中国上市公司协会联合沪深交易所发布A股上市公司现金分红榜单,中上协
1110,2018-07-20,46股获券商买入评级 正泰电器目标涨幅达56.32%,Wind
1111,2018-07-19,[强烈推荐-A评级]正泰电器(601877)深度报告：低压电器进入新一轮发展期 光伏新政影响完成消化,中财网
1112,2018-07-18,电新行业中期策略：新周期、新技术、新龙头,中财网
1113,2018-07-17,"电力设备行业:内外合力消费市加速,定海神针中国芯突破",安信证券
1114,2018-07-16,[强于大市评级]深度*行业*电力设备与新能源行业周报：6月新能源汽车产销与用电量持续高增长,中财网
1115,2018-07-16,电气设备行业周报：光伏价格企稳 风电与电动车长期价值可期,中财网
1116,2018-07-13,正泰电器大涨5.02%，报22.17元,腾讯网
1117,2018-07-11,正泰电器大跌7.13%，报20.18元,腾讯网
1118,2018-07-11,电气设备新能源行业周报：电车集中度迅速提升 风电底部反转有望,中财网
1119,2018-07-11,正泰电器跌3.36%，创年度新低，报21.00元,腾讯网
1120,2018-07-10,[超配评级]电气设备及新能源行业周报：双积分逐步落地 倒逼车企提档加速,中财网
1121,2018-07-10,[增持评级]电气设备行业周报：下跌孕育机遇 重点关注风电与电动车高端产业链,中财网
1122,2018-07-10,"电力设备行业:迎电车浪潮,享智造盛宴",安信证券
1123,2018-07-07,【长江电新-周观点】政策路径明确，坚定产业信心,微信
1124,2018-07-06,[中性评级]电力设备行业周报：中国首个大型商业化光热电站一次带电并网成功,中财网
1125,2018-07-06,正泰电器跌0.76%，创年度新低，报21.01元,腾讯网
1126,2018-07-06,正泰电器7.03亿元收购17个分布式光伏项目,温州网
1127,2018-07-05,正泰电器跌1.44%，创年度新低，报21.20元,腾讯网
1128,2018-07-05,光伏电站概念股正泰电器：全球低压电器龙头,南方财富网
1129,2018-07-05,优质光伏电站为“硬通货” 电站市场交易活跃 企业各取所需,北极星电力
1130,2018-07-04,正泰电器跌3.98%，创年度新低，报21.22元,腾讯网
1131,2018-07-04,光伏电站市场交易活跃 企业各取所需 4股受欢迎,证券之星
1132,2018-07-04,[买入评级]太阳能行业点评：光伏电站市场交易活跃 制造运营企业各取所需 3星级,中财网
1133,2018-07-03,加码光伏产业布局 正泰电器拟7.03亿收购隆基股份17个项目,每日经济新闻
1134,2018-07-03,抛60亿融资计划卖17个光伏项目 隆基股份下怎样一盘棋？,每日经济新闻
1135,2018-07-03,左手卖项目右手寻融资 单晶老大隆基盘算啥？,华夏时报
1136,2018-07-03,[推荐评级]电新18年中报预期(电气设备行业)：选对赛道 追求成长,中财网
1137,2018-07-02,7月2日晚间上市公司十大重磅公告,巨丰财经
1138,2018-07-02,正泰电器：逾7亿元收购17个分布式光伏项目公司,e公司
1139,2018-07-02,正泰电器:从隆基绿能科技买17个分布式光伏公司股权,新浪
1140,2018-07-02,[增持评级]电气设备行业周报：三代核电并网有望助力核准松绑 持续看好新能源车中游旺季行情,中财网
1141,2018-07-02,[增持评级]电气设备行业周报：电动车边际改善 Q3旺季开启,中财网
1142,2018-07-02,[增持评级]电力设备与新能源行业周报：升级元年和旺季开始 电动车龙头持续反转,中财网
1143,2018-07-02,"电气设备行业:风电处于估值底部,现长期投资机会",联讯证券
1144,2018-07-01,立足全球，感受中国芯力量【安信电新·周观察·0631】,电新邓永康团队
1145,2018-06-29,[强于大市评级]深度*行业*电新行业2018年中期策略：产业升级 格局优化,中财网
1146,2018-06-29,[买入评级]风电和光伏行业投资策略：把握行业的变与不变,中财网
1147,2018-06-28,今日10只股公告减持 股数达0.20亿,证券时报
1148,2018-06-27,"电力设备行业动态周报:5月全国用电量稳定增长,插电混合动力车型发力",中航证券
1149,2018-06-27,"新能源与电力设备行业2018年中期投资策略:周期性调整,市场化前夜",信达证券
1150,2018-06-26,电力设备与新能源行业深度报告：电动车升级元年、工控新周期 优质龙头成长空间开启,中财网
1151,2018-06-26,"电气设备行业:风电5月装机同比增长19%,新能源汽车中游进入排产旺季",正点财经
1152,2018-06-26,[买入评级]电力设备与新能源行业研究周报：电车板块显比较优势 数据印证工控低压电器高景气 3星级,中财网
1153,2018-06-26,电气设备新能源行业周报：行业排产复苏 看好三季度电车行情,中财网
1154,2018-06-26,[买入评级]工控&电力设备2018年中期策略：工控需求向好持续 电网提升新能源消纳,中财网
1155,2018-06-26,"电力设备行业:动力全开,新周期新成长",安信证券
1156,2018-06-25,A股共发生34宗大宗交易成交3.72亿元（6月25日）,Wind
1157,2018-06-25,正泰电器今日大宗交易成交28.44万股，成交价20.27元折价10.94%,Wind资讯
1158,2018-06-25,正泰电器潘洁：董秘需第一时间了解市场舆论环境动态,新浪
1159,2018-06-25,24股获券商买入评级，易尚展示目标涨幅达86.72%,Wind
1160,2018-06-25,"电力设备与新能源行业周报:电动车旺季在即龙头迎反转,制造业投资加速显示工控高景气",东吴证券
1161,2018-06-23,正泰电器：三大战略助力龙头业绩腾飞,国金证券股份有限公司
1162,2018-06-23,电气设备：风光发电潜力巨大 荐16股,中信建投
1163,2018-06-22,正泰电器：关于重大资产重组部分限售股解禁上市流通的公告,上交所
1164,2018-06-22,下周1362亿市值限售股解禁，环比增1.7倍,Wind
1165,2018-06-22,国金证券：正泰电器买入评级,顶尖财经网
1166,2018-06-20,"电力设备行业:风光久旱逢甘露,电车破浪会有时",安信证券
1167,2018-06-19,[增持评级]电力设备新能源行业周报：电动车升级趋势明确 第七批可再生能源补贴目录公布,中财网
1168,2018-06-15,今日上午主力资金流入哪些个股？,证券时报
1169,2018-06-14,105只股即将实施分红（名单）,证券时报
1170,2018-06-13,电气设备新能源行业周报：销量向好、热点频出催生电车行情,中财网
1171,2018-06-12,[推荐评级]电力设备行业投资策略报告：政策换挡下的新能源成长投资,中财网
1172,2018-06-12,[增持评级]电力设备新能源行业周报：新能源乘用车5月销量靓丽 新能源发电第七批补贴目录或将近期发布,中财网
1173,2018-06-12,[买入评级]工控&电力设备行业6月报：工业互联网发展行动计划发布 增量配电改革继续推进,中财网
1174,2018-06-12,[看好评级]电力设备新能源行业周报：推进全额消纳 落实限电改善,中财网
1175,2018-06-11,电力设备与新能源行业6月第2周周报:第六批新能源汽车推广目录发布,证券之星
1176,2018-06-11,"电力设备与新能源行业周报:5月电动车销售超预期,旺季和升级元年带来反转行情",东吴证券
1177,2018-06-11,"新能源与电力设备行业研究:光伏政策影响快速显现,工业互联网迎发展元年",国金证券
1178,2018-06-11,"电力设备行业:政策激发对策,铅华洗尽方见成长",安信证券
1179,2018-06-10,巨丰原创：A股入摩外资助推多股创历史新高 23只成分股吸金70亿,巨丰财经
1180,2018-06-08,多家公司发布增持公告：华东数控等获得力捧,Wind
1181,2018-06-08,晚间重要公告2018年6月8日星期五,--
1182,2018-06-08,正泰电器：副总裁陆川计划增持股份,e公司
1183,2018-06-08,正泰电器：副总裁拟增持50万-200万股,Wind
1184,2018-06-08,"新能源发电2018年中期策略:拥抱龙头,迎接后补贴时代",正点财经
1185,2018-06-08,"电气设备行业:2018需求回落,产业整合即将开始",国联证券
1186,2018-06-07,正泰电器：2017年年度权益分派实施公告,上交所
1187,2018-06-07,正泰电器年报推10派7元 股权登记6月14日,金融界
1188,2018-06-07,[买入评级]电力设备新能源行业2018年下半年投资策略：乘风而上 把握电车、光伏节奏,中财网
1189,2018-06-06,正泰电器：6月5日融资余额为4.76亿元，较前一日骤增6.33%,Wind资讯
1190,2018-06-06,多家光伏上市公司表态：利润仍有较大空间，新政助推龙头“出海”,Wind
1191,2018-06-05,光伏板块持续疲软，阳光电源、隆基股份、通威股份均连续跌停,Wind
1192,2018-06-04,跌停板解密：光伏板块利空现跌停潮！（6月4日）,Wind
1193,2018-06-04,[增持评级]电气设备行业周报：光伏标杆电价下调5分钱 新能源车即将进入新旧补贴换挡期,中财网
1194,2018-06-04,[推荐评级]《关于2018年光伏发电有关事项的通知》点评(新能源行业)：政策波动 行业加速平价上网,中财网
1195,2018-06-04,光伏板块集体下挫，隆基股份等4股相继跌停,Wind
1196,2018-06-04,"电力设备行业:政策意志彰显,光伏巨震影响几何",安信证券
1197,2018-06-04,"电气设备行业关于《关于2018年光伏发电有关事项的通知》的点评:短期需求回落,平价上网进程将加速",证券之星
1198,2018-05-30,电气设备新能源行业周报：强者恒强逻辑持续被验证,中财网
1199,2018-05-28,正泰电器：2017年年度股东大会决议公告,上交所
1200,2018-05-28,[领先大市-A评级]电力设备行业动态分析：以风电消纳为核 造中国电池之芯,中财网
1201,2018-05-28,电力设备行业：边际改善聚焦龙头,顶尖财经网
1202,2018-05-28,"电力设备与新能源行业周报:锂电旺季在即迎反转,风光龙头强者恒强",东吴证券
1203,2018-05-25,电力设备行业周报：能源局公布2018年度风电建设管理相关要求,中财网
1204,2018-05-25,[推荐评级]光伏系列报告(十四)：组件高效化趋势超预期 单晶及高效产品盈利性强,中财网
1205,2018-05-24,低压电器行业发展趋势分析 市场集中度有望提升,前瞻研究院
1206,2018-05-23,电气设备：风光发电潜力巨大 荐16股,中信建投
1207,2018-05-22,40天众筹金额破亿元 正泰电器玩起了“互联网+”转型,浙江在线
1208,2018-05-22,[买入评级]光伏行业2017年总结与2018年展望：行业高速增长 龙头优势强化,中财网
1209,2018-05-22,电力设备行业周报:4月份全社会用电量同比增长7.8%,渤海证券
1210,2018-05-21,电动车旺季在即 工控景气持续向好 4股势不可挡,证券之星
1211,2018-05-21,"电力设备与新能源行业周报:电动车旺季在即迎反转,工控景气持续向好",东吴证券
1212,2018-05-17,[增持评级]电力设备与新能源行业年报总结：17年工控和低压电器贡献主要增长 18Q1继续维持上升态势,中财网
1213,2018-05-17,[推荐评级]2017年光伏行业年报总结：龙头崛起 平价与技术推动行业发展,中财网
1214,2018-05-16,[买入评级]电力设备&工控5月报投资策略：国网充电桩招标量显著提升 工控高景气持续,中财网
1215,2018-05-16,[增持评级]机械工业/电气设备行业深度报告：工控高景气明确、电动车短期扰动不改长期趋势,中财网
1216,2018-05-16,一季度A股光伏企业业绩喜忧参半：单晶硅企业表现分化 逆变器企业高歌猛进,中国能源报
1217,2018-05-16,[增持评级]正泰电器(601877)深度研究：全球低压电器龙头 户用光伏打造新的盈利点,中财网
1218,2018-05-16,[推荐评级]电气设备行业深度研究报告：新能源板块的资产负债表分析框架初探,中财网
1219,2018-05-16,A股最新入围MSCI名单出炉 6股绝佳布局良机,证券日报
1220,2018-05-15,[增持评级]新能源板块行业周报：新能源汽车板块基本面向好 依旧看好钴、高镍等细分板块,中财网
1221,2018-05-15,[增持评级]电力设备新能源行业周报：4月新能源车销量再创新高 推进发电权交易继续改善新能源电力消纳水平,中财网
1222,2018-05-14,[增持评级]电气设备行业周报：发电权交易利于新能源与火电共赢 新车型进入渠道铺货期,中财网
1223,2018-05-14,[增持评级]电力设备与新能源行业周报：再议电动乘用车升级 电动车反转正当时,中财网
1224,2018-05-11,[买入评级]正泰电器(601877)公司研究报告：户用风起 拥抱龙头,中财网
1225,2018-05-11,机械工业/新能源板块行业周报：光伏产业18 年装机有望超55GW 关注产业投资机会,中财网
1226,2018-05-10,"光伏行业深度报告:星星之火可以燎原,户用光伏热浪来袭",证券之星
1227,2018-05-09,[增持评级]电力设备与新能源行业周报：电动车抢装火爆 淡季担忧证伪将迎来反转,中财网
1228,2018-05-09,[买入评级]太阳能行业深度研究：光伏进入平价时代 新的十年高速成长期开启,中财网
1229,2018-05-09,[增持评级]机械工业/电气设备行业跟踪报告：工控景气度延续 中长线推荐新能源汽车核心标的,中财网
1230,2018-05-08,[买入评级]电力设备与新能源行业研究周报：硅片价格战成果初现 电池龙头加速出海,中财网
1231,2018-05-08,双轮驱动 正泰电器“成绩单”亮眼 营收及利润双创历史新高,北极星电力
1232,2018-05-07,[强于大市评级]深度*行业*电新行业2017年年报与2018年一季报总结：增长稳健 分化明显,中财网
1233,2018-05-02,"电力设备行业周报:政策护航光伏健康发展,工控进口替代有望加速",渤海证券
1234,2018-04-27,"正泰电器:业绩增长提速,低压电器和户用光伏迎来战略发展期",国金证券
1235,2018-04-26,“低压、光伏”双轮驱动正泰电器营收、净利双创历史新高,美通社
1236,2018-04-26,正泰电器：4月25日融资余额为5.05亿元，较前一日骤增6.64%,Wind资讯
1237,2018-04-26,"正泰电器:低压电器+光伏双主业协同发展,业绩持续增长",东北证券
1238,2018-04-26,"正泰电器深度报告:“正”在提速,“泰”不一样",证券之星
1239,2018-04-25,"正泰电器:低压电器+光伏双轮驱动,业绩提速",国联证券
1240,2018-04-24,电气设备新能源行业周报：风光利好频现 电池装机数据高增长,中财网
1241,2018-04-24,[推荐评级]电力设备与新能源行业周报：暂行管理办法出台 助力分散式风电发展,中财网
1242,2018-04-24,[审慎增持评级]正泰电器(601877)年报及季报点评：业绩超预期 市占率与利润率迎双升,中财网
1243,2018-04-24,[强推评级]正泰电器(601877)点评：业绩超预期增长 打造分布式光伏龙头,中财网
1244,2018-04-24,[买入评级]正泰电器(601877)年报点评：业绩持续增长 “低压电器+新能源”优势明显,中财网
1245,2018-04-24,中银国际：上调正泰电器评级至买入,Wind
1246,2018-04-24,[看好评级]电力设备新能源行业周报：一季度风电光伏数据符合预期 电动车继续看好零部件厂商国际化以及三元高镍化的趋势,中财网
1247,2018-04-24,上调评级至买入策略选股（4月24日）,Wind
1248,2018-04-24,招商证券：正泰电器买入评级,顶尖财经网
1249,2018-04-24,"正泰电器季报点评:一季度业绩超预期,主营业务加速成长",渤海证券
1250,2018-04-24,"正泰电器:年报符合预期,一季度业绩大增,提速进行中",证券之星
1251,2018-04-24,"正泰电器2017年年报业绩点评:低压电器需求回升,户用系统销售助力业绩增长",光大证券
1252,2018-04-23,[同步大势评级]新能源电力设备行业周报：硅料价格仍坚挺 持续看好光伏上游,中财网
1253,2018-04-23,深度！良信电器：垒土成台十九载，开疆拓境赋新篇【安信电新】,电新邓永康团队
1254,2018-04-23,[买入-A评级]正泰电器(601877)年报及季报点评：业绩兑现成长逻辑,中财网
1255,2018-04-23,[买入评级]深度*公司*正泰电器(601877)年报及季报点评：低压电器与光伏双轮驱动 一季报业绩超预期,中财网
1256,2018-04-23,[领先大市评级]电力设备行业周报：看复苏乘风而上 拨迷雾挂挡前行,中财网
1257,2018-04-23,[强于大市评级]深度*行业*电力设备与新能源行业周报：新能源政策利好频传,中财网
1258,2018-04-23,电气设备：电动车继续看好零部件厂商国际化以及三元高镍化的趋势 荐15股,申万宏源
1259,2018-04-23,正泰电器：2017年实现营业收入234.17亿元 同比增长16.13%,北极星电力
1260,2018-04-23,电气设备：新能源政策利好频传,中银国际
1261,2018-04-23,平价视角下的光伏产业链深度解析：技术降本驱动平价 低本质优龙头领跑,中财网
1262,2018-04-23,正泰电器：年报净利增长三成 拟10派7元,金融界
1263,2018-04-23,"正泰电器:双主业齐头并进,打造创新型新能源电力企业",证券之星
1264,2018-04-22,正泰电器：业绩兑现成长逻辑【安信电新·年报&一季报点评】,电新邓永康团队
1265,2018-04-21,正泰电器：低压光伏双主业优势显现 业绩保持稳定增长,中证网
1266,2018-04-21,正泰电器：2017年年度主要财务指标,上交所
1267,2018-04-21,正泰电器：2018年第一季度主要财务指标,上交所
1268,2018-04-21,正泰电器：第七届董事会第十七次会议决议公告,上交所
1269,2018-04-20,正泰电器：一季度净利润同比增70.59%,Wind
1270,2018-04-20,正泰电器：2017年净利润同比增29.98%,Wind
1271,2018-04-20,[看好评级]电力设备与新能源行业事件点评：权限下放地方激发装机 全额分布式开启抢装模式,中财网
1272,2018-04-20,[同步大势评级]电气设备行业动态报告：智能光伏行动计划发布 产业地位获高度认可,中财网
1273,2018-04-20,"电力设备与新能源行业周报:智能光伏行动计划发布,利好光伏技术领先企业",渤海证券
1274,2018-04-18,[强烈推荐-A评级]正泰电器(601877)深度报告：与全球低压电器同行的分析对比,中财网
1275,2018-04-18,"电力设备与新能源周报:新能源汽车需求启动淡季不淡,产业链进入二季度黄金投资期",中投证券网
1276,2018-04-17,[超配评级]电力设备新能源行业投资策略：自下而上 思长久之计,中财网
1277,2018-04-17,[审慎增持评级]正泰电器(601877)深度报告：低压电器王牌 光伏发电翘楚,中财网
1278,2018-04-17,[强于大市评级]深度*行业*电力设备与新能源行业2018年一季度业绩前瞻：行业经营整体向好 细分板块有所分化,中财网
1279,2018-04-16,电气设备：工控新动能效果显现 荐17股,中信建投
1280,2018-04-16,电气设备：风光外部环境改善 荐8股,广发证券
1281,2018-04-16,[增持评级]电力设备与新能源行业周报：电动车和工控持续向好 积极布局龙头,中财网
1282,2018-04-16,[买入评级]正泰电器(601877)深度报告：守“正”出奇 运开久“泰”,中财网
1283,2018-04-16,电气设备新能源行业周报：电车产销两旺 不惧风电短期扰动,中财网
1284,2018-04-16,[强于大市评级]电气设备行业研究周报：海南明确逐步禁售燃油车 光伏技术领跑者基地竞争优选工作方案出台,中财网
1285,2018-04-16,[看好评级]电气行业周报：新能源车3月销量高增长 工控进入扩张新周期,中财网
1286,2018-04-16,[买入评级]工控行业深度报告：制造强国核心 推动转型升级,中财网
1287,2018-04-15,[领先大市-A评级]电力设备行业周报：风已起不畏扰动 势已至龙头争锋,中财网
1288,2018-04-15,[增持评级]电力设备新能源行业周报：3月电池装机龙头效应凸显 高增长的用电量拓宽新能源空间,中财网
1289,2018-04-15,[增持评级]电气设备行业周报：新能源汽车产销维持高增长 内蒙古特高压外送风电基地获批,中财网
1290,2018-04-13,4月13日早间行业热点聚焦,中证网
1291,2018-04-12,"电气设备与新能源行业周报:3月产销超预期和高端乘用车升级,持续看好电动车反转行情",东吴证券
1292,2018-04-10,[看好评级]电力设备新能源行业周报：第三批推荐目录发布 印证三元高镍化趋势,中财网
1293,2018-04-10,电气设备行业周报：风光渐暖 关注电车销量,中财网
1294,2018-04-10,[买入评级]电气设备行业周报：新能源汽车补贴落地 工控市场快速增长,中财网
1295,2018-04-09,[强于大市评级]电气设备行业研究周报：CATL闪电过会 能源局监管强调清洁能源入网与交易,中财网
1296,2018-04-08,[买入评级]电力设备&工控行业4月报：工控景气持续 电改持续推进,中财网
1297,2018-04-04,电气设备行业周报：三元产业链确定性强 新能源发电转暖,中财网
1298,2018-04-04,[领先大市-A评级]电力设备行业动态分析：独角兽CATL上会 迎高端制造之势 享清洁能源之风,中财网
1299,2018-04-03,[增持评级]电力设备新能源行业周报：独角兽CATL上会在即提振情绪 风光需求旺季到来,中财网
1300,2018-04-03,[增持评级]电力设备与新能源行业周报：PMI超预期利好工控 电动车抢装如火如荼,中财网
1301,2018-04-03,[买入评级]电气设备行业投资策略：新能源车布局加速 工控行业景气持续,中财网
1302,2018-04-03,[看好评级]电力设备新能源行业周报：高端插混零售景气印证 重视一线整机厂零部件国产化,中财网
1303,2018-04-02,[推荐评级]电气设备行业点评：降低制造业增值税 加速光伏平价预期,中财网
1304,2018-03-30,国金：资金向价值成长迁移的趋势未变 4月十大金股,金融界
1305,2018-03-28,[推荐评级]电气设备行业点评：印度终止光伏产品反倾销调查 对全球市场形成有力支撑,中财网
1306,2018-03-27,3月27日有27家公司获重要股东增减持 特锐德已被连续增持35次,Wind
1307,2018-03-27,[增持评级]电力设备新能源行业周报：锂业龙头延续高增长,中财网
1308,2018-03-27,[买入评级]电气设备行业投资策略：中美贸易摩擦影响有限 配额制促新能源发展,中财网
1309,2018-03-26,[领先大市-A评级]电力设备行业动态分析：风光不改 大势所趋,中财网
1310,2018-03-26,电气设备：长效机制建立 荐8股,中银国际
1311,2018-03-26,正泰电器：3月23日融资余额为4.58亿元，较前一日骤降10.43%,Wind资讯
1312,2018-03-26,【电新】邹玲玲：可再生能源电力配额：新制度！新起点！-新能源点评05：《可再生能源电力配额及考核办法（征求意见稿）》0324,中泰证券研究所
1313,2018-03-26,光伏分布式发电迎新一轮发展 六股突围拉开序幕,证券日报
1314,2018-03-25,【申万公用环保电新】周观点180325：1-2月用电数据发布增速创7年新高 新能源配额制出台利好风光,申万环保公用
1315,2018-03-25,电气设备：新能源政策频出 荐12股,和讯
1316,2018-03-23,[推荐评级]综合电力设备商行业点评报告：政策升级 分布式发电春意盎然,中财网
1317,2018-03-23,[买入评级]太阳能行业点评：分布式光伏新政的序曲响起 曲调积极,中财网
1318,2018-03-23,【晨会聚焦】价值之选的海螺水泥,中泰证券研究所
1319,2018-03-23,【电新】邹玲玲：风物长宜放眼量：电改下的分布式发电值得期待-新能源点评04：《分布式发电管理办法（征求意见稿）》20180323,中泰证券研究所
1320,2018-03-22,[强于大市评级]1-2月光伏风电数据点评：趋势的力量,中财网
1321,2018-03-22,[看好评级]新能源行业点评：光伏并网数据同比高增 风电反转趋势确立,中财网
1322,2018-03-22,"电气设备行业:2018年1-2月光伏装机容量达到10.87GW,同比增长220%!",证券之星
1323,2018-03-19,电气设备：弃风限电大幅好转 荐16股,中信建投
1324,2018-03-19,3月20日热点板块及个股探秘解析（附股）,中证报
1325,2018-03-19,电气设备：电动乘用车市场全面三元化趋势明显 荐5股,和讯
1326,2018-03-19,[增持评级]电力设备与新能源行业周报：电动车中游生产加码 工控订单持续强劲,中财网
1327,2018-03-19,"电气设备行业:动力电池2月装机同比大增,光伏初现回暖趋势",证券之星
1328,2018-03-18,正泰电器思考之三：管理革新带来长期增长，维持重点推荐【安信电新】,电新邓永康团队
1329,2018-03-16,[买入评级]风电和光伏行业投资策略：限电改善持续 开工日趋回暖,中财网
1330,2018-03-14,电新行业动态点评：风光大不同 储能处初期,中财网
1331,2018-03-13,3月13日晚间重要行业研究汇总(附股),中金在线
1332,2018-03-13,[优异评级]电气设备行业点评：领跑者基地开标 光伏平价渐行渐近,中财网
1333,2018-03-13,[领先大市-A评级]电力设备行业深度分析：掘金低压电器 推荐正泰和良信,中财网
1334,2018-03-13,巨丰早评：科技股有望继续冲高,巨丰财经
1335,2018-03-13,"电力设备与新能源行业周报:电动车销售大增升级在即,工业互联网抢占制高点",东吴证券
1336,2018-03-13,"电力设备行业:风驰电掣,万象更新",安信证券
1337,2018-03-12,【解盘论市】今日神创嫣然一笑，大小题材大展风采,Wind
1338,2018-03-12,正泰电器涨停 报于26.36元,金融界
1339,2018-03-12,数据王：钴与锂价格双升 超20亿资金流入3只龙头股,巨丰财经
1340,2018-03-12,[增持评级]电力设备新能源行业周报：新能源汽车2月产销持续强劲 2018年能源工作方向明确,中财网
1341,2018-03-12,[增持评级]电力设备与新能源行业周报：电动车销售大增升级在即 工业互联网抢占制高点,中财网
1342,2018-03-12,"电力设备新能源第10周周报:新能源车产销同比高增长,光伏产品价格趋稳市场逐步回暖",证券之星
1343,2018-03-10,电气设备：电改持续推进 荐4股,广发证券
1344,2018-03-09,[领先大市-A评级]新能源设备行业快报：清洁能源转型与改革,中财网
1345,2018-03-09,多重利好助力核电板块崛起 6股有望再接再厉,证券日报
1346,2018-03-08,[强于大市评级]电气设备行业点评：聚焦光伏扶贫：能源局再下15GW村级电站指标,中财网
1347,2018-03-07,产业资本趁低位增持 十大增持王暗藏升机(名单),投资快报
1348,2018-03-07,"电力设备新能源行业周报:新能源汽车继续看好高端三元,光伏需求逐渐复苏",申万宏源
1349,2018-03-06,[买入评级]太阳能行业点评：光伏平价上网 比预期来得更快一些,中财网
1350,2018-03-05,[增持评级]电力设备新能源行业周报：新能源车加速回暖 看好风电行业反转,中财网
1351,2018-03-05,[买入评级]电气设备行业投资策略：PMI呈扩张态势 光伏节后装机步入正轨,中财网
1352,2018-03-05,[强于大市评级]电气设备行业研究周报：光伏电池价格止跌 国内动力电池供应全球,中财网
1353,2018-03-05,从工业互联网的角度，再思考国电南瑞与正泰电器【安信电新】,电新邓永康团队
1354,2018-03-05,电气设备：再思考国电南瑞与正泰电器 荐2股,安信证券
1355,2018-03-05,[增持评级]电力设备与新能源行业周报：高端制造聚焦工业互联网 电动乘用车迎来消费升级,中财网
1356,2018-03-05,【电力设备与新能源|邵晶鑫团队太平洋证券】关注新能源车2月销量，风电光伏回暖趋势,太平洋证券研究
1357,2018-03-04,【长江电新-周观点】时来易失，赴机在速,微信
1358,2018-03-01,[买入评级]电气设备行业简评：河北将试点分布式光伏市场化交易 利好光伏行业发展,中财网
1359,2018-03-01,[中性评级]电力设备行业周报：新能源是趋势 龙头企业优势大,中财网
1360,2018-03-01,[中性评级]电力设备行业点评：春节期间电力设备板块动态情况和中短期市场观点,中财网
1361,2018-03-01,国金晨讯 | 出境游市场区域分化数据剖析和空间测算/新三板关注高并购价值标的/IMAX China业绩超预期/仙琚制药制剂端高增,国金证券研究所
1362,2018-03-01,中泰证券3月各行业观点及重点推荐标的-20180228,中泰证券研究所
1363,2018-02-28,上海证券市场大宗交易公开信息(2018-02-28),顶尖财经网
1364,2018-02-26,中上协“2017年度最受投资者尊重的上市公司评选”入围名单揭晓,中上协
1365,2018-02-26,【电力设备与新能源|邵晶鑫团队太平洋证券】新能源车行情已至，电网投资看好配用电,太平洋证券研究
1366,2018-02-25,【申万公用环保电新】周观点180225：水电量价向好低估值高股息值得配置，提示新能源汽车产业链春季行情提前建议加配,申万环保公用
1367,2018-02-25,电气设备：全球生产自动化加速 荐4股,广发证券
1368,2018-02-25,【长江电新-周观点】行情如期而至，新能源风口长存,微信
1369,2018-02-24,[强于大市评级]深度*行业*电力设备与新能源行业周报：新能源汽车补贴退坡落地,中财网
1370,2018-02-23,四连阳中产业资本增持近11亿元 4只低估值绩优股价值凸显,证券日报
1371,2018-02-23,电力设备与新能源行业2月第3周周报:新能源汽车补贴退坡落地,证券之星
1372,2018-02-23,"电力设备与新能源行业研究:光伏、电车节后将全力开工,基本面回暖趋势明确",国金证券
1373,2018-02-22,本周解禁市值981亿元 为年内偏高水平,证券时报
1374,2018-02-13,[看好评级]新能源行业周报：行业处于低谷 可逐步布局,中财网
1375,2018-02-12,[强于大市评级]深度*行业*电力设备与新能源行业周报：新能源汽车国内1月产销同比增长逾4倍,中财网
1376,2018-02-12,[看好评级]电新行业2017年重点公司年报前瞻：业绩继续逐季改善 一季度风电与新能车确定性较高,中财网
1377,2018-02-12,[买入评级]电气设备行业投资策略：新能源车产销高增长 国网营收双提升,中财网
1378,2018-02-12,【晨会聚焦】钴和锂的配置时机；银行核心财务指标稳健上行,中泰证券研究所
1379,2018-02-12,电力设备新能源行业周报:新能源汽车1月产销两旺2018Q1关注风电确定性增长,申万宏源
1380,2018-02-11,【长江电新-周观点】潮退珍珠见，淡季当布局,长江电力设备新能源
1381,2018-02-11,电气设备：制造业维持高景气度 荐10股,东吴证券
1382,2018-02-09,券商评级:沪指低开低走大跌逾4% 9股聚焦,证券之星
1383,2018-02-09,正泰电器:低压电器重回高增长,国金证券
1384,2018-02-08,正泰的“融合”术：从小作坊到年营收500亿,中国经营网
1385,2018-02-07,正泰电器：关于发行股份购买资产并募集配套资金暨关联交易之募集配套资金非公开发行限售股份解禁并上市流通,上交所
1386,2018-02-07,"正泰电器首次覆盖报告:低压龙头,“新能源”带来“新动力”",正点财经
1387,2018-02-07,国轩高科（002074）：获大运汽车7.5亿大单，员工持股建立激励机制,电新产业研究
1388,2018-02-07,[看好评级]新能源行业周报：行业景气度仍处于低谷,中财网
1389,2018-02-07,券商首次关注2股并给予买入评级(2月7日),Wind
1390,2018-02-07,国金晨讯 | 正泰电器低压电器重回高增/德联集团掘金汽车后市场，关注新高教集团及睿见教育进入港股通，中教控股进入恒生综合指数,国金证券研究所
1391,2018-02-06,[买入评级]电气设备&工控行业月刊·第2期：2017年电力消费回暖 智能制造稳步推进,中财网
1392,2018-02-05,研报精选 6股值得关注（2.5）,中金在线
1393,2018-02-05,[强于大市评级]电气设备行业研究周报：2018年第一批《目录》彰显车企应对手段 隆基股份降价缩小单多晶价差,中财网
1394,2018-02-05,[增持评级]电力设备与新能源行业周报：电动车1月合格证数大幅提升 制造业PMI依旧高景气,中财网
1395,2018-02-05,[增持评级]机械工业/新能源板块行业周报：销量同比大增 新能源汽车或企稳反弹,中财网
1396,2018-02-05,【太平洋证券 今日早读】电新行业点评|化工-染料、拓斯达深度报告|生益科技、浙江交科、润和软件等公司点评（20180205）,太平洋证券研究
1397,2018-02-05,【正泰电器*曾朵红团队】股权激励员工和经销商 出售光伏电站低压电器后周期复苏,东吴研究所
1398,2018-02-04,【安信电新】新能源专题报告之三：户用光伏：饕餮盛宴，始于2017！（2017.11.07发布）,电新邓永康团队
1399,2018-02-04,电气设备：制造业PMI依旧高景气 荐10股,东吴证券
1400,2018-02-04,电气设备：继续看好风电复苏 荐5股,中泰证券
1401,2018-02-02,正泰电器：经销商、员工持股 利益捆绑助发展,中证网
1402,2018-02-01,【安信电新】正泰电器思考之二：低压电器市占率提升有望加速（2017.11.19发布）,电新邓永康团队
1403,2018-02-01,【安信电新】正泰电器思考之一：传统行业白马底部获得成长属性，继续看好投资价值（2017.10.29发布）,电新邓永康团队
1404,2018-02-01,【安信电新】深度！正泰电器：低估值，增长加速，新品、新材料、户用光伏亮点频现（2017.10.10发布）,电新邓永康团队
1405,2018-02-01,【安信电新】正泰电器：激励落地后的正泰值得重点关注,诸海滨科新先声
1406,2018-02-01,中泰证券2月重点推荐标的,微信
1407,2018-01-31,[看好评级]新能源行业周报：中国新能源数据引领全球,中财网
1408,2018-01-31,[买入评级]电力设备与新能源行业研究周报：光伏风电建设高歌猛进 替代传统能源进程已经开启,中财网
1409,2018-01-31,[强烈推荐-A评级]正泰电器(601877)点评：经销商与集团员工通过持股计划增持公司股份,中财网
1410,2018-01-31,99股获券商买入评级，酒鬼酒目标涨幅达87.14%,Wind
1411,2018-01-30,1月30日有39家公司获重要股东增减持 易联众已被连续增持30次,Wind
1412,2018-01-30,【招商研究】每日复盘与晨会精要（0130）：资金较为谨慎,招商策略研究
1413,2018-01-30,【安信电新】正泰电器：员工和经销商激励落地，核心渠道优势增强,诸海滨科新先声
1414,2018-01-30,光伏发电市场规模快速扩大，关注分布式龙头,第一财经
1415,2018-01-30,"电气设备行业周报:分布式光伏突飞猛进,风电景气逐步回升",证券之星
1416,2018-01-29,一财研选｜极端天气煤耗居高不下，限产解除预期推动板块向好！,第一财经
1417,2018-01-29,【安信电新】正泰电器：基本面没有变化，继续坚定推荐！,诸海滨科新先声
1418,2018-01-29,"电力设备与新能源行业周报:电动车补贴政策接近落地,制造业投资加速利好工控",东吴证券
1419,2018-01-28,电气设备行业获资金关注 六股望爆发在即,中证报
1420,2018-01-27,电气设备行业获资金关注 龙头股优势明显,中证报
1421,2018-01-27,基金2017年第四季度投资偏好解密 配置重心围绕家电等五行业,证券日报
1422,2018-01-26,"电力设备与新能源行业研究周报:传统能源加速拥抱光伏,新能源车补贴落地临近",国金证券
1423,2018-01-25,新能源行业周报:2018年是规模化、降成本的关键一年,信达证券
1424,2018-01-24,【招商研究】每日复盘与晨会精要（0124）：上证50有放量滞涨迹象,招商策略研究
1425,2018-01-23,多达55只基金重仓股超10%红线，最高超50%，背后有这两大原因！,--
1426,2018-01-23,天风证券股份有限公司,中证网
1427,2018-01-22,电气设备：板块波动明显 建议配置龙头,中银国际
1428,2018-01-22,【太平洋证券 今日早读】光伏、风电行业点评| 西藏珠峰、鞍钢股份、景旺电子、利尔化学等公司点评|机械行业点评（20180122）,太平洋证券研究
1429,2018-01-21,"正泰电器:EPC项目再签大单,“光伏﹢低压电器”共同推动业绩稳健增长",中证网
1430,2018-01-17,电气设备：继往开来 荐12股,中泰证券
1431,2018-01-16,晚间重要公告2018年1月16日星期二,--
1432,2018-01-16,正泰电器：下属企业中标1.47亿美元海外光伏项目,e公司
1433,2018-01-16,正泰电器：全资孙公司中标埃及1.47亿美元光伏EPC项目,Wind
1434,2018-01-15,电力设备与新能源行业周报：电动车全年销量略超预期一季度景气度同比高增长,中财网
1435,2018-01-14,电气设备：新能源车产销数据亮眼 荐5股,安信证券
1436,2018-01-10,电力行业研究报告：分布式光伏成为撬动产业新支点,中财网
1437,2018-01-10,机械工业行业周报：新能源汽车或进入抢装期中游景气提升,中财网
1438,2018-01-10,中信建投证券光伏行业周报20180109,中财网
1439,2018-01-09,电气设备：新能源发电主要关注分散式风电和光伏扶贫的投资机会 荐6股,华鑫证券
1440,2018-01-09,风电和光伏1月刊：政策持续支持行业保持增长,中财网
1441,2018-01-09,电气设备行业投资策略：风光维持高景气输配电价监管完善,中财网
1442,2018-01-09,"电力设备新能源行业周报:直流特高压获国家科学进步奖特等奖,新能源发电主要关注分散式风电和光伏扶贫的投资机会",中国网
1443,2018-01-08,深度*行业*电新行业2018年度投资策略：风光势再起电车塑格局,中财网
1444,2018-01-08,电力设备:风光无限启航 新能源车挂挡提速,安信证券
1445,2018-01-08,"电力设备新能源行业周报:输配电价理顺关注分布式售电,新能源汽车补贴延后布局反弹",中国网
1446,2018-01-08,电气设备行业周报：补贴临近关注上游资源及高镍正极材料,中财网
1447,2018-01-08,44股获券商买入评级，嘉事堂目标涨幅达92.45%,Wind
1448,2018-01-07,【申万能源环保】公用环保电新周观点合集180108：工业大气再迎利好，燃气不具基本面逻辑，回溯历史表现金风科技持续上涨可期,申万环保公用
1449,2018-01-07,电力设备与新能源行业研究:光伏、电改、智能汽车多项政策开年连续落地,中国网
1450,2018-01-06,"电力设备与新能源行业:电动车补贴政策或延期执行,一季度景气度同比高增长",中国网
1451,2018-01-05,电力设备与新能源行业周报：发改委出台输电价格定价办法及配电价格指导意见,中财网
1452,2018-01-05,五大券商下周看好6板块46股,证券之星
1453,2018-01-05,券商首次关注2股并给予买入评级(1月5日),Wind
1454,2018-01-04,电气设备：电网投资向配网倾斜 荐6股,广发证券
1455,2018-01-04,"正泰电器事件点评:出售部分光伏电站股权,交易双方实现共赢",中国网
1456,2018-01-04,电气设备&工控行业月刊·第1期：电网投资向配网倾斜工控行业景气性持续,中财网
1457,2018-01-04,电气设备行业日报：关注政策预期差催发的新能源汽车行情,中财网
1458,2018-01-04,太阳能行业点评：扶贫、领跑、分布式政策三连发，光伏开年继续高歌猛进,国金证券研究所
1459,2018-01-03,中信建投证券光伏行业周报,中财网
1460,2018-01-03,正泰电器(601877)点评：公司出售部分光伏电站项目公司股权,中财网
1461,2018-01-03,机械工业/新能源板块行业周报：新能源汽车补贴政策延后抢装继续,中财网
1462,2018-01-03,新能源行业周报:2018年将是市场化发展的关键一年,中国网
1463,2018-01-02,广发电新周刊：政策助力新能源行业发展国网配网自动化招标提速明显,中财网
1464,2018-01-02,电力设备行业周报：风光无限启航新能源车挂挡提速,中财网
1465,2018-01-02,【东吴晨报0102】【月策略】十大金股【行业年度策略】机械、石化化工、食品饮料、银行【个股】晶盛机电,东吴研究所
1466,2018-01-01,电力设备新能源行业2018年投资策略：乘飞驰电车赏大好风光,中财网
1467,2018-01-01,电气设备：春季躁动寻找催化剂重点关注分布式发电交易试点荐8股,东吴证券
