,2021-12-31,光伏低谷期已过，光伏50ETF（516880）涨超4%，福斯特、通威股份涨超7%,资本邦
0,2021-12-30,福斯特、福莱特、联泓新科，谁是成长能力最强的光伏辅材企业？,Ofweek
1,2021-12-29,光伏行业2022年投资策略：全球需求维持高景气 关注边际改善环节,新浪
2,2021-12-29,福斯特盘中快速上涨,新浪
3,2021-12-28,【行情】光伏股午后集体走强，其中，捷佳伟创涨5%，东方日升、福斯特、隆基股份、中来股份涨超4%，中环股份和上能电气涨超3%，锦浪科技、阳光电源、秀强股份涨超2%，通威股份涨近2%,金十数据
4,2021-12-27,福斯特(603806.SH)选举周环清为职工代表监事,智通财经
5,2021-12-27,电力设备行业周报：关注氢能环节,新浪
6,2021-12-23,福斯特：实控人累计减持0.27%股份，减持时间过半 减持股份,Wind
7,2021-12-23,福斯特(603806.SH)：实控人减持期过半 累计减持256.8万股 减持股份,格隆汇
8,2021-12-23,福斯特(603806.SH)实控人林建华累计减持256.8万股 减持时间过半 减持股份,智通财经
9,2021-12-23,产能过剩PK技术变革，光伏行业风险与机遇共存,Wind
10,2021-12-22,从苹果总部到火星基地： 福斯特展示可持续建筑理念,第一财经
11,2021-12-20,A股早报2021年12月20日星期一,Wind
12,2021-12-17,A股共发生144宗大宗交易成交57.17亿元（12月17日）,Wind
13,2021-12-17,福斯特跌5.21% 招商证券高点喊买入,中国经济网
14,2021-12-17,"福斯特现3笔大宗交易 共成交31,653.16万元",新浪
15,2021-12-17,福斯特今日大宗交易成交256.80万股，成交价123.26元折价2.94%,Wind
16,2021-12-17,福斯特李赫：紧抓国产替代黄金期风口，大量投入生产设备——2021中国物联网产业大会高端访谈,慧聪电子网
17,2021-12-14,实地调研“光伏之都”：琅琊山间绽放千亿产业群,上证报
18,2021-12-14,小小石英砂，育出千亿产业链,Wind
19,2021-12-13,北上资金上周净买入金额创新高，重点加仓白酒与金融股,Wind
20,2021-12-10,福斯特(603806.SH)：拟使用1.5亿元募集资金向滁州福斯特增资,格隆汇
21,2021-12-10,福斯特涨超7%，碳中和50ETF（159861）涨超1.3%,资本邦
22,2021-12-10,福斯特、晶科科技涨超4%，光伏50ETF（159864）涨超1.3%,资本邦
23,2021-12-10,光伏题材异动拉升，易事特、福斯特、通威股份领衔攀升,Wind
24,2021-12-09,中国加入世贸组织20周年丨蔡司扎根中国64年以本土创新惠及全球,新华网
25,2021-12-08,电力设备及新能源行业2022年度投资策略：双碳元年风电光伏坚定成长 储能行业蓄势待发,新浪
26,2021-12-08,电力设备与新能源行业专题策略报告：电动车蓬勃发展 风光储吹响碳中和冲锋号角,新浪
27,2021-12-07,电气设备新能源行业2022年投资策略：风光蓄势待发、电力设备迎新机遇,新浪
28,2021-12-07,电气设备行业周报：光伏硅片下调报价 产业博弈出现拐点,新浪
29,2021-12-06,电力设备及新能源行业周报：风光大基地二期再加码 装机需求或将迎复苏,新浪
30,2021-12-06,基金收益跑不过银行定期，易方达付浩选择直接“躺下”？,新浪
31,2021-12-06,电气设备行业周报：11月新势力销量大超预期 欧洲销量环比回暖,新浪
32,2021-12-06,电力设备新能源行业周报：“蔚小理哪”11月销量破万 第二批风光大基地启动,新浪
33,2021-12-06,2021年基金，买了个“寂寞”,Wind
34,2021-12-06,电力设备行业第49周周报：第二批新能源大基地开始申报 光伏绿氢首个万吨级项目启动建设,新浪
35,2021-12-05,电气设备行业周报：硅片加速尺寸变革推动降本 11月国内外电车销量持续向上,新浪
36,2021-12-05,新能源行业每周观察：行业趋势已成：详解长沙国际储能大会四大看点,新浪
37,2021-12-04,深度*行业*新能源发电行业2022年度策略：奋楫扬帆正当时 抖擞精神再出发,新浪
38,2021-11-30,化工行业周报：欧盟实行欧洲芯片法 目标2030年全球市占率增至20%,新浪
39,2021-11-30,基础化工行业周报：甘氨酸、萤石等价格延续涨势 DMC、人造石墨负极、尿素、黄磷等价格上涨,新浪
40,2021-11-30,电力设备及新能源行业周报：政策推动分布式规范发展 提升电网智能化水平,新浪
41,2021-11-29,中证指数光伏力量：隆基股份、通威股份、特变电工、福斯特、正泰电器,Ofweek
42,2021-11-29,电气设备行业周报：关注分布式光伏及逆变器环节,新浪
43,2021-11-29,新材料行业周报-风电材料系列三：风电叶片拉挤梁技术日趋成熟 酸酐型固化剂大有可为,新浪
44,2021-11-29,电力电气设备、公用事业：硅片跌幅扩大 政策首提分布式规范化,新浪
45,2021-11-25,光伏股二次下探，德业股份、晶澳科技领跌,Wind
46,2021-11-24,东北固收转债深度：光伏行业转债怎么看？,新浪
47,2021-11-24,资金流向分析,新浪
48,2021-11-23,IPO专题：新股精要-光伏接线盒行业龙头通灵股份,新浪
49,2021-11-23,【中银电新】新能源发电：美众议院通过刺激法案，新能源需求有望提升,老成之见
50,2021-11-23,中金：2022年将迎来光伏装机需求大年,Wind
51,2021-11-23,东南网架：与福斯特合资公司整体项目正在稳步推进中,Wind
52,2021-11-23,东南网架：与福斯特合资公司整体项目正在稳步推进中,e公司
53,2021-11-23,东南网架：东南网架与福斯特共同出资成立的浙江东南网架福斯特碳中和科技有限公司先后与杭州市萧山经济技术开发区管理委员会和天津港保税区管理委员会签署了合作协议，目前整体项目正在稳步推进中，且部分项目已进入设计阶段,每日经济新闻
54,2021-11-23,华创证券：全年硅料仍保持供需紧平衡状态，关注四条主线,Wind
55,2021-11-22,通灵股份市占率徘徊不前 关联方频现经营混淆异象“忙”换号,金融界
56,2021-11-22,新能源行业每周观察：刚柔并济、海陆共进 直流输电开启新时代,新浪
57,2021-11-22,电力设备及新能源行业周报：国内户用光伏装机持续景气 双面组件重获美国关税豁免权,新浪
58,2021-11-22,新能源行业周报：10月出口数据强劲 国内外需求依然无忧,华安证券
59,2021-11-22,蔡司：将提供汽车“三电”系统质量管理解决方案,观察者网
60,2021-11-22,百年“蔡司镜头”里的中国机遇,浦东时报
61,2021-11-21,【东吴电新】2021Q3新能源板块总结：光伏持续分化，龙头恒强，风电一超多强,新兴产业汇
62,2021-11-21,碳中和行业(电新+环保)周报：美国新能源车刺激政策有望出台 10月新增光伏装机环比增速转正,光大证券
63,2021-11-18,电力设备新能源行业周报：恩捷宁德强强联合 当升合作芬兰矿业 央行推出绿色金融工具,新浪
64,2021-11-18,资金流向分析,新浪
65,2021-11-17,十年大浪淘沙，全面平价时代终到来，光伏是新能源全村的希望？,Ofweek
66,2021-11-17,2022年光伏行业投资策略：格局向好成长加速-光伏行业2022年投资策略,新浪
67,2021-11-17,电力设备及新能源行业：央行碳减排支持工具助力风光发展 全球海风规划空间逐步展现,新浪
68,2021-11-15,环保新能源事件点评：两大“双碳”指导性文件落地,新浪
69,2021-11-15,电新行业周报：碳减排支持工具助力新能源发展 三元和铁锂占比短期趋于平衡,新浪
70,2021-11-15,电力电气设备 公用事业行业动态：产业链现跌势 中美光伏贸易摩擦或缓和,新浪
71,2021-11-13,光伏板块反弹上行，福斯特股价大涨10.28%,华夏时报
72,2021-11-13,光伏胶膜的中场战事：2022年供需缺口或将加大,中国经营报
73,2021-11-12,电力设备及新能源行业：国家能源局积极推动新能源发展 海外PPA电价走高需求有望持续展开,新浪
74,2021-11-11,光伏“军备竞赛”进行时，海优新材拟发行可转债募资10亿元扩产,21世纪经济报道
75,2021-11-10,光伏板块午后异动，东方日升暴拉逾11%,Wind
76,2021-11-09,央行推出碳减排支持工具，中信建投最新解读来了！,Wind
77,2021-11-08,新能源又迎利好？央行推出碳减排支持工具，哪些股望受益？,财联社
78,2021-11-08,电气设备行业周报：十月欧洲销量平稳 硅料供需转向紧平衡,新浪
79,2021-11-08,电力设备及新能源行业周报：光伏行业国家博弈长期存在 海风大基地规划展开,新浪
80,2021-11-08,西部证券：维持福斯特(603806.SH)“买入”评级 胶膜出货稳步增长,智通财经
81,2021-11-08,中信建投新能源行业每周观察：供不应求 隔膜环节盈利持续提升,新浪
82,2021-11-07,福斯特(603806)：业绩基本符合预期 成本上升Q3毛利率承压,新浪
83,2021-11-03,电力设备及新能源行业N型产业链专题报告一：N型产业化将提速 关注全产业链变化,新浪
84,2021-11-03,化工新材料行业周报：海力士三季度业绩创历史新高 雅克科技前驱体有望国产化弯道超车,新浪
85,2021-11-03,非公开发行股票申请获批 东南网架加速发展再添新动能,中金在线
86,2021-11-02,星空行研︱光伏的下半场，如何抓住稳稳的幸福？,星空财富
87,2021-11-02,电力设备与新能源行业周报：铁锂动力电池渗透率进一步提升 双碳“1+N”体系逐步构建,新浪
88,2021-11-02,电力设备及新能源行业周报：硅片价格呈现松动迹象 风电三季度招标同比增长,新浪
89,2021-11-02,电力设备新能源行业周报：2030碳达峰行动方案出台 政策刺激新能源板块行情,新浪
90,2021-11-02,光伏板块震荡休整，上机数控封住跌停板,Wind
91,2021-11-01,东南网架：目前公司已设立浙江东南碳中和科技有限公司和浙江东南网架福斯特碳中和科技有限公司，主要涉足业务为屋面与光伏一体化建筑的开发、建设与投资，提供光伏技术与绿色建筑的一揽子解决方案与集成服务,每日经济新闻
92,2021-10-31,电气设备行业：三季报好于预期 重视一体化组件公司的重要投资价值,新浪
93,2021-10-31,华金证券维持福斯特买入评级：业绩基本符合预期，成本上升Q3毛利率承压,每日经济新闻
94,2021-10-31,华金证券：给予福斯特买入评级,证券之星
95,2021-10-29,【东吴电新】福斯特2021年三季报点评：光伏胶膜龙一地位稳固，感光干膜出货持续提升,新兴产业汇
96,2021-10-29,国金证券：给予福斯特增持评级,证券之星
97,2021-10-29,【国金晨讯】上调芯朋微、广信股份、金禾实业、福斯特盈利预测；下调招商蛇口、尚品宅配、澜起科技、山鹰国际、博汇纸业盈利预测,国金证券研究所
98,2021-10-28,福斯特公布三季报 前三季净利增加53.37%,新浪
99,2021-10-28,福斯特(603806.SH)：第三季度净利润升4.23%至4.33亿元,格隆汇
100,2021-10-28,福斯特(603806.SH)前三季度归母净利润同比增长53.37%至13.36亿元,智通财经
101,2021-10-28,图解福斯特三季报：第三季度单季净利润同比增4.23%,证券之星
102,2021-10-28,成绩单！福斯特：2021年第三季度净利润约4.33亿元，同比增长4.23%,每日经济新闻
103,2021-10-28,福斯特：前三季度净利润同比增长53.37%,Wind
104,2021-10-27,电力设备与新能源行业周报：整县光伏项目稳步推进 光伏产业链价格持续上扬,新浪
105,2021-10-27,中来股份三季净利润同比下降72%，同时受产业链上游涨价、下游平价冲击 盈利能力下降,财经网
106,2021-10-27,深度*行业*新能源发电行业动态点评：政策体系趋明 风光需求无忧,新浪
107,2021-10-26,王宗合三季报：加仓山西汾酒、药明康德、福斯特、三峡能源,澎湃新闻
108,2021-10-26,电力设备及新能源行业周报：光伏户用装机维持高景气 风电分散式项目有序展开,新浪
109,2021-10-26,新能源行业点评：双碳总体部署下发 风光储全面提速,新浪
110,2021-10-26,【银河电新周然】行业周报 | 特斯拉三季报表现亮眼，9月光伏装机环比下滑 盈利能力下降,中国银河证券研究
111,2021-10-25,东南网架重大事项点评：分布式光伏业务再下一城，天津港保税区新设合资公司,华创建筑建材研究
112,2021-10-25,赛伍转债投资简析：胶膜放量、锂电等新材料快速增长 建议积极申购,新浪
113,2021-10-25,电气设备周报：国家能源局积极推动风电光伏 9月户用光伏装机量超预期,新浪
114,2021-10-25,“双碳”顶层文件下发，图解绿电+新能源赛道基金持仓！,Wind
115,2021-10-25,1GW+ 方大集团、东南网架发力BIPV、分布式光伏,集邦新能源网
116,2021-10-25,9月光伏装机量点评：9月光伏装机同比大增 持续看好行业,新浪
117,2021-10-24,晚间重要公告2021年10月24日星期日,Wind
118,2021-10-24,东南网架(002135.SZ)与天津港保税区管理委员会签署投资框架协议 加快向新能源领域转型,智通财经
119,2021-10-24,东南网架：签署BIPV光伏建筑一体化项目投资协议,Wind
120,2021-10-22,福斯特跌3.26% 招商证券高点喊买入,中国经济网
121,2021-10-21,电力设备与新能源行业周报：风电伙伴计划启动 光伏产业链需求向好,新浪
122,2021-10-21,“投资洼地”崛起“产业高地”,南方日报
123,2021-10-19,资金流向分析,新浪
124,2021-10-19,电气设备行业周报：国内电车产销两旺 硅料价格持续上涨,新浪
125,2021-10-19,【银河电新周然】行业周报丨三季报前瞻：锂电维持高景气度，光伏关注硅料及辅材环节,中国银河证券研究
126,2021-10-18,浙江区域股市周报：252家机构调研永太科技 福莱特进入板块市值10强,每日经济新闻
127,2021-10-18,电气设备周报：光伏产业链价格上涨 需求逻辑全面兑现,新浪
128,2021-10-17,光伏10月景气研判：蓄势上扬,新浪
129,2021-10-14,光伏板块延续强势，金辰股份连续两日涨停,Wind
130,2021-10-13,能耗双控对光伏行业影响分析：双控政策下光伏短期或将承压 长期向好趋势不变,新浪
131,2021-10-13,东南网架：华创证券、财通证券自营等8家机构于10月12日调研我司,证券之星
132,2021-10-13,德邦证券：给予海优新材买入评级,证券之星
133,2021-10-13,光伏封装胶膜行业深度报告：格局清晰、壁垒深厚 铸就光伏行业强贝塔,新浪
134,2021-10-11,风光行业点评报告：电价机制捋顺 风光迎来加速发展,新浪
135,2021-10-11,"福斯特现1笔大宗交易 共成交1,641.95万元",新浪
136,2021-10-11,福斯特今日大宗交易成交13.20万股，成交价124.39元溢价1.88%,Wind
137,2021-10-11,化工新材料板块双周观点：国务院纠正“一刀切”停产限产 湖南裕能向创业板发起冲击,新浪
138,2021-10-11,电力设备及新能源行业周报：风光基地建设推进 电网结构机会明确,新浪
139,2021-10-11,东南网架：目前公司已设立浙江东南碳中和科技有限公司和浙江东南网架福斯特碳中和科技有限公司，主要涉足业务为屋面与光伏一体化建筑的开发、建设与投资，提供光伏技术与绿色建筑的一揽子解决方案与集成服务,每日经济新闻
140,2021-10-11,电气设备行业：9月新势力销量环比超预期 风光政策利好频出,广发证券
141,2021-10-08,电力设备行业第40周周报：全国已有8省调整电价 光伏供应链限电限产缺料加剧,新浪
142,2021-09-30,福斯特：公司和大客户一般是先货后款的方式，账期一般为3个月左右,每日经济新闻
143,2021-09-30,福斯特：公司是一家专注于新材料研发、生产和销售的高新技术企业,每日经济新闻
144,2021-09-30,福斯特：随着公司经营规模的扩大，期末应收票据、应收款项融资、预付账款和存货随之增加,每日经济新闻
145,2021-09-30,福斯特：目前POE树脂主要以进口为主，国内尚未有成熟的POE树脂供应商,每日经济新闻
146,2021-09-30,福斯特：公司目前有4个生产厂区，整体产能较大，有规模优势，目前各生产厂区的生产经营情况正常,每日经济新闻
147,2021-09-30,福斯特：目前光伏建筑市场还是主要以BAPV为主，同样用到EVA胶膜或POE胶膜，对公司影响不大,每日经济新闻
148,2021-09-30,福斯特：目前各生产厂区的生产经营情况正常,Wind
149,2021-09-30,福斯特：公司目前尚未有光热发电和光热储能方面的材料,Wind
150,2021-09-30,福斯特：由于成本压力不断提升，公司产品的价格随着原材料价格的上涨而同步上涨,每日经济新闻
151,2021-09-29,电力设备与新能源行业周报：能耗双控制度进一步缩紧 光伏产业链价格持续上扬,新浪
152,2021-09-29,东南网架(002135)：主业业绩超预期 分布式光伏快速推进,新浪
153,2021-09-28,碳中和系列点评之十七：深化能源领域“放管服”改革 加快以新能源为主体的新型电力系统建设,新浪
154,2021-09-27,化工新材料行业周报：恒力石化生物降解新材料项目开工 奥克股份建设二氧化碳综合利用项目,新浪
155,2021-09-27,电气设备行业周报：奔驰加速电动化 风电板块估值迎修复,新浪
156,2021-09-27,电力设备及新能源行业周报：主辅材价格强势 电网结构机会明确,新浪
157,2021-09-27,电力设备行业动态分析：新能源车销量稳定上行 风电增长确定性强化,新浪
158,2021-09-27,珈伟新能快速涨停，光伏板块午后复苏,Wind
159,2021-09-27,电力设备行业第39周周报：1-8月全国光伏新增装机22GW 光伏供应链涨势未止,新浪
160,2021-09-27,东南网架加码新能源 月内签订两BIPV协议,长江商报
161,2021-09-26,电气设备行业周报：整县推进稳步进行 蔚来发布三元铁锂标准续航电池包,新浪
162,2021-09-26,电气设备新能源行业周报：二线电池价格探涨缓解成本压力 8月新能源装机超市场预期,新浪
163,2021-09-24,电力设备及新能源行业周报：光伏装机持续增长 整县推进试点公布,新浪
164,2021-09-24,光伏电池封装材料,索比光伏网
165,2021-09-23,福斯特现1笔大宗交易 共成交204.21万元,新浪
166,2021-09-23,福斯特今日大宗交易成交1.73万股，成交价118.04元溢价0.0%,Wind
167,2021-09-22,电力设备与新能源行业周报：电力设备与新能源行业周报需求向好,新浪
168,2021-09-22,福斯特跌6.50% 招商证券高点喊买入,中国经济网
169,2021-09-22,电气设备行业周报：新能源汽车持续向前推进 风电“十四五”装机预期提升,新浪
170,2021-09-22,化工新材料行业周报：云南削减工业硅产量 长阳科技布局锂离子电池隔膜和光学聚酯基膜产线,新浪
171,2021-09-15,基础化工行业2021半年报总结：景气回升带动业绩集体上涨 肥料、氟化工、化纤、聚氨酯、合成革等板块表现亮眼,新浪
172,2021-09-15,电气设备行业简评报告：新能源车渗透率创新高 绿电交易助力双碳目标实现,新浪
173,2021-09-15,电力设备与新能源行业周报：绿点交易试点落地 光伏产业链价格持续上扬 8月电动车销量超预期,新浪
174,2021-09-15,化工行业周报：万华完成POE中试 联泓新科深化EVA布局同时积极进军锂电材料,新浪
175,2021-09-15,璞泰来、杉杉股份、晶科科技、福斯特涨超5%，碳中和50ETF（159861）涨超1.5%,资本邦
176,2021-09-13,电力设备新能源行业周报：电池龙头加大布局力度 光伏装机四季度旺季确定性高,新浪
177,2021-09-13,电新行业周报：国家多举措保障新能源并网 预计Q4电车产业链延续产销两旺,新浪
178,2021-09-13,电力设备及新能源行业周报：电网3500亿美元投资 推进新型电力系统建设,新浪
179,2021-09-13,电气设备行业周报：8月新能源汽车产销两旺 光伏产业链价格持续微涨,新浪
180,2021-09-12,基金圈炸锅！三年最牛暴赚537%，更有五倍大牛基（名单）,Wind
181,2021-09-10,电气设备行业事件点评：绿色电力交易正式开启 利好风电光伏健康发展,新浪
182,2021-09-08,东南网架与福斯特合作投建光伏项目，推进光伏建筑一体化发电,阿尔法工场
183,2021-09-08,东南网架福斯特光伏项目拟落地萧山 强强联手推动绿色建筑行业发展,证券日报网
184,2021-09-07,电力设备与新能源行业周报：光伏产业链价格持续上行 造车新势力进一步扩大,新浪
185,2021-09-07,东南网架与福斯特投资2亿元设合资公司 布局BIPV及EPC业务,北极星电力
186,2021-09-07,电新行业周报：德国“碳中和”政策推动光伏装机 Q4电车需求有望较快提升,新浪
187,2021-09-06,东南网架：拟萧山建设东南网架福斯特光伏项目,e公司
188,2021-09-06,电力设备与新能源行业周观察：欧洲五国电动车渗透率环比提升 风光储发展空间可期,新浪
189,2021-09-06,万亿“阳光”赛道|福斯特：光伏胶膜龙头，上市7年股价疯涨10倍,财华社
190,2021-09-06,光伏2021中报总结：光伏营收高增 硅料表现亮眼,新浪
191,2021-09-03,快讯：福斯特跌停 报于140.97元,金融界
192,2021-09-03,光伏屋顶指数跌近2%，福斯特、福莱特均下挫逾8%,Wind
193,2021-09-02,福斯特现2笔大宗交易 总成交金额3212.34万元,证券时报网
194,2021-09-02,福斯特今日大宗交易成交21.24万股，成交价151.24元折价3.44%,Wind
195,2021-09-02,A股午盘综述：沪强深弱格局再现，风电、煤炭、光伏、纯碱、磷化工板块飙升,Wind
196,2021-09-01,新能源行业周报：下半年建议关注涨价行情和政策利好板块,华安证券
197,2021-09-01,光伏板块跌幅加深，隆基、通威、阳光电源、中环、福斯特等集体下挫,Wind
198,2021-08-31,热门赛道大地震！业绩狂奔股东却要减持！这一板块怎么了？,Wind
199,2021-08-31,4000亿酱油茅被砸跌停，各种茅大跌！半导体大跳水,Wind
200,2021-08-31,电力电气设备、公用事业行业动态：需求支撑全产业链价格维持涨势,新浪
201,2021-08-31,A股午盘综述：创业板指跌2.51%，稀土、锂、钢、水泥走强不敌大盘股抛压,Wind
202,2021-08-31,实控人抛大额减持计划 福斯特盘中跌停 拟减持股份,北京商报
203,2021-08-31,隆基股份跌6%打压光伏板块，福斯特接近跌停,Wind
204,2021-08-31,暴利“黑金”与受损的中下游：光伏产业链的悲喜并不相通,Wind
205,2021-08-31,新能源、环保领域碳中和动态追踪(二十八)：光伏政策有望超预期 需求提振利好全产业链,光大证券
206,2021-08-31,注意！福斯特：林建华计划减持不超过约2853万股公司股份 拟减持股份,每日经济新闻
207,2021-08-30,电力设备及新能源行业周报：需求驱动涨价 光伏景气度有望持续,新浪
208,2021-08-30,晚间重要公告2021年8月30日星期一,Wind
209,2021-08-30,福斯特(603806.SH)实控人林建华拟减持不超2853.31万股 拟减持股份,智通财经
210,2021-08-30,电力设备周报：下达补贴890亿支持光伏等可再生能源 成本上扬光伏组件酝酿涨价,新浪
211,2021-08-30,股价创新高 福斯特实控人拟趁机套现 减持股份,北京商报
212,2021-08-30,福斯特：实际控制人拟减持不超过总股本3%,Wind
213,2021-08-30,福斯特：实控人林建华拟减持不超3% 拟减持股份,财联社
214,2021-08-30,电气设备行业周报：光伏下游景气度提升 天赐材料再度加码产能扩张提速,新浪
215,2021-08-30,基础化工债券定增双周报：龙蟠科技拟定增22亿元,新浪
216,2021-08-30,A股收盘综述：一半火焰一半海水，光伏、稀土、盐湖提锂恒强表现主导大市,Wind
217,2021-08-30,电力设备与新能源行业周观察：宁德时代储能业务快速成长 风电行业变化正当时,新浪
218,2021-08-30,千亿大白马闪崩跌停，各种茅大跌！新能源、军工爆发,Wind
219,2021-08-30,快讯：福斯特涨停 报于167.08元,金融界
220,2021-08-30,A股午盘综述：光伏、盐湖提锂、稀土炒作引领市场，隆基、通威、赣锋、北方稀土创新高,Wind
221,2021-08-30,光伏板块集体爆发，光伏ETF（515790）涨超6%,Wind
222,2021-08-30,光伏股涨势强劲，通威股份、福斯特、晶澳科技均创历史新高,Wind
223,2021-08-27,拓日新能：公司光伏胶膜日均产能约10万平米,Wind
224,2021-08-27,电力电气设备行业动态：2Q21海外光伏回顾：涨价接受度提升 看好3Q起供应链压力边际改善,新浪
225,2021-08-26,深圳燃气(601139)：管道气量高增 新能源领域布局,新浪
226,2021-08-24,福斯特：公司制定的扩产计划在保持全球市占率的同时满足未来三年的光伏新增装机需求,Wind
227,2021-08-24,福斯特：目前感光干膜的账期跟光伏胶膜类似3个月左右,Wind
228,2021-08-24,福斯特：公司拥有用于薄膜电池封装的光伏胶膜产品,Wind
229,2021-08-24,福斯特：公司目前的感光干膜设备是外购的,Wind
230,2021-08-24,福斯特：公司现有品类的光伏胶膜可以满足HJT和Topcon的封装需要,Wind
231,2021-08-24,5000亿巨头又跌停，“宁组合”大涨，BATJ复活,Wind
232,2021-08-24,电气设备行业周报：电动车政策利好频发 宁德时代落户上海,新浪
233,2021-08-23,深度*行业*电力设备与新能源行业8月第3周周报：新能源发电装机容量同比大幅增长,新浪
234,2021-08-23,电气设备行业周报：异质结技术再迎突破 宁德时代牵手上海政府,新浪
235,2021-08-23,【银河电新周然】行业周报丨多省发布“十四五”氢能产业规划，全国碳市场首月交易价涨量缩,中国银河证券研究
236,2021-08-20,福斯特(603806)中报点评：胶膜稳定增长 新材料持续突破,新浪
237,2021-08-20,EVA“大膜王”是怎么炼成的？上交所投服活动带您走进福斯特,中国证券网
238,2021-08-20,福斯特(603806)点评：光伏胶膜产销稳步扩张 平台化拓展电子材料产品,新浪
239,2021-08-19,福斯特(603806)：胶膜持续成长 多方位打造增长极,新浪
240,2021-08-19,民生证券给予福斯特推荐评级，2021年半年报点评，近期获12份券商研报关注，目标均价涨幅16.1%,每日经济新闻
241,2021-08-19,福斯特(603806)2021年半年报点评：产品销量提升助力业绩高增长 感光干膜放量 膜材料平台型企业建设稳步推进,新浪
242,2021-08-19,东方证券给予福斯特买入评级，福斯特中报点评：胶膜稳定增长，新材料持续突破,每日经济新闻
243,2021-08-19,西部证券给予福斯特买入评级，21年半年报点评：光伏胶膜行业龙头,每日经济新闻
244,2021-08-19,山西证券给予福斯特买入评级，胶膜扩产龙头地位夯实，电子材料业务顺利推进,每日经济新闻
245,2021-08-19,【东吴电新】福斯特2021中报点评：龙头盈利持续超预期，新材料冲击中高端,新兴产业汇
246,2021-08-19,福斯特(603806)：胶膜龙头地位稳固 感光干膜加速放量,新浪
247,2021-08-19,券商首次关注5股并给予买入评级（8月19日）,Wind
248,2021-08-19,【东吴晨报0819】【固收】【行业】银行、轻工【个股】锐科激光、爱博医疗、舜宇光学科技、福斯特、老百姓、高能环境,东吴研究所
249,2021-08-18,中银证券维持福斯特增持评级：中报延续高增长，感光干膜再放量,每日经济新闻
250,2021-08-18,福斯特(603806)2021年中报点评：H1盈利符合预期 看好公司长期成长,新浪
251,2021-08-18,国信证券维持福斯特增持评级：H1 盈利符合预期，看好公司长期成长,每日经济新闻
252,2021-08-18,福斯特财报出炉！半年利润近10亿，供应商股价也暴涨,Ofweek
253,2021-08-18,首创证券维持福斯特买入评级，公司简评报告：胶膜产能稳步提升，行业龙头地位稳固,每日经济新闻
254,2021-08-18,福斯特今日大宗交易成交12.50万股，成交价125.75元溢价0.0%,Wind
255,2021-08-18,硅料涨价营收止步 树脂涨价利润承压 胶膜龙头福斯特半年报发布 盈利能力下降,中国经济网
256,2021-08-18,安信证券维持福斯特买入评级：业绩符合预期，彰显龙头本色,每日经济新闻
257,2021-08-18,西南证券首予福斯特持有评级：光伏胶膜量价齐升，持续扩产巩固龙头地位,每日经济新闻
258,2021-08-18,光大证券：维持福斯特(603806.SH)“买入”评级 下半年装机需求提升 盈利有望改善,智通财经
259,2021-08-18,西南证券：首予福斯特(603806.SH)“持有”评级 光伏胶膜量价齐升 感光干膜业务出货量高增,智通财经
260,2021-08-18,东吴证券维持福斯特买入评级：2021 半年报符合我们预期，龙头盈利持续超预期，新材料冲击中高端,每日经济新闻
261,2021-08-18,国金证券：维持福斯特(603806.SH)“增持”评级 胶膜产能持续扩张 感光干膜出货高速增长,智通财经
262,2021-08-18,第一上海丨【公司评论】福斯特（603806.SH，未评级）：国内光伏胶膜优质龙头企业,第一上海金融
263,2021-08-18,国金证券维持福斯特增持评级：中报业绩符合预期，短期成本优势有望放大,每日经济新闻
264,2021-08-18,福斯特：业绩符合预期，彰显龙头本色【安信电新】,电新邓永康团队
265,2021-08-17,福斯特公布半年报 上半年净利增加98.08%,新浪
266,2021-08-17,8月17日福斯特、通威股份等11家公司公告出现利好,证券之星
267,2021-08-17,福斯特上半年净利润同比增长98%，发力感光干膜切入PCB赛道,阿尔法工场
268,2021-08-17,福斯特发布半年报：光伏胶膜、背板销售量分别为4.61亿、3.14亿平米,北极星电力
269,2021-08-17,电力设备及新能源行业周报：需求回暖驱动光伏涨价 关注风电、电网配置价值,新浪
270,2021-08-17,福斯特：半年度净利9.04亿元 同比增长98%,财联社
271,2021-08-17,福斯特(603806.SH)半年度净利润9.04亿元 同比增长98.08%,格隆汇
272,2021-08-17,福斯特：上半年净利润同比增长98.08%,Wind
273,2021-08-16,锐步易主的故事讲完了，但阿迪达斯的新战争才刚刚开始,36氪
274,2021-08-16,电新行业周报：光伏产业链价格有所上调 国内电车需求维持高景气,新浪
275,2021-08-16,电气设备行业周报：光伏硅料价格箱体震荡 下游需求持续向好,新浪
276,2021-08-15,电气设备行业：磷酸铁锂装机首超三元 光伏需求回暖驱动产业链涨价,广发证券
277,2021-08-15,电气设备行业周报：国内电车逆势增长 硅料价格小幅回升,新浪
278,2021-08-14,被阿迪25亿刀“打折”出售，百年锐步迈向何方？,搜狐
279,2021-08-13,千亿光伏龙头助力，光伏原料企业利润大涨,中国能源网china5e
280,2021-08-12,千亿福斯特助力，联泓新科利润大涨,Ofweek
281,2021-08-12,一纸收购引来4个涨停，深圳燃气相中的斯威克究竟是何来头？,经济观察报
282,2021-08-12,东南网架：浙江东南网架福斯特碳中和科技公司是公司与浙江福斯特新能源开发有限公司共同投资成立的子公司，公司持股比例为75%,每日经济新闻
283,2021-08-12,敲黑板！北上卖出一线白酒近20亿，资金开始流入地“惨”,Wind
284,2021-08-11,化工行业周报：DMC及电解液溶剂、纯碱、DMF、BDO、磷矿石、草铵膦等价格持续上涨 六氟磷酸锂、PO、双酚A、氯化钾、橡胶助剂等涨价,新浪
285,2021-08-11,盐湖2000亿首秀浇灭锂电，茅台带白酒反攻，北上资金却高抛低吸,Wind
286,2021-08-10,石油行业：石化龙头加速布局新材料 价值有望重估,新浪
287,2021-08-10,风格切换？机构：硬科技仍是主线，寻找高性价标的,Wind
288,2021-08-10,市场风格轮动切换，机构提示热门赛道拥挤风险,Wind
289,2021-08-09,龙虎榜揭秘：3股获机构亿元净买入,证券时报网
290,2021-08-09,孕育十家千亿企业后，光伏还有哪些期待？,Ofweek
291,2021-08-09,福斯特龙虎榜数据（8月9日）,Wind
292,2021-08-09,福斯特日价格振幅达16.18% 四机构合计卖出2.75亿元,e公司
293,2021-08-09,电力设备与新能源行业报告：双碳工作推进更趋市场化,新浪
294,2021-08-08,电力设备及新能源行业周报：光伏项目投资创新高 国内海风抢装高增长,新浪
295,2021-08-06,资金流向分析,新浪
296,2021-08-05,高景气主线强势修复，锂电板块再掀涨停潮,Wind
297,2021-08-04,8月4日股市复盘总结 创业板指涨报多少定,至诚财经
298,2021-08-04,光伏产业再度爆发，光伏ETF盘中创历史新高,Wind
299,2021-08-04,解盘：资金回流市场人气不减，锂电、稀土、新能源领涨,Wind
300,2021-08-04,电气设备行业简评报告：新型储能概念受追捧 逆变器环节最受益,新浪
301,2021-08-04,游戏产业将变天？北上积极调仓聚焦两大板块,Wind
302,2021-08-03,联合资信：终止福斯特主体及“福20转债”信用等级,Wind
303,2021-08-03,跌停板解密：高位出逃，多只前期强势股封跌停！（8月3日）,Wind
304,2021-08-03,北上资金不惧调整逆势增仓，三季度重拾传统“大白马”,Wind
305,2021-08-03,深圳燃气(601139)：拟收购斯威克 新能源布局崭露头角,新浪
306,2021-08-02,电新行业周报：峰谷价差拉大利好光伏及储能推广 风电需求有望超预期,新浪
307,2021-08-02,电力设备新能源行业周报：《分时电价》机制助力储能大发展宁德时代钠离子电池横空出世,新浪
308,2021-08-02,电力设备及新能源行业周报：风光景气度持续回升 政策驱动储能发展,新浪
309,2021-08-02,电子制造行业深度研究：从3M等巨头看我国功能材料行业1→N平台化国际化机遇,新浪
310,2021-08-02,电气设备新能源行业周报：分时电价政策推动储能发展 中央定调支持电动车产业,新浪
311,2021-08-02,基础化工行业周报：7月PMI公布 万华上调8月MDI挂牌价 两碱、辛醇、BDO、磷产业链等继续走高 DMC、草铵膦、醋酸产业链、DMF等涨价,新浪
312,2021-08-02,电气设备行业周报：钠离子电池产业化发展在即 峰谷电价政策或刺激储能市场提速,新浪
313,2021-07-30,电力设备新能源2021年8月投资策略：政策叠加技术双利好 储能开辟广阔蓝海,新浪
314,2021-07-30,A股收盘综述：三大股指弱势整理，储能概念股井喷,Wind
315,2021-07-30,茅台跌800亿，医疗也惨了，一板块迎20cm涨停潮,Wind
316,2021-07-30,A股午盘综述：大消费、大金融不振，热门题材持续发酵,Wind
317,2021-07-30,半导体产业链再度点燃激情，南大光电涨超10%,Wind
318,2021-07-30,快讯：福斯特涨停 报于134.05元,金融界
319,2021-07-30,每日市场热点分析,新浪
320,2021-07-30,A股早报2021年7月30日星期五,Wind
321,2021-07-29,福斯特(603806.SH)：“福20转债”将停止交易和转股,智通财经
322,2021-07-29,涨停板解密：两板块个股现涨停潮！（7月29日）,Wind
323,2021-07-29,专用设备行业点评报告：安徽发布光伏产业规划 光伏设备行业直接受益,新浪
324,2021-07-29,光伏ETF涨超9%完全收复前两日失地，阳光电源一度触及涨停,Wind
325,2021-07-28,新能源及储能产业观察系列之五：分布式光伏高歌猛进 陆上风电加速建设,新浪
326,2021-07-28,电气设备行业简评报告：大型化助推风电格局重塑 硅料价格见顶带动需求提振,新浪
327,2021-07-27,福斯特：“福20转债”赎回登记日为7月28日,每日经济新闻
328,2021-07-27,顶流基金经理13只“独门股”曝光,Wind
329,2021-07-27,电气设备行业周报：光伏硅料价格继续松动 奔驰全面转向BEV,新浪
330,2021-07-27,挖掘独门股，顶流基金经理“秘密武器”曝光,Wind
331,2021-07-26,“宁组合”受追捧，如何搭建“宁FOF”？,养基司令
332,2021-07-26,固定收益周报：转债是增厚业绩的功臣,新浪
333,2021-07-26,电气设备新能源行业周报：海外车企电动化战略加码 储能指导意见落地产业化提速,新浪
334,2021-07-25,电气设备行业周报：新型储能政策正式落地 天赐和LG新能源签订长单,新浪
335,2021-07-25,电力设备及新能源行业周报：硅料价格持续下调 光伏装机预期景气,新浪
336,2021-07-22,抓紧你的黄金和白银,中国黄金网
337,2021-07-22,美联储控制通胀时机已逝，“注水后遗症”有望助黄金重回2000美元,汇通网
338,2021-07-21,电气设备行业简评报告：六氟再度成为产能瓶颈 光伏关注户用发展浪潮,新浪
339,2021-07-21,福斯特：“福20转债”赎回登记日为7月28日,每日经济新闻
340,2021-07-21,电气设备行业点评报告：光伏玻璃产能置换限制放开 龙头地位稳固促进行业有序发展,新浪
341,2021-07-21,A股收盘综述：创业板指刷新6年新高，锂电池产业链掀涨停潮,Wind
342,2021-07-21,隆基股份市值突破五千亿大关再创新高，高测股份、京运通、福斯特等涨停,Wind
343,2021-07-21,电气设备行业深度报告：新能源车大势所趋产能为王 碳中和下风光发展迎来正周期,新浪
344,2021-07-20,电力设备新能源行业2021年中报业绩前瞻：“双碳”驱动电动化加速 新能源发电需求持续向好,新浪
345,2021-07-20,易方达基金王成最新持仓，重仓福斯特（易方达悦享一年持有期混合型基金）,证券之星
346,2021-07-20,电气设备行业：大众发布2030战略 光伏多环节价格下行,新浪
347,2021-07-19,福斯特：“福20转债”赎回登记日为2021年7月28日,每日经济新闻
348,2021-07-19,福斯特(603806.SH)：“福20转债”将提前赎回 赎回价为100.164元/张,智通财经
349,2021-07-19,【银河电新周然】行业周报丨硅料价格出现松动，无钴电池正式装车,中国银河证券研究
350,2021-07-16,2021年电新行业中报前瞻：行业景气持续高位 中报业绩持续兑现,新浪
351,2021-07-14,Kirkland Lake公司二季度黄金产量创新纪录,长江有色
352,2021-07-14,上交所：将于7月29日终止“福20转债”上市交易和转股,Wind
353,2021-07-14,【中原电气设备】光伏行业周报：成本压力趋缓，关注中报业绩情况,中原证券研究所
354,2021-07-14,融资客连续十周加仓，30股融资净买入超10亿元,Wind
355,2021-07-13,可转债日报：涨势凌厉，转债连涨七日再创六年新高成交额逼近800亿,Wind
356,2021-07-13,福斯特：“福20转债”赎回登记日为7月28日,Wind
357,2021-07-13,福斯特：“福20转债”赎回登记日为7月28日,每日经济新闻
358,2021-07-13,福斯特(603806.SH)将提前赎回“福20转债” 赎回价为100.164元/张,智通财经
359,2021-07-13,长城建材-东南网架（002135）深度报告：钢结构EPC+BIPV战略推进，化纤业务有望复苏,高材疾足
360,2021-07-13,罕见，融资客连续10周加仓，5股获净买入超20亿,Wind
361,2021-07-12,万亿A股光伏板块再狂欢：14家企业今年股价涨幅超50% 有高管开始“套现”了,21世纪经济报道
362,2021-07-12,电力电气设备、公用事业行业：硅料成交价首次松动 看好开工率持续修复,新浪
363,2021-07-12,电气设备行业周报：全球新能源车持续火爆 硅料首降需求有望复苏,新浪
364,2021-07-12,基础化工行业周报：MDI、氯化钾、己二酸、丁辛醇、PO价格继续上涨 DMF、DMC、电解液、草铵膦、磷矿石涨价,新浪
365,2021-07-12,电力设备及新能源行业周报：风电板块配置价值凸显 新型电力系统长期空间可期,新浪
366,2021-07-12,【银河电新周然】行业周报丨园区规划助力光伏发展，6月新车销量再创新高,中国银河证券研究
367,2021-07-09,A股深V：新能源风光无限，医药白酒黯然神伤,Wind
368,2021-07-09,大全能源：人均产值、人均利润业内领先,证券时报网
369,2021-07-08,深度！为何光伏五巨头市值不敌宁德时代？,Ofweek
370,2021-07-08,银行股大幅杀跌，万亿白马跌近6%！电池茅、光伏茅再创新高,Wind
371,2021-07-08,洞鉴光伏系列之九：从供需平衡表，论光伏EVA产业链投资机会【安信电新】,电新邓永康团队
372,2021-07-08,朱迪·福斯特获得戛纳电影节荣誉金棕榈奖,新华网
373,2021-07-08,福斯特盘中快速上涨,新浪
374,2021-07-07,硅料终降价！福斯特成第五家千亿光伏企业！,Ofweek
375,2021-07-06,福斯特(603806)：股东减持股份计划完成 拟减持股份,资本邦
376,2021-07-06,电力设备行业周报第27周周报：中环、通威分别下调硅片、电池片价格 锂钴原材料价格涨势再起,新浪
377,2021-07-06,电气设备行业简评报告：光伏景气重启再度确认 锂电中游环节扩产为王,新浪
378,2021-07-06,电力电气设备、公用事业行业：硅片电池报价下调 看好下游开工率回升,新浪
379,2021-07-05,福斯特(603806.SH)股东同德实业拟减持比例不超2% 拟减持股份,智通财经
380,2021-07-05,福斯特(603806.SH)：拟募资投资年产1000万平方米挠性覆铜板项目,格隆汇
381,2021-07-05,福斯特(603806.SH)拟公开发行可转债募资不超24亿元,智通财经
382,2021-07-05,福斯特(603806.SH)拟投资约6.65亿元建年产1000万平方米挠性覆铜板项目,智通财经
383,2021-07-05,福斯特：最近五年公司受处罚或监管及整改情况 其他违规处罚,每日经济新闻
384,2021-07-05,福斯特：拟发行可转债不超过24亿元,每日经济新闻
385,2021-07-05,福斯特：同德实业拟减持不超过2%公司股份 拟减持股份,Wind
386,2021-07-05,电气设备行业周报：中游排产维持高景气 电动车大行情延续,新浪
387,2021-07-05,电气设备行业周报：新势力环比高增 光伏需求有望重振,新浪
388,2021-07-05,电力设备新能源行业周报：新势力6月销量创新高 多省份发布整县推进申报方案,新浪
389,2021-07-04,兴证电新朱玥光伏行业大势研判：稳定压倒一切，行业需求将出现明确拐点,兴业电新
390,2021-07-04,电力设备行业：全球电动化呼啸前行 光伏多环节价格松动,新浪
391,2021-07-01,可转债日报：转债市场延续震荡行情，新券集中上市潮再度来袭,Wind
392,2021-07-01,福斯特(603806.SH)：“福20转债”已累计获转股600.6514万股,格隆汇
393,2021-07-01,福斯特：拟提前赎回“福20转债”,每日经济新闻
394,2021-07-01,福斯特：累计约3.67亿元“福20转债”已转换成公司股票,每日经济新闻
395,2021-07-01,福斯特(603806.SH)：决定行使“福20转债”的提前赎回权利,格隆汇
396,2021-07-01,福斯特：提前赎回“福20转债”,Wind
397,2021-06-30,电力设备新能源中期投资策略暨7月月报：新能源繁花似锦 碳交易箭在弦上,新浪
398,2021-06-30,新能源行业重大事项点评：硅片价格松动 行业需求有望超预期,新浪
399,2021-06-30,美国议员呼吁给加密货币留“后门”：必要时能逆转交易,新浪
400,2021-06-30,宝鹰股份：公司目前在光伏建筑一体化（BIPV）领域已有实用新型专利证书,Wind
401,2021-06-30,电力电气设备、公用事业、节能环保行业2H21电力新能源策略：聚焦光伏转折 关注新能源运营长期成长性,新浪
402,2021-06-30,联泓新科：EVA光伏胶膜料是公司目前主要产品之一，主要供应于福斯特、斯威克、百佳、赛伍等下游光伏胶膜企业,每日经济新闻
403,2021-06-30,光伏板块下探回升，锦浪科技大涨7%,Wind
404,2021-06-30,电力设备与新能源行业周观察：国内新能源汽车需求结构呈现多元化 整县屋顶分布式光伏开发试点工作启动,新浪
405,2021-06-30,新能源行业：硅片降价周期启动需求或好于预期 分布式光伏爆发助力碳中和-行业点评,新浪
406,2021-06-30,电气设备行业周报：奥迪加速电动化 光伏产业链价格趋稳,新浪
407,2021-06-30,新能源、环保领域碳中和动态追踪(十八)：中环股份7 月硅片报价环比下降 硅料价格未来或小幅下跌,光大证券
408,2021-06-29,碳中和系列报告之新能源发电篇：新能源助力碳中和 风光平价势如破竹,新浪
409,2021-06-29,隆基股份大涨5%创历史新高 三条主线掘金光伏板块丨牛熊眼,第一财经
410,2021-06-29,电力电气设备 公用事业：硅片价格松动 广西存量项目可延期并网 项目问题,新浪
411,2021-06-29,电力设备新能源行业周观察：电动与智能共振中游景气向上 1-5月户用光伏装机超预期,新浪
412,2021-06-29,兴业电新朱玥光伏行业大势研判：硅料见顶短期难跌长期强势，一体化组件走出至暗时刻高位放量格局优化，超额利润长期留存产业链两端,兴业电新
413,2021-06-28,光伏行业2021年中期策略：双碳目标新时代 N型格局定收益,广发证券
414,2021-06-28,电力设备及新能源行业周报：光伏需求望复苏 风电配置价值凸显,新浪
415,2021-06-28,电力电气设备、公用事业行业：上游涨价企稳+政策利好 光伏行情持续演绎,新浪
416,2021-06-28,东南网架：抢先布局BIPV领域 战略转型优势凸显,中金在线
417,2021-06-25,福斯特现1笔大宗交易 共成交249.45万元,新浪
418,2021-06-25,福斯特今日大宗交易成交2.50万股，成交价99.78元溢价0.0%,Wind
419,2021-06-25,为什么我们看好光伏需求，坚定认为今年存量项目延期并网无可能且明年需求更好 | 兴证电新 · 光伏行业跟踪（王吉颖、朱玥）,兴业电新
420,2021-06-25,光伏、新能源行业景气度持续向上，关注三条投资主线,中信建投固收家
421,2021-06-25,别看表面波澜不惊，万亿风口来临？277亿惨烈博弈，“巨无霸”上演“天地板”,和讯
422,2021-06-25,【东吴晨报0625】【行业】电新【个股】波司登、奥特维,东吴研究所
423,2021-06-24,277亿惨烈博弈，“巨无霸”上演“天地板”；万亿风口来临，这一板块掀涨停潮！,21世纪经济报道
424,2021-06-24,电气设备2021年中期投资策略报告：电驰早 风光好,新浪
425,2021-06-24,分布式光伏再迎重磅利好 相关概念股掀起涨停潮,中金在线
426,2021-06-24,福斯特(603806.SH)：“福20转债”可能满足赎回条件,格隆汇
427,2021-06-24,东南网架：目前公司已设立浙江东南碳中和科技有限公司,Wind
428,2021-06-24,光伏行业点评：分布式光伏开发试点启动 屋顶光伏高增开启,新浪
429,2021-06-23,福斯特：“福20转债”2021年第一次债券持有人大会审议通过相关议案,Wind
430,2021-06-23,化工新材料行业：合盛硅业石河子装置停车检修 有机硅市场仍处高位运行,新浪
431,2021-06-23,电气设备行业周报：锂电行业加速扩产 硅料价格维稳,新浪
432,2021-06-23,2021年下半年电力设备及新能源行业投资策略：新能源发电格局改善 新能车加速渗透率提升,新浪
433,2021-06-23,电气设备行业深度报告：下游需求高景气带动新能源汽车产业链加速向上,新浪
434,2021-06-22,300多家机构刚调研完，这只千亿市值龙头股就创历史新高！,Wind
435,2021-06-22,联泓新科：公司高端EVA光伏胶膜料主要供应于福斯特、斯威克、百佳、赛伍等下游光伏胶膜企业，目前海优新材不是公司客户,每日经济新闻
436,2021-06-22,联泓新科：目前海优新材非公司客户,Wind
437,2021-06-22,电力设备行业周报：中汽协预计未来五年中国新能车销量年均增速逾40% 光伏上下游博弈接近尾声,新浪
438,2021-06-21,福斯特：公司控股股东及实际控制人合计持股比例被动稀释0.14%,Wind
439,2021-06-21,福斯特：实控人1月29日以来减持123.91万张福20转债 减持股份,财联社
440,2021-06-21,福斯特(603806.SH)：实控人1月29日以来减持123.905万张福20转债 减持股份,格隆汇
441,2021-06-21,福斯特：实际控制人林建华减持公司7.29%可转债 可转债减持,Wind
442,2021-06-21,电力设备及新能源行业周报：关注新能源和制造业的边际变化,新浪
443,2021-06-21,解盘：光伏、半导体、华为HMS领涨,Wind
444,2021-06-20,电力设备及新能源行业周报：硅料硅片价格趋稳 静待新平衡,新浪
445,2021-06-20,电力设备新能源周观察：电动车中游景气向上 硅料产业链博弈或将结束,新浪
446,2021-06-20,电气设备行业感光干膜：如何看福斯特的“第二增长极”,新浪
447,2021-06-18,新能源、环保领域碳中和动态追踪(十四)：光伏行业迎量增&盈利修复预期 重点推荐高弹性的组件&电池片环节,光大证券
448,2021-06-18,光伏行业转债梳理：光伏转债扩容在即 细细梳理转债市场上的光伏企业,光大证券
449,2021-06-18,【牛人重仓】福斯特:前复权价创历史新高，今日资金流入2114.72万元，北向资金持股2048.63万股，融资余额23965.94万元；前3个交易日，北向资金增持329.37万股，融资额增加-1602.28万元，主力资金净流入3143.28万元,每日经济新闻
450,2021-06-18,【银河电新】2021年中期策略丨乘“双碳”之风 新能源扬帆远航,中国银河证券研究
451,2021-06-17,福斯特(603806)：光伏胶膜龙头的新成长,新浪
452,2021-06-17,浙江区域股市周报： 114家机构调研拓普集团 华友钴业跌出板块市值5强,每日经济新闻
453,2021-06-17,机构看中这些股 近五日大手笔净买入,证券之星
454,2021-06-17,新基金发行再加速，半月募资赶上5月全月，什么信号？,Wind
455,2021-06-16,需求刚性存量无延期可能，硅料铸顶板块启动在即 | 兴证电新 · 光伏行业2021年中期策略报告,兴业电新
456,2021-06-16,光伏行业2021年中期策略报告：需求刚性无延期可能 硅料铸顶板块启动在即,新浪
457,2021-06-16,电力设备及新能源行业：乘“双碳”之风 新能源扬帆远航,新浪
458,2021-06-16,东吴证券--电气设备新能源行业周报：锂电龙头大单不断中报预计靓丽、光伏电价政策超预期【行业研究】,金融界股吧
459,2021-06-16,首创证券--电气设备行业简评报告：光伏产业柳暗花明景气重启，海风地补落地确定性夯实【行业研究】,金融界股吧
460,2021-06-16,电气设备行业周报：新能源汽车5月销量保持高增 新能源上网电价政策超预期,新浪
461,2021-06-16,德邦证券--化工新材料行业周报：SK海力士收购英特尔进程提速，有机硅突发事件推高产品价格【行业研究】,金融界股吧
462,2021-06-15,福斯特：获浙江省科技进步一等奖,e公司
463,2021-06-15,电力设备及新能源行业周报：政策推动新能源发展 自动化景气有望延续,新浪
464,2021-06-15,电力电气设备、公用事业行业：项目电价及开发规则利好 光伏迎积极拐点,新浪
465,2021-06-15,2021年下半年投资策略：周期景气有望持续 产业变革趋势孕育成长新机遇,新浪
466,2021-06-15,A股早报2021年6月15日星期二,Wind
467,2021-06-15,电力设备新能源行业周报：5月电动车销量高增长 发改委出台新能源电价政策,新浪
468,2021-06-15,【电新*曾朵红】光伏新政电价超预期，存量平价项目可延期，看好明年量利双升,东吴研究所
469,2021-06-14,光伏供应链谁最赚钱？,智通财经
470,2021-06-14,东吴证券：光伏新政电价超预期，存量平价项目可延期，看好明年量利双升！,智通财经
471,2021-06-13,【东吴电新】光伏行业点评：光伏新政电价超预期，存量平价项目可延期，看好明年量利双升！,新兴产业汇
472,2021-06-13,【开源化工】新材料周报：尾气催化系列（四）国六排放标准趋严，车用尿素需求放量,新浪
473,2021-06-13,光伏风电行业：新能源上网电价政策超预期 下游装机需求有望修复,广发证券
474,2021-06-12,外资进场 多个机构坐庄福斯特 小康股份榜上现顶级游资博弈,财富动力网
475,2021-06-12,每日市场热点分析,新浪
476,2021-06-11,两连板的福斯特(603806.SH)：不存在应披露而未披露的重大信息,格隆汇
477,2021-06-11,福斯特龙虎榜数据(6月11日）,Wind
478,2021-06-11,机构今日买入这9股，卖出福斯特3.51亿元丨龙虎榜,第一财经
479,2021-06-11,福斯特两日累涨超21% 四机构卖出7.78亿元,e公司
480,2021-06-11,龙虎榜丨机构今日买入这7股，卖出福斯特3.51亿元,第一财经
481,2021-06-11,光伏发电成本降80%，平价上网悄然而至,Wind
482,2021-06-11,涨停板解密：资金追捧，软件股继续火爆！（6月11日）,Wind
483,2021-06-11,福斯特(603806.SH)股价异动 确认不存在应披露而未披露信息,智通财经
484,2021-06-11,电力电气设备、公用事业行业：光伏产业呼吁价格理性 板块迎来积极拐点,新浪
485,2021-06-11,晶澳科技再度上板、隆基股份涨近5%，光伏板块持续拉升,Wind
486,2021-06-11,光伏板块持续回暖，晶澳科技冲击涨停,Wind
487,2021-06-11,揭秘送转股 132只除权以来股价上涨,证券时报网
488,2021-06-10,A股收盘综述：上证指数涨0.54%，宁德时代再创新高、软件股批量涨停,Wind
489,2021-06-10,外资猛加仓！新能源鸿蒙大爆发，万亿巨头大涨7%,Wind
490,2021-06-10,129只送转股走出贴权走势,证券时报网
491,2021-06-08,化工行业周观点：限塑政策持续升级 多家企业加速布局可降解塑料,新浪
492,2021-06-08,电气设备行业周报：新能源汽车产业链首选六氟赛道,新浪
493,2021-06-08,化工行业-基础化工债券&定增双周报：中核钛白拟定增70.91亿元,新浪
494,2021-06-08,光伏板块逐渐企稳，隆基、通威、阳光电源、中环股份、福斯特走强,Wind
495,2021-06-07,福斯特：拟使用5.68亿元募集资金向子公司进行增资及出资,中证网
496,2021-06-07,福斯特(603806.SH)拟用募集资金分别向两子公司增资及出资,智通财经
497,2021-06-07,电力设备新能源行业周报：六氟价格持续新高 N型电池应用加速,新浪
498,2021-06-07,福斯特：将于6月23日召开“福20转债”持有人大会,Wind
499,2021-06-07,电气设备行业周报：磷酸铁锂助力中高端市场 SNEC展N型未来可期,广发证券
500,2021-06-07,光伏板块延续跌势，隆基、通威、阳光电源、福斯特、福莱特集体下滑,Wind
501,2021-06-07,光伏扩产供需偏紧，多晶硅价格再攀高位,Wind
502,2021-06-06,电气设备行业周报：新技术推动组件效率进一步提升 新能源车5月销量维持高位,新浪
503,2021-06-04,科技及智能设备产业链日报：通信设备Ⅲ指数逆市上涨 涨幅1.6%,新浪
504,2021-06-04,明日最具爆发力六大黑马,光大证券
505,2021-06-04,光伏板块继续调整，隆基、通威、阳光电源、福斯特、福莱特跌势不止,Wind
506,2021-06-04,【王牌研报】龙头转型起飞，业绩增速25%，三大竞争力优势显着，商业模式已被验证，为继续扩张打开空间,新浪
507,2021-06-03,光伏板块走弱，隆基、通威、阳光电源、福斯特、福莱特、正泰电器齐跌,Wind
508,2021-06-03,东南网架(002135)：钢结构工程龙头 EPC+BIPV引领新发展,新浪
509,2021-06-02,新能源与电力设备行业周报：美国电动车补贴力度空前 中游机会正在提前,新浪
510,2021-06-02,一季度澳大利亚金产量大幅下降,自然资源部
511,2021-06-01,电气设备行业简评报告：风电结构性机会凸显 大型化海上化带动整机毛利,新浪
512,2021-06-01,光伏板块震荡休整，隆基股份、通威股份、阳光电源、福斯特录跌,Wind
513,2021-05-31,福斯特：“福20转债”6月7日起开始转股,Wind
514,2021-05-31,解密高毅资产重仓股：千亿私募巨头作业怎么抄？ ——《巨丰金融研究院机构作业本》系列第1期,巨丰财经
515,2021-05-31,福斯特(603806.SH)：“福20转债”6月7日起开始转股,格隆汇
516,2021-05-31,福斯特：可转债自2021年6月7日起开始转股,每日经济新闻
517,2021-05-31,5月31日晚间重要行业研究汇总(附股),中金在线
518,2021-05-31,京瓷将在2021SNEC上海光伏展福斯特展台展示封装材料技术,北国网
519,2021-05-31,电气设备新能源行业周报：美国电动车政策和锂电中游超预期、锂电龙头全面受益,新浪
520,2021-05-31,财华盘点|“千亿市值”新能源概念股大汇总！总有“一款”适合你？,财华社
521,2021-05-31,电气设备行业：新能源车景气度再确认 风光储价格机制进一步完善,广发证券
522,2021-05-31,光伏概念股掀起涨停潮，政策支持力度超预期丨牛熊眼,第一财经
523,2021-05-31,电力设备及新能源行业周报：光伏产业链涨价趋势下 关注新技术和新应用,新浪
524,2021-05-31,电力设备新能源行业周报：美国提高电动车税收抵免 光伏价格维持涨势,新浪
525,2021-05-30,电气设备行业周报：异质结转换效率再创记录 美国电动车补贴政策进一步升级,新浪
526,2021-05-28,新能源及储产业观察系列之三：90GW保障性规模兜底 风电光伏吹响十四五冲锋号,新浪
527,2021-05-27,大盘站上3600点！国君高呼：蓝筹空间打开,Wind
528,2021-05-27,什么信号？茅台1笔被砸4.35亿！外资猛灌470亿,Wind
529,2021-05-27,多只中大盘股尾盘集合竞价大幅波动,Wind
530,2021-05-26,光伏板块疲软，隆基股份、通威股份、阳光电源、中环股份、福斯特集体下滑,Wind
531,2021-05-26,开源证券：碳中和叠加光伏平价打开装机空间，持续看好光伏长期成长性,证券时报网
532,2021-05-25,晚间重要公告2021年5月25日星期二,Wind
533,2021-05-25,"福斯特现1笔大宗交易 共成交9,103.19万元",新浪
534,2021-05-25,福斯特今日大宗交易成交131万股，成交价69.49元折价9.0%,Wind
535,2021-05-25,福斯特(603806.SH)：控股股东向员工持股计划转让131万股,格隆汇
536,2021-05-25,福斯特：公司第三期员工持股计划股票购买已全部实施完毕,每日经济新闻
537,2021-05-25,福斯特(603806.SH)：第三期员工持股计划完成股票购买,格隆汇
538,2021-05-25,福斯特：控股股东向公司第三期员工持股计划减持股份计划完成，共0.14%公司股份 拟减持股份,Wind
539,2021-05-25,首创证券--电气设备行业简评报告：新能源装机下限预期加强，硅料仍将贯穿全年主题【行业研究】,金融界股吧
540,2021-05-25,基础化工债券&定增双周报：华峰化学拟定增50亿元,新浪
541,2021-05-25,中泰证券--电力设备新能源周观察：产业链价格再迎上调，光伏海内外持续高景气【行业研究】,金融界股吧
542,2021-05-25,电新行业周报：多晶硅料加速上涨 动力电池产销有望持续旺盛,新浪
543,2021-05-24,电力设备及新能源行业周报：硅料价格持续上涨 产业盈利继续分化,新浪
544,2021-05-24,光伏行业周报：硅片电池涨价提速,新浪
545,2021-05-24,光伏板块整体疲软，隆基、通威、阳光电源、中环、福斯特、福莱特集体下滑,Wind
546,2021-05-23,电气设备周观点：产业链价格再迎上调 光伏海内外持续高景气,新浪
547,2021-05-21,填权行情提前打响！下周10家高送转，40家高派现,Wind
548,2021-05-21,5月21日晚间重要行业研究汇总(附股),中金在线
549,2021-05-21,中信证券：风光政策超预期，装机有望迎复苏,证券时报网
550,2021-05-21,光伏板块大涨，行业新政策超预期，装机天花板有望进一步打开,第一财经
551,2021-05-21,新能源行业重大事项点评：风光政策超预期 装机有望迎复苏,新浪
552,2021-05-21,电子化学品板块强势 福斯特涨幅居前,新浪
553,2021-05-20,海优新材(688680)：光伏胶膜核心供应商 创新与资本驱动高增长,国金证券股份有限公司
554,2021-05-20,前4月装机容量同比增24% 光伏成未来确定性最强赛道之一丨牛熊眼,第一财经
555,2021-05-20,电力设备新能源行业：能源指导工作意见出炉 车展智能化+铁锂打造爆款,广发证券
556,2021-05-20,新能源、环保领域碳中和动态追踪(十二)：风光开发建设通知正式下发 建立长效机制保障新能源长期发展,光大证券
557,2021-05-18,电气设备行业简评报告：迎接行业风口 产能扩张为王,新浪
558,2021-05-18,电力设备新能源周观察：4月新能源汽车销量符合预期 继续看好板块行情,新浪
559,2021-05-18,【银河电新周然】行业周报丨4月电动车销量延续高景气度 硅片减薄应对硅料价格高企,中国银河证券研究
560,2021-05-17,福斯特(603806.SH)2020年年度权益分派实施方案：拟每10股转增2股派4.5元,智通财经
561,2021-05-17,福斯特：“福20转债”转股价格由73.69元/股调整为61.03元/股,Wind
562,2021-05-17,福斯特(603806.SH)年报推10转2派4.5元股权登记日5月21日,格隆汇
563,2021-05-17,vivo与蔡司“长期主义”合作渐入佳境 技术加持产品“破圈”,中国经济网
564,2021-05-16,电气设备行业专题研究：从利润分配和竞争格局看光伏投资机会,新浪
565,2021-05-16,【民生研究】周观点汇总：疫情和就业数据只是扰动，发达国家经济复苏趋势没有改变,新浪
566,2021-05-13,电力设备新能源行业专题研究：业绩保持高增 板块分化加大,新浪
567,2021-05-13,自动驾驶公司Waymo高层再现变动 CEO离职后CFO也将离职 董监高成员变化,TechWeb
568,2021-05-12,总营收3561亿 20家上市光伏企业2020年业绩速览,世纪新能源
569,2021-05-12,电力设备行业新能源业绩回顾及展望：新能车板块业绩实现高增长 光伏下半年业绩预期向好,新浪
570,2021-05-11,基础化工行业2020年年报及2021年一季报总结：化工产品价格指数探底回升 橡塑制品、农化、化纤等板块表现亮眼,新浪
571,2021-05-11,【国金电新】海优新材·深度：光伏胶膜核心供应商，创新与资本驱动高增长,新兴产业观察者
572,2021-05-10,电气设备新能源行业周报：电动车销量和排产持续向好、光伏5月排产边际改善,新浪
573,2021-05-10,平安证券--电力设备行业动态跟踪报告：光伏2020年报总结，高成长，大扩张，优选景气环节【行业研究】,金融界股吧
574,2021-05-10,光伏行业2020年报及2021年一季报总结：2020量价齐升 2021分化初现,新浪
575,2021-05-10,通胀无牛市？这份通胀预期下的投资指南请查收,Wind
576,2021-05-10,电力设备与新能源行业周观察：全球电动化推动产业链出海 国内光伏需求有望逐步启动,新浪
577,2021-05-10,电力设备及新能源行业周报：硅料盈利有望超预期 持续关注电气龙头,新浪
578,2021-05-10,A股异动 | 福斯特(603806.SH)涨超5% 获中信证券看好,格隆汇
579,2021-05-10,电力设备新能源行业周报：电车周期启动 需求边际向好,新浪
580,2021-05-10,福斯特(603806)重大事项点评：加码感光干膜扩产 强化电子材料竞争力,新浪
581,2021-05-10,今日A股市场热点新闻及最新公告前瞻（2021/5/10） 环保处罚,--
582,2021-05-10,今日A股市场热点新闻及最新公告前瞻（2021/5/10）,--
583,2021-05-09,【方正化工】新材料周报：六氟磷酸锂价格上行，福斯特拟新建感光干膜及碱溶性树脂项目,靠谱化工股
584,2021-05-08,扩大感光干膜和碱溶性树脂产能，福斯特拟20亿投建系列项目,资本邦
585,2021-05-07,福斯特(603806)：光伏胶膜龙头地位稳固 感光胶膜业务快速增长,新浪
586,2021-05-07,加码电子材料业务 福斯特拟逾20亿元投建感光干膜等项目,e公司
587,2021-05-07,福斯特(603806.SH)拟投建年产5.6亿平方米感光干膜项目及年产2.4万吨碱溶性树脂项目,智通财经
588,2021-05-07,福斯特：拟20.16亿元投建年产5.6亿平方米感光干膜和年产2.4万吨碱溶性树脂项目,格隆汇
589,2021-05-07,新能源板块行业专题报告：风光业绩高增长 十四五持续成长可期,新浪
590,2021-05-07,电力设备新能源行业：一季度光伏高质量发展 关注储能市场边际变化,广发证券
591,2021-05-07,电力设备行业第18周周报：政治局会议强调发展新能源 上游原材料价格继续上涨,新浪
592,2021-05-06,海优新材(688680)：加快推进胶膜产能扩张 产品结构优化盈利能力提升,新浪
593,2021-05-06,电力设备新能源行业2020年报及2021年一季报综述：碳中和成就行业高景气 上游价格变动或成择时关键,光大证券
594,2021-05-06,4月金股组合盈利5.26% 5月荐股名单出炉,新浪
595,2021-05-05,电气设备行业深度报告：光伏量利齐升 环节出现分化,新浪
596,2021-04-30,福斯特(603806.SH)：第三期员工持股计划尚未购买公司股票,格隆汇
597,2021-04-30,光伏指数二次拉升，阳光电源涨超10%,Wind
598,2021-04-29,硅料价格飙涨12周，厂家高价锁单，机构称下半年才是旺季,财联社
599,2021-04-28,2020年光伏产业链龙头业绩盘点，谁更赚钱？,Ofweek
600,2021-04-28,慕尼黑专访丨福斯特：缺芯危机下，政策扶持领跑半导体行业,慧聪电子网
601,2021-04-27,IPO纵览|明日科创板3股齐发，德新交运、云南城投明起戴帽,IPO日报
602,2021-04-27,东南网架：收购福斯特子公司51%股权，布局光伏建筑一体化领域,中金在线
603,2021-04-27,东南网架牵手福斯特 推进建筑-光伏一体化产业布局,证券时报
604,2021-04-27,股海导航 4月27日沪深股市公告提示,新浪
605,2021-04-26,打造绿色建筑光伏一体化领先企业 东南网架拟收购福斯特子公司51%股权,上证报
606,2021-04-26,*ST雅博：股票将继续被实施退市风险警示特别处理 风险警示,Wind
607,2021-04-26,盘后公告集锦|爱美客：一季度净利同比增长297%,财联社
608,2021-04-26,公告精选：爱美客一季度净利同比增297%；闻泰科技收购欧菲光部分业务案通过反垄断审查,e公司
609,2021-04-26,东南网架：拟收购浙江福斯特新能源开发公司51%股权，实现“EPC+BIPV”的战略转型,Wind
610,2021-04-26,东南网架：拟收购浙江福斯特新能源开发公司51%股权,e公司
611,2021-04-26,电力设备新能源周观察：2025风光电量占比明确 行业维持高景气,新浪
612,2021-04-26,宁波天博福斯特贸易有限公司申报不实被上海浦东国际机场海关处罚 其他违规处罚,质量新闻网
613,2021-04-26,电力设备新能源行业：能源指导工作意见出炉 车展智能化+铁锂打造爆款,广发证券
614,2021-04-26,电气设备行业简评报告：光伏行业景气度仍在 Q1业绩普遍超预期,新浪
615,2021-04-21,中信证券研究：光伏产业链需求好转的迹象有哪些？,中信证券
616,2021-04-21,东吴证券--福斯特：龙头盈利持续超预期，新材料可期【公司研究】,金融界股吧
617,2021-04-21,国信证券：福斯特一季度盈利维持高位，看好公司长期成长性,Wind
618,2021-04-21,首创证券--福斯特公司简评报告：光伏胶膜龙头地位稳固，一季度业绩超预期【公司研究】,金融界股吧
619,2021-04-21,中信证券：预计随着终端需求的好转，光伏一体化龙头企业值得重点关注,Wind
620,2021-04-20,光伏胶膜龙头一季度业绩大增，但毛利率环比下滑 盈利能力下降,21世纪经济报道
621,2021-04-20,4月20日晚间重要行业研究汇总(附股),中金在线
622,2021-04-20,福斯特、奥特维、双良节能Q1净利同比增长均超190%,索比光伏网
623,2021-04-20,首创证券--电气设备行业简评报告：光伏产业链博弈持续，关注高镍正极快速增长【行业研究】,金融界股吧
624,2021-04-20,福斯特2021年第一季度净利4.95亿元 同比增长219.70%,电缆网
625,2021-04-20,隆基股份、通威股份、阳光电源集体大涨，光伏股强势依旧,Wind
626,2021-04-20,中信证券：风光建设方案公开，有利于推动风电光伏装机健康有序增长,Wind
627,2021-04-20,福斯特：2021年一季度归母净利润同比翻2倍 受光伏胶膜等销售增长所致,北极星电力
628,2021-04-20,浙商证券--电力设备新能源行业事件点评：硅料价格持续上涨引致硅片再次提价【行业研究】,金融界股吧
629,2021-04-20,国金证券：福斯特(603806.SH)上游涨价推高成本，维持“增持”评级,智通财经
630,2021-04-20,一季度光伏胶膜价格大涨44%，但背板售价微降4.87%,中国能源网china5e
631,2021-04-20,光伏板块震荡攀升，锦浪科技涨近6%,Wind
632,2021-04-20,A股异动|福斯特(603806.SH)涨逾4%一季度净利润升219.70%至4.95亿元,格隆汇
633,2021-04-20,A股早报2021年4月20日星期二,Wind
634,2021-04-20,上市公司正负面新闻2021年4月20日星期二,Wind
635,2021-04-19,晚间重要公告2021年4月19日星期一,Wind
636,2021-04-19,福斯特(603806.SH)控股股东福斯特集团拟减持不超150万股 拟减持股份,智通财经
637,2021-04-19,福斯特：一季度净利润同比增长220%,格隆汇
638,2021-04-19,福斯特(603806.SH)第一季度归母净利润同比增长219.7%至4.95亿元,智通财经
639,2021-04-19,福斯特：一季度净利润同比增长219.7%,Wind
640,2021-04-19,福斯特：控股股东拟通过大宗交易方式向公司第三期员工持股计划转让不超过150万股,Wind
641,2021-04-19,中信证券：光伏需求有望边际改善，价格延续强势表现,Wind
642,2021-04-13,4月13日晚间重要行业研究汇总(附股),中金在线
643,2021-04-12,电力设备及新能源行业周报：210电池片硅成本优势显现 市场份额有望提升,新浪
644,2021-04-12,电气设备行业周报：电动车超预期向上 新政策打开光伏空间,新浪
645,2021-04-12,光大证券--碳中和深度报告（五）：欧盟碳中和之路：能源、工业转型的过程与博弈【行业研究】,金融界股吧
646,2021-04-12,新材料行业周报：碳中和系列五-分子筛在碳捕捉和植物转化大有可为,新浪
647,2021-04-12,电力设备新能源周观察：电动化趋势加速 拥抱行业高景气,新浪
648,2021-04-12,电力设备新能源行业：光伏迈入平价阶段 3月新能源车产销同比高增,广发证券
649,2021-04-12,福斯特净利三连增 光伏胶膜全球市占率55%遥遥领先,新浪
650,2021-04-11,福斯特( 603806.SH):业绩高质量增长，电子材料业务有望成为新利润增长点,电新产业研究
651,2021-04-09,福斯特：“福特转债”全部募投项目结项并将节余募集资金永久补充流动资金,Wind
652,2021-04-09,福斯特：“福20转债”募集资金临时补充流动资金,Wind
653,2021-04-09,电力设备新能源行业事件点评：新能源上网电价征求意见 国内竞价项目渐行渐近,新浪
654,2021-04-09,电气设备行业点评报告：2021风光电价征求意见出台 低价时代逐渐到来,新浪
655,2021-04-08,电力设备及新能源行业3月行业动态报告：双碳目标加速落实 光伏成本上涨倒逼技术变革,新浪
656,2021-04-08,中国银河证券维持电力设备及新能源行业推荐评级：双碳目标加速落实，光伏成本上涨倒逼技术变革,每日经济新闻
657,2021-04-07,长城证券--碳中和系列专题报告：碳中和系列报告（一），碳中和背景下的路径指引及行业展望【行业研究】,金融界股吧
658,2021-04-07,电力设备新能源行业周报：玻璃降价有望激发光伏装机 深圳发布新能源车规划,广发证券
659,2021-04-07,光伏板块持续下滑，福斯特跌超7%,Wind
660,2021-04-06,欧盟碳中和之路：能源、工业转型的过程与博弈,光大证券
661,2021-04-06,电气设备行业：小米布局新能源汽车领域 光伏玻璃价格回调,新浪
662,2021-04-06,电力设备行业第14周周报：特斯拉2021Q1交付18.5万辆 隆基正式进军氢能产业,新浪
663,2021-04-06,电力设备及新能源行业周报：电气龙头向好 光伏边际改善,新浪
664,2021-04-06,电力电气设备、公用事业行业光伏周报：玻璃降价带来组件开工回暖预期,新浪
665,2021-04-02,中银证券--福斯特:光伏胶膜量利齐升，感光干膜持续突破【公司研究】,金融界股吧
666,2021-04-02,530股近一周获机构推荐，28股上调评级,Wind
667,2021-03-31,双星新材(002585)：新材料业务持续放量 2020年业绩同比增长315%,新浪
668,2021-03-31,晨会纪要2021年第58期,国海证券
669,2021-03-31,行业需求拐点提前，3000亿龙头已开始暴涨！,云掌财经
670,2021-03-31,中信证券：光伏玻璃降价加快价格新平衡点到来，积极因素积累助推需求边际改善,证券时报网
671,2021-03-31,抄底被埋，白马跌53%，阿里、社保、险资恐深度套牢,Wind
672,2021-03-31,国海证券--福斯特事件点评：胶膜龙头高景气，业绩符合预期【公司研究】,金融界股吧
673,2021-03-30,电力设备新能源2021年4月投资策略：光伏、锂电关注短期下游需求 产业链价值分配待回归,新浪
674,2021-03-30,抄底的哭了，快递白马大跌53%，阿里、社保、险资恐深度套牢！光伏传来大消息，千亿龙头狂飙11% 连续下跌,证券时报网
675,2021-03-30,福斯特(603806)2020年年报点评：胶膜量价齐升 电子材料发力,新浪
676,2021-03-30,电气设备行业周报：恒大新能源车产业累计投入近500亿 光伏龙头宣布不涨价缓解下游压力,新浪
677,2021-03-30,首创证券--电气设备行业深度报告：供应链一季报业绩抢眼，新能源汽车景气度维持【行业研究】,金融界股吧
678,2021-03-30,【电新】福斯特—光伏胶膜量利齐升，感光干膜持续突破,中银证券研究
679,2021-03-30,电气设备行业周报：中上游原材料价格企稳 龙头电池厂业绩确定性进一步夯实,新浪
680,2021-03-30,东吴证券：碳达峰、碳中和目标引领，光伏和电动车发展提速,证券时报网
681,2021-03-30,【电新*曾朵红】碳达峰、碳中和目标引领，光伏和电动车发展提速,东吴研究所
682,2021-03-30,新能源、环保领域碳中和动态追踪(九)：供需形势改善致光伏玻璃价格下行 产业链盈利&全年装机预期有所提升,光大证券
683,2021-03-29,电力设备及新能源行业周报：一季报行情发酵 板块反弹进行中,华福证券有限责任公司
684,2021-03-29,每日报告回放,新浪
685,2021-03-29,电力设备及新能源行业周报：工业利润增长利好工控 风光产业发展长期向好,新浪
686,2021-03-29,电新行业周报：光伏行业将步入正轨 电车产业链需求高景气有望持续,新浪
687,2021-03-29,电气设备行业周报：电动车景气度较好 超额收益看业绩成长,新浪
688,2021-03-29,中泰证券维持福斯特增持评级：胶膜量价齐升，感光干膜进入收获期,每日经济新闻
689,2021-03-29,【申港电新|周观点】政策推动储能行业进入规模化发展阶段,新能源深度研究
690,2021-03-29,电气设备行业周报：风电全球需求有望稳定增长 电车中游龙头业绩符合预期,新浪
691,2021-03-28,【方正化工】新材料周报：2020年全球半导体材料同增4.9%，福斯特20年业绩大增63.52%,靠谱化工股
692,2021-03-26,福斯特(603806)：光伏胶膜量价齐升 公司业绩快速增长,新浪
693,2021-03-26,股价未及预期，市占率过半福斯特利润暴涨63%,Ofweek
694,2021-03-26,东方证券给予福斯特买入评级，胶膜稳定成长，新材料两翼齐飞,每日经济新闻
695,2021-03-26,【东吴电新】福斯特年报点评：Q4光伏胶膜毛利率超预期，新材料量利双升,新兴产业汇
696,2021-03-26,福斯特(603806)：销量与ASP双升 研发投入大幅增加,新浪
697,2021-03-26,福斯特(603806)：胶膜龙头份额稳固 感光干膜盈利提升,国金证券股份有限公司
698,2021-03-26,光伏产业再获政策利好，机构认为行业前景不可小觑丨牛熊眼,第一财经
699,2021-03-26,首创证券--福斯特公司简评报告：光伏胶膜量价齐升，公司业绩快速增长【公司研究】,金融界股吧
700,2021-03-26,"民生证券首予福斯特推荐评级，2020年年报点评：销量与ASP双升,研发投入大幅增加",每日经济新闻
701,2021-03-26,光大证券--福斯特2020年年度报告点评：21年高毛利率有望维持，持续扩产保障业绩稳步提升【公司研究】,金融界股吧
702,2021-03-26,东吴证券给予福斯特买入评级，2020年年报点评：Q4光伏胶膜毛利率超预期，新材料量利双升，目标价格为101.6元,每日经济新闻
703,2021-03-26,安信证券--福斯特：胶膜业务量利齐升，电子材料业务快速成长【公司研究】,金融界股吧
704,2021-03-26,国金证券：福斯特(603806.SH)胶膜盈利大幅提升，维持“增持”评级,智通财经
705,2021-03-26,安信证券给予福斯特买入评级，胶膜业务量利齐升，电子材料业务快速成长，目标价格为100.00元,每日经济新闻
706,2021-03-26,国金证券--福斯特:胶膜龙头份额稳固，感光干膜盈利提升【公司研究】,金融界股吧
707,2021-03-26,福斯特(603806)：胶膜稳定成长 新材料两翼齐飞,新浪
708,2021-03-26,福斯特(603806)2020年年报点评：光伏胶膜量价齐升 新材料拓展顺利 业绩保持高增长,新浪
709,2021-03-26,上市公司正负面新闻2021年3月26日星期五,Wind
710,2021-03-25,福斯特2020年净利同比增64% 拟10转2派4.5元,上证报
711,2021-03-25,福斯特(603806.SH)：2021年度拟向银行申请总额度不超50亿元综合授信融资业务,格隆汇
712,2021-03-25,福斯特(603806.SH)：拟使用最高额度不超15亿元闲置自有资金进行现金管理,格隆汇
713,2021-03-25,交卷！福斯特：2020年度净利润约15.65亿元，同比增加63.52%,每日经济新闻
714,2021-03-25,福斯特(603806.SH)年度归母净利同比增长63.52%至15.65亿元 拟10转2股派4.5元,智通财经
715,2021-03-25,福斯特：2020年净利升63.52%拟10转2派4.5元,格隆汇
716,2021-03-25,福斯特(603806.SH)：2020年净利升63.52%至15.65亿元 拟10转2派4.5元,格隆汇
717,2021-03-25,福斯特：2020年净利润同比增长63.52%,Wind
718,2021-03-25,电气设备行业点评：进一步落实可再生能源消纳 推进可再生能源健康发展,新浪
719,2021-03-25,【朝闻国盛0325】IPO发行节奏放缓，ETF逆势扩容,国盛证券研究所
720,2021-03-24,电气设备行业报告：下游景气度持续 关注锂电中游行情,新浪
721,2021-03-23,3月23日晚间重要行业研究汇总(附股),中金在线
722,2021-03-23,电气设备行业周报：新能源车Q1盈利高增 光伏硅料硅片涨价,新浪
723,2021-03-23,电力设备行业第12周周报：1-2月份全国新增光伏装机3.25GW 隆基上调4月份硅片价格,新浪
724,2021-03-23,电力设备新能源行业每周观察：如何看待年初以来电网投资大幅度增长,新浪
725,2021-03-22,海优新材(688680)：凭创新之材 济光伏之海,新浪
726,2021-03-22,电气设备行业周报：业绩预告反映行业高景气 未来电动车持续性好,新浪
727,2021-03-22,电新行业周报：电动车产销维持旺盛 光伏全年高增长预期仍在,新浪
728,2021-03-19,新型电力系统构建下 碳中和概念有哪些股票？,至诚财经
729,2021-03-19,八大券商主题策略：水、火、核价值重估！新型电力系统构建下 关注哪些标的？,中金在线
730,2021-03-18,兴论碳中和系列：拥抱能源革命的强主题,新浪
731,2021-03-18,东方盛虹、鲁西化工触涨停，化工ETF（516020）涨近3%！中信建投：三条主线把握碳中和对化工行业影响,资本邦
732,2021-03-17,电力设备新能源行业：政策推进解决风光欠补 2月新能源汽车产销增速新高,广发证券
733,2021-03-16,新能源与电力设备行业周报：电动车中游基本面强劲依然 关注自动化与电力设备,新浪
734,2021-03-16,“双碳”行动撬动特高压概念股，机构建议抓住这几条投资主线,第一财经
735,2021-03-16,电力设备与新能源行业周观察：2月新能源汽车销量同比高增长 五部委引导加大对风电、光伏企业的金融支持力度,新浪
736,2021-03-16,上调评级至买入策略选股（3月16日）,Wind
737,2021-03-15,2021年电新行业周报3月第2期：新能源车产销景气度持续 硅料、组件价格大幅上涨,新浪
738,2021-03-15,电力设备及新能源行业周报：碳中和与十四五规划指引行业发展,新浪
739,2021-03-15,福斯特(603806)：成就胶膜龙头的核心竞争力探讨,新浪
740,2021-03-15,天风证券给予福斯特买入评级，深度1：成就胶膜龙头的核心竞争力探讨,每日经济新闻
741,2021-03-15,【读财报】2月份重要股东增减持：减持下降超四成增持上升超一倍,面包财经
742,2021-03-15,电力设备与新能源行业：3月光伏上下游博弈明显 全年需求依然旺盛,新浪
743,2021-03-15,【读财报】2月份重要股东增减持动态：减持金额同比下降超四成 增持金额同比上升超一倍,面包财经
744,2021-03-12,中国银河--电力设备及新能源行业简评报告：两会圆满收官“双碳”或将重构全球制造业【行业研究】,金融界股吧
745,2021-03-12,西部证券--电新行业周报：产业链涨价影响光伏需求预期，电动车销量有望持续高增长【行业研究】,金融界股吧
746,2021-03-11,相伴15年，锐步终遭阿迪“无情抛弃”,经济观察报
747,2021-03-11,光大证券总量&行业联合报告：“碳中和”发展前景与市场影响展望,光大证券
748,2021-03-11,新能源与电力设备行业周报2021年3月第2周：电动车中游与光伏超跌 部分公司进入合理估值区间,新浪
749,2021-03-10,周报（2021.3.9）：电动车中游与光伏超跌，部分公司进入合理估值区间,电新产业研究
750,2021-03-10,中泰证券--电力设备新能源行业周观察：碳中和推动产业发展，行情景气持续向上【行业研究】,金融界股吧
751,2021-03-10,化工行业：碳中和浪潮进一步加速化企强者恒强 节能降耗新能源、新材料迎来发展新机遇,新浪
752,2021-03-10,福斯特：公司EVA树脂原材料进口和国产占比分别为80%左右和20%左右,每日经济新闻
753,2021-03-09,电力设备及新能源行业周报：光伏进入涨价博弈期 龙头企业有望夯实优势,新浪
754,2021-03-08,电力设备及新能源行业周报：光伏涨价博弈后可能的三个方向,新浪
755,2021-03-08,新时代证券--2021年电新行业周报3月第1期：2月新能源车销量持续高增长，硅料、硅片价格大幅上涨【行业研究】,金融界股吧
756,2021-03-07,电力电气设备、公用事业行业光伏周报：产业链涨价此起彼伏 能源局平价政策陆续落子,新浪
757,2021-03-05,3月机会｜热点集中在局部，科技与顺周期板块是最大风口,金融投资报
758,2021-03-05,新能源、环保领域碳中和动态追踪(五)：政府工作报告重视碳中和、能耗降低 发展新能源、充换电、电池回收,光大证券
759,2021-03-05,北爱尔兰民主统一党领袖福斯特：英国政府有责任保护英国的内部市场,金十数据
760,2021-03-05,北爱尔兰民主统一党领袖福斯特：欧盟应对困难的办法是更多的协议,金十数据
761,2021-03-05,北爱尔兰民主统一党领袖福斯特：英国政府必须在宽限期结束后采取行动,金十数据
762,2021-03-05,北爱尔兰民主统一党领袖福斯特：对欧盟提起诉讼的威胁并不感到意外 诉讼纠纷,金十数据
763,2021-03-05,新能源行业重大事项点评：风光项目配置规则调整 建立保障性并网机制,新浪
764,2021-03-04,光伏板块连续杀跌，通威股份恐只是开始 连续下跌,第一财经
765,2021-03-03,通威股份接近跌停，牛年累计下挫约22%,Wind
766,2021-03-02,电力设备新能源行业每周观察：需求持续增长 板块景气度继续向上,新浪
767,2021-03-02,电力电气设备行业：硅料硅片价格齐涨 光伏需求持续旺盛,新浪
768,2021-03-02,新能源与电力设备行业周报2021年3月第1周：电动车中游景气度强 建议关注自动化与电力设备,新浪
769,2021-03-01,涨价反映需求旺盛，高景气将加剧大分化：评春节过后光伏产业链价格跳涨 | 兴业电新·深度（朱玥、王吉颖）,兴业电新
770,2021-03-01,电新行业周报：光伏产业链涨价 电车销量同比高增长有望持续,新浪
771,2021-02-28,福斯特(603806.SH)：第三期员工持股计划尚未购买公司股票,格隆汇
772,2021-02-28,电力设备新能源周观察：行业景气持续向上 坚持基本面绩优标的,新浪
773,2021-02-27,利润暴涨252%，刚上市企业就要挑战龙头,Ofweek
774,2021-02-26,电力设备新能源2021年3月投资策略,新浪
775,2021-02-26,福斯特：第三期员工持股计划尚未购买股票,每日经济新闻
776,2021-02-26,海优新材(688680)：光伏胶膜量价齐升 产能释放推动业绩增长,新浪
777,2021-02-25,北爱尔兰民主统一党领袖福斯特：英国政府是时候就北爱尔兰协议单方面采取行动了，欧盟委员会副主席谢夫乔维奇没有认真对待,金十数据
778,2021-02-24,电力电气设备、公用事业行业：清洁电气化助力绿色低碳循环发展经济体系,新浪
779,2021-02-22,电力设备及新能源行业周报：硅料持续供不应求 价格延续强势表现,新浪
780,2021-02-19,2月19日晚间重要行业研究汇总(附股),中金在线
781,2021-02-09,八大券商主题策略：一沾“光伏”就火！市场空间几何？哪些龙头？你关心的问题在这！,中金在线
782,2021-02-09,银河证券每日晨报,新浪
783,2021-02-09,券商晨会观点速递,第一财经
784,2021-02-09,上市公司正负面新闻2021年2月9日星期二,Wind
785,2021-02-09,福斯特实控人林建华减持4450.66万股 套现33亿元 减持股份,中国经济网
786,2021-02-08,晚间重要公告2021年2月8日星期一,Wind
787,2021-02-08,福斯特(603806.SH)：同德实业已减持1%的股份 减持股份,格隆汇
788,2021-02-08,福斯特(603806.SH)：实控人林建华已减持5.78%的股份 减持股份,格隆汇
789,2021-02-08,福斯特：临安同德减持计划完成，减持股份约770万股,每日经济新闻
790,2021-02-08,福斯特：实际控制人减持5.78%股份，减持时间区间届满 减持股份,Wind
791,2021-02-08,福斯特：同德实业减持1%公司股份 减持股份,Wind
792,2021-02-08,电气设备行业周报：调整后是布局良机 景气度继续分化,新浪
793,2021-02-08,电力设备及新能源行业周报：关注顺周期“Α＊Β” 硅料硅片价格强势,新浪
794,2021-02-07,电新行业周报：硅料涨价开始向下游传导 电动车销量同比高增长,新浪
795,2021-02-05,2021-22年光伏胶膜行业会爆发价格战？,集邦新能源网
796,2021-02-03,北爱尔兰民主统一党领袖福斯特：现在轮到首相用实际行动来支持其言论，以保护整个英国的完整性,金十数据
797,2021-02-03,英国首相约翰逊告知北爱尔兰民主统一党领袖福斯特，他将在三月底解决北爱尔兰面临的问题,金十数据
798,2021-02-03,电气设备行业报告：价格战下 光伏胶膜各梯队公司盈利几何？,新浪
799,2021-02-01,19公司获得推荐评级-更新中,中财网
800,2021-02-01,周报(2021.2.1)：仍看好中游，圆柱电池、六氟、光伏硅料均涨价,电新产业研究
801,2021-01-31,周末要闻2021年1月31日星期日,Wind
802,2021-01-31,下周操盘攻略：春节前最后一周，调仓最后良机？,Wind
803,2021-01-30,银河证券：把握行业景气向上的确定性机会，推荐2月十大金股,Wind
804,2021-01-29,喜讯！【福斯特半导体】获“高新技术企业”认证殊荣,慧聪电子网
805,2021-01-29,中泰证券--电力设备新能源周观察：硅料价格持续上涨，关注大众MEB供应链【行业研究】,金融界股吧
806,2021-01-29,光伏板块反复活跃，锦浪科技领涨,Wind
807,2021-01-28,A股早报2021年1月28日星期四,Wind
808,2021-01-27,大宗交易丨成交金额排名前三的股票分别为梦百合、宁德时代、福斯特,第一财经
809,2021-01-27,A股共发生115宗大宗交易成交24.57亿元（1月27日）,Wind
810,2021-01-27,"福斯特现9笔大宗交易 共成交18,077.00万元",新浪
811,2021-01-27,福斯特今日大宗交易成交182.91万股，成交价98.83元折价9.88%,Wind
812,2021-01-27,福斯特(603806)：Q4胶膜量价齐升 业绩超出市场预期,新浪
813,2021-01-27,【银河策略】2月十大金股丨流动性充裕的环境下，积极把握股市结构化的投资机会,新浪
814,2021-01-27,信用负面跟踪20210126,新浪
815,2021-01-26,福斯特：控股股东及实控人减持10%公司可转债 可转债减持,Wind
816,2021-01-26,光伏企业业绩相继大涨 估值还能继续上升吗？,21世纪经济报道
817,2021-01-25,电力设备及新能源行业周报：风光装机超预期 储能补贴始出台,新浪
818,2021-01-25,深度*行业*电力设备与新能源行业1月第4周周报：2020年全国新增风、光装机71.67GW、48.20GW,新浪
819,2021-01-25,电气设备行业周报：青海储能项目度电补贴0.1元 电池级碳酸锂价格涨势不断,新浪
820,2021-01-25,电力设备新能源行业周观察：硅料价格持续上涨 关注大众MEB供应链,新浪
821,2021-01-25,周报（2021.1.25）-六氟磷酸锂价格再涨，光伏硅料回暖,电新产业研究
822,2021-01-24,海优新材(688680)：光伏胶膜领先企业 上市扩产助力再腾飞,新浪
823,2021-01-23,多因素助力“春季躁动”行情发酵,Wind
824,2021-01-22,光伏概念股翻红排行榜：隆基通威阳光电源市值创新高，中环跌出千亿阵营,华夏时报
825,2021-01-22,光伏概念股翻红榜：隆基通威阳光电源市值新高 中环跌出千亿阵营,华夏时报
826,2021-01-22,福斯特龙虎榜数据(1月22日）,Wind
827,2021-01-22,晨会聚焦210122重点关注数字浪潮系列之产业数字化、阿里巴巴-SW、海优新材、福斯特、柏楚电子、中汇集团,国信研究
828,2021-01-22,谢治宇、董承非等十大明星经理重仓股大曝光,中国基金报
829,2021-01-22,福斯特(603806)：胶膜量价齐升 Q4业绩大幅超出预期 在建项目众多 未来成长可期,新浪
830,2021-01-22,深度*公司*福斯特(603806)：胶膜高景气 业绩超预期,新浪
831,2021-01-22,福斯特(603806)2020年业绩预告点评：业绩预告超预期 光伏胶膜量价齐升推动公司盈利大幅上涨,新浪
832,2021-01-22,A股午盘综述：大小指数分化，上证指数跌0.73%,Wind
833,2021-01-22,上调评级至买入策略选股（1月22日）,Wind
834,2021-01-22,A股早报2021年1月22日星期五,Wind
835,2021-01-22,51股获券商买入评级，拓尔思目标涨幅达83.33%,Wind
836,2021-01-22,沪指再上3600点，明星基金持仓曝光,Wind
837,2021-01-22,【东吴晨报0122】【策略】【个股】福斯特、中联重科、科大讯飞、拓尔思、晶盛机电、亚盛医药,东吴研究所
838,2021-01-21,福斯特(603806)：产能加速扩张＋产品结构优化提升盈利能力,新浪
839,2021-01-21,福斯特：控股股东及实际控制人减持公司10%可转债 可转债减持,Wind
840,2021-01-21,福斯特(603806.SH)：控股股东及实控人减持10%福20转债 减持股份,格隆汇
841,2021-01-21,32股今日获机构买入评级,中财网
842,2021-01-21,涨停板解密：有色、化工股连续遭资金抢筹！（1月21日）,Wind
843,2021-01-21,福斯特(603806)2020年业绩预增点评：胶膜量价齐升 业绩大超预期,新浪
844,2021-01-21,福斯特(603806)：四季度量价齐升带动2020年业绩超预期 1H21有望维持高毛利,新浪
845,2021-01-21,快讯|偏债混基冠军权益资产撑起业绩半边天，易方达安盈回报加仓隆基股份、福斯特,每日经济新闻
846,2021-01-21,A股收盘综述：上证指数涨逾1%重回3600点，创业板指再创阶段新高,Wind
847,2021-01-21,福斯特(603806)2020年度业绩预增公告点评：业绩超预期 龙头持续加码扩产力度,光大证券
848,2021-01-21,【国金晨讯】上调万孚生物、福斯特盈利预测,搜狐
849,2021-01-21,福斯特(603806)：Q4胶膜量价齐升 业绩环比大幅增长,国金证券股份有限公司
850,2021-01-21,A股午盘综述：上证指数涨1.3%刷新5年以来新高,Wind
851,2021-01-21,新能源行业重大事项点评：风光装机大超预期 新能源增长中枢上行,新浪
852,2021-01-21,日升转债(123095)发行定价报告：光伏电池组件优质供应商 积极参与打新,新浪
853,2021-01-21,光伏板块集体拉升 福斯特涨停 通威股份涨逾6%,中证网
854,2021-01-21,福斯特(603806)：胶膜毛利率再超预期 产品结构持续改善,新浪
855,2021-01-21,银河证券：风光新增装机超预期，开启黄金发展新阶段,Wind
856,2021-01-21,福斯特（603806）：引领胶膜黄金赛道，业绩增长再超预期,中信证券研究
857,2021-01-20,春节返乡核酸检测成“刚需” 风电光伏新增装机规模超预期丨明日主题前瞻,第一财经
858,2021-01-20,电力设备及新能源行业：风光新增装机超预期 开启黄金发展新阶段,新浪
859,2021-01-20,福斯特：光伏胶膜量价齐升 2020年净利同比预增约61%,e公司
860,2021-01-20,福斯特业绩预告：2020年度净利润同比增加61%左右,财联社
861,2021-01-20,福斯特(603806.SH)：2020年度净利预增61%左右,格隆汇
862,2021-01-20,【方正化工】新材料周报：江化微预计2020业绩增长50%-75%，福斯特预计2020净利同比大涨61%,靠谱化工股
863,2021-01-19,电气设备行业周报：新能源车2020完美收官 光伏单晶用料高价小幅调涨,新浪
864,2021-01-18,电气设备行业周报：创新引领市场化发展大周期,新浪
865,2021-01-18,中信证券：上海力争2025年实现碳达峰，光伏相关投资有望加速,证券时报网
866,2021-01-18,电力设备及新能源行业周报：上海目标2025年碳达峰 现代在粤设燃电生产基地,新浪
867,2021-01-15,电力设备新能源1月投资策略：能源革命即将发令静待花开且听风吟，维持“超配”评级,国信证券
868,2021-01-15,福斯特半导体李赫：洞察新机，蓄势助推“中国芯”浴火新生——2020中国物联网产业大会高端访谈,慧聪电子网
869,2021-01-15,A股第四家千亿市值光伏公司诞生背后：机构“抱团” 泡沫几何？,Wind
870,2021-01-15,信用负面跟踪20210114,新浪
871,2021-01-14,1月14日晚间重要行业研究汇总(附股),中金在线
872,2021-01-14,福斯特(603806.SH)：控股股东减持170万张“福20转债” 减持股份,智通财经
873,2021-01-14,福斯特：控股股东减持福20转债170万张，占发行总量的10% 减持股份,Wind
874,2021-01-14,福斯特(603806.SH)：福斯特集团减持福20转债170万张 减持股份,格隆汇
875,2021-01-13,新能源与电力设周报：电动车中游趋势不改，其余方向机会均衡（2021年1月第3周）,电新产业研究
876,2021-01-12,电气设备行业周报：碳排放权交易管理办法下月施行 蔚来ET7发布引领行业热潮,新浪
877,2021-01-11,电力设备及新能源行业周报：12月风光装机超预期 国际巨头加速布局氢能,新浪
878,2021-01-11,电力设备新能源周观察：欧洲电动车销量超预期 光伏行业高景气,新浪
879,2021-01-08,晨会聚焦210122重点关注数字浪潮系列之产业数字化、阿里巴巴-SW、海优新材、福斯特、柏楚电子、中汇集团,国信研究
880,2021-01-08,福斯特(603806.SH)：控股股东减持福20转债170万张 减持股份,格隆汇
881,2021-01-08,福斯特：福斯特集团减持10%福20转债 减持股份,Wind
882,2021-01-08,2021年1月指数基金产品精选组合报告：经济复苏延续 关注春季躁动行情,国金证券股份有限公司
883,2021-01-07,电力设备及新能源行业：新能源喜提开门红 聚焦核心资产,新浪
884,2021-01-07,电气设备行业周报：特斯拉四季度交付量创新高 中欧投资协定助力光伏风电,新浪
885,2021-01-06,【申港电新|周观点】碳交易机制不断健全利好可再生能源,新能源深度研究
886,2021-01-06,【电新*曾朵红】爆款车型加速全球电动化，电动车、光伏和工控龙头全球崛起,东吴研究所
887,2021-01-05,福斯特(603806.SH)控股股东及实控人减持合计减持170万张“福20转债” 减持股份,智通财经
888,2021-01-05,福斯特(603806.SH)：控股股东及实控人减持10%“福20转债” 减持股份,格隆汇
889,2021-01-05,福斯特：控股股东及实控人合计减持10%公司可转债 可转债减持,Wind
890,2021-01-04,福斯特(603806)首次覆盖报告：光伏胶膜国产化龙头 加速进军新材料,新浪
891,2021-01-04,电气设备行业周报：12月光伏并网或超预期 电动车补贴新政符合预期,新浪
892,2021-01-03,2021年A股有哪些机会？新能源汽车、光伏、半导体三大行业或“跨栏奔腾”,金融投资报
893,2020-12-31,电力设备新能源行业2021年投资策略：新能源 碳中和背景下的最强赛道,光大证券
894,2020-12-31,A股早报2020年12月31日星期四,Wind
895,2020-12-31,【新时代电新 开文明团队】风起于青萍之末，光伏成于技术变革,新时代证券研究
896,2020-12-30,福斯特：实际控制人林建华完成减持1%公司股份 减持股份,Wind
897,2020-12-30,福斯特(603806.SH)：林建华已减持5%的股份持股降至15.2535% 减持股份,格隆汇
898,2020-12-30,"福斯特现22笔大宗交易 共成交45,710.95万元",新浪
899,2020-12-30,福斯特今日大宗交易成交586.64万股，成交价77.92元折价8.65%,Wind
900,2020-12-30,2021年光伏行业投资策略：风起于青萍之末 光伏成于技术变革之间,新浪
901,2020-12-29,电气设备行业周报：重视新能源金属投资机会 持续看好光伏,国海证券
902,2020-12-29,【申港电新|周观点】宁德时代大手笔扩产迎接电动时代,新能源深度研究
903,2020-12-28,电力设备与新能源行业周报：磷酸铁锂供给整合出清 电力设备市场化提升,广发证券
904,2020-12-23,20亿资金猛攻光伏ETF，正向强化板块再创新高,Wind
905,2020-12-23,赛伍技术(603212)：光伏背板和胶膜双龙头 多元化布局高分子材料业务,新浪
906,2020-12-22,福斯特(603806.SH)：控股股东减持10%“福20转债” 减持股份,格隆汇
907,2020-12-22,福斯特：控股股东减持公司10%可转债 可转债减持,Wind
908,2020-12-22,电力设备及新能源行业专题：电力供需偏紧 源网建设望加码,新浪
909,2020-12-22,电力设备第52周周报：中央经济会议再提“碳中和” 高瓴158亿入股隆基股份,新浪
910,2020-12-18,蓝厂牵手蓝厂，vivo与蔡司达成战略合作,中国经济网
911,2020-12-17,南京福斯特牧业科技有限公司东北办事处,农博网
912,2020-12-17,福斯特(603806.SH)：17亿元可转债将于12月22日起在上交所挂牌交易,格隆汇
913,2020-12-17,25股今日获机构买入评级7股上涨空间超20%,证券时报网
914,2020-12-17,隆基、晶澳采购额占37%的背板厂明冠新材很快IPO，中来、赛伍、福斯特、中天科技等核心背板商全都A股上市了！,中国能源网china5e
915,2020-12-16,电气设备行业周报：关于习主席在气候雄心峰会上的讲话的点评,新浪
916,2020-12-16,“十四五”风电光伏装机规划展望：大力发展绿色能源 推动能源结构加速转型,中国能源网china5e
917,2020-12-16,开源晨会1222丨上游景气度向上，竞争格局优化；利安隆、中芯国际、隆基股份、老百姓,开源证券研究所
918,2020-12-15,双星新材(002585)：BOPET膜行业不断向好 公司启动回购计划,新浪
919,2020-12-15,电气设备行业周报：11月国内外新能源车销量高增 十四五光伏规划或超预期,新浪
920,2020-12-15,光伏龙头领头 新能源启动2020年百亿级别减持行动 减持股份,中国能源网china5e
921,2020-12-14,2021年新能源发电投资策略：总量增速换挡下“供需失衡”和“一超多强”,新浪
922,2020-12-14,电气设备行业周报：“十四五”国内光伏成长确定性强 我国新能源车全年销量望至130万辆,新浪
923,2020-12-14,福斯特拟将3亿元募集资金用于加快滁州年产5亿平方米光伏胶膜项目实施,北极星电力
924,2020-12-12,福斯特(603806.SH)：拟使用不超12亿元暂时闲置募集资金进行现金管理,格隆汇
925,2020-12-11,福斯特(603806.SH)拟推第三期员工持股计划 金额不超1亿元,智通财经
926,2020-12-11,福斯特：拟以3亿元募集资金增资滁州子公司 有助于加快募投项目实施,发布易
927,2020-12-11,福斯特：拟向子公司增资3亿元,中证网
928,2020-12-11,福斯特(603806.SH)拟推第三期员工持股计划筹资总额不超1亿元,格隆汇
929,2020-12-11,福斯特(603806.SH)拟以3亿元募集资金向滁州福斯特增资以实施募投项目,格隆汇
930,2020-12-11,福斯特(603806.SH)拟以3亿元募集资金补充流动资金,格隆汇
931,2020-12-11,光伏企业密集扩产，10股获北上资金加仓,Wind
932,2020-12-10,A股早报2020年12月10日星期四,Wind
933,2020-12-09,福斯特现7笔折价大宗交易 机构买入5.05亿元,e公司
934,2020-12-09,"福斯特现7笔大宗交易 共成交52,583.35万元",新浪
935,2020-12-09,福斯特今日大宗交易成交769.55万股，成交价68.33元折价6.26%,Wind
936,2020-12-09,福斯特(603806.SH)遭实控人林建华减持769.55万股 减持比例达1% 减持股份,智通财经
937,2020-12-09,福斯特(603806.SH)：实控人林建华已减持1%的股份 减持股份,格隆汇
938,2020-12-09,福斯特：实际控制人减持公司股份达到1% 减持股份,Wind
939,2020-12-09,光伏行业2021年度投资策略：平价之路永无止境 降本增效殊途同归,广发证券
940,2020-12-09,光伏产能加速扩张 关注细分领域龙头,金融投资报
941,2020-12-08,【方正电新】光伏行业2021年投资策略：平价已来，星辰大海,申建国电新团队
942,2020-12-07,电力设备及新能源行业周报：光伏龙头长单密集落地 电堆降价潮指明降本路径,新浪
943,2020-12-07,【方正电新丨周观点】全球新能车销量持续强劲， LG化学拆分电池业务,申建国电新团队
944,2020-12-07,电气设备行业周报：关注景气度往中上游的延伸,新浪
945,2020-12-06,【华西电新|行业观察】LG新能源正式成立，电力市场化机制持续完善,睿评电新
946,2020-12-05,光伏行业“望见终局”系列深度三：组件：迎接大尺寸技术红利 一体化龙头攻城略地,广发证券
947,2020-12-04,电气设备新能源行业2021年度投资策略：兼顾成长和估值 在变中寻找机会,新浪
948,2020-12-04,2020年12月指数基金产品精选组合报告：基本面拐点渐显 把握盈利驱动主线,国金证券股份有限公司
949,2020-12-02,福斯特“福20转债”配售完成 一年两发可转债显示产能扩充意愿,金融界
950,2020-12-02,福斯特(603806.SH)可转债网上中签结果出炉：中签号共18.0289万个,格隆汇
951,2020-12-02,月度金股策略系列报告(第3期)：如果市场一致预期被“打破”该如何应对？,新浪
952,2020-12-01,电力电气设备行业：光伏业绩回顾：海内外需求复苏深化 逆变器出海正当时,新浪
953,2020-12-01,福20、运达、灵康、祥鑫转债投资价值分析,新浪
954,2020-12-01,福20转债申购价值分析：光伏胶膜龙头 发行转债加码产能,新浪
955,2020-12-01,【开源固收|转债】 全球光伏胶膜行业龙头——福20转债申购价值分析,致我们深爱的债券市场
956,2020-12-01,东北证券【新股】12月1日科兴制药、欧科亿等申购，健之佳、洁美转债上市,东北证券金融世界
957,2020-11-30,电力设备及新能源行业周报：光伏尺寸标准化助力平价 燃料电池关注度提升,新浪
958,2020-11-30,光伏胶膜龙头，发行转债加码产能—福20转债申购价值分析20201129【华创固收丨周冠南团队】,华创债券论坛
959,2020-11-30,电力设备新能源行业：合规有补贴电站确权 首批新能源车补贴发放,广发证券
960,2020-11-30,福20转债：光伏胶膜行业龙头 积极拓展电子材料领域,新浪
961,2020-11-30,招商固收：拓展电子新材料的光伏胶膜寡头，建议积极申购“福20转债”,Wind
962,2020-11-29,福20转债投资价值分析：光伏胶膜寡头 建议积极申购,新浪
963,2020-11-29,深度*行业*光伏行业2021年度策略：需求景气无忧 HJT如日方升,新浪
964,2020-11-27,【兴证固收·转债】EVA太阳能电池胶膜龙头 ——福20转债转债投资价值分析,兴证固收研究
965,2020-11-27,福斯特发17亿可转公司债 拟扩建68条光伏胶膜生产线,金融界
966,2020-11-27,金属生产巨头转向可再生能源,石化新闻网
967,2020-11-26,福斯特(603806.SH)拟公开发行17亿元可转债初始转股价73.69元/股,格隆汇
968,2020-11-26,光伏行业：全部合规有补贴电站确权 补贴问题解决再迎推进,广发证券
969,2020-11-26,智慧能源12亿收购标的评估2亿挂牌 财务顾问原为中金,中国经济网
970,2020-11-26,光伏胶膜寡头，建议积极申购——福20转债投资价值分析 | 国盛固收,业谈债市
971,2020-11-26,入局5年 远东智慧能源却欲贱卖电池业务为哪般？,电池中国
972,2020-11-24,电气设备行业周报：造车新势力三季度业绩亮眼 光伏资源整合加速,新浪
973,2020-11-23,电力设备及新能源行业周报：光伏龙头联合强化一体化布局 巨轮航定行稳致远,新浪
974,2020-11-23,电力设备第48周周报：财政部提前下达2021年可再生能源电价补贴 钴锂价格或小幅上涨,新浪
975,2020-11-23,电新行业周报：太阳能发电量持续提升 新能源车销量高增长有望持续,新浪
976,2020-11-19,签约！南京福斯特与徐州工业职业技术学院达成校企战略合作,橡胶技术网
977,2020-11-18,2021年电力设备及新能源行业投资策略：新能源发电渐入佳境 新能车全球渗透率提升,新浪
978,2020-11-17,电气设备行业周报：十月国内外新能源车销量高增 光伏单晶硅片价格平稳,新浪
979,2020-11-16,电力设备及新能源行业周报：广东上海发布氢能规划 燃料电池示范在即,新浪
980,2020-11-15,福斯特(603806.SH)实控人林建华累计减持达1%股份 减持股份,格隆汇
981,2020-11-15,福斯特：实际控制人林建华减持1%股份 减持股份,Wind
982,2020-11-14,电气设备行业周报：业绩向好 重视核心资产布局机会,国海证券
983,2020-11-13,光伏｜平价竞争新格局，优选成长确定性：2021年投资策略,中信证券研究
984,2020-11-12,电力设备及新能源行业光伏板块2021年投资策略：平价竞争新格局 优选成长确定性,新浪
985,2020-11-12,策略专题：MSCI中国A股调整报告,新浪
986,2020-11-12,电气设备行业-新能源汽车与电力设备行业三季报总结：景气与分化,新浪
987,2020-11-11,电气设备行业周报：大众ID.4明年一季度将上市 光伏硅料价格下降和玻璃短缺,新浪
988,2020-11-11,电力设备新能源周观察：光伏需求持续向好 电动车销量将超预期,新浪
989,2020-11-09,福斯特：实际控制人减持2.79%公司股份 减持股份,Wind
990,2020-11-09,福斯特(603806.SH)：实控人林建华减持2.79%公司股份 减持计划未实施完毕 拟减持股份,格隆汇
991,2020-11-09,电力设备及新能源行业周报：光伏全面放开容配比 特高压直流再获核准,新浪
992,2020-11-09,电力设备及新能源行业2020年三季度总结：“新新”向荣,新浪
993,2020-11-08,【华西电新|行业观察】优质车型供给有望持续驱动需求增长， 下游厂商积极寻求多晶硅环节合作,睿评电新
994,2020-11-05,电气设备行业周报：新能源汽车技术路线图发布 光伏玻璃再度涨价,新浪
995,2020-11-04,电力设备新能源行业周观点：纯电路线不动摇 政策护航新能源,广发证券
996,2020-11-04,安信证券：光伏目前国内与海外需求共振 建议把握4条主线,证券时报网
997,2020-11-03,六大巨头联合发声，光伏概念股还有补票机会吗？丨行业风口,第一财经
998,2020-11-03,平价引爆光伏行业，胶膜受益红利,集邦新能源网
999,2020-11-02,电新行业周报：光伏景气度延续 国内电动化有望加速,新浪
1000,2020-11-02,电力设备及新能源行业周报：光伏辅材涨价持续超预期 政策加码充换电建设运营,新浪
1001,2020-11-02,中泰证券：光伏行业量价齐升 龙头业绩高增（附股）,证券时报网
1002,2020-10-31,【山证电新】福斯特（603806.SH）：胶膜量价齐升，Q3业绩大幅增长,山西证券研究所
1003,2020-10-30,光伏行业大火！牛股飙涨260%，重要组件“一片难求”,e公司
1004,2020-10-30,光伏龙头跨越式扩产，中小企业渐次出清,Wind
1005,2020-10-29,中银晨会聚焦,新浪
1006,2020-10-28,25家光伏企业前三季度财报出炉！产业向好，企业净利润均可观！,索比光伏网
1007,2020-10-28,福斯特：持续扩产增强光伏胶膜龙头,财富动力网
1008,2020-10-27,电力设备及新能源行业周报：全生命周期小时数补贴出台 六部委再议剥离国网制造装备业务,新浪
1009,2020-10-27,福斯特前三季度实现营业收入54.69亿元 同比增长19.14%,北极星电力
1010,2020-10-27,【电新】福斯特：胶膜高景气推动业绩高增长,中银证券研究
1011,2020-10-27,中泰证券：光伏玻璃价格持续上涨,中泰证券
1012,2020-10-27,胶福斯特(603806)：膜量价齐升 毛利率大幅增长,新浪
1013,2020-10-27,【新时代电新 开文明团队】福斯特：业绩超预期，胶膜价格提升与成本下降推动毛利率大幅增长,新时代证券研究
1014,2020-10-27,【早安新时代】晨会早读2020/10/27： 今日关注法拉电子、福斯特,新时代证券研究
1015,2020-10-26,电力设备新能源周观察：光伏玻璃价格持续上涨 电动车Q4延续高增长,新浪
1016,2020-10-26,冯柳追高买，邓晓峰果断卖，大佬们这波调仓的节奏你跟得上吗？,中国证券网
1017,2020-10-26,福斯特(603806)：3季度毛利率如期达峰支撑盈利高增长符合预期,新浪
1018,2020-10-26,福斯特Q3净利同增47%，已宣布7.5亿平胶膜扩产计划,搜狐
1019,2020-10-25,福斯特：前三季度实现净利8.71亿元 同比增长47.06%,发布易
1020,2020-10-25,上周光伏胶膜主要原材料EVA暴涨25%，组件出货难再度加剧！,索比光伏网
1021,2020-10-25,福斯特(603806.SH)前三季度净利润升47.06%至8.71亿元,格隆汇
1022,2020-10-25,福斯特公布三季报 前三季净利增加47.06%,新浪
1023,2020-10-25,福斯特：前三季度净利润同比增长47.06%,Wind
1024,2020-10-19,电力设备及新能源行业周报：看好受益“两新一重”标的 风电迎预期改善,新浪
1025,2020-10-19,A股收盘综述：上证指数冲高回落收低0.71%，光伏、医药、食品板块领跌,Wind
1026,2020-10-19,600亿超级大牛股跌停了，四年多暴涨35倍！私募罕见看空,中国基金报
1027,2020-10-19,A股午盘综述：上证指数冲高回落半日跌0.33%，量子技术指数涨超5%,Wind
1028,2020-10-19,福莱特跌停、隆基股份跌超4%，光伏屋顶板块跌幅加深,Wind
1029,2020-10-16,受益于光伏配件涨价的福斯特、福莱特 股价持续上涨的动力十足？,新浪
1030,2020-10-16,电力设备新能源行业2020年三季报业绩前瞻：新能源发电业绩高增，新能车反转趋势确立,格隆汇
1031,2020-10-15,新能源：光伏设备三季度经营显分化 光伏辅材细分领域表现活跃,金融界
1032,2020-10-14,福斯特关于监事辞职及补选监事的公告 董监高成员变化,新浪
1033,2020-10-14,福斯特：俞竣华因个人原因辞去独立董事职务 董监高成员变化,Wind
1034,2020-10-13,光伏屋顶板块休整，隆基股份、阳光电源、福斯特、锦浪科技、晶澳科技集体下滑,Wind
1035,2020-10-12,电力设备及新能源行业周报：国网展望“十四五”电网投资 塑造能源互联网产业链,新浪
1036,2020-10-12,【兴证化工】周观点：MDI价格涨势延续，玻纤、粘胶短纤、涤纶长丝价格走高，尿素、乙二醇等煤化工产品涨价（10月12日）,兴证化工
1037,2020-10-12,总投资10.2亿！福斯特光伏胶膜及背板项目签约落户嘉兴,北极星电力
1038,2020-10-12,A股早报2020年10月12日星期一,Wind
1039,2020-10-12,福斯特半导体产业园项目一期在10月份将迎来试运营,SEMI
1040,2020-10-10,10月A股开门红 42家公司三季报业绩抢先看,巨丰财经
1041,2020-10-10,A股开门红，北上资金“唱主角”，聪明钱早已暗暗布局,第一财经
1042,2020-10-09,涨停板解密：市场火爆，三板块个股最受大单青睐！（10月9日）,Wind
1043,2020-10-09,开门红！A股进入三季报时间，业绩浪开启,Wind
1044,2020-10-09,【研报掘金】假期海外光伏龙头大涨 板块价值重估或开启新一轮“泡沫化”行情,证券时报网
1045,2020-10-09,A股收盘综述：上证指数收涨1.68%，宁德时代、比亚迪、隆基股份等明星股创新高,Wind
1046,2020-10-09,光伏玻璃价格涨至历史高位，A股相关概念现涨停潮丨牛熊眼,第一财经
1047,2020-10-09,A股午盘综述：上证指数半日涨1.89%，光伏股批量涨停,Wind
1048,2020-10-09,解盘：开门红，超百亿资金流入，光伏、光刻胶、苹果领涨,Wind
1049,2020-10-09,电力设备第41周周报：国产MODEL3再降价 光伏玻璃紧缺价格继续上涨,新浪
1050,2020-10-09,光伏板块涨幅一度达到7.5%，南玻A、太阳能、京运通等13股封住涨停板,Wind
1051,2020-10-09,【电新*曾朵红】海外光伏大涨，新能源革命黄金时代已来,东吴研究所
1052,2020-09-30,电力设备及新能源行业9月行业洞察报告：特斯拉电池日不止于降本 引领新能源汽车加速渗透,新浪
1053,2020-09-27,电力设备新能源行业周观点：光伏龙头强强联合 特斯拉电池日多层次创新降本增效,广发证券
1054,2020-09-27,电气设备新能源行业周报：中欧两国携手倡导绿色发展 光伏电动车双双利好,新浪
1055,2020-09-27,【兴证化工】周观点：万华化学继续上调10月MDI挂牌价，PO及下游聚醚、DMC延续涨势，钛精矿、DMF涨价（9月28日）,兴证化工
1056,2020-09-27,电气设备行业研究：隆基通威加强硅料环节合作 特斯拉电池日召开,新浪
1057,2020-09-25,光伏股反弹，隆基股份涨超4%,Wind
1058,2020-09-22,光伏行业点评：欧盟上调减排目标 新能源革命势不可挡,新浪
1059,2020-09-22,化工行业周报：油价受飓风影响反弹 继续关注低估值顺周期龙头,新浪
1060,2020-09-21,基础化工行业2020年半年报总结：聚氨酯、钛白粉、化肥等板块至暗时刻或已过去 农药、精细化工逆势增长,新浪
1061,2020-09-21,福斯特斥10.2亿元扩产光伏胶膜及背板项目,中国金属网
1062,2020-09-21,2020年电新行业周报9月第3期：新能源汽车景气向上 光伏持续保持高景气,新浪
1063,2020-09-20,电新行业周报：8月光伏新增装机同比增长 充电桩维持快速增长趋势,新浪
1064,2020-09-18,海优新材现金流3年连负流动负债飙虚增营收粉饰业绩? 偿债能力下降,中国经济网
1065,2020-09-17,新能源行业投资策略：新能源 新机会,新浪
1066,2020-09-16,新能源景气度回升，2020年迎业绩拐点,Wind
1067,2020-09-15,光伏装机或较快增长 四季度有望迎来装机潮,中证报
1068,2020-09-15,【中银电新】新能源发电：“十四五”装机或迎广阔空间,老成之见
1069,2020-09-15,电气设备行业周报：长期预期提升 景气度加速向上,新浪
1070,2020-09-15,“十四五”新能源规划目标或上调 光伏行业需求将持续改善,中证报
1071,2020-09-15,“十四五”新能源规划目标或上调，光伏行业需求将持续改善,中证报
1072,2020-09-15,光伏行业需求持续改善 四季度有望迎来装机潮,中证报
1073,2020-09-14,【研报掘金】光伏兼具长期成长性与格局优化 建议关注产业链各环节龙头企业,证券时报网
1074,2020-09-14,福斯特拟投10亿年内二度扩产 光伏市场景气度走高股价普涨,长江商报
1075,2020-09-14,电气设备行业投资策略周报：十四五非化石能源占比或将上调 8月新能源车弱复苏,广发证券
1076,2020-09-14,A股早报2020年9月14日星期一,Wind
1077,2020-09-14,【东吴电新】新能源点评：可再生能源十四五前瞻，国内风+光年化装机有望达100GW+,新兴产业汇
1078,2020-09-11,涨停板解密：电气设备股火热掀涨停潮！（9月11日）,Wind
1079,2020-09-11,阳光电源封住涨停，光伏屋顶板块涨幅接近7%,Wind
1080,2020-09-10,斥资10亿元扩产 光伏胶膜龙头福斯特电子材料业务或成未来看点,21世纪经济报道
1081,2020-09-10,19股获券商买入评级，淮北矿业目标涨幅达53.01%,Wind
1082,2020-09-09,福斯特：Q3胶膜量价齐升致业绩高增，产能扩张巩固龙头地位【安信电新】,电新邓永康团队
1083,2020-09-09,2020年电新行业周报9月第1期：欧洲电动车高增长持续 光伏产业链价格趋稳,新浪
1084,2020-09-08,福斯特：拟10.2亿元投资光伏胶膜和光伏背板项目,e公司
1085,2020-09-08,化工行业周报：油价开启下跌 关注低估值顺周期及近消费端龙头,新浪
1086,2020-09-07,电力设备新能源行业20年中报业绩回顾：工控及新能源发电景气度高 新能源车迎来向上拐点,新浪
1087,2020-09-07,电力电气设备：市场需求持续向好 玻璃价格创新高 硅料价格高位企稳,新浪
1088,2020-09-07,【东吴电新】20H1新能源行业中报总结：光伏逆势高增，龙头强者恒强，风电零部件高增,新兴产业汇
1089,2020-09-06,2020光伏行业中报总结：逆势量利齐升 龙头强者恒强,新浪
1090,2020-09-06,电气设备行业周报：欧洲新能源车销量高增 光伏玻璃需求持续向好,新浪
1091,2020-09-06,2020年新能源板块中报总结：光伏逆势高增 龙头强者恒强 风电零部件高增,新浪
1092,2020-09-05,电新行业周报：光伏市场前景良好 电解液环节盈利有望修复,新浪
1093,2020-09-04,电力设备及新能源行业2020年中报业绩总结：增长韧性凸显 格局加速优化,新浪
1094,2020-09-04,A股中报季900只超预期个股名单,锦缎
1095,2020-09-03,百亿私募二季度调仓路径：冯柳新进34股，淡水泉增持农业股,澎湃新闻
1096,2020-09-03,寻找下一个隆基,索比光伏网
1097,2020-09-01,隆基股份升近5%再创新高，福斯特、福莱特、晶澳科技等光伏股普涨,Wind
1098,2020-09-01,2020年电新行业周报8月第5期：光伏产业链价格趋稳 迎接需求确定性到来,新浪
1099,2020-08-31,A股早报2020年8月31日星期一,Wind
1100,2020-08-29,私募大佬持仓曝光！地产、科技、消费股各有所爱,Wind
1101,2020-08-28,福斯特(603806.SH)：实控人林建华减持1%的股份 减持股份,格隆汇
1102,2020-08-28,福斯特现18笔折价大宗交易 机构买入4.99亿元,e公司
1103,2020-08-28,A股共发生106宗大宗交易成交29.28亿元（8月28日）,Wind
1104,2020-08-28,"福斯特现18笔大宗交易 共成交49,912.36万元",新浪
1105,2020-08-28,福斯特今日大宗交易成交769.54万股，成交价64.86元折价11.16%,Wind
1106,2020-08-28,福斯特：林建华减持比例达总股本1% 减持股份,Wind
1107,2020-08-28,邓晓峰、王亚伟等私募大佬们最新A股持仓来了！,中国基金报
1108,2020-08-24,电力设备及新能源行业周报：光伏涨价不改需求 电网投资回暖,新浪
1109,2020-08-24,海优新材购销一体关联交易众多，资产负债率高募投补血不忘分红 偿债能力下降,云掌财经
1110,2020-08-24,电力设备新能源周观察：汽车执行器赛道优质 风电龙头中报高增,新浪
1111,2020-08-22,医药板块回撤基金收益下跌，公募座次重新洗牌,Wind
1112,2020-08-21,电力电气设备行业光伏平价转折点的四问四答：需求旺盛行业进入成长轨道,新浪
1113,2020-08-19,可转债周报：权益市场小幅回暖 转债蕴藏机会,渤海证券
1114,2020-08-19,光伏产业链转债全解析——新能源转债盘点系列之二,睿哲固收研究
1115,2020-08-18,A股早报2020年8月18日星期二,Wind
1116,2020-08-18,暗藏机会！淡水泉、高毅、盘京都盯上这一赛道,上证报
1117,2020-08-18,二季度高毅资产成持有市值最高的阳光私募，但斌领衔的东方港湾“边喝酒边拿药”,Wind
1118,2020-08-17,透视大宗交易：8月17日共成交86笔，福斯特成交4.96亿元,每日经济新闻
1119,2020-08-17,福斯特(603806.SH)：实控人林建华减持1%公司股份 减持股份,格隆汇
1120,2020-08-17,福斯特：实际控制人林建华减持股份比例达到1% 减持股份,Wind
1121,2020-08-17,涨近8成，超5成预喜：半导体国产替代愈演愈烈,Wind
1122,2020-08-16,明星私募持仓版图浮现:冯柳二季新进彤程新材 王亚伟等也各有所爱,红周刊
1123,2020-08-14,头部私募持股曝光！7家机构独门股是同一板块,中证报
1124,2020-08-14,淡水泉、高毅等百亿级私募持股曝光,Wind
1125,2020-08-13,福斯特公开发行可转债申请获核准批复,中国证券网
1126,2020-08-13,福斯特(603806.SH)获核准公开发行17亿元可转债,格隆汇
1127,2020-08-12,私募最新持股曝光：增持24股，押中疫苗涨幅王,Wind
1128,2020-08-12,福斯特：产品量价齐增拉升业绩，17亿转债获批，实控人计划减持 拟减持股份,面包财经
1129,2020-08-12,王亚伟等大佬最新持股曝光，9私募持股超47亿,中国基金报
1130,2020-08-12,9家百亿私募持股超47亿：赵军、冯柳、邓晓峰、王亚伟、林利军等大佬最新持股曝光,中国基金报
1131,2020-08-11,融资客和北向资金齐加仓 福斯特股价盘中创新高,证券时报网
1132,2020-08-11,中金光伏论坛：电力电气设备平价时代龙头更集中 硅料涨价或引发利润重分配,新浪
1133,2020-08-11,福斯特量价齐升扣非净利增四成 产品覆盖全球主要光伏组件企业,长江商报
1134,2020-08-11,电力设备行业：光伏产业链涨价持续 V字之后欧洲电车持续向好,新浪
1135,2020-08-10,京瓷与福斯特就太阳能电池组件封装材料的专利许可和共同开发签订协议,腾讯网
1136,2020-08-10,福斯特年内累涨50%！股价创历史新高 券商：光伏胶膜量价齐升,金融界
1137,2020-08-10,上市公司H1报曝光私募动向:赵军加仓濮阳惠成 邓晓峰加仓福斯特,上证报
1138,2020-08-10,社保基金现身54股，青睐消费医药和制造业,Wind
1139,2020-08-10,上市公司半年报曝光明星私募调仓动向,上证报
1140,2020-08-09,电新行业周报：光伏有望迎抢装潮 欧洲新能源汽车销量将快速增长,新浪
1141,2020-08-09,福斯特(603806)2020年中报点评：业绩符合预期 盈利能力稳步提升,新浪
1142,2020-08-08,【东吴电新】福斯特中报点评：光伏胶膜量利双升，电子材料进展超预期,新兴产业汇
1143,2020-08-08,福斯特(603806)半年报业绩点评点评：福斯特20H1光伏胶膜量利双升 电子材料进展超预期,新浪
1144,2020-08-08,福斯特(603806)2020年半年报点评：扣非净利润同比高增长 光伏胶膜量价齐升 感光干膜有望打开成长空间,新浪
1145,2020-08-07,业绩增长、股价暴涨 福斯特两重要股东“计划”减持 减持股份,大众证券报
1146,2020-08-07,北爱尔兰民主统一党（DUP）：北爱尔兰民主统一党领袖福斯特与英国内阁办公厅大臣戈夫今日举行了富有成效的会议,金十数据
1147,2020-08-07,关于核准杭州福斯特应用材料股份有限公司公开发行可转换公司债券的批复,证监会
1148,2020-08-07,深度*公司*福斯特(603806)：光伏胶膜量价齐升 电子材料增速亮眼,新浪
1149,2020-08-07,福斯特(603806)：业绩符合预期 胶膜龙头地位稳固,光大证券
1150,2020-08-07,福斯特(603806)：中报符合预期 新材料快速推进,新浪
1151,2020-08-07,【面包财报】福斯特：2020年上半年归母净利润4.56亿元，同比增长14.58%,面包财经
1152,2020-08-07,【财报智读】福斯特：2020年上半年归母净利润4.56亿元，同比增长14.58%,面包财经
1153,2020-08-07,上调评级至买入策略选股（8月7日）,Wind
1154,2020-08-07,福斯特发布半年度报告：实现净利同比增长14.58%,集邦新能源网
1155,2020-08-07,福斯特(603806)：1H20净利润符合市场预期 量价齐升龙头地位稳固,新浪
1156,2020-08-07,福斯特公布半年报 上半年净利增加14.58%,新浪
1157,2020-08-06,福斯特上半年净利同比增长15%,中国证券网
1158,2020-08-06,福斯特：上半年净利润同比增长14.58%,Wind
1159,2020-08-06,福斯特：上半年净利润4.56亿元同比增长14.58%,格隆汇
1160,2020-08-06,福斯特(603806.SH)：上半年净利同比增14.58%至4.56亿元,格隆汇
1161,2020-08-05,光伏行业“望见终局”系列深度二：补贴拖欠有望解决 电站运营或价值重估,广发证券
1162,2020-08-04,光伏胶膜行业“后浪” 海优新材能否比肩行业龙头？,中金在线
1163,2020-08-04,2020年电新行业周报8月第1期：比亚迪“汉”开启交付 光伏产业链全线提价,新浪
1164,2020-08-03,7月金股组合盈利15.28% 8月荐股名单出炉,新浪
1165,2020-08-03,华泰证券：高价转债不能简单排斥,Wind
1166,2020-08-03,天风证券：“估值压缩月”过后转债市场进攻性有望增强,Wind
1167,2020-08-03,天风证券：超储率走低如何看待8月资金面？,Wind
1168,2020-08-02,今年A股净减持超3000亿！8月还有176家公司在候场 减持股份,21世纪经济报道
1169,2020-08-01,股价创历史新高股一览,证券时报网
1170,2020-07-31,中国可转债周报：比证明被低估 更难的是不负众望,新浪
1171,2020-07-29,福斯特创历史新高，融资客减仓,证券时报网
1172,2020-07-29,【每日晨报】0729丨石化丨20Q2公募基金持仓创新低，油价企稳+需求回升助力H2业绩改善,中国银河证券研究
1173,2020-07-28,电力设备及新能源行业7月行业洞察报告：基金Q2加仓新能源 电动车、光伏为主要方向,新浪
1174,2020-07-27,证监会：新疆交建、福斯特可转债事项获通过,中证网
1175,2020-07-27,福斯特(603806.SH)：公开发行可转债的申请获审核通过,格隆汇
1176,2020-07-27,优秀管理者不会把重心放在解决问题上,36氪
1177,2020-07-27,福斯特股价又创新高，今日涨5.93%,证券时报网
1178,2020-07-27,电源设备行业点评：硅料带动硅片和电池片上涨 看好硅料龙头企业,新浪
1179,2020-07-27,31股获券商买入评级，博迈科目标涨幅达47.55%,Wind
1180,2020-07-26,电气设备新能源行业周报：光伏全产业链涨价 电动车众多新车上市,新浪
1181,2020-07-26,电力设备第31周周报：光伏产业链价格全面上涨 特斯拉连续4个季度盈利,新浪
1182,2020-07-26,电气设备行业周报：光伏迎高景气周期 造车新势力进入收获期,广发证券
1183,2020-07-26,电力设备与新能源行业周观察：MODEL3长续航版、ID.4等入选推荐目录 光伏产业链涨价氛围浓厚,新浪
1184,2020-07-24,风口观察｜本周74家公司公告预减持，西部超导领衔科创板公司巨额减持,21世纪经济报道
1185,2020-07-24,【东吴电新】福斯特20Q3点评：胶膜毛利率大超预期，精细化管理能力持续提升,新兴产业汇
1186,2020-07-24,福斯特(603806)：光伏胶膜龙头 电子材料新秀,新浪
1187,2020-07-23,新疆交建、福斯特可转债申请7月27日上会,e公司
1188,2020-07-23,电气设备行业点评：站在景气拐点 再论估值提升,新浪
1189,2020-07-23,50股获券商买入评级 创世纪目标涨幅达83.17%,Wind
1190,2020-07-22,新能源设备：上半年风电业绩高增 下半年光伏需求明显改善,新浪
1191,2020-07-22,美媒：金价飙升 贵金属公司成投资界宠儿,参考消息
1192,2020-07-22,福斯特豪砸16亿扩产能！股价连创新高 实控人及股东拟逢高减持7% 减持股份,和讯
1193,2020-07-21,福斯特(603806)：大股东资金需求减持股权 看好光伏胶膜和新材料双箭齐发 减持股份,新浪
1194,2020-07-21,联合评级：终止对“福特转债”的信用评级,Wind
1195,2020-07-21,光伏深度报告：拐点明确 光伏板块有望迎来戴维斯双击,华安证券
1196,2020-07-20,光伏龙头福斯特再创新高，高管却套现34亿！,环球老虎财经
1197,2020-07-20,福斯特豪砸16亿扩产能，现金流受承压？股价连创新高，实控人林建华和同德实业拟逢高减持7% 运营能力下降,和讯
1198,2020-07-20,电力设备及新能源行业周报：央企光伏密集招开标 电网投资稳步修复,新浪
1199,2020-07-20,福斯特：股东拟减持不超过4617万股 拟减持股份,中证网
1200,2020-07-20,福斯特：实控人林建华和同德实业拟减持不超过总股本7%股份 拟减持股份,新浪
1201,2020-07-20,福斯特：同德实业拟减持不超1% 拟减持股份,Wind
1202,2020-07-20,福斯特(603806.SH)：实控人林建华拟减持不超6%股份 拟减持股份,格隆汇
1203,2020-07-20,福斯特：实际控制人林建华计划减持不超6%股份 减持股份,Wind
1204,2020-07-20,电力设备第30周周报：宁德时代定增落地 组件跌价趋势渐缓,新浪
1205,2020-07-20,电气设备行业周报：新能源车下乡打开市场 光伏需求改善带动产业回暖,国海证券
1206,2020-07-19,【方正化工】新材料周报：濮阳惠成引入战略投资者，中芯国际科创板上市,靠谱化工股
1207,2020-07-19,电气设备行业周报：电动车热管理赛道清晰 光伏组件报价止跌回升,新浪
1208,2020-07-17,电气设备光伏行业复盘深度报告：技术迭代成本下降 全球共振演绎成长,新浪
1209,2020-07-16,光伏系列报告之(三十四)：高功率组件迎来爆发 Q4大尺寸电池片供应偏紧,新浪
1210,2020-07-15,新能源行业2020年中期投资策略：平价新周期龙头强者恒强,新浪
1211,2020-07-13,福斯特：光伏胶膜全球寡头感光干膜有望崛起,股市动态分析
1212,2020-07-13,电力设备行业周报：6月新能源车销量环比增20% 光伏电池片价格微涨,新浪
1213,2020-07-10,光伏产业研究系列报告(8)：系统-双玻正当时 跟踪随风起 高效大时代,新浪
1214,2020-07-10,电力设备及新能源行业光伏产业链动态追踪：需求高确定性回暖 盈利趋势性改善,新浪
1215,2020-07-09,双玻组件专题：下一个产业Α 利好薄玻璃和POE,新浪
1216,2020-07-08,福斯特股价又创新高，今日涨2.37%,证券时报网
1217,2020-07-07,福斯特：控股股东及实控人合计减持近10%可转债 可转债减持,Wind
1218,2020-07-07,福斯特(603806.SH)：控股股东及实控人合计减持福特转债109.78万张 减持股份,格隆汇
1219,2020-07-06,电力设备及新能源行业周报：电网统采密集公示 光伏料迎盈利修复,新浪
1220,2020-07-06,电力设备第28周周报：特斯拉6月销量创新高 供需偏紧硅料涨价,新浪
1221,2020-07-06,福斯特(603806.SH)：“福特转债”的赎回登记日为7月15日,格隆汇
1222,2020-07-06,福斯特：7月15日登记赎回“福特转债”，赎回价格100.263元/张,Wind
1223,2020-07-06,2020年电新行业周报7月第1期：欧洲新能源汽车销量向好 国内爆款车型将上市,新浪
1224,2020-07-03,电新行业中期策略报告：电车与光伏方兴日盛 坚守龙头兼具成长价值,国海证券
1225,2020-07-02,电力设备及新能源行业6月行业洞察报告：光伏竞价项目超预期 新版双积分构筑长效机制,新浪
1226,2020-07-02,新兴能源行业：硅料长期跌价终结 供需反转涨价启动,新浪
1227,2020-07-01,新时代证券：6月金股组合盈利17.7% 7月荐股名单出炉,新浪
1228,2020-07-01,二季度54股翻倍，知名百亿私募早已赚嗨！,券商中国
1229,2020-06-30,上交所：“福特转债”7月16日终止上市,Wind
1230,2020-06-30,关于杭州福斯特应用材料股份有限公司可转换公司债券终止上市的公告,上交所
1231,2020-06-29,电源设备行业点评：光伏补贴竞价名单公布 向平价上网平稳过渡,新浪
1232,2020-06-29,电气设备新能源行业周报：光伏竞价项目超预期 特斯拉Q2销量超预期,新浪
1233,2020-06-29,光伏行业重大事项点评：光伏竞价项目发布 政策出台符合预期,新浪
1234,2020-06-29,光伏竞价结果出炉，小伙伴闻风起舞,Wind
1235,2020-06-29,电力设备行业快报：光伏竞价项目落地 总规模26GW超预期,新浪
1236,2020-06-29,福斯特创历史新高，北向资金减仓,证券时报网
1237,2020-06-29,电力电气设备、公用事业周报：现货煤价持稳 硅片、电池龙头7月报价不变 组件跌幅收窄,新浪
1238,2020-06-29,电力电气设备：2020光伏竞价名单出炉 26吉瓦与平均度电补贴3分符合预期,新浪
1239,2020-06-29,电力设备及新能源行业：超25GW竞价名单出炉 光伏全面切入旺季,新浪
1240,2020-06-28,电力设备第27周周报：风光5月装机环比改善 双积分新规考核要求提高,新浪
1241,2020-06-28,东方日升: 组件渠道优势突出，海外EPC、HIT有望带来新增量,电新产业研究
1242,2020-06-28,电新行业周报：光伏产品价格有望企稳 新能源车产业迈向高质量发展,新浪
1243,2020-06-23,辅材企业扎堆上市 光伏辅材格局将变 迎来的是春天还是洗牌？,北极星电力
1244,2020-06-23,电力电气设备、公用事业：火电单月利用小时增速转正 新能源装机环比回升,新浪
1245,2020-06-23,公用事业 电力电气设备：再次发布能源工作指导意见 强调能源安全与能源清洁化发展,新浪
1246,2020-06-23,电力电气设备、公用事业观点聚焦：基于高频数据量化预测 6月全国发电量初值同比+7.0%,新浪
1247,2020-06-22,电力设备及新能源行业周报：电网投资修复超预期 加氢站标准征求意见,新浪
1248,2020-06-19,*ST雅博：债权人向法院申请对公司进行重整 诉讼纠纷,Wind
1249,2020-06-19,*ST雅博(002323.SZ)：债权人江苏福斯特向法院申请对公司进行重整 诉讼纠纷,格隆汇
1250,2020-06-18,福斯特：提前赎回“福特转债”,Wind
1251,2020-06-18,福斯特(603806.SH)：提前赎回“福特转债”,格隆汇
1252,2020-06-18,电气设备行业简评报告：靴子落地 光伏竞价项目申报规模符合预期,新浪
1253,2020-06-17,电力设备行业中期策略：消纳充足 平价成长,新浪
1254,2020-06-12,福斯特:胶膜长期受益装机增长，感光干膜有望成为新增长极,电新产业研究
1255,2020-06-12,19股获券商买入评级，中设集团目标涨幅达68.69%,Wind
1256,2020-06-12,电力电气设备观点聚焦：2H20光伏策略 平价元年已提前展开,新浪
1257,2020-06-10,福斯特(603806.SH)：发行可转债申请获证监会受理,格隆汇
1258,2020-06-08,电气设备新能源行业周报：欧州电动车政策持续超预期 国内锂电中游排产逐步恢复,新浪
1259,2020-06-02,电源设备行业点评：消纳责任权重确定 保障可再生能源持续发展,新浪
1260,2020-06-02,基础化工行业周报：万华化学上调6月MDI挂牌价 国内聚合MDI挂牌价普涨；无水氢氟酸、双酚A、邻硝基氯苯涨价 尿素和磷酸一铵价格走高,新浪
1261,2020-06-01,电气设备新能源行业周报：欧州电动车政策超预期 光伏扩产标准趋严,新浪
1262,2020-06-01,22股获券商买入评级，晶盛机电目标涨幅达63.55%,Wind
1263,2020-05-29,2020年新能源行业中期投资策略：能源变革大势所趋 海内外需求有望共振,新浪
1264,2020-05-29,福斯特(603806)深度报告：光伏胶膜龙头 向平台化新材料公司迈进,新浪
1265,2020-05-28,电力设备及新能源行业光伏产业链专题报告：“逆全球化”难撼中国光伏产业链优势地位,新浪
1266,2020-05-26,电气设备行业简评报告：消纳空间超预期 看好2020年光伏风电发展,新浪
1267,2020-05-25,电力设备及新能源行业周报：欧洲计划电动车政策 消纳扩容利好长期装机,新浪
1268,2020-05-24,今年光伏新增消纳有望达47GW，二季度新增装机料迎高峰,Wind
1269,2020-05-23,组件龙头东方日升的新“资本局”：分拆胶膜业务板块至创业板上市,21世纪经济报道
1270,2020-05-21,电气设备行业：国家电网2020年风电 光伏发电新增消纳能力点评：国网消纳空间落地 国内风电、光伏装机有望超预期,新浪
1271,2020-05-21,电力电气设备：光伏、风电新增消纳空间出炉 符合中金预期 略高于市场预期,新浪
1272,2020-05-21,13只重仓股刷出近两年来新高 高毅资产如何选股？,新浪
1273,2020-05-20,福斯特（滁州）年产5亿平方米光伏胶膜项目获批,SEMI
1274,2020-05-19,光伏胶“后浪”海优新材赶考科创板 多项指标数据逊于同行,新浪
1275,2020-05-18,光伏企业业绩大分化 盈利能力下降,第一财经
1276,2020-05-18,福斯特(603806.SH)：“福特转债”5月22日起开始转股,格隆汇
1277,2020-05-18,转债策略周报：自下而上应对欲晴还阴,新浪
1278,2020-05-11,福斯特(603806.SH)年报拟10转4派5.5元 股权登记日5月15日,格隆汇
1279,2020-05-09,光伏系列报告（34）：高功率组件爆发，Q4大尺寸电池片供应偏紧,电新产业研究
1280,2020-05-08,美国医务人员称联邦政府分配瑞德西韦过程不透明,Wind
1281,2020-04-30,强者恒强！半导体增收增利，机构重仓股逆势大涨,Wind
1282,2020-04-30,福斯特募集资金不超过17亿元 14亿元用于滁州年产5亿平方米光伏胶膜项目,北极星电力
1283,2020-04-30,福斯特拟发行不超过17亿元可转债用于滁州年产5亿平方米光伏胶膜项目及补充流动性资金,北极星电力
1284,2020-04-25,私募一季度新动向：3股持仓市值超10亿元,Wind
1285,2020-04-23,福斯特(603806.SH)一季度净利降28.31%至1.55亿元 盈利能力下降,格隆汇
1286,2020-04-17,银河证券：逆境下的突围 光伏行业左侧时机渐成熟,金融界
1287,2020-04-14,知名私募超40亿逼近举牌，900亿巨头冲涨停,中国基金报
1288,2020-04-11,剑桥称新冠病毒更早版本在美国更常见，但不能说源头来自美国,腾讯网
1289,2020-04-11,剑桥学者：新冠病毒存在三种类型，“原始类型”大量流行于美国,科技日报
1290,2020-04-10,疫情暴发一个月，德国拐点已初现，怎么做到的？,第一财经
1291,2020-03-30,美联储的下一把“武器” | 国君周知,国泰君安证券研究
1292,2020-03-26,社保基金现身66只股前十大流通股东榜,证券时报
1293,2020-03-24,『早安，新时代！』晨会早读2020/03/24:今日关注：福斯特,新时代证券研究
1294,2020-03-24,【新时代电新 开文明团队】福斯特：光伏胶膜龙头地位稳固，电子材料业务进展顺利,新时代证券研究
1295,2020-03-23,【面包财报】福斯特：2019年归母净利润9.57亿元，同比增长27.4%,面包财经
1296,2020-03-23,福斯特：2019年归母净利润9.57亿元，同比增长27.4%,面包财经
1297,2020-03-23,福斯特2019年净利润9.57亿元 同比增长27.39%,北极星电力
1298,2020-03-23,福斯特（603806）：业绩增长超预期，盈利能力触底回升,CITICS电新
1299,2020-03-23,产品销量提升，福斯特2019营收同比增长32.61%,资本邦
1300,2020-03-22,福斯特：Q2业绩亮眼，胶膜产能持续扩张巩固龙头地位【安信电新】,电新邓永康团队
1301,2020-03-21,鹰眼预警：福斯特业绩双增 净现比0.53盈利质量偏弱,新浪
1302,2020-03-20,福斯特：2019年净利同比增27% 拟10转4派5.5元,证券时报网
1303,2020-03-20,福斯特：2019年净利润同比增长27.39%,Wind
1304,2020-03-20,福斯特：2019年净利同比增27% 拟10转4派5.5元,e公司
1305,2020-03-20,福斯特：计提及冲回资产减值准备，将增加2019年度利润总额超1亿元,Wind
1306,2020-03-20,福斯特(603806.SH)2019年度扣非净利润升88.2%至8.11亿元 拟10转4派5.5元,格隆汇
1307,2020-03-19,北爱尔兰民主统一党领袖福斯特：北爱尔兰可能进一步收紧限制措施。,金十数据
1308,2020-03-06,光伏胶膜龙头成长录,北极星电力
1309,2020-03-03,盘点近期26家光伏企业扩产情况,中国能源网china5e
1310,2020-02-27,投资16亿元 福斯特拟扩建5亿平方米光伏胶膜项目,北极星电力
1311,2020-02-26,独占光伏胶膜市场半壁江山 福斯特拟再投资16亿元扩大产能,证券日报
1312,2020-02-26,福斯特拟斥资16.03亿元投资光伏项目,资本邦
1313,2020-02-26,福斯特拟16亿元投资年产5亿平方米光伏胶膜项目,上证报
1314,2020-02-26,福斯特：拟16.03亿元投建年产5亿平方米光伏胶膜项目 进一步扩大产能,发布易
1315,2020-02-13,ETF换购搁浅频现：上市公司股东花式减持套路为何失灵 减持股份,面包财经
1316,2020-02-05,三款“病毒杀手”正式浮出水面！这10股才是真“药神”？（名单）,金融界
1317,2020-01-21,【国金晨讯】上调万孚生物、福斯特盈利预测,国金证券研究所
1318,2020-01-10,福斯特原东家被指违约 远东智慧能源发起6.83亿仲裁 违约失信,新京报
1319,2020-01-03,债券重大事件2020年1月3日星期五,Wind
1320,2020-01-03,福斯特：实际控制人减持10%公司可转债 减持股份,Wind
1321,2019-12-31,福斯特更名远东电池后人事大变动 远东系谋划锂电大棋局 业务变化,新京报
1322,2019-12-27,福斯特(603806.SH)：公司第二期员工持股计划完成,格隆汇
1323,2019-12-24,福斯特(603806.SH)：控股股东及实控人再减持福特转债110万张 减持股份,格隆汇
1324,2019-12-24,福斯特：控股股东及实际控制人减持110万张公司可转债 减持股份,Wind
1325,2019-12-20,福斯特：光伏胶膜龙头 创新开拓增长,广发证券
1326,2019-12-18,福斯特(603806.SH)实控人林建华减持福特转债110万张 减持股份,格隆汇
1327,2019-12-18,福斯特：控股股东福斯特集团减持福特转债110万张 减持股份,Wind
1328,2019-12-18,福斯特(603806.SH)控股股东减持10%福特转债 减持股份,格隆汇
1329,2019-12-13,福斯特(603806.SH)：控股股东解质903万股,格隆汇
1330,2019-12-12,福斯特：控股股东及实际控制人减持公司10%可转债 减持股份,Wind
1331,2019-12-12,福斯特：控股股东、实际控制人合计减持福特转债110万张,Wind
1332,2019-12-12,福斯特(603806.SH)控股股东及实控人合计减持福特转债110万张 减持股份,格隆汇
1333,2019-12-10,助力产能提升 福斯特11亿元可转债上市,证券日报
1334,2019-12-08,福斯特(603806.SH)：“福特转债”12月11日起挂牌交易,格隆汇
1335,2019-11-27,完美谢幕！福斯特集团闪耀2019深圳国际电子展,慧聪电子网
1336,2019-11-23,国企借道ETF套现 投资工具为何变成减持通道？ 减持股份,腾讯网
1337,2019-11-21,福斯特(603806.SH)完成发行11亿元可转债,格隆汇
1338,2019-11-21,鲍威尔致信国会议员：美联储未计划发行美元数字货币,新浪
1339,2019-11-20,福斯特：11亿可转债发行前夕大股东减持，市场是否买单？ 可转债减持,面包财经
1340,2019-11-20,淘宝（中国）软件一年利税超500亿元！,每日商报
1341,2019-11-19,福斯特可转债中签号出炉 约8.26万个,e公司
1342,2019-11-19,常熟汽饰：常汽转债网上中签结果出炉,金融界
1343,2019-11-18,福斯特：福特转债网上中签率0.00686193％,金融界
1344,2019-11-18,百亿级私募震荡市赚钱有方,上证报
1345,2019-11-15,【光大固收】质优光伏封装标的，积极申购——福特转债（113551.SH）新券定价报告,EBS固收研究
1346,2019-11-15,福斯特股东福斯特集团质押903万股 2019年上半年净利同比下滑67% 盈利能力下降,挖贝网
1347,2019-11-15,光伏景气度向上，业绩加速释放 | 福特转债发行定价及申购建议,债市覃谈
1348,2019-11-14,【华泰固收|张继强团队】福特转债：光伏胶膜，新能源题材——可转债新券投资价值分析,华泰固收强债论坛
1349,2019-11-14,福斯特(603806.SH)控股股东质押903万股,格隆汇
1350,2019-11-14,"ETF超比例换购再现 上市公司大股东""变相减持""惹争议 减持股份",第一财经
1351,2019-11-13,福斯特(603806.SH)发行11亿元可转债 网上路演时间15日9:30－11:30,格隆汇
1352,2019-11-13,福斯特：股东同德实业减持522.6万股 减持股份,Wind
1353,2019-11-13,福斯特(603806.SH)：同德实业减持522.6万股 减持股份,格隆汇
1354,2019-11-13,光伏胶膜龙头，打新积极参与——福特转债申购价值分析,岳读债市
1355,2019-11-06,福斯特：大股东同德实业减持约262.52万股 减持股份,Wind
1356,2019-11-05,蔡司参展第二届进博会，三大板块展示“光无界创无边”,砍柴网
1357,2019-11-05,【东吴电新】新能源19年报及20一季报总结：光伏总体高增龙头靓丽，风电零部件高增,新兴产业汇
1358,2019-11-01,监管层指导ETF超额换购 不得超公司跟踪指数所占权重,新浪
1359,2019-10-31,福斯特：同德实业减持126.8万股，持股比降至5%以下 减持股份,Wind
1360,2019-10-30,33家百亿元级私募布局63家上市公司，王亚伟三季度再度减持三聚环保,Wind
1361,2019-10-29,喜报：热烈祝贺福斯特荣获《知识产权管理体系证书》,慧聪电子网
1362,2019-10-29,盘前有料丨格力电器15%股权花落高瓴、多只区块链概念股提示风险…重要消息还有这些,证券时报网
1363,2019-10-29,"福斯特:光伏胶膜继续快速增长,Q3业绩超预期",上海证券
1364,2019-10-25,福斯特公布三季报 前三季净利增加70.8%,新浪
1365,2019-10-25,福斯特(603806.SH)前三季净利升70.80%至5.92亿元,格隆汇
1366,2019-10-25,福斯特：前三季度净利润同比增70.80%,Wind
1367,2019-10-25,ETF超比例换购再现 上市公司大股东 变相减持惹争议 减持股份,第一财经
1368,2019-10-23,汇添富中证800ETF换购超标 成立10天亏4.6%引投诉,新浪
1369,2019-10-18,电气设备：新能源需求有所调整 荐9股,财信证券
1370,2019-10-16,【行情】北爱尔兰民主统一党领袖福斯特表态后，英镑兑美元GBP/USD短线下挫近30点。,金十数据
1371,2019-10-14,"电力设备行业动态分析:装机量环比改善,泛在建设全面提速",安信证券
1372,2019-10-12,融资1730亿 分红333亿 新能源上市公司分红榜都有谁？,北极星电力
1373,2019-10-09,10月9日有43家公司获重要股东增减持 同和药业已被连续减持43次 减持股份,Wind
1374,2019-10-09,福斯特股东同德实业拟减持约1%股份 拟减持股份,Ofweek
1375,2019-10-08,福斯特：大股东同德实业拟减持不超过522.6万股 减持股份,Wind
1376,2019-09-18,电气设备：盈利提升+迎接旺季 荐12股,广发证券
1377,2019-09-18,八大题材进入涨价季节 机构看好12只低估值股,证券时报
1378,2019-09-12,福斯特：公开发行11亿元可转债，获证监会核准,Wind
1379,2019-09-12,福斯特(603806.SH)发行11亿元可转债申请获中国证监会核准,格隆汇
1380,2019-09-11,福斯特：光伏胶膜全球龙头，高毛利率新产品放量提速,证券时报网
1381,2019-09-04,首日上市即大赚26%，可转债打新收益丰厚，接下来这40只别放过,Wind
1382,2019-09-02,福斯特(603806.SH)控股股东拟以所持不超522.6万股换购“800ETF”,格隆汇
1383,2019-09-02,福斯特：控股股东拟以不超522.6万股认购800ETF份额,证券时报网
1384,2019-09-02,光伏2019中报总结：电池片靓丽，产业供需拐点在即（光伏系列报告之六）,中泰电新研究
1385,2019-08-27,福斯特（603806）：光伏EVA龙头，打造新材料亮点,中信证券研究
1386,2019-08-22,A股早报2019年8月22日星期四,Wind
1387,2019-08-22,"福斯特:光伏胶膜结构改善带动业绩大幅增长,新材料已逐步放量,维持“增持”评级",申万宏源
1388,2019-08-21,涨停板解密：深圳本地股分化，部分继续受资金追捧！（8月21日）,Wind
1389,2019-08-21,券商评级：三大指数震荡 九股迎来掘金良机,证券之星
1390,2019-08-21,A股异动 | 福斯特(603806.SH)放量涨停 中期净利同比增长77.23%,格隆汇
1391,2019-08-21,光伏概念股午后继续上行，拓日新能等涨停,Wind
1392,2019-08-21,"福斯特中期点评:受益产品结构优化,光伏胶膜龙头稳健增长",光大证券
1393,2019-08-19,【太平洋化工】福斯特（603806）2019年中报点评：H1胶膜海外出货量大幅增长，下半年国内需求将加速,太平洋化工信息平台
1394,2019-08-18,福斯特及子公司拟用12亿元闲置资金购买理财产品,挖贝网
1395,2019-08-16,福斯特：上半年净利3.98亿元 同比增77%,e公司
1396,2019-08-16,福斯特：上半年净利润同比增77.23%,Wind
1397,2019-08-13,"电力设备行业动态分析:装机量符合预期,单晶有望触底反弹",安信证券
1398,2019-08-09,近5日41只个股首获机构关注（附表）,Wind
1399,2019-07-04,蔡司中国深耕上海致力推动科创发展,砍柴网
1400,2019-06-28,福斯特(603806.SH)公开发行可转换公司债券申请获审核通过,格隆汇
1401,2019-05-29,"2019年第一批风电、光伏发电平价上网项目点评:首批平价项目发布,国内需求即将启动",上海证券
1402,2019-05-13,33股获券商买入评级 光明地产目标涨幅达134.15%,Wind
1403,2019-05-06,福斯特(603806.SH)一季度净利润升112.56%至2.16亿元,格隆汇
1404,2019-05-06,【天风电新|周报】19Q2动力电池装机预测，发改委完善光伏发电上网电价机制,新能源研究员
1405,2019-05-01,福斯特一季度净利2.2亿元同比增长113% 现金流量净额为-1.8亿元,挖贝网
1406,2019-04-30,【太平洋化工：福斯特19年一季报点评190430】胶膜出货量大幅增长，全年出货量保持乐观,太平洋化工信息平台
1407,2019-04-28,日普升诉福斯特EVA胶膜不合格索赔2040万 被法院驳回,新浪
1408,2019-04-16,"光伏系列报告之21:中环股份将扩产25gw单晶硅片,行业进入第二轮扩产周期",正点财经
1409,2019-04-14,电气设备：电力设备风光平价加速 荐10股,安信证券
1410,2019-04-05,最新重仓股大曝光！高毅、重阳、淡水泉等超一流私募牛市买买买（名单）,Wind
1411,2019-04-02,今年医药行业投资的主旋律六股现上车良机,中财网
1412,2019-03-28,福斯特今日大宗交易成交100万股，成交价33.13元折价2.5%,Wind资讯
1413,2019-03-27,高毅资产最新持仓路径曝光 去年四季度加仓福斯特和合兴包装,红周刊
1414,2019-03-26,知名百亿级私募去年四季度投资路径浮出水面,每日经济新闻
1415,2019-03-26,成泉资本精准押注高分红 多只个股被百亿级私募加仓,新浪
1416,2019-03-26,A股共发生41宗大宗交易成交9.2亿元（3月26日）,Wind
1417,2019-03-26,上海证券市场大宗交易公开信息(2019-03-26),上交所
1418,2019-03-14,上市公司频繁参与ETF份额换购,证券时报
1419,2019-03-11,44股获券商买入评级 保利地产目标涨幅达58.13%,Wind
1420,2019-03-08,福斯特：扣非利润下滑 未来是否已被透支？,面包财经
1421,2019-03-06,首批22只阳光私募持仓股出炉 6只个股同时被券商集中“唱多”,证券日报
1422,2019-03-06,"福斯特2018年年报点评:EVA胶膜量价齐升,电子材料逐步放量",光大证券
1423,2019-03-04,深度分析：紧缺环境下单晶硅片的定价逻辑,上海有色
1424,2019-03-02,【中泰电新】福斯特：业绩符合预期，胶膜单平毛利持平,中泰电新研究
1425,2019-03-01,福斯特：光伏胶膜稳健增长，新材料业务发展加快,证券时报网
1426,2019-03-01,我国钙钛矿光伏组件商业化生产在即 六股飞,证券时报
1427,2019-02-28,福斯特去年净利7.51亿同比增28% 董秘章樱年薪19万元,挖贝网
1428,2019-02-27,福斯特(603806.SH)2018年净利润升28.38%至7.51亿元 拟10派4.5元,格隆汇
1429,2019-02-27,福斯特2018年年报拟10派4.5 多家公司公布业绩-更新中,中财网
1430,2019-02-27,福斯特：2018年净利润同比增28.38%，拟10派4.5元,Wind
1431,2019-02-27,福斯特：2018年净利润同比增长28% 拟10派4.5,e公司
1432,2019-02-20,"电力设备行业:把握春季攻势,光伏需求超预期,探析19年新能源爆款车型",安信证券
1433,2019-01-22,福斯特股价大跌5.22%,中金在线
1434,2019-01-22,今年光伏市场乐观情绪上升 六股迎腾飞契机,证券日报
1435,2019-01-17,福斯特收到征收补偿款4.15亿元,Ofweek
1436,2018-12-29,沪市年报预约披露时间表出炉 六股蓄势待发,证券日报
1437,2018-12-25,智慧能源子公司承诺期后转亏 1.3亿商誉减值阻碍业绩,新浪
1438,2018-12-19,迈思希姆半导体(MAXIMUM SEMICONDUCTOR)成功收购美国福斯特集,慧聪电子网
1439,2018-12-10,"福斯特投资价值分析:eva胶膜业务触底回升,新材料打造全新亮点",光大证券
1440,2018-12-07,"智慧能源公告点评:理性决策,终止两个并购基金",浙商证券
1441,2018-12-04,智慧能源担保遭问询：子公司负债6亿 亏损2000万 偿债能力下降,新浪
1442,2018-12-04,[快讯]智慧能源:收到上海证券交易所公司子公司中标以及担保事项问询函 问询,中财网
1443,2018-12-03,电气设备：明确消纳目标 荐4股,广发证券
1444,2018-11-26,福斯特股东临安同德减持460万股 套现1.1亿元,挖贝网
1445,2018-11-19,电力设备与新能源行业周报:新能源和电动车优质龙头成长性看好,东吴证券
1446,2018-11-12,"福斯特:EVA龙头企业,布局新材料业务静待放量",申万宏源
1447,2018-11-09,"福斯特:三季度业绩逆势正增长,胶膜龙头本色尽显",中证网
1448,2018-11-07,"福斯特:EVA胶膜量价齐升,净利润降幅再度缩窄",上海证券
1449,2018-10-19,本周7家上市公司发布可转债预案，融资总规模达72.04亿元,Wind
1450,2018-10-17,电力设备与新能源行业10月第2周周报:9月国内新能源汽车产销高增长,证券之星
1451,2018-10-10,福斯特江苏30Ah软包电池通过国家强检认证,高工锂电
1452,2018-09-05,"福斯特:中报利润同比下滑,欧盟双反结束带来积极影响",上海证券
1453,2018-09-04,逆势加仓！淡水泉、重阳等百亿级私募都在抢哪些股？,中证报
1454,2018-09-03,东方不亮西边亮！“双反”取消深V反弹，商务部点赞,Wind
1455,2018-08-29,【中泰电新】福斯特：白色EVA和PO胶膜新项目助力产品结构升级，新材料业务值得期待,中泰电新研究
1456,2018-08-28,[审慎增持评级]福斯特(603806)中报点评：光伏胶膜主业有所下滑 感光干膜业务渐入收获期,中财网
1457,2018-08-28,"福斯特半年报点评:保持EVA龙头优势,新材料业务持续向好",证券之星
1458,2018-08-24,福斯特：11.8亿元投资建设两项目,中证网
1459,2018-08-24,[快讯]福斯特:项目投资公告,中财网
1460,2018-08-24,福斯特：拟17.6亿元投资两个项目,Wind
1461,2018-08-24,福斯特：上半年净利润同比减10.04% 盈利能力下降,Wind
1462,2018-08-15,上交所担忧成真 智慧能源子公司承诺期满后业绩“变脸” 盈利能力下降,每日经济新闻
1463,2018-07-27,化工中期策略：把握业绩不放松,中财网
1464,2018-07-10,【一周数据】SKI/孚能/珠光宇/力神等电池企业大数据,高工锂电
1465,2018-06-12,[增持评级]化工行业周报：聚苯乙烯、萤石粉、三聚氰胺价格上涨 合成氨、苯乙烯、丙烷价格下跌,中财网
1466,2018-06-08,"新能源发电2018年中期策略:拥抱龙头,迎接后补贴时代",正点财经
1467,2018-06-06,福斯特股价连跌两周 百亿私募高毅旗下三只产品踩雷,中国经济网
1468,2018-06-06,多家机构扎堆踩雷光伏业,深圳特区报
1469,2018-06-05,“最严光伏新政”背后：龙头股连续两日跌停，QFII、社保、知名私募、老牌公募齐踩雷,每日经济新闻
1470,2018-06-05,QFII、社保、知名私募、老牌公募扎堆踩雷！这一行业突迎“最严成人礼”,顶尖财经网
1471,2018-06-04,降补贴？跌给你看！最严光伏新政搅动股市，光伏板块一日蒸发147亿,和讯
1472,2018-06-04,跌停板解密：光伏板块利空现跌停潮！（6月4日）,Wind
1473,2018-06-04,[推荐评级]《关于2018年光伏发电有关事项的通知》点评(新能源行业)：政策波动 行业加速平价上网,中财网
1474,2018-05-29,"化工行业周报:油价短期下调释放风险,px、丙烯酸丁酯领涨",上海证券
1475,2018-05-25,[推荐评级]光伏系列报告(十四)：组件高效化趋势超预期 单晶及高效产品盈利性强,中财网
1476,2018-05-21,福斯特年报推10转3派6元 股权登记5月29日,金融界
1477,2018-05-18,"福斯特:产品结构优化,新材料项目值得期待",正点财经
1478,2018-05-17,[推荐评级]2017年光伏行业年报总结：龙头崛起 平价与技术推动行业发展,中财网
1479,2018-05-16,一季度A股光伏企业业绩喜忧参半：单晶硅企业表现分化 逆变器企业高歌猛进,中国能源报
1480,2018-05-15,[增持评级]电力设备新能源行业周报：4月新能源车销量再创新高 推进发电权交易继续改善新能源电力消纳水平,中财网
1481,2018-05-15,[中性评级]化工行业周报：油价突破上行 TDI、丁辛醇等涨幅居前,中财网
1482,2018-05-13,大疆总部方案曝光，设计师想“创造出轻盈的悬浮效果”,凤凰网
1483,2018-05-10,[中性评级]化工行业周报：纯碱、聚MDI等涨幅居前 关注连云港化工区关停情况,中财网
1484,2018-05-04,晚间重要公告2018年5月4日星期五,--
1485,2018-05-04,多家公司发减持公告：联创电子金圆股份金石资源福斯特拟遭抛售,Wind
1486,2018-05-04,福斯特：股东拟减持不超400万股,e公司
1487,2018-05-02,私募大佬最新重仓股大曝光！王亚伟、成泉资本都在这,中国基金报
1488,2018-05-01,【中信建投电新】福斯特：产品结构优化，新材料项目值得期待,新能源沙龙
1489,2018-04-27,福斯特：一季度净利润同比增1.29%,Wind
1490,2018-04-26,今日资金抢入六只强势股一览（2018年4月26日）,中财网
1491,2018-04-25,"化工行业:苯胺、甲醇领涨,环丙产业链价格依然强势",证券之星
1492,2018-04-20,[增持评级]电力设备新能源行业点评：1季度装机电量4.4GWH 同比大增2.5倍,中财网
1493,2018-04-20,"化工行业:环丙产业链涨幅居前,关注优质细分子行业龙头",上海证券
1494,2018-04-19,[推荐评级]分布式光伏管理办法点评(电气设备行业)：不纳入规模管理 取消全额上网模式,中财网
1495,2018-04-12,[推荐评级]福斯特(603806)首次覆盖报告：EVA龙头优势将延续 新业务值得期待,中财网
1496,2018-03-31,私募最新布局浮出：8家扎堆三圣股份，王亚伟新进金种子酒,澎湃新闻
1497,2018-03-30,私募牛人持股大曝光：葛卫东擒获翻倍黑马 千合资本与高毅“会师”于这只股！,中财网
1498,2018-03-29,3月29日有22家公司获重要股东增减持 二三四五已被连续减持37次,Wind
1499,2018-03-28,亦庄区域新地标 国锐广场双子座正式亮相,新华网
1500,2018-03-27,私募牛散“炼金术”：震荡市集中优势持有核心品种,Wind
1501,2018-03-26,重磅！主力动向大揭秘：这些公司获大手笔增持,--
1502,2018-03-26,苹果携手英格兰小镇 打造HomeKit智能家居生态社区,新浪
1503,2018-03-23,贸易摩擦升级，板块表现不一，几大风险点不得不防……,--
1504,2018-03-22,[增持评级]福斯特(603806)年报点评：EVA胶膜价格企稳 新材料业务稳步扩张,中财网
1505,2018-03-21,周三晚间上市公司利空公告,顶尖财经网
1506,2018-03-21,A股共发生61宗大宗交易成交21.35亿元（3月21日）,Wind
1507,2018-03-21,晚间重要公告2018年3月21日星期三,--
1508,2018-03-21,福斯特今日大宗交易成交668.12万股，成交价30.31元折价10.46%,Wind资讯
1509,2018-03-21,多家公司发减持公告：乐金健康诚益通股东拟抛售,Wind
1510,2018-03-21,福斯特：员工持股计划买入668万股，完成计划购买,Wind
1511,2018-03-20,[中性评级]2018年基础化工行业春季投资策略：关注高污染、煤化工细分 聚焦确定性成长,中财网
1512,2018-03-20,[审慎推荐-A评级]福斯特(603806)年报点评：EVA龙头地位稳固 聚焦新材料产业链延伸,中财网
1513,2018-03-19,[增持评级]福斯特(603806)年报点评：业绩呈现季度改善 新材料业务值得期待,中财网
1514,2018-03-19,福斯特：新材料研发助力新增长 增持评级,中信建投
1515,2018-03-18,晚间重要公告2018年3月18日星期日,--
1516,2018-03-16,福斯特：实际控制人承诺6个月内不减持,Wind
1517,2018-03-16,晚间重要公告2018年3月16日星期五,--
1518,2018-03-16,福斯特股票最新消息：EVA价格企稳，新材料业务提供新增长点,东北证券
1519,2018-03-16,[推荐评级]福斯特(603806)年报点评：胶膜价格企稳 业绩有望见底回升,中财网
1520,2018-03-16,福斯特：光伏封装胶膜和背板出货量增加，业绩下滑30.97%,Ofweek
1521,2018-03-16,[推荐评级]福斯特(603806)年报点评：2017年业绩符合预期 关注新材料业务拓展,中财网
1522,2018-03-16,福斯特：年报拟10转3派6,金融界
1523,2018-03-15,福斯特：净利下滑三成仍大比例分红 实控人未明确是否减持,e公司
1524,2018-03-15,晚间重要公告2018年3月15日星期四,--
1525,2018-03-15,多家公司发布分配方案：葵花药业拟10转10派10元,Wind
1526,2018-03-15,福斯特总经理王邦进辞职 周光大接任,中国经济网
1527,2018-03-15,福斯特：2017年净利下滑三成 拟10转3派6,e公司
1528,2018-03-15,福斯特：2017年净利润同比减30.97%，拟10转3派6元,Wind
1529,2018-03-15,前员工爆料:首代Siri问题多 登陆iPhone4s操之过急,网易
1530,2018-03-15,苹果Siri的曲折路：从明星业务变为“重大问题”,新浪
1531,2018-03-12,远东智慧能源：智能制造，创新驱动全球智能坚强电网建设,南方财富网
1532,2018-03-04,【长江电新-周观点】时来易失，赴机在速,微信
1533,2018-02-27,福斯特拟逾11亿元建设三个项目打通产业链上下游,中证报
1534,2018-02-27,福斯特：拟11亿元投建三项新材料项目,e公司
1535,2018-02-27,晚间重要公告2018年2月27日星期二,--
1536,2018-02-12,新能源汽车行业点评：夜空中最亮的星！,分析师徐彪
1537,2018-02-11,【长江电新-周观点】潮退珍珠见，淡季当布局,长江电力设备新能源
1538,2018-02-06,【申万石油化工】埃克森美孚公司新加坡石化项目——全球大型石化项目介绍系列之一,微信
1539,2018-02-06,江西：814亿元，65个锂电储能项目，科陆、沃特玛、赣锋锂业、远东福斯特.,上海有色
1540,2018-02-05,智慧能源:布局上游碳酸锂，锂电龙头再添动力,工业电器网
1541,2018-02-01,智慧能源布局4万吨碳酸锂产能,北极星电力
1542,2018-01-25,智慧能源：布局4万吨碳酸锂产能，特斯拉型锂电蓄势待发,南方财富网
1543,2018-01-18,智慧能源2亿增资南氏锂电 助力电池产品降本,高工锂电
1544,2018-01-17,智慧能源：携手南氏实业布局锂矿资源，打通锂电新能源产业链,证券时报
1545,2018-01-17,智能制造 创新驱动全球智能坚强电网的建设,工业电器网
1546,2018-01-16,远东布局清洁能源建设 助推能源结构调整,南方财富网
1547,2018-01-15,比克/天劲/鹏辉等荣获电池类年度畅销产品奖,高工锂电
1548,2018-01-15,【G20周刊】宁德时代/北汽/北大先行在电池领域达成合作,高工锂电
1549,2018-01-15,电力：新能源汽车2017年12月产销超预期 荐7股,中银国际
1550,2018-01-12,智慧能源：斥资2.4亿投向碳酸锂产业,Ofweek
1551,2018-01-11,智慧能源：子公司远东智投拟出资2亿元增资南氏锂电新材料,中证报
1552,2018-01-10,远东智慧能源：智能制造 创新驱动全球智能坚强电网建设,北极星电力
1553,2018-01-10,2017年10大电池企业专利排行榜！,北极星电力
1554,2018-01-09,电气设备：新能源发电主要关注分散式风电和光伏扶贫的投资机会 荐6股,华鑫证券
1555,2018-01-09,风电和光伏1月刊：政策持续支持行业保持增长,中财网
1556,2018-01-09,电气设备行业投资策略：风光维持高景气输配电价监管完善,中财网
1557,2018-01-09,"电力设备新能源行业周报:直流特高压获国家科学进步奖特等奖,新能源发电主要关注分散式风电和光伏扶贫的投资机会",中国网
1558,2018-01-08,【G20周刊】比亚迪2018年规划新增10GWh电池产能,高工锂电
1559,2018-01-05,福斯特获4.15亿元房屋征收补偿协议,中证报
1560,2018-01-05,福斯特：杭州临安区土地被征收，获偿4.15亿元,Wind
1561,2018-01-05,福斯特：位于杭州市临安区的土地被征收 将获4.15亿补偿,e公司
1562,2018-01-05,苹果加入开放媒体联盟：将支持新视频压缩技术,新浪
1563,2018-01-05,【天风Morning Call】晨会集萃20180105,天风研究
1564,2018-01-04,十年前，乔布斯为今天的ApplePark做了一个正确的选择,爱范儿
1565,2018-01-04,[强于大市评级]机械设备行业点评：新能源汽车产业链投资重启：大电池厂招标开启 重视龙头产业链、资源回收和轻量化三大方向 坚定长期布局-[中财网],中财网
1566,2018-01-03,深圳凌云微科技携福斯特半导体 亮相深圳国际电子展,慧聪电子网
1567,2018-01-03,远东布局清洁能源建设助推能源结构调整,北极星电力
1568,2018-01-03,"有色金属行业周报:钴“内外价差”望进一步缩小,锂价平稳运行",中国网
1569,2018-01-02,广发电新周刊：政策助力新能源行业发展国网配网自动化招标提速明显,中财网
1570,2018-01-02,"福斯特:掘金细分子行业龙头系列报告四,深耕光伏封装材料,拓展新业务",中国网
1571,2018-01-02,【G20周刊】比亚迪48亿碳酸锂项目备案远东福斯特50亿锂电池项目开工,高工锂电
1572,2018-01-02,智慧能源：子公司福斯特江苏引进战略投资,金融界
1573,2018-01-01,福斯特(603806)深度研究：深耕光伏封装材料拓展新材料业务,中财网
