,2021-12-30,稳健医疗、武汉纺织大学联合成立创新研究院,长江日报
0,2021-12-29,出口电商升级战：既要销量，又要品牌，如何突围？,搜狐
1,2021-12-29,深圳466家上市公司扫描：多指标领先京沪,Wind
2,2021-12-29,稳健医疗捐赠近四百万防疫物资助力西安疫情防控,证券时报网
3,2021-12-29,稳健医疗被遴选为国家制造业单项冠军,全景网
4,2021-12-28,稳健医疗向陕西省红十字会捐赠近四百万防疫物资已运,中经导报
5,2021-12-27,稳健医疗荣获“第十一届中国上市公司口碑榜”最佳董事长等两项大奖！,每日经济新闻
6,2021-12-27,稳健医疗：目前防疫产品订单处于供不应求的状态,每日经济新闻
7,2021-12-23,京东旅行携手海昌海洋公园打造园区健康驿站,Bianews
8,2021-12-19,轻工行业2022年投资策略：寒冬藏春意 静待百花开,西南证券
9,2021-12-16,嘉鱼稳健医疗科技产业园开工建设，总投资10亿元,我的钢铁
10,2021-12-16,稳健医疗：公司定期报告中的其他无纺产品主要包括棉签、化妆棉、一次性内裤、口罩等,每日经济新闻
11,2021-12-16,稳健医疗：截至2021年9月30日，公司加盟店16家，主要分布在三四线区域,每日经济新闻
12,2021-12-14,从“产品出海”到“品牌出海”，稳健医疗海外创牌再起航,澎湃新闻
13,2021-12-14,轻工制造与纺织服装行业周报：国潮趋势延续 文化自信带来国产品牌新机遇,新浪
14,2021-12-10,稳健医疗(300888.SZ)股东红杉信远累计减持457.19万股 减持时间过半 减持股份,智通财经
15,2021-12-10,稳健医疗：股东红杉信远于2021年11月5日至2021年12月9日期间减持公司股份457.19万股，本次减持计划时间已过半,每日经济新闻
16,2021-12-10,稳健医疗：红杉信远减持比例达1.02% 减持股份,Wind
17,2021-12-09,超100家上市医疗器械企业披露2021年三季报：12家营收突破50亿元,制药网
18,2021-12-07,2022年轻工策略：变革下的重塑与突围 轻工龙头乘风破浪,新浪
19,2021-12-07,轻工制造行业周报：新型烟草政策密集发布 家居迎估值修复,新浪
20,2021-12-07,轻工制造及纺织服装行业周报：电子烟监管政策密集出台 行业有望规范中持续向好,新浪
21,2021-12-06,纺织服装行业周报：重申制造强于品牌 深挖下游趋势的上游印证,新浪
22,2021-12-03,稳健医疗接受22家机构调研！短期主力资金净流入，市场资金或早已察觉,每日经济新闻
23,2021-12-03,稳健医疗：今年双十一销售公司线上线下全渠道成交金额为7.7亿元,每日经济新闻
24,2021-12-03,稳健医疗（300888.SZ）：疫情对线下销售影响较大 产品技术升级后的尿不湿新品将于2022年元旦左右上市,智通财经
25,2021-12-03,稳健医疗：公司未来净利润将保持稳定增长,Wind
26,2021-12-03,轻工制造及纺织服装行业周报：关注原料成本回落 家具出口链企业利润弹性,新浪
27,2021-12-01,稳健医疗：累计回购2.45亿元公司股份,中证网
28,2021-12-01,稳健医疗：截至2021年11月30日已累计回购约311万股，占比0.7297%,每日经济新闻
29,2021-12-01,稳健医疗(300888.SZ)累计回购311.19万股 耗资2.45亿元,智通财经
30,2021-12-01,稳健医疗(300888.SZ)截至11月底已累计回购0.7297%的股份,格隆汇
31,2021-11-30,[路演]稳健医疗：医疗器械业务在国内市场处于领先地位,全景网
32,2021-11-29,纺织服装行业周报：服装迎来冬装销售旺季 看好Q4高业绩弹性,新浪
33,2021-11-29,纺服周观点||行业旺季关注板块性机会，新变异毒株利好防疫相关标的,LV微服思纺
34,2021-11-25,深度！2021年中国医疗器械行业竞争格局及市场份额分析 市场集中度低且竞争较分散,前瞻研究院
35,2021-11-23,【热点报告——股指期货】2021年12月主要规模指数成分股调整预测及影响,东证衍生品研究院
36,2021-11-23,"稳健医疗：稳健医疗（嘉鱼）科技产业园项目及武汉稳健二期扩建项目投入总金额分别为3,791.00万元、10,238.61万",每日经济新闻
37,2021-11-23,稳健医疗：公司未来开的门店更多会是200-300平的门店，会更加注重坪效,每日经济新闻
38,2021-11-22,费品零售&化妆品行业行业周报：多家美股消费品零售公司发布最新一季财报 维持推荐优质零售标的,新浪
39,2021-11-17,电商行业双十一购物节深度报告：平台差异化特色凸显 品牌竞争日益激烈,新浪
40,2021-11-17,轻工制造及纺织服装行业周报：由美国家具零售商ARHAUS上市看中国家具业发展,新浪
41,2021-11-16,零售、轻工日化行业动态：10月社零同比+4.9% 消费延续回暖态势,新浪
42,2021-11-15,纺服周观点|| 寒潮侵袭，双十一业绩亮眼，看好纺服板块反弹机会,吕明可选消费研究
43,2021-11-15,纺织服装行业周报：双十一大促落幕 龙头战报彰显国货崛起大势,新浪
44,2021-11-11,稳健医疗：公司医疗产品已涵盖伤口护理、感染防护及消毒清洁三大方面,每日经济新闻
45,2021-11-11,稳健医疗：公司推出的医疗急救包有10种及15种产品的套组可供消费者选择,每日经济新闻
46,2021-11-11,稳健医疗：目前公司募投项目有六个，投资总额为30.65亿元,每日经济新闻
47,2021-11-09,创业板注册制改革成色凸显，A股市场生态持续优化,Wind
48,2021-11-08,纺织服装行业周报：双十一首批预售表现亮眼 寒潮来袭提振服装销售,新浪
49,2021-11-08,外资重点加仓股来了，连续七周买入20股,Wind
50,2021-11-08,北上资金重点加仓商业贸易行业，连续七周买入20股,Wind
51,2021-11-08,最新！外资重点加仓股来了，连续七周买入20股（名单）,Wind
52,2021-11-05,北向资金结束连续6日净买入，隆基股份连续3日遭抛售累计净卖出超30亿,Wind
53,2021-11-04,零售行业：关注“双十一”活动中表现优异的消费品品牌商 维持推荐精于主业的优质标的,新浪
54,2021-11-04,全棉时代，新消费创业品牌的“中国样本”,21商评网
55,2021-11-02,【银河消费品零售&化妆品甄唯萱】行业周报丨消费品零售行业21Q3同比增长3.64%，但仍未恢复至疫情前同期水平，维持推荐优质标的,中国银河证券研究
56,2021-11-02,稳健医疗李建全：让中国医用敷料产品走向国际舞台,上证报
57,2021-11-02,纺织服装行业周报：三季报出炉 纺服普遍低预期 美妆整体符合预期,新浪
58,2021-11-01,稳健医疗：截至10月底已累计回购115.94万股,财联社
59,2021-11-01,稳健医疗(300888.SZ)截至10月底已累计回购115.942万股,格隆汇
60,2021-11-01,稳健医疗：累计回购约116万股，占比0.2719%,每日经济新闻
61,2021-10-30,181股获买入评级 最新:白云机场,中财网
62,2021-10-29,防疫用品市场供需日趋平衡，稳健医疗三季度营利双双大幅下滑，限售期满后多位股东抛减持计划,金融界
63,2021-10-28,稳健医疗(300888)：防疫产品降幅较大拖累业绩 消费整装待发,新浪
64,2021-10-28,东方证券：维持稳健医疗(300888.SZ)“增持”评级 目标价87.7元,智通财经
65,2021-10-28,东方证券维持稳健医疗增持评级：高基数拖累医用耗材业务，健康消费品业务较快增长，目标价87.7元,每日经济新闻
66,2021-10-28,东方证券：给予稳健医疗增持评级，目标价位87.7元,证券之星
67,2021-10-28,稳健医疗三季报：消费品稳中有新 有纺产品收入增幅超四成,红周刊
68,2021-10-28,开源证券维持稳健医疗买入评级，近期获12份券商研报关注，目标均价涨幅42.84%,每日经济新闻
69,2021-10-27,首创证券给予稳健医疗买入评级：医疗业务继续调整，消费品业务增势良好,每日经济新闻
70,2021-10-27,信达证券维持稳健医疗买入评级：高基数影响业绩表现，品牌建设持续推进,每日经济新闻
71,2021-10-27,国信证券维持稳健医疗买入评级，2021年三季报点评：短期因素影响毛利率，看好长期增长潜力,每日经济新闻
72,2021-10-27,朝闻国盛：北上连续流入破百亿,新浪
73,2021-10-27,华金证券给予稳健医疗买入评级：防疫物资销售逐步回归常态，消费品业务表现稳健,每日经济新闻
74,2021-10-26,三季报业绩大幅下滑属正常？稳健医疗股价较今年高位已跌去六成 盈利能力下降,21经济网
75,2021-10-26,【东吴轻工张潇团队】*稳健医疗*21Q3业绩点评：消费品增长稳健，医用耗材高基数承压,张潇的轻工消费洞察
76,2021-10-26,华西证券：给予稳健医疗买入评级,中金在线
77,2021-10-26,稳健医疗前三季度实现营收58.2亿元 国内电商、药店等C端渠道打开局面,证券日报网
78,2021-10-26,华西证券维持稳健医疗买入评级：健康生活消费品表现良好，整体盈利水平回归常态,每日经济新闻
79,2021-10-26,稳健医疗(300888)：短期波动不改长期成长,新浪
80,2021-10-26,稳健医疗防疫物资热度降温业绩下降65% 耗资2786万回购股份四大股东减持 盈利能力下降,长江商报
81,2021-10-26,国金证券：给予稳健医疗增持评级,证券之星
82,2021-10-26,国金证券给予稳健医疗增持评级，医疗业务回归常态，健康消费品有望持续增长,每日经济新闻
83,2021-10-26,稳健医疗与中国青年报社携手，共同打造高质量文创产品服务青年成长,凤凰网
84,2021-10-26,防疫用品热度减退！稳健医疗第三季度净利同比减少83.8% 盈利能力下降,新浪
85,2021-10-26,稳健医疗(300888)公司季报点评：3Q21收入降67%利润降84% 医疗业务高基数下继续回落 盈利能力下降,光大证券
86,2021-10-26,稳健医疗三季度营收和净利润双双腰斩：两大业务板块发展进入稳定期 盈利能力下降,挖贝网
87,2021-10-26,稳健医疗前三季度净利润较2019年增长172% 大健康产品体系完善,上证报
88,2021-10-26,稳健医疗(300888)：短期同比高基数下滑 长期值得期待,新浪
89,2021-10-26,10月26日投资避雷针：凤凰光学、稳健医疗第三季度净利润同比下降超80% 盈利能力下降,财联社
90,2021-10-26,犀牛早讯：中青宝收关注函 众兴菌业第三季净亏6153.6万,GPLP犀牛财经
91,2021-10-25,稳健医疗(300888.SZ)前三季度归母净利润同比下降64.95%至11.04亿元 盈利能力下降,智通财经
92,2021-10-25,稳健医疗：前三季度净利润11.04亿元 同比下降64.95% 盈利能力下降,中证网
93,2021-10-25,晚间公告热点追踪：香港联交所同意分拆比亚迪半导体至创业板上市,新浪
94,2021-10-25,稳健医疗公布三季报 前三季净利减少64.95% 盈利能力下降,新浪
95,2021-10-25,稳健医疗(300888.SZ)拟使用不超过24亿元闲置募集资金进行现金管理,智通财经
96,2021-10-25,稳健医疗(300888.SZ)：第三季度净利降83.80%至3.43亿元 盈利能力下降,格隆汇
97,2021-10-25,公告精选：蓝思科技拟3亿至5亿元回购股份；紫光国微第三季度遭高毅减持,e公司
98,2021-10-25,图解稳健医疗三季报：第三季度单季净利润同比减83.80% 盈利能力下降,证券之星
99,2021-10-25,稳健医疗：第三季度净利润3.43亿元 同比下滑83.8% 盈利能力下降,e公司
100,2021-10-25,稳健医疗：第三季度净利同比下降84% 盈利能力下降,财联社
101,2021-10-25,稳健医疗：前三季度净利润同比减少64.95% 盈利能力下降,Wind
102,2021-10-19,消费品零售行业：9月社消增速上拐回升至4.4% 国庆、“双十一”等因素有望持续积极提振四季度消费,新浪
103,2021-10-18,纺织服装行业周报：9月纺服出口保持良好增势 周大福FY22Q2持续高增长,新浪
104,2021-10-18,财信证券纺织服装行业2021年10月月度报告：终端需求向好，棉花价格持续上行,财信证券研究
105,2021-10-15,A股共发生98宗大宗交易成交14.85亿元（10月15日）,Wind
106,2021-10-15,稳健医疗(300888.SZ)股东厦门乐源完成减持 累计减持20万股 减持股份,智通财经
107,2021-10-15,稳健医疗：大股东减持计划完成，减持20万股,Wind
108,2021-10-15,稳健医疗：厦门乐源已通过大宗交易方式减持公司股份20万股 减持股份,每日经济新闻
109,2021-10-15,"稳健医疗现1笔大宗交易 共成交1,146.22万元",新浪
110,2021-10-15,稳健医疗今日大宗交易成交15.33万股，成交价74.77元折价6.97%,Wind
111,2021-10-12,美华国际医疗凭口罩收益激增赴美IPO，后疫情时代业绩增速或放缓？ 盈利能力下降,证券之星
112,2021-10-12,稳健医疗崇阳公司被罚 医用防护服环氧乙烷残留不合格,中国经济网
113,2021-10-12,稳健医疗股票回购疑云：大股东同步减持，巧合还是掩护撤退 减持股份,面包财经
114,2021-10-11,稳健医疗：目前暂无自己的棉花基地,每日经济新闻
115,2021-10-10,稳健医疗(300888.SZ)截至9月底累计回购26.82万股,智通财经
116,2021-10-10,稳健医疗：截至2021年9月30日已累计回购约27万股，占比0.0629%,每日经济新闻
117,2021-10-10,稳健医疗回购打气遭红杉等股东减持，机构看衰净利润恐降六成 减持股份,凤凰网
118,2021-10-09,财富2021年中国最具影响力30位投资人出炉,Wind
119,2021-10-09,轻工制造与纺织服装行业周报：从ON昂跑崛起看国内运动鞋服发展新机遇,新浪
120,2021-10-08,纺织服装双周报：估值吸引力增大 看好秋冬旺季景气回升,新浪
121,2021-10-08,回购了一个寂寞？稳健医疗拟掏5亿给投资者打气，厦门乐源、红杉信远两重要股东却打算套现8.62亿元 减持股份,21世纪经济报道
122,2021-10-08,零售行业点评：十一黄金周消费符合预期 商圈主题活动与消费券等举措对消费提振效果显着,新浪
123,2021-10-08,亚马逊“水手计划”，折射中国外贸转型的大时代,澎湃新闻
124,2021-10-03,太震撼！一把狂赚1700倍！,中国基金报
125,2021-09-30,稳健医疗(300888)：医疗背书 无纺为基 有纺业务厚积薄发,广发证券
126,2021-09-30,稳健医疗(300888)：一朵棉花造就国民品牌 双轮驱动支撑未来发展,新浪
127,2021-09-30,【银河消费品零售李昂/甄唯萱】行业动态 2021.9丨关注十一国庆假期消费表现以及即将公布的三季报业绩表现，维持推荐优质标的,中国银河证券研究
128,2021-09-29,稳健医疗(300888.SZ)首次回购7.52万股 耗资596.02万元,智通财经
129,2021-09-29,稳健医疗：首次回购公司股份7.52万股,每日经济新闻
130,2021-09-29,稳健医疗：拟不低于3亿元且不超过5亿元回购公司股份,每日经济新闻
131,2021-09-29,银河证券每日晨报,新浪
132,2021-09-29,零售9月行业动态报告：关注十一国庆假期消费表现以及即将公布的三季报业绩表现 维持推荐优质标的,新浪
133,2021-09-29,千倍回报神话出现，VC/PE在A股抛出超200亿套现计划,36氪
134,2021-09-29,纺织服装行业周报：8月社零受疫情冲击增速下滑 静等旺季修复,新浪
135,2021-09-29,12股获券商买入评级，海康威视目标涨幅达54.05%,Wind
136,2021-09-28,稳健医疗：厦门乐源已减持4.67万股 减持股份,财联社
137,2021-09-28,稳健医疗(300888.SZ)：厦门乐源已减持4.67万股 持股降至4.99998% 减持股份,格隆汇
138,2021-09-28,稳健医疗现1笔大宗交易 共成交352.26万元,新浪
139,2021-09-28,稳健医疗今日大宗交易成交4.67万股，成交价75.43元折价5.0%,Wind
140,2021-09-28,稳健医疗：目前公司海外出口产品没有被美国增加关税影响,每日经济新闻
141,2021-09-28,国信证券：维持稳健医疗(300888.SZ)“买入”评级 价值区间107.2-110.3元,智通财经
142,2021-09-28,六券商周三看好的六大板块,证券之星
143,2021-09-28,【银河消费品零售李昂/甄唯萱】行业周报丨关注“金九银十”双节期间的消费机会,中国银河证券研究
144,2021-09-27,24股获券商买入评级，复旦微电目标涨幅达92.54%,Wind
145,2021-09-26,“口罩第一股”遭大股东减持超8亿 市值距高点已蒸发超560亿 减持股份,凤凰网
146,2021-09-26,亚马逊推出《水手计划》，记录中国品牌真实出海经历,澎湃新闻
147,2021-09-26,因大股东资金需求，红杉信远拟减持稳健医疗不超过2.43%股份 拟减持股份,资本邦
148,2021-09-25,【周末特辑】国金研究十大热门研报,国金证券研究所
149,2021-09-25,Wind风控日报2021年9月25日星期六,Wind
150,2021-09-25,上市公司正负面新闻2021年9月25日星期六,Wind
151,2021-09-24,52股获买入评级 最新:金地集团,中财网
152,2021-09-24,晚间重要公告2021年9月24日星期五,Wind
153,2021-09-24,晚间公告｜9月24日这些公告有看头,第一财经
154,2021-09-24,稳健医疗：股东红杉信远拟减持公司不超2.43%股份 拟减持股份,Wind
155,2021-09-24,稳健医疗：红杉信远拟减持不超2.43%公司股份 拟减持股份,财联社
156,2021-09-24,稳健医疗(300888.SZ)主要股东红杉信远拟减持不超1035万股 拟减持股份,智通财经
157,2021-09-24,稳健医疗：红杉信远拟减持公司2.43%股份 拟减持股份,e公司
158,2021-09-24,国信证券：维持稳健医疗(300888.SZ)“买入”评级 股权回购彰显长期发展信心,智通财经
159,2021-09-24,稳健医疗(300888)：基本面扎实稳健 回购彰显公司发展信心,国金证券股份有限公司
160,2021-09-24,西南证券维持稳健医疗买入评级：回购彰显信心，消费品线上线下稳步推进,每日经济新闻
161,2021-09-24,天风证券：维持稳健医疗(300888.SZ)“买入”评级 股份回购 彰显信心,智通财经
162,2021-09-24,天风证券维持稳健医疗买入评级：股份回购标明价值底线，双轮驱动坚定发展信心,每日经济新闻
163,2021-09-24,稳健医疗（300888）快评：业绩拐点显现，股权回购彰显信心,国信研究
164,2021-09-24,23股获券商买入评级，五粮液目标涨幅达93.91%,Wind
165,2021-09-23,银河证券每日晨报,新浪
166,2021-09-23,稳健医疗：股份回购彰显信心 而立之年乘势而上,证券时报网
167,2021-09-23,华创证券：维持稳健医疗(300888.SZ)“强推”评级 目标价111.6元,智通财经
168,2021-09-23,稳健医疗(300888)重大事项点评：股份回购彰显公司发展信心 员工持股平台小幅减持 三十而立再创辉煌 减持股份,新浪
169,2021-09-23,每日财报|稳健医疗回购不超116亿 普路通大股东减持近2%股份 减持股份,搜狐
170,2021-09-22,晚间重要公告2021年9月22日星期三,Wind
171,2021-09-22,稳健医疗：厦门乐源拟减持不超0.05%公司股份 拟减持股份,财联社
172,2021-09-22,稳健医疗(300888.SZ)：持股5.0109%的厦门乐源拟减持不超20万股 拟减持股份,格隆汇
173,2021-09-22,稳健医疗：股东乐源投资拟减持20万股公司股份 拟减持股份,发布易
174,2021-09-22,稳健医疗：公司目前没有因为限电因素导致停产的情况发生,每日经济新闻
175,2021-09-22,稳健医疗：公司已经有“Purcotton Kids”门店，面积为100平米,每日经济新闻
176,2021-09-22,稳健医疗：低值耗材还没有参与到集采,每日经济新闻
177,2021-09-22,稳健医疗(300888.SZ)股东厦门乐源投资合伙企业拟减持不超20万股 拟减持股份,智通财经
178,2021-09-22,稳健医疗(300888.SZ)拟斥3亿元-5亿元回购公司股份 回购价不超116元/股,智通财经
179,2021-09-22,稳健医疗：厦门乐源投资合伙企业（有限合伙）拟减持不超过总股本0.0469% 拟减持股份,Wind
180,2021-09-22,稳健医疗：拟不低于3亿元且不超过5亿元回购公司股份,每日经济新闻
181,2021-09-22,稳健医疗：拟以3亿元-5亿元回购股份,Wind
182,2021-09-22,稳健医疗发布《致谢信》:打造全球医用敷料行业的中国制造口碑,凤凰网
183,2021-09-21,首创证券给予稳健医疗买入评级，公司深度报告，近期获15份券商研报关注，目标均价涨幅28.65%,每日经济新闻
184,2021-09-18,稳健医疗上市一年“不稳健”：股价振幅189%逼近发行价，施罗德抱团难阻股价颓势,和讯
185,2021-09-17,稳健医疗向股东赠送面值为388元的“棉棉卡”,中证网
186,2021-09-17,稳健医疗上市一周年 健康大礼包感恩股东,证券时报网
187,2021-09-16,稳健医疗(300888.SZ)计划开展“稳健医疗上市一周年感恩股东活动”,智通财经
188,2021-09-14,稳健医疗：本次限售股上市流通日期为9月17日 解禁,发布易
189,2021-09-14,稳健医疗(300888.SZ)：约8920.76万股限售股9月17日解禁 解禁,格隆汇
190,2021-09-14,稳健医疗：约8920.76万股限售股9月17日解禁，占比20.92% 解禁,每日经济新闻
191,2021-09-14,稳健医疗：8920万股限售股9月17日上市流通 解禁,Wind
192,2021-09-14,商业贸易行业2021中报总结：行业持续复苏 必选、可选分化加大,新浪
193,2021-09-13,陆家嘴财经早餐2021年9月13日星期一,Wind
194,2021-09-12,下周操盘攻略：市场从独乐乐走向众乐乐,Wind
195,2021-09-12,25倍芯片大牛股下周解禁超300亿元，流通盘大增6倍！,Wind
196,2021-09-11,下周750亿市值限售股解禁 解禁,Wind
197,2021-09-09,纺织服装行业：运动景气高 品牌库存清 国牌迎历史发展机遇,新浪
198,2021-09-08,轻工制造与纺织服装行业周报：成本压力影响中报业绩 细分龙头优势凸显,新浪
199,2021-09-08,轻工制造与纺织服装行业深度报告：子行业集中度加速提升 龙头优势扩大,新浪
200,2021-09-07,A股融资融券日报：两融余额增加117.03亿元（9月6日）,Wind
201,2021-09-06,稳健医疗发布H1半年报：布局十万亿大健康赛道,Ofweek
202,2021-09-04,纺织服装2021中报分析：终端恢复 运营优化,新浪
203,2021-09-01,稳健医疗半年报：业绩仍处高位 健康生活消费品增势可观,红周刊
204,2021-08-28,华西证券维持稳健医疗买入评级：健康生活消费品持续恢复，高基数下医用耗材业务承压,每日经济新闻
205,2021-08-27,东方证券维持稳健医疗增持评级：业绩符合预期，看好两大业务长期发展潜力，目标价107.01元,每日经济新闻
206,2021-08-26,6万人直击稳健医疗中期业绩会 全棉时代未来三年或迎加盟黄金时期,中国基金报
207,2021-08-26,稳健医疗：公司防护服处于供不应求状态,每日经济新闻
208,2021-08-26,稳健医疗：兴趣电商在下半年能够有非常好的增长,Wind
209,2021-08-25,稳健医疗：网上投资者于8月24日调研我司,证券之星
210,2021-08-25,稳健医疗(300888)：高基数等扰动1H21业绩 较1H19增231%,新浪
211,2021-08-24,华金证券维持稳健医疗买入评级：医用耗材业务高基数下回落，健康生活消费品增长稳健,每日经济新闻
212,2021-08-24,稳健医疗||2021H1消费板块亮眼，静待医疗板块高基数过后再出发--开源可选消费,吕明可选消费研究
213,2021-08-24,首创证券首予稳健医疗买入评级，公司简评报告：消费板块增速亮眼，医疗板块回归常态化,每日经济新闻
214,2021-08-24,晨会聚焦210824重点关注农业、有机硅、化工、连城数控、同花顺、稳健医疗、卓胜微、当升科技、中国电研、宇信科技、移远通信,国信研究
215,2021-08-24,稳健医疗（300888）2021年中报点评：逐步进入新常态，看好长期潜力,国信研究
216,2021-08-24,券商首次关注6股并给予买入评级（8月24日）,Wind
217,2021-08-24,【银河消费品零售李昂/甄唯萱】行业周报丨关注美股市场内海外巨头公司同期披露上半年经营数据，维持推荐优质标的,中国银河证券研究
218,2021-08-24,【东吴晨报0824】【行业】电新【个股】新钢股份、天工国际、恒顺醋业、青鸟消防、中国联通、吉宏股份、稳健医疗、千禾味业、盈峰环境,东吴研究所
219,2021-08-23,东吴证券维持稳健医疗增持评级：消费品业务表现靓丽，医用耗材高基数下回落,每日经济新闻
220,2021-08-23,信达证券维持稳健医疗买入评级：医疗业务同比下滑，短期调整不改长期趋势 盈利能力下降,每日经济新闻
221,2021-08-23,国金证券：维持稳健医疗(300888.SZ)“增持”评级 消费品业务高速增长,智通财经
222,2021-08-23,开源证券：维持稳健医疗(300888.SZ)“买入”评级 消费板块表现亮眼 产品力和品牌力持续提升,智通财经
223,2021-08-23,西南证券维持稳健医疗买入评级，医疗耗材进一步常态化，消费品渠道有序扩张,每日经济新闻
224,2021-08-23,稳健医疗(300888)2021年中报点评：健康生活消费品收入稳步增长、医疗耗材需求回落 盈利能力下降,光大证券
225,2021-08-23,【东吴轻工张潇团队】*稳健医疗*21中报点评：消费品业务表现靓丽，医用耗材高基数下回落,张潇的轻工消费洞察
226,2021-08-23,稳健医疗(300888)：高基数影响Q2业绩 关注长期成长性,广发证券
227,2021-08-23,稳健医疗(300888)：疫情影响减弱 经营常态化后亮点显现,新浪
228,2021-08-23,国金证券维持稳健医疗增持评级：消费业务高增长，医疗业务高基数下回落,每日经济新闻
229,2021-08-23,海通证券研究所早报,新浪
230,2021-08-23,【银河消费品零售李昂/甄唯萱】公司点评丨稳健医疗 (300888)：疾控防护产品规模同比大幅滑落，健康生活消费品销售稳步提升,新浪
231,2021-08-23,【银河晨报】8.23丨电子：半导体预期再升温，芯片短缺仍需关注,中国银河证券研究
232,2021-08-23,港股盘前必读：港交所将于10月18日推出MSCI中国A50互联互通指数期货,Wind
233,2021-08-23,【浙商马莉/林骥川】稳健医疗：全棉时代增长稳健，手术感控产品领跑医用耗材业务,纺服新消费马莉团队
234,2021-08-22,国盛证券维持稳健医疗买入评级：消费业务稳增，医疗短期承压，看好长期潜力,每日经济新闻
235,2021-08-22,天风证券维持稳健医疗买入评级：医疗业务常态化，健康消费品业绩增长,每日经济新闻
236,2021-08-22,下周操盘攻略：调整是长期布局主线机会,Wind
237,2021-08-22,稳健医疗、爱美客将纳入富时全球股票指数,中证网
238,2021-08-22,啥情况？千亿大牛股被富时罗素踢出群，原因竟是这个！,Wind
239,2021-08-21,稳健医疗上半年实现营收40.60亿元 业绩远超疫情前水平,证券时报网
240,2021-08-21,稳健医疗公布半年报 上半年净利减少26.27% 盈利能力下降,新浪
241,2021-08-20,稳健医疗：2021年半年度净利润约7.61亿元,每日经济新闻
242,2021-08-20,稳健医疗(300888.SZ)半年度净利润7.61亿元 同比下降26.27% 盈利能力下降,格隆汇
243,2021-08-20,医用耗材营收同比降15.28% 稳健医疗(300888.SZ)上半年归母净利同比降26.27%至7.61亿元 盈利能力下降,智通财经
244,2021-08-20,稳健医疗：上半年净利润同比减少26.27% 盈利能力下降,Wind
245,2021-08-20,稳健医疗：医用防护口罩（折叠型、拱形）符合国标GB19083标准，PFE（颗粒物过滤效率）大于99%，高于国标要求95%,每日经济新闻
246,2021-08-20,稳健医疗：产后收腹带全棉时代一直都有销售，线上和线下都有售卖,每日经济新闻
247,2021-08-17,轻工与纺织服装行业周报：板块估值处低位 关注细分赛道龙头,新浪
248,2021-08-16,零售&化妆品行业周报：商务部号召以城市商圈建设带动消费升级与经济发展 维持推荐优质标的,新浪
249,2021-08-16,轻工制造行业周报：中报陆续揭晓 家居个护等细分龙头成长依旧,新浪
250,2021-08-13,稳健医疗：公司通常在棉价相对低位时购买远期合约,Wind
251,2021-08-11,银河证券每日晨报,新浪
252,2021-08-11,轻工与纺织服装行业周报：大众健身热潮持续 运动服饰及设施板块长期利好,新浪
253,2021-08-03,稳健医疗：受近期德尔塔毒株扩散影响 公司口罩、防护服等防护产品需求大幅增加,财联社
254,2021-08-02,轻工制造行业周报：英美烟草业绩靓丽 细分龙头安全边际明显,新浪
255,2021-08-02,财信证券首予稳健医疗谨慎推荐评级：高基数下业绩同比下滑，消费品业务稳健增长，合理价93.10—113.05元 盈利能力下降,每日经济新闻
256,2021-08-02,疫情扩散致口罩订单激增 多家企业回应供应是否充足,第一财经
257,2021-08-02,东方证券给予稳健医疗增持评级，股价逐步进入价值配置区间，关注疫情催化影响，目标价格为102.73元,每日经济新闻
258,2021-08-02,商业贸易行业周报：爱美客递交H股招股书 拟在香港主板市场上市,新浪
259,2021-08-02,纺织服装8月投资策略：中报季来临 把握加仓良机,新浪
260,2021-07-29,行业动态报告：8月行业内公司集中披露中报业绩 维持推荐全渠道、高质量发展的优质标的,新浪
261,2021-07-28,伟星股份(002003)首次覆盖报告：匠心积淀成就辅料龙头 产能优化拓展助力长期成长,新浪
262,2021-07-28,口罩、疫苗板块午后持续走高，康泰医学大涨13%,Wind
263,2021-07-27,广发证券：维持稳健医疗(300888.SZ)“增持”评级 合理价值123.9元,智通财经
264,2021-07-26,轻工制造行业周报：菲莫国际减害产品高增 美国地产景气延续,新浪
265,2021-07-26,稳健医疗、全棉时代捐赠价值1800万物资驰援河南,联商网
266,2021-07-26,【银河零售李昂/甄唯萱/章鹏】行业周报丨部分公司逐步调整经营策略与管理结构为下半年布局，维持推荐优质标的,中国银河证券研究
267,2021-07-25,防疫物资销售回落出口成本抬高 上市公司上半年净利润预降 盈利能力下降,e公司
268,2021-07-25,【东吴轻工张潇团队】*稳健医疗*业绩预告点评：业绩符合市场预期，消费品业务稳健增长,张潇的轻工消费洞察
269,2021-07-25,稳健医疗(300888)：业绩符合市场预期 消费品业务稳健增长,新浪
270,2021-07-25,东吴证券首予稳健医疗增持评级，21H1业绩预告点评：业绩符合市场预期，消 费品业务稳健增长,每日经济新闻
271,2021-07-25,稳健医疗(300888)：高基数影响1H21业绩 较1H19仍快速成长,新浪
272,2021-07-25,天风证券维持稳健医疗买入评级：消费品业务稳健增长，医疗业务较19年H1高增，打造一站式大健康消费平台,每日经济新闻
273,2021-07-24,2021上半年净利同比预降超24% 稳健医疗而立之年能否继续“稳健”？ 盈利能力下降,每日经济新闻
274,2021-07-23,国信证券维持稳健医疗买入评级，重大事件快评：上半年业绩符合预期，看好长期潜力,每日经济新闻
275,2021-07-23,每日“药”闻|稳健医疗上半年利润预降25%-28%，百健、罗氏发布半年报,读懂财经
276,2021-07-23,疫情带来的高增长难持续 稳健医疗上半年净利同比预降28.4% 盈利能力下降,GPLP犀牛财经
277,2021-07-23,信达证券给予稳健医疗买入评级，高基数影响短期业绩，长周期迎来配置良机,每日经济新闻
278,2021-07-23,宏观策略日报：公募基金二季度规模增长加快 新能源相关板块获得增持,新浪
279,2021-07-23,A股异动 | 稳健医疗(300888.SZ)再度刷新上市以来新低 半年度净利润预降24.8%-28.4% 盈利能力下降,格隆汇
280,2021-07-23,稳健医疗(300888)：高基数下医疗业务下滑 消费品业务稳健 盈利能力下降,新浪
281,2021-07-22,晚间重要公告2021年7月22日星期四,Wind
282,2021-07-22,稳健医疗(300888.SZ)半年度净利润预降24.8%-28.4% 盈利能力下降,格隆汇
283,2021-07-22,稳健医疗：预计2021年上半年净利润7.39亿元~7.76亿元,每日经济新闻
284,2021-07-22,稳健医疗(300888.SZ)预计上半年归母净利同比降24.8%至28.4% 盈利能力下降,智通财经
285,2021-07-22,稳健医疗：上半年净利同比预降25%-28% 盈利能力下降,财联社
286,2021-07-22,稳健医疗：预计上半年净利润同比下降24.8%-28.4% 盈利能力下降,Wind
287,2021-07-22,零售、轻工日化行业：6月社零较19年同期+10% 消费持续回暖,新浪
288,2021-07-22,经过疫情“洗礼”，产业用纺织品行业上市公司经营情况,纺织网
289,2021-07-20,攀越“毕业墙”磨练信念，稳健医疗健康庆生,联商网
290,2021-07-19,轻工制造行业投资周报：竣工反弹支撑家居全年景气周期 碳汇启动掘金中长期投资机会,新浪
291,2021-07-19,轻工制造行业周报：6月家具出口高增 文具社零靓丽 龙头优势延续,新浪
292,2021-07-18,三十人跨越毕业墙迎接三十年庆 稳健医疗用健康理念开启新未来,医疗器械创新网
293,2021-07-18,稳健医疗翻越“毕业墙”开启新征程,上证报
294,2021-07-16,纺织服装板块业绩频频报喜，行业景气度走高,Wind
295,2021-07-15,全棉时代参展CBME，安心好棉引领品质生活新标杆,中经导报
296,2021-07-15,国货好棉自然柔软，全棉时代亮相2021CBME孕婴童展,钢企网
297,2021-07-13,稳健医疗(300888.SZ)选举刘华为职工代表监事,智通财经
298,2021-07-13,轻工制造行业周报：中报预期催化延续 线上渠道贡献愈加突出,新浪
299,2021-07-12,轻工制造行业投资周报：中报行情下 重点布局业绩超预期主线,新浪
300,2021-07-12,[公司]稳健医疗： 去年全年线上渠道占比 60%以上,全景网
301,2021-07-12,[公司]稳健医疗： 把数字化作为公司的长期竞争力去打造,全景网
302,2021-07-12,[公司]稳健医疗： 手术组合包产品增长非常快,全景网
303,2021-07-12,[公司]稳健医疗： 将不断引进新的产品包括医美产品,全景网
304,2021-07-12,[公司]稳健医疗： 国内手术组合包市场还有很大增长空间,全景网
305,2021-07-12,纺织服装2021年中报前瞻：看好中报季绩优企业表现 聚焦持续成长动能,新浪
306,2021-07-07,稳健医疗数字化转型逐步落地 掘金新国货的“全棉”时代,每日经济新闻
307,2021-07-07,奥美医疗：公司目前已有卫生巾与纸尿裤产品,Wind
308,2021-07-07,策略联合行业：A股半年报业绩前瞻&三季度展望,新浪
309,2021-07-06,轻工制造行业周报：床垫六月线上数据靓丽 布局中报业绩超预期主线,新浪
310,2021-07-06,纺织服装及日化行业双周报202110期：看好中报季绩优企业表现,新浪
311,2021-07-04,全棉时代的稳健医疗，股价还能稳健？,凤凰网
312,2021-07-04,行业运行趋势及2021年中报前瞻：纺织服装,新浪
313,2021-06-30,稳健医疗(300888)：医疗+消费双轮驱动 缔造健康全棉时代,新浪
314,2021-06-30,德邦证券首予稳健医疗买入评级：医疗+消费双轮驱动，缔造健康全棉时代,每日经济新闻
315,2021-06-29,6月28日45只个股获券商关注，稳健医疗目标涨幅达50.06%,每日经济新闻
316,2021-06-28,天风证券：稳健医疗（300888.SZ）一站式全品类大健康消费平台，维持“买入”评级,智通财经
317,2021-06-28,天风证券维持稳健医疗买入评级：一站式全品类大健康消费平台，广阔市场空间赋能百亿业务成长，目标价188.45元,每日经济新闻
318,2021-06-23,稳健医疗：“一朵棉花”的可持续发展之路,第一财经
319,2021-06-22,从“一朵棉花”到“隐形冠军”！看全棉时代的可持续发展之路,投资时报
320,2021-06-20,98家国内上市械企营收、利润、研发排行榜！,器械之家
321,2021-06-19,每经9点|董明珠称将按成本价把房子卖给员工；taikonaut！中国航天员有自己的专属英语单词；美国有地方最高气温或达46摄氏度,每日经济新闻
322,2021-06-18,纺织服装双周报202109期：消费旺季行业景气 关注优质企业,新浪
323,2021-06-18,国信证券：消费旺季纺织服装行业景气，关注优质企业,证券时报网
324,2021-06-17,北向资金今日净买入15.94亿元，芯片、消费电子股获资金大幅抢筹,Wind
325,2021-06-16,重磅发布 | 98家国内械企排行（附名单）,赛柏蓝器械
326,2021-06-16,轻工制造行业投资周报：板块回调 短期把握主题行情 中长期聚焦三大投资主线,新浪
327,2021-06-16,纺织服装行业2021年中期投资策略：五大核心关键词：东南亚疫情反复、汇率、抖音电商、冷暖冬、冬奥,广发证券
328,2021-06-16,轻工制造行业周报：5月家具出口数据靓丽 看好各版块细分龙头,新浪
329,2021-06-15,年购3万吨棉花，营收百亿，市值超500亿的棉花王国是这样炼成！,全景网
330,2021-06-12,广东药监局发文，多家械企注册证被注销,赛柏蓝器械
331,2021-06-11,百元股数量达163只，一日增加5只,证券时报网
332,2021-06-08,国信证券：618火热开场，纺织服装行业景气复苏,证券时报网
333,2021-06-08,两市百元股数量达159只，科创板股票占38.36%,证券时报网
334,2021-06-04,纺织服装及日化行业双周报202108期：618火热开场 行业景气复苏,新浪
335,2021-06-04,纺织服装行业：4月纺织品服装出口数据及服装家纺社零数据点评,广发证券
336,2021-06-02,大跌97%，连续9个涨停！大熊股逆袭了？,Wind
337,2021-06-02,“618”大促行情启动，纺织服装景气回升,Wind
338,2021-06-02,大跌97%，连续9个涨停！大熊股逆袭了？,中国基金报
339,2021-06-02,服装纺织龙头股票 服装纺织龙头股票有哪些？,至诚财经
340,2021-06-02,纺织服饰板块异动 个股掀涨停潮 多股股获机构扎堆推荐,证券之星
341,2021-06-02,纺织服装板块走强，机构建议关注三条主线,第一财经
342,2021-06-02,纺织服装板块掀涨停潮这些概念股上涨空间均超过30%,第一财经
343,2021-06-02,熊股逆袭，从大跌97%到连续9个涨停！多国疫情告急，纺织服装板块掀涨停潮，这些个股获机构扎堆推荐,e公司
344,2021-06-01,零售、轻工日化行业：三胎政策放开 三条主线掘金母婴经济,新浪
345,2021-06-01,纺织服装年报与一季报总结：看好疫后绩优企业的长远竞争力,新浪
346,2021-06-01,深证成指、创业板指、深证100等深市核心指数调整样本股,Wind
347,2021-06-01,纺织服装2021年中期策略：聚焦长青赛道 布局优质企业,新浪
348,2021-06-01,纺织服装行业：行业复苏 优选公司,新浪
349,2021-06-01,轻工制造行业周报：家居需求旺盛依旧 消费成长策略延续,新浪
350,2021-06-01,中信证券港股及中概股2021年下半年投资策略,Wind
351,2021-06-01,中金：掘金“母婴经济”有三大主线 推荐稳健医疗等个股,新浪
352,2021-05-31,消费产业2021年下半年投资策略：新品类、新品牌、新渠道,新浪
353,2021-05-31,中信证券：下半年消费配置方面，建议基于长期视角优选短期景气较高的行业和公司,证券时报网
354,2021-05-28,稳健医疗(300888)：以棉为轴 守初心探前路,新浪
355,2021-05-27,稳健医疗高端敷料技术有望实现进口替代 境外收入猛增5.9倍欲打造国际品牌,长江商报
356,2021-05-25,稳健医疗的长期主义：起于医疗，兴于消费，成于“大健康”,联商网
357,2021-05-25,138只股票获券商“买入”评级，机构建议聚焦成长主线,Wind
358,2021-05-24,深圳政协委员方修元：深圳消费品牌将迎来前所未有的新机遇,消费日报网
359,2021-05-24,稳健医疗：行业长期向好，数字化未来将成为核心竞争力,证券时报网
360,2021-05-22,稳健医疗(300888)线上布局：持续放量和盈利的中流砥柱,新浪
361,2021-05-21,纺织服装5月投资策略：行业供需两旺 关注绩优龙头,新浪
362,2021-05-21,[快讯]稳健医疗陈惠选：线下门店疫情期间遭受挑战，但角色依然重要,全景网
363,2021-05-21,[公司]稳健医疗陈惠选：没有数字化的零售商相当于处在“盲区”,全景网
364,2021-05-21,[快讯]稳健医疗董秘：公司参与了14项国家及行业标准制定,全景网
365,2021-05-21,深交所“走进稳健医疗”线上活动即将开启 零距离探访公司生产基地,证券时报网
366,2021-05-20,分红潮起，A股进入“抢权”时间,Wind
367,2021-05-19,5月21日走进稳健医疗，探访医疗大健康领军企业！|全景云调研,全景网
368,2021-05-19,晨会聚焦210519重点关注华测导航、银行理财、汽车汽配、房地产、纺织服装、扬农化工、中兵红箭、华峰化学、中国移动,国信研究
369,2021-05-19,东亚早八点：Q1集成电路产业运行点评｜5月20日,新浪
370,2021-05-19,稳健医疗股价“不稳健” 景顺长城“不太顺”,第一财经
371,2021-05-18,稳健医疗：目前未出现出口业务大幅增加的状况,每日经济新闻
372,2021-05-18,稳健医疗股价“过山车”，景顺长城重仓难逃“颠簸”,第一财经
373,2021-05-18,引领高质量发展·聚焦深市业绩说明会丨“三创”“四新”定位凸显，业绩说明会增进创业板公司与投资者交流沟通,证券时报
374,2021-05-18,创业板“三创四新”定位凸显 说明会增进与投资者交流沟通,全景网
375,2021-05-18,深交所召开上市公司集体业绩说明会 5家创业板公司与投资者“零距离”互动,证券日报
376,2021-05-17,五公司齐聚创业板 “集体业绩说明会”：详解“三创”“四新”业务布局 搭建企业与投资者沟通桥梁,21世纪经济报道
377,2021-05-17,IPO日报四周年巨献：觅A股四十新星,国际金融报
378,2021-05-14,[路演]稳健医疗：境外常规业务在一季度已经取得全面恢复,全景网
379,2021-05-14,分红潮来了！7家高送转，6家高派现，百家股权登记,Wind
380,2021-05-14,听说红杉资本要送钱帮助卫龙上市？没关系 我们纺织界也有资本相中的大佬！,全球纺织网
381,2021-05-14,相信品牌力量，享受产品魅力 稳健医疗亮相上海CMEF,和讯
382,2021-05-13,稳健医疗(300888.SZ)拟实施每10股派18元 于5月20日除权除息,智通财经
383,2021-05-13,稳健医疗(300888.SZ)2020年度权益分派10派18元股权登记日为5月19日,格隆汇
384,2021-05-13,稳健医疗(300888)：疫情催化医疗板块高增 渠道+用户+品牌能力沉淀驱动长期发展,新浪
385,2021-05-13,用心打造国货好棉，全棉时代荣获第十八届“深圳知名品牌”,深圳新闻网
386,2021-05-12,稳健医疗被联合国工业发展组织评为“国际信誉品牌”,证券日报网
387,2021-05-11,60岁及以上人口突破2.6亿 A股养老、二胎概念股闻声而动,21世纪经济报道
388,2021-05-11,人口老龄化加深，“银发经济”风云再起,Wind
389,2021-05-10,纺织服装双周报202106期：消费景气订单充足 布局绩优龙头,新浪
390,2021-05-10,晨会聚焦210510重点关注通信、计算机、保险、钢铁、汽车汽配、社会服务、纺织服装、证券、医药、家电,国信研究
391,2021-05-10,270个品牌 300+创新成果，即将亮相第五届深圳国际品牌周！,电力电子产业网
392,2021-05-08,两大榜单首发！深圳国际品牌周即将发布湾区品牌创新成果,北国网
393,2021-05-08,深圳国际品牌周5月11日开幕，24场活动聚焦品牌与数字经济,证券之星
394,2021-05-07,天风证券维持稳健医疗买入评级：21Q1继续高增，医用产能扩张+全渠道融合见成效,每日经济新闻
395,2021-04-30,西南证券维持稳健医疗买入评级：盈利能力稳定，渠道协同发力,每日经济新闻
396,2021-04-30,405股获券商买入评级，桐昆股份目标涨幅达107.17%,Wind
397,2021-04-29,机构强烈推荐32只个股-更新中,中财网
398,2021-04-28,物以稀为贵！超六成公司分红，高送转成香馍馍,Wind
399,2021-04-28,国信证券：稳健医疗(300888.SZ)医疗与消费业务齐头并进，维持“买入”评级,智通财经
400,2021-04-28,稳健医疗(300888)重大事件快评：Q1高增长延续 医疗与消费业务齐头并进,新浪
401,2021-04-28,稳健医疗：医疗、消费品并驾齐驱，一季度业绩延续高增长【华西轻工徐林锋团队】,轻工锋尚
402,2021-04-28,95股今日获机构买入评级,证券时报网
403,2021-04-28,稳健医疗(300888)2021年一季报点评：业绩表现优异 医疗和消费均实现快增,新浪
404,2021-04-27,华西证券维持稳健医疗买入评级：医疗、消费品并驾齐驱，一季度业绩延续高增长,每日经济新闻
405,2021-04-27,中信证券：稳健医疗业绩表现优异，医疗和消费均实现快增,Wind
406,2021-04-27,国盛证券维持稳健医疗买入评级：2021Q1势头持续，收入/业绩增长超50%,每日经济新闻
407,2021-04-27,每日“药”闻|百济神州2020年亏损15.97亿美金；长效RSV抗体三期临床成功,读懂财经
408,2021-04-27,轻工制造行业周报：财报之后挖掘真成长 家居看品类家护看渠道,新浪
409,2021-04-27,中信证券：稳健医疗业绩表现优异，医疗和消费均实现快增,证券时报网
410,2021-04-27,【浙商马莉/林骥川】稳健医疗：海外疫情需求利好防疫耗材，全棉时代21年扩张提速,纺服新消费马莉团队
411,2021-04-26,稳健医疗：一季度净利润同比增长50.74%,Wind
412,2021-04-26,稳健医疗：一季度净利润4.81亿元同比增长51%,格隆汇
413,2021-04-26,稳健医疗(300888.SZ)一季度归母净利同比增50.74%至4.81亿元,智通财经
414,2021-04-25,【纺织服装】每周策略20210426：一季报多数龙头表现亮眼，二季度行业有望延续复苏脚步,时尚消费志
415,2021-04-23,业绩爆棚！600亿消费白马增长接近600%！后疫情时代，这些风口上的防疫明星还能飞多久?,全景网
416,2021-04-23,600亿消费白马稳健医疗净利增长近600%这些风口上的防疫明星能飞多久?,全景网
417,2021-04-23,195股获券商买入评级 天下秀目标涨幅达141.51%,Wind
418,2021-04-22,稳健医疗：2020年净利增长近6倍 更奠定“提档升级”基础,经济观察网
419,2021-04-22,长城证券--稳健医疗2020年报点评：防疫物资驱动业绩高增，消费品业务私域流量开拓顺利【公司研究】,金融界股吧
420,2021-04-21,国盛证券--稳健医疗：2020年把握机遇，长期潜力驱动2021【公司研究】,金融界股吧
421,2021-04-21,稳健医疗：2020年归母净利润劲增近6倍 医疗消费协同效应凸显,证券时报网
422,2021-04-21,新时代证券--稳健医疗2020年年度报告及一季度业绩预告点评：医用敷料持续突破，全棉时代扩张带动新一轮成长【公司研究】,金融界股吧
423,2021-04-21,东北证券--稳健医疗：双轮驱动，2020年全年业绩高增长【公司研究】,金融界股吧
424,2021-04-20,稳健医疗去年净利暴涨近600%，四季度前十大流通股东9家减持 减持股份,环球老虎财经
425,2021-04-20,稳健医疗年报业绩猛涨 拟每10股派发现金股利18元,经济观察网
426,2021-04-20,稳健医疗：医用耗材业务行业领军，健康生活板块大幅增长,云掌财经
427,2021-04-20,每日“药”闻|恒瑞医药去年营收277亿，同比增长19%；石药集团PI3K抑制剂申请上市,云掌财经
428,2021-04-20,稳健医疗去年净利38亿 四季度前十大流通股东9家减持 减持股份,中国经济网
429,2021-04-20,稳健医疗低开高走：2020年净利增6倍 分红方案遭吐槽,中新经纬
430,2021-04-19,稳健医疗2020年度净利同比增598% 拟10派18元,上证报
431,2021-04-19,稳健医疗(300888.SZ)2020年度净利润升597.5%至38.1亿元拟10派18元,格隆汇
432,2021-04-19,稳健医疗：预计一季度净利润同比增50.37%-57.12%,Wind
433,2021-04-19,稳健医疗(300888.SZ)年度归母净利同比增597.50%至38.1亿元 拟10股派18元,智通财经
434,2021-04-19,稳健医疗：一季度预计净利润同比增长44.29%~56.83%,Wind
435,2021-04-19,稳健医疗：2020年度净利同比增长597.5%拟10派18元,格隆汇
436,2021-04-19,稳健医疗：2020年净利润同比增长597.5%,Wind
437,2021-04-13,国盛证券--稳健医疗：消费+医疗并进，持续创造社会价值【公司研究】,金融界股吧
438,2021-04-12,商业贸易行业周报：重点公司一季报前瞻 关注稳健增长个股,新浪
439,2021-04-12,稳健医疗与武汉纺织大学签订校企合作，共同培养医用敷,中国工业报
440,2021-04-09,两市百元股数量达134只，医药生物行业占比最高,证券之星
441,2021-04-09,稳健医疗亮相第三届健博会，发布伤口护理医用敷料新品,消费日报网
442,2021-04-08,“深圳知名品牌”“国际信誉品牌”向你奔赴而来！,深圳家具网
443,2021-04-06,纺织服装双周报202104期：行业维持景气 “国产替代”明显,新浪
444,2021-04-06,【华创轻工纺服】聚焦轻工2021年一季报前瞻：造纸行业景气显着提升，家居珠宝消费明显回暖,风轻龙跃
445,2021-04-02,一周纺织股大事|3月29日-4月2日 纺织服装板块持续活跃 美邦服饰七连涨 国货品牌向好,全球纺织网
446,2021-04-02,纺织服装再度活跃，消费旺季来临，关注国货机遇,证券时报网
447,2021-04-01,晨会聚焦210401重点关注纺织服装、医药生物、安克创新、药明康德、新和成、卓胜微、中芯国际-U、华熙生物、周大生、宇信科技,国信研究
448,2021-03-30,重磅！“千亿顶流”基金隐形重仓股名单来了,Wind
449,2021-03-30,张坤、刘格菘……顶流基金经理“隐形重仓股”曝光,Wind
450,2021-03-30,晨会聚焦210330重点关注机械行业、纺织服装行业、汽车行业、线上零售、华荣股份、芯原股份-U、广汽集团,国信研究
451,2021-03-30,纺织服装行业重大事件快评：把握新时代下纺织服装行业的大机遇,国信研究
452,2021-03-30,爆发式需求吸引资本涌入，国货美妆全产业链掀IPO热潮,Wind
453,2021-03-27,一周研读｜紧扣通胀和美债利率趋势提前布局,中信证券研究
454,2021-03-26,国货当自强之二：今天的国牌真的很不错,新浪
455,2021-03-26,稳健医疗（300888）｜千亿市值并不遥远：夯实基础，追求卓越,中信证券研究
456,2021-03-26,【国元研究丨国元晨观】20210326,国元策略
457,2021-03-25,稳健学院在京创建 助力医护人员降低职业暴露风险,中证网
458,2021-03-25,医护人员职业防护教育需加强 以降低职业暴露风险,中国经济网
459,2021-03-25,东方证券给予稳健医疗增持评级，消费+医疗双轮驱动，后疫情时代迎来更大机遇,每日经济新闻
460,2021-03-25,中信证券：H&M发表荒谬声明 明确利好优秀国产服装品牌(股),新浪
461,2021-03-25,纺织服装行业重大事项点评-国货当自强：中国服装品牌快速崛起,新浪
462,2021-03-25,服装概念股大涨，H&M遭全网抵制，把握国产品牌崛起机会,第一财经
463,2021-03-23,商业贸易行业：1-2月社零高增长 黄金珠宝化妆品等可选消费表现靓丽,新浪
464,2021-03-19,稳健医疗(300888)：WINNER品牌升级产品完善 全棉拓店创新 开启新一轮成长,新浪
465,2021-03-19,A股周线4连跌，48只大白马股回撤超30%,Wind
466,2021-03-19,IPO政策趋严！次新、重组股闻“风”起舞,Wind
467,2021-03-18,业绩超预期，股价却破发：大数据寻找错杀品种,Wind
468,2021-03-17,芯片传来大消息，大资金杀入，看低估值高增长股名单,Wind
469,2021-03-17,A股融资融券日报：两融余额减少12.77亿元（3月16日）,Wind
470,2021-03-16,稳健医疗跌3.5% 上月中信证券喊目标价235元,中国经济网
471,2021-03-16,商业贸易行业：1-2月社零受低基数影响高增长 黄金珠宝等可选消费表现靓丽,新浪
472,2021-03-16,零售、轻工日化行业：1-2月社零较2019年同期+6.4% 消费延续恢复性增长态势,新浪
473,2021-03-15,全棉时代旗下“奈丝公主”被重庆市消委会检出重金属砷 回应称“产品合格，使用没问题”,中国网
474,2021-03-15,轻工制造行业：生活用纸终端价格略涨 重视原材料涨价下龙头配置价值,新浪
475,2021-03-15,下周103亿市值限售股解禁，环比增加145.12% 解禁,Wind
476,2021-03-14,稳健医疗：约296.57万股限售股3月17日解禁 解禁,每日经济新闻
477,2021-03-14,稳健医疗(300888.SZ)：296.5739万股限售股将解禁 解禁,格隆汇
478,2021-03-14,下周操盘攻略：理性看待牛市回撤，控制预期,Wind
479,2021-03-14,下周解禁市值超100亿，解禁前夕，17股发布业绩预告 解禁,上游新闻
480,2021-03-14,下周26只股票面临解禁 17股发布业绩预告（附名单） 解禁,证券之星
481,2021-03-14,A股首例！60万顶格罚款成历史，首张千万罚单落地，公司实控人被罚11年薪水！下周解禁名单出炉 关联方问题,搜狐
482,2021-03-08,纺织服装行业：关注A股纺织服装行业上半年的投资机会,广发证券
483,2021-03-08,轻工制造行业：成本推动下游纸价高涨 行情仍处于上升阶段 关注业绩超预期,新浪
484,2021-03-08,稳健医疗业绩预喜股价却暴跌 “后疫情时代”盈利能否持续仍是谜 盈利能力下降,投资者网
485,2021-03-08,合计募资近5万亿 注册制下321股圆梦A股,北京商报
486,2021-03-07,注册制下321股圆梦A股合计募资近5万亿,北京商报
487,2021-03-05,16家公司获逾100家机构集中调研，它们是谁？,Wind
488,2021-03-05,774家公司全年业绩预增,证券之星
489,2021-03-04,稳健医疗跌6.8% 上月中信证券喊目标价235元,中国经济网
490,2021-03-02,1996家公司预告全年业绩 785家预增,证券之星
491,2021-03-01,稳健医疗：公司在去年棉价较低时已经锁定大部分棉花远期价格,每日经济新闻
492,2021-03-01,顺周期关注度提升，机构称3月基本面修复趋势延续,Wind
493,2021-03-01,医药生物仍是机构2月份密集调研的重点行业 15只个股受关注,制药网
494,2021-02-25,纺织服装行业年度与季度业绩前瞻：疫情大考下优势企业格局优化,新浪
495,2021-02-25,九个高瓴资本调研的公司,云掌财经
496,2021-02-25,2194家公司预告全年业绩 899家预增,证券之星
497,2021-02-25,41家公司获机构调研（附名单）,证券时报网
498,2021-02-24,稳健医疗跌7.5% 5天前中信证券喊目标价235元,中国经济网
499,2021-02-24,全年业绩高增长股提前看，624股净利润增幅翻倍,证券之星
500,2021-02-21,轻工制造行业周报：预计各细分板块加速回暖 关注造纸景气抬升 家居珠宝消费回暖,新浪
501,2021-02-19,稳健医疗跌7.75% 中金公司中信证券上月末唱多,中国经济网
502,2021-02-19,2月19日晚间重要行业研究汇总(附股),中金在线
503,2021-02-19,南向资金罕见净卖出，后市如何走？机构火线解读,证券时报网
504,2021-02-19,纺织服装双周报202101期：1月线上销售大增，春节消费景气,国信研究
505,2021-02-19,晨会聚焦210219重点关注纺织服装双周报,国信研究
506,2021-02-10,券商评级丨机构首次青睐这些个股 这只股有49%上涨空间,第一财经
507,2021-02-10,晨会聚焦210210重点关注稳健医疗、基本金属周观点、农林牧渔行业周报、比亚迪、希望教育,国信研究
508,2021-02-10,稳健医疗（300888）深度报告：一朵棉花坚持初心，国民品牌新生力量,国信研究
509,2021-02-09,纺织服装行业2020年报前瞻：冷冬晚春奠定开门红 戴维斯双击在即,新浪
510,2021-02-09,国信证券给予稳健医疗买入评级，一朵棉花坚持初心，国民品牌新生力量,每日经济新闻
511,2021-02-08,轻工制造2020年报业绩前瞻：需求向上，逐季改善，龙头领跑【华西轻工徐林锋团队】,轻工锋尚
512,2021-02-08,消费产业周报：本地消费活跃 静待牛年开启,新浪
513,2021-02-08,轻工制造行业投资周报：超配家居板块 持续聚焦造纸龙头,新浪
514,2021-02-05,“时尚女魔头”进军投资界，网友：一个时代结束了,中国基金报
515,2021-02-04,深市业绩预披露结果喜人，新兴产业增长动能强劲,Wind
516,2021-02-04,银行理财子公司积极瞄准权益赛道,Wind
517,2021-02-03,【山证两融】融资融券周报(20210125-20210129)2021年第5期,山西证券研究所
518,2021-02-02,33股获20家以上机构调研 领益智造最受关注,证券时报网
519,2021-02-02,首月“摸底”219家公司 公募偏爱年报“预喜”股,投资快报
520,2021-02-01,29股获20家以上机构调研 稳健医疗最受关注,证券时报网
521,2021-02-01,13亿市值A股公司涉案400亿，锂电大牛股获机构扎堆调研,证券时报网
522,2021-01-31,被评“买入”却周跌4.46% 5家百亿私募现身 199家机构扎堆调研这家企业,21世纪经济报道
523,2021-01-30,机构扎堆调研29家公司 稳健医疗最受青睐,第一财经
524,2021-01-29,近20年来增速最快，2020年度沪深两市纺服企业密集上市,中国纺织报
525,2021-01-29,1年18家纺织服装企业上市，纺织行业进入了“上市”密集期,全球纺织网
526,2021-01-29,稳健医疗向河北无偿捐赠防疫物资，助力打好抗疫“守卫战”,电鳗快报
527,2021-01-29,稳健医疗：医疗业务未来会与全棉时代并驾齐驱,e公司
528,2021-01-28,稳健医疗以棉花生产医疗用品，助力环境保护,电鳗快报
529,2021-01-28,709家公司全年业绩预增,证券之星
530,2021-01-27,业绩受益疫情、产品问题频出的稳健医疗 运气确实值得“凡尔赛”,新浪
531,2021-01-27,严把质量关，是稳健医疗人的信念,电鳗快报
532,2021-01-27,稳健医疗：三十年磨一剑，秉承着“稳健”信念前行,消费日报网
533,2021-01-27,1292家公司预告全年业绩 644家预增,证券之星
534,2021-01-26,深市近半数公司推出股权激励，超两成推出多期激励计划,第一财经
535,2021-01-26,稳健医疗(300888)：医疗、消费协同发力 上调目标价并重申TOP PICK,新浪
536,2021-01-26,2020年创业板IPO盘点：募资总额近900亿 “注册制”来势凶猛,发现网
537,2021-01-26,598家公司全年业绩预增,证券之星
538,2021-01-25,消费产业周报(2021.1.18-1.22)：鼓励就地过节 利好居家、线上、出口,新浪
539,2021-01-25,轻工制造行业投资周报：竣工与销售回暖支撑后周期消费释放 优质资产估值有望加速回归,新浪
540,2021-01-25,稳健医疗(300888)：深耕消费 突围医疗,新浪
541,2021-01-25,524家公司全年业绩预增,证券之星
542,2021-01-25,“最牛A股”业绩炸天！净利暴增近40倍，千亿市值这样炼成,证券时报网
543,2021-01-25,稳健医疗(300888)：一朵棉花切中诉求 品类门店横拓放量,新浪
544,2021-01-22,1030家公司预告全年业绩 473家预增,证券之星
545,2021-01-22,百元股数量创历史新高，67股获北上资金增持,Wind
546,2021-01-21,65股携上证指数创新高，业绩成走牛关键,Wind
547,2021-01-21,全年业绩高增长股提前看，243股净利润增幅翻倍,证券之星
548,2021-01-21,零售行业：消费数据跟踪2021年第一期：消费增长逐季恢复 离岛免税高增长,新浪
549,2021-01-20,全年业绩高增长股提前看，229股净利润增幅翻倍,证券之星
550,2021-01-20,稳健医疗（300888）：医用低值耗材发展元年，业务价值有望重估,中信证券研究
551,2021-01-20,【东北轻工唐凯/钟天皓】稳健医疗（300888）业绩预告点评：防疫需求推升全年业绩，双轮驱动长期成长性强,东北证券研究所
552,2021-01-19,零售、轻工日化行业：12月社零+4.6%略有放缓 必选与消费升级品类表现较优,新浪
553,2021-01-19,402家公司全年业绩预增,证券之星
554,2021-01-19,纺织服装行业：龙头预告业绩向好 局部疫情不改冬装消费旺季向上走势,新浪
555,2021-01-18,轻工制造行业：博汇纸业拟定增提升综合实力 公牛与华为签署战略协议,新浪
556,2021-01-18,全年业绩高增长股提前看，198股净利润增幅翻倍,证券之星
557,2021-01-15,[直播]稳健医疗代碧新：弘扬抗疫精神 为社会创造更大价值,全景网
558,2021-01-15,334家公司全年业绩预增,证券之星
559,2021-01-15,44股获券商买入评级，德林海目标涨幅达148.88%,Wind
560,2021-01-14,全棉时代APP遭广东责令整改 为稳健医疗全资子公司 其他违规处罚,中国经济网
561,2021-01-14,稳健医疗(300888)：防疫需求推升全年业绩 双轮驱动长期成长性强,新浪
562,2021-01-14,314家公司全年业绩预增,证券之星
563,2021-01-14,【山证两融】融资融券周报(20210104-20210108)2021年第2期,山西证券研究所
564,2021-01-13,全棉时代为什么要一再“凡尔赛式”道歉，母公司稳健医疗狂赚36亿,中国经济周刊
565,2021-01-13,稳健医疗(300888)跟踪点评：年报业绩预告发布 Q4继续展现亮眼业绩,新浪
566,2021-01-13,稳健医疗(300888)：全年业绩高增长符合预期 疫情年为中长期发展进化里程碑,新浪
567,2021-01-13,稳健医疗(300888)：公布20年业绩预告 看好防疫物资21H1表现,广发证券
568,2021-01-13,稳健医疗(300888)公司信息更新报告：全年业绩符合市场预期 疫情反复带动防疫物资需求提升,新浪
569,2021-01-13,2020年IPO战绩出炉 九家创投企业斩获超10家IPO 高瓴、红杉、深创投位列前三,金融界
570,2021-01-13,A股融资融券日报：两融余额增加108.41亿元（1月12日）,Wind
571,2021-01-13,769家公司预告全年业绩 294家预增,证券之星
572,2021-01-13,轻工制造双周报21年1期：木浆系快速上涨推荐洁柔、太阳 悦刻递交招股书持续关注思摩尔,新浪
573,2021-01-12,沃特股份高送转一夜变卦，逾30只个股有高送转潜力（附名单）,第一财经
574,2021-01-12,2020年净利大幅预增，稳健医疗上涨6.7%，盘中再创新高,证券时报网
575,2021-01-12,稳健医疗(300888)2020年业绩预告点评：业绩亮眼符合预期 长期看好逻辑不改,新浪
576,2021-01-12,稳健医疗(300888)：业绩复合预期 防疫用品收入持续高增,新浪
577,2021-01-12,纺织服装行业周观点报告：多家公司回购股权 “冷冬”来袭利好服装行业,新浪
578,2021-01-12,羞辱女性广告背后：全棉时代背靠755亿上市公司，为其贡献六成收入,钛媒体
579,2021-01-12,稳健医疗年度业绩预告：净利润超30亿元 较上年翻5倍,新浪
580,2021-01-12,最新业绩暴增股岀炉！爆雷股也来了，7亿商誉清零,证券时报网
581,2021-01-12,全棉时代母公司稳健医疗去年净利预增568％-623％,北京商报
582,2021-01-12,稳健医疗：防疫用品业务爆发带动业绩大增，全棉时代业务后续大有可为【华西轻工徐林锋团队】,轻工锋尚
583,2021-01-12,全年业绩高增长股提前看，148股净利润增幅翻倍,证券之星
584,2021-01-12,业绩爆雷公司来了，金城医药7亿商誉直接清零！“预亏王”巨亏超30亿 预亏,证券时报网
585,2021-01-12,每日“药”闻|22亿美元，百济神州创中国药企License-out记录；礼来股价大涨,读懂财经
586,2021-01-12,【国金晨讯】酒类、通信2021年度投资策略；A股抱团专题：机构抱团的“起承转合”,国金证券研究所
587,2021-01-12,多股年报净利预增超300% 这些股业绩爆雷(附名单),证券时报
588,2021-01-12,最新业绩暴增股滚烫岀炉！多股年报净利预增超300%，业绩爆雷股也来了，7亿商誉直接清零,证券时报网
589,2021-01-12,上市公司正负面新闻2021年1月12日星期二,Wind
590,2021-01-11,稳健医疗：2020年净利预增568%-623%,e公司
591,2021-01-11,稳健医疗：预计2020年净利润同比增长568%-623%,Wind
592,2021-01-08,我国卫生巾市场渗透率超90% 2021卫生巾行业未来投资规模预测,中研网
593,2021-01-07,2020VCPE盘点：红杉的26个IPO,亿邦动力
594,2021-01-07,2020，红杉的26个IPO,36氪
595,2021-01-06,维尼健康创业板IPO 客户结构大调整致毛利率下滑近3个百分点 盈利能力下降,和讯
596,2021-01-06,奥美医疗多名大股东接连终止减持 压力重重之下经营业务求变 减持股份,投资者网
597,2021-01-05,纺织服装行业：11月纺织品服装出口数据及服装家纺社零数据点评,广发证券
598,2021-01-04,33股获券商买入评级，汇顶科技目标涨幅达52.23%,Wind
599,2021-01-01,轻工制造行业个护专题：国产质造崛起 国货迎黄金期,西南证券
600,2020-12-31,维尼健康与全棉时代步入“冷静期” 订单下降拖累毛利率 盈利能力下降,GPLP犀牛财经
601,2020-12-31,稳健医疗(300888)：匠心“全棉”差异化定位 电商放量产品力凸显,新浪
602,2020-12-30,【国元零售】消费数据跟踪2021年第一期：消费增长逐季恢复，离岛免税高增长,典评文娱
603,2020-12-29,医疗健康赢下2020！66支新股上市，260余起融资，生物医药成“最靓的仔”,时代在线
604,2020-12-29,轻工制造行业双周报20年26期：美国互联网床垫品牌大PK 持续推荐梦百合,新浪
605,2020-12-27,轻工制造行业周报聚焦稳健医疗医用敷料业务：生产技术赋能品牌 疫情催化焕发生机,新浪
606,2020-12-24,李建：这样建立市值755亿的棉花王国,中国企业家网
607,2020-12-23,湿巾健康护理市场新宠 全棉时代多片装婴童0添加湿巾上市,凤凰网
608,2020-12-23,A股融资融券日报：两融余额增加2.44亿元（12月22日）,Wind
609,2020-12-22,稳健医疗(300888.SZ)首次授予583.3万股 授予价格为每股72.5元,智通财经
610,2020-12-22,医疗保健板块走高，南卫股份涨停,Wind
611,2020-12-22,稳健医疗股权激励计划获通过 护航业绩稳健增长,时代在线
612,2020-12-21,安永企业家奖2020中国大奖揭晓 稳健医疗董事长李建全获奖,中证网
613,2020-12-17,疫情下“口罩龙头”业绩爆发，明年靠什么撑起近700亿市值？ 稳健医疗董事长李建全：产品性价比高，会开发更多产品进入更多渠道,每日经济新闻
614,2020-12-17,稳健医疗股权激励计划获股东大会通过 后疫情时期增长信心不减,e公司
615,2020-12-17,疫情下业绩爆发的“口罩龙头”，明年靠什么撑起700亿市值？稳健医疗董事长这样说,每日经济新闻
616,2020-12-17,疫情后业绩高增长能否持续？稳健医疗董事长李建全这样说,每日经济新闻
617,2020-12-16,森马服饰||高管增持彰显公司长远发展信心，业绩持续复苏,吕明可选消费研究
618,2020-12-16,"可孚医疗IPO：费用压缩有术 销售人员年薪远逊""近邻""",新浪
619,2020-12-16,轻工制造11月社零数据点评：珠宝类增速冲高家具延续分化 重点推荐梦百合,新浪
620,2020-12-12,稳健医疗：坐拥全棉时代 增长到底稳不稳？,IPO早知道
621,2020-12-11,稳健医疗(300888.SZ)：拟开展远期结售汇业务,格隆汇
622,2020-12-09,[路演]稳健医疗：产品主要出口日本、韩国及东南亚等国家,全景网
623,2020-12-08,A股融资融券日报：两融余额增加35.7亿元（12月7日）,Wind
624,2020-12-07,赚钱王又来：这些大肉签你中了几只？,Wind
625,2020-12-07,可选消费行业2021年策略报告（1）：顺应渠道变革方向,吕明可选消费研究
626,2020-12-07,纺织服装行业：四季度板块个股明显活跃 行业复苏趋势下推荐龙头的超额收益机会,新浪
627,2020-12-07,轻工制造行业：保碧基金赋能优质供应链 竣工周期加快C端需求弹性,新浪
628,2020-12-07,稳健医疗注册资本增至4.26亿，增幅达13.28%,企查查
629,2020-12-07,稳健医疗：股权激励推出 彰显中长期发展信心,财富动力网
630,2020-12-04,稳健医疗(300888.SZ)已完成工商变更登记,智通财经
631,2020-12-03,25股获券商买入评级 招商蛇口目标涨幅达55.21%,Wind
632,2020-12-02,42股今日获机构买入评级7股上涨空间超20%,证券时报网
633,2020-12-02,13股获买入评级 最新:稳健医疗,中财网
634,2020-12-02,稳健医疗首推股权激励方案 瞄准长期可持续发展,证券日报网
635,2020-12-01,稳健医疗(300888)重大事项点评：中长期股权激励充分 凝聚力增强稳健前行,新浪
636,2020-12-01,稳健医疗(300888)：推出股权激励助力长期发展 超募资金加码产能建设,新浪
637,2020-12-01,稳健医疗、紫光学大等股今日获机构买入型评级,证券时报网
638,2020-12-01,稳健医疗现1笔大宗交易 共成交486.41万元,新浪
639,2020-12-01,稳健医疗今日大宗交易成交4.05万股，成交价120.1元折价20.22%,Wind
640,2020-12-01,38股今日获机构买入评级7股上涨空间超20%,证券时报网
641,2020-12-01,裕同科技||业绩预告符合预期，短期扰动带来长期布局机会,吕明可选消费研究
642,2020-12-01,14公司获得增持评级-更新中,中财网
643,2020-12-01,【长城轻工张潇团队】*稳健医疗*动态点评：大范围股权激励绑定核心人才，高目标彰显发展信心,张潇的轻工消费洞察
644,2020-12-01,稳健医疗(300888)：推出股权激励计划 确立2021年收入目标,广发证券
645,2020-12-01,纺织服装行业：10月纺织品服装出口数据及服装家纺社零数据点评,广发证券
646,2020-12-01,【国金晨讯】卫星视角：集装箱船为什么堵了？环保2021年度策略：看好固废和水务，多点布局精选个股,国金证券研究所
647,2020-12-01,28股获券商买入评级 博睿数据目标涨幅达82.67%,Wind
648,2020-11-30,稳健医疗||发布股权激励计划彰显信心，扩产能巩固领先地位,吕明可选消费研究
649,2020-11-30,稳健医疗(300888)：推出股权激励计划助力可持续成长 重申TOP PICK,新浪
650,2020-11-30,稳健医疗(300888)：拟实施股权激励 助力后疫情时代新一轮成长,新浪
651,2020-11-30,稳健医疗(300888)：发布限制性股票激励计划 实现员工绑定激发干劲,新浪
652,2020-11-30,浙商消费 | 稳健医疗：股权激励订立高考核目标，彰显长足发展信心,纺服新消费马莉团队
653,2020-11-29,稳健医疗(300888.SZ)拟使用超募资金中的4亿元用于投资嘉鱼科技产业园项目,格隆汇
654,2020-11-29,上市公司拟6亿元新洲区阳逻投资医疗项目扩建,搜狐
655,2020-11-29,稳健医疗(300888.SZ)：拟以部分募集资金对子公司增资暨变更募投项目实施主体等,格隆汇
656,2020-11-29,稳健医疗(300888.SZ)：拟授予限制性股票650万股,格隆汇
657,2020-11-29,稳健医疗(300888.SZ)：拟增加经营范围如保健用品、智能家居等,格隆汇
658,2020-11-29,稳健医疗推半价限制性股票激励计划,北京商报
659,2020-11-29,稳健医疗(300888.SZ)拟使用6亿元超募资金用于投资武汉稳健二期扩建项目,智通财经
660,2020-11-29,稳健医疗(300888.SZ)拟向激励对象授予650万股限制性股票 授予价为72.5元/股,智通财经
661,2020-11-28,稳健医疗：“消费+医疗”双轮驱动 医用敷料高端产品市场空间广阔,巨丰财经
662,2020-11-27,稳健医疗(300888)调研快报：全棉正在改变世界,新浪
663,2020-11-27,【早安新时代】晨会早读2020/11/27： 今日关注福晶科技、稳健医疗、东方财富,新时代证券研究
664,2020-11-26,胡润中国五百强民营企业榜单发布，深圳59家入榜，腾讯第一,南都报
665,2020-11-25,湖北口罩小镇的轮回：风来了，少于1亿不叫赚；风走了，百万存货压仓,每日经济新闻
666,2020-11-25,靠“棉花”年赚30亿，他如何成为医用辅料大王？,药智网
667,2020-11-25,31股获券商买入评级，泛亚微透目标涨幅达82.86%,Wind
668,2020-11-25,创业板注册制下上市公司平均发行市盈率走低，目前降至34倍,Wind
669,2020-11-23,【华创轻工纺服】稳健医疗（300888）深度研究报告 医用敷料行业：深度溯源探前路，疫情催化焕生机,风轻龙跃
670,2020-11-22,纺服双周报||疫情局部反复催化防疫物资需求提升，RCEP签署利好纺服行业出口,吕明可选消费研究
671,2020-11-19,稳健医疗(300888)：消费品业务进入发力成长期 看好公司大健康领域发展前景,新浪
672,2020-11-18,纺织服装行业点评：10月服装社零数据环比增3.9PCT 行业景气度持续回升,新浪
673,2020-11-17,稳健医疗：前三季度累计为海内外输送各类口罩约20亿只,证券时报网
674,2020-11-17,零售、轻工日化行业：10月社零+4.3%进一步回暖 线上渠道与消费升级品类表现较优,新浪
675,2020-11-16,为时代贡献专业力量，稳健集团参与公共卫生改革,凤凰网
676,2020-11-16,轻工制造双周报20年23期：双十一欧派、索菲亚、洁柔表现突出 持续推荐敏华、梦百合、顾家,新浪
677,2020-11-14,波司登||双十一全渠道表现出色，持续推进新零售运营和数字化转型,吕明可选消费研究
678,2020-11-13,轻工行业投资策略：聚焦景气向上 把握跨境电商新机遇,新浪
679,2020-11-13,A股融资融券日报：两融余额增加3.35亿元（11月12日）,Wind
680,2020-11-12,第二届健博会开幕，全棉时代携手稳健医疗构建“健康命运共同体”,凤凰网
681,2020-11-12,稳健医疗：全棉时代双11交易额6.6亿创新记录,Wind
682,2020-11-12,稳健医疗：全棉时代双11交易额6.6亿创新记录,e公司
683,2020-11-12,A股融资融券日报：两融余额减少30.05亿元（11月11日）,Wind
684,2020-11-12,抗疫企业齐聚健博会,上证报
685,2020-11-11,纺织服装行业2020年三季度回顾：服装消费回暖拐点显现 Q4有望高增长,新浪
686,2020-11-11,第二届健博会开幕，抗疫馆长单位稳健医疗展示“全球抗疫样本”,凤凰网
687,2020-11-11,轻工制造2020三季报总结：Q3业绩靓丽 家具全面复苏首推梦百合,新浪
688,2020-11-11,轻工制造双周报20年22期：透过名创优品看九木成长空间 持续推荐晨光、梦百合、飞亚达,新浪
689,2020-11-11,可选消费行业-2021年展望：长短期结合 聚焦优势赛道,新浪
690,2020-11-11,A股融资融券日报：两融余额增加29.94亿元（11月10日）,Wind
691,2020-11-11,前三季度整体业绩亮眼 成创业板11周年“生日礼”,证券日报
692,2020-11-10,轻工行业双周报：10月家具出口数据出炉 继续保持高增,西南证券
693,2020-11-10,A股融资融券日报：两融余额增加135.55亿元（11月9日）,Wind
694,2020-11-08,纺服双周报||双十一后南极电商GMV有望恢复，继续看好运动、休闲龙头,吕明可选消费研究
695,2020-11-06,新股初探 | 稳健医疗,宏赫臻财
696,2020-11-06,【读财报】41家创业板注册制公司三季度全盈利，业绩优于全板均值,面包财经
697,2020-11-06,【读财报】41家创业板注册制公司前三季度“成绩单” ：全部实现盈利 均值高于全板平均水平,面包财经
698,2020-11-05,王宏利率队调研深圳市龙华区稳健医疗、隆利科技等3家企业数字化转型发展情况,中国发展网
699,2020-11-02,健盛集团||疫情影响前三季度业绩承压，订单回流期待业绩回弹,吕明可选消费研究
700,2020-11-02,裕同科技||业绩短期波动不改长期趋势，多元布局稳步发展,吕明可选消费研究
701,2020-11-02,创业板注册制上市公司首份“成绩单”：41家全部盈利 金龙鱼贡献近八成营业收入,挖贝网
702,2020-11-02,三季报亮眼，注册制次新股强势上涨，大涨之后还能追么？,第一财经
703,2020-11-02,11月200只券商金股大梳理，哪类股热度最高,证券时报网
704,2020-11-02,稳健医疗发布第三季报 上市后如何“稳中求健”？,中国经营报
705,2020-11-02,11月金股来了！10股获多家券商一致推荐，21股业绩翻倍，最猛增长超2000%，多只低估值绩优股在列（附股）,证券时报
706,2020-11-02,创业板企业三季度业绩同比平均增长30%,Wind
707,2020-11-02,稳健集团全力支持医院应急管理体系建设,中国网
708,2020-11-02,前三季度整体业绩亮眼，成创业板11周年“生日礼”,Wind
709,2020-11-02,注册制公司三季报业绩喜人 多只个股获机构高比例配置,证券时报
710,2020-11-02,前三季度整体业绩亮眼成创业板11周年“生日礼” 近九成公司实现盈利，研发投入合计达574.21亿元,证券日报
711,2020-11-01,稳健医疗||三季度业绩超市场预期，继续看好医疗和消费品板块双轮驱动,吕明可选消费研究
712,2020-11-01,前三季度创业板公司整体业绩亮眼 成11周年最佳“生日礼”,证券日报网
713,2020-11-01,11年后再出发，注册制开启创业板新纪元,第一财经
714,2020-11-01,纺织服装行业2020年三季度公募基金持仓分析,广发证券
715,2020-10-31,速读三季报丨这只股净利暴增12倍，累计大涨1289%，注册制次新股哪家强？,第一财经
716,2020-10-31,这只注册制次新股净利暴增12倍 上市后累涨1289%,第一财经
717,2020-10-31,110余家公司第三季度净赚超10亿元,Wind
718,2020-10-30,净利润同比大增678%！稳健医疗：防疫物资需求持续增长，消费板块潜力加速释放,中国基金报
719,2020-10-30,医疗与消费双板块驱动 稳健医疗第三季度净利润同比增长超11倍,证券日报网
720,2020-10-30,全棉时代母公司稳健医疗获“抗击疫情社会责任贡献企业”,凤凰网
721,2020-10-30,解读|胡润又放榜了，从富豪榜看2020年中国行业经济,搜狐
722,2020-10-30,券商首次关注5股并给予买入评级（10月30日）,Wind
723,2020-10-30,A股融资融券日报：两融余额增加46.35亿元（10月29日）,Wind
724,2020-10-29,稳健医疗(300888)：医疗业务超预期 品牌力持续提升,西南证券
725,2020-10-29,三季度五大机构持仓路径曝光！,Wind
726,2020-10-29,A股走出独立行情！白酒、汽车、家电大爆发！五粮液逼近万亿,中国基金报
727,2020-10-29,稳健医疗三季度业绩超预期 全棉时代将开放加盟拓展下沉市场,金融界
728,2020-10-29,A股融资融券日报：两融余额增加49.47亿元（10月28日）,Wind
729,2020-10-28,振德医疗2020年前三季营收81亿元 防疫类防护用品销量占比达75%,e公司
730,2020-10-28,【长城轻工张潇团队】*稳健医疗*Q3点评：业绩符合预告，长期看好医疗+消费强协同,张潇的轻工消费洞察
731,2020-10-28,稳健医疗：前三季度净利润同比增长678.64%,Wind
732,2020-10-28,稳健医疗前三季营利齐增，医疗业务领域营收同比增长约七倍,资本邦
733,2020-10-28,稳健医疗：医疗+消费双轮驱动，业绩大放异彩【华西轻工徐林锋团队】,轻工锋尚
734,2020-10-28,A股融资融券日报：两融余额增加4.84亿元（10月27日）,Wind
735,2020-10-27,浙商纺服 | 稳健医疗：三季度医疗业务带动收入高增，规模效应下盈利能力再提升,纺服新消费马莉团队
736,2020-10-27,稳健医疗2020第三季度净利增逾11倍 基金抢筹占据流通股东前五,e公司
737,2020-10-27,晚间资讯｜双汇发展拟10派6.4；中集集团、稳健医疗第三季度业绩增超10倍,证券时报网
738,2020-10-27,稳健医疗公布三季报 前三季净利增加678.64%,新浪
739,2020-10-27,稳健医疗(300888.SZ)：前三季度净利升678.64%至31.5亿元,格隆汇
740,2020-10-27,稳健医疗：第三季度净利增长1112.76%,e公司
741,2020-10-27,稳健医疗：第三季度净利增长1112.76%,Wind
742,2020-10-27,次新股走势分化，小而美次新股获追捧,Wind
743,2020-10-27,稳健医疗（300888）：后疫情阶段，全棉时代收入或超预期,中信证券研究
744,2020-10-24,深市922份三季报业绩预告，昭示三大特征,Wind
745,2020-10-23,A股融资融券日报：两融余额增加6.01亿元（10月22日）,Wind
746,2020-10-22,A股融资融券日报：两融余额增加5.83亿元（10月21日）,Wind
747,2020-10-21,"解读|胡润又放榜了,从富豪榜看2020年中国行业经济",搜狐
748,2020-10-21,轻工制造9月社零数据点评：日用、文具、珠宝延续高增 推荐飞亚达、晨光文具、大亚圣象,新浪
749,2020-10-21,A股融资融券日报：两融余额增加43.8亿元（10月20日）,Wind
750,2020-10-21,【山证两融】融资融券周报（20201012-20201016）-2020年第40期,山西证券研究所
751,2020-10-20,稳健医疗轮值CEO张莉：使用前沿技术满足人民健康追求,中国经济网
752,2020-10-20,每周盈利预测报告,新浪
753,2020-10-20,高瓴VS红杉：医疗投资“两强”的分野,凤凰网
754,2020-10-20,零售轻工日化：9月社零消费继续回升至+3.3% 美妆等消费升级品类表现较好,新浪
755,2020-10-20,A股融资融券日报：两融余额增加26.32亿元（10月19日）,Wind
756,2020-10-20,前9月294家企业A股上市募资3557亿 江苏广东浙江领先,中国经济网
757,2020-10-20,2020年胡润百富榜：马云以4000亿元第四次成为中国首富，农夫山泉钟睒睒第三,Wind
758,2020-10-19,纺织服装行业周观点报告：纺织服装需求持续复苏 棉纺板块强势上涨,新浪
759,2020-10-19,A股融资融券日报：两融余额减少33.11亿元（10月16日）,Wind
760,2020-10-19,16家公司向上修正业绩,证券时报网
761,2020-10-18,一场来自印度的蝴蝶效应，如何让这个产业密不可分？,财经无忌
762,2020-10-17,纺织概念股火热：江苏上市公司两天涨停，半年营收2.59亿,财经无忌
763,2020-10-17,“深圳经济特区40周年40人”李建全：‘敢闯敢试’让深圳品牌走向世界,科技日报
764,2020-10-16,稳健医疗(300888)：疫情带动防疫用品需求 Q3业绩显着超预期,新浪
765,2020-10-16,稳健医疗(300888)：大幅上修业绩预告 海外市场拓展有望加速,新浪
766,2020-10-16,A股融资融券日报：两融余额增加30.9亿元（10月15日）,Wind
767,2020-10-15,稳健医疗(300888.SZ)股票交易异常波动 不存在未披露重大事项,智通财经
768,2020-10-15,稳健医疗：公司医用防护产品销售继续保持大幅度增长存在不确定性,e公司
769,2020-10-15,稳健医疗：公司医用防护产品销售继续保持大幅度增长存在不确定性,Wind
770,2020-10-15,稳健医疗董事长李建全入选“深圳经济特区40周年40人”,中证网
771,2020-10-15,【行情】纺织制造板块拉升，聚杰微纤涨停，新野纺织涨6%，稳健医疗、百隆东方、金春股份、孚日股份等跟涨,金十数据
772,2020-10-15,深圳四十不惑！新经济刷出深圳新底色,和讯
773,2020-10-15,纺织服装行业2020年三季报前瞻：纺服消费拐点显现 板块迎来戴维斯双击,新浪
774,2020-10-15,开源晨会1015-晨会纪要,新浪
775,2020-10-15,A股融资融券日报：两融余额增加78.8亿元（10月14日）,Wind
776,2020-10-15,今日7家公司向上修正业绩预告,证券时报网
777,2020-10-14,浙商早知道 | 10月15日,浙商证券研究所
778,2020-10-14,稳健医疗(300888)：海外医用防护用品需求大幅提升 2020Q3业绩大超市场预期,新浪
779,2020-10-14,稳健医疗(300888)2020年三季报预告点评：三季度业绩远超预期 全年有望继续高增,新浪
780,2020-10-14,游资情报 | 国信泰九联手光大“金田哥”封板军工概念龙头；神秘席位出手弹无虚发，一抓就是三个20%涨停！,每日经济新闻
781,2020-10-14,48股今日获机构买入评级14股上涨空间超20%,证券时报网
782,2020-10-14,26股主力资金净流入超亿元,证券时报网
783,2020-10-14,稳健医疗今日涨停，一线游资汇聚,Wind
784,2020-10-14,巨丰收评：市场持续性热点稀缺,巨丰财经
785,2020-10-14,稳健医疗(300888)公司点评：Q1~Q3超预期高速增长 全棉差异化品牌力凸显,新浪
786,2020-10-14,A股收盘综述：上证指数下滑0.56%，苹果、半导体板块领跌,Wind
787,2020-10-14,[快讯]稳健医疗盘中涨停 此前大幅上修业绩预告,全景网
788,2020-10-14,解盘：指数止步三连阳，风电、肺炎检测、动力电池略涨,Wind
789,2020-10-14,浙商消费 | 稳健医疗：三季度利润超过20亿，防疫出口需求高增带动业绩超预期,纺服新消费马莉团队
790,2020-10-14,稳健医疗等9家上市公司向上修正业绩,证券时报网
791,2020-10-14,快讯：注册制次新股大涨 稳健医疗拉升封板,新浪
792,2020-10-14,A股异动丨稳健医疗(300888.SZ)涨停创新高 前三季预增651%至700%,格隆汇
793,2020-10-14,稳健医疗强势涨停,Wind
794,2020-10-14,健医疗大幅上修业绩预告这些高增长个股有望领涨,搜狐
795,2020-10-14,A股融资融券日报：两融余额增加111.94亿元（10月13日）,Wind
796,2020-10-14,稳健医疗(300888)：医疗、消费协同发展的大健康领军企业,新浪
797,2020-10-14,29家公司获机构调研（附名单）,证券时报网
798,2020-10-14,今日2家公司向上修正业绩预告,证券时报网
799,2020-10-13,稳健医疗(300888.SZ)拟使用不超25.9亿元闲置募集资金进行现金管理,智通财经
800,2020-10-13,稳健医疗：大幅上修业绩预期，预计前三季度净利润为30.4亿以上,新浪
801,2020-10-13,稳健医疗：大幅上修前三季度业绩预告,证券时报网
802,2020-10-13,稳健医疗(300888.SZ)：拟使用募集资金置换2.34亿元先期投入,格隆汇
803,2020-10-13,稳健医疗：上修业绩预期，前三季度业绩预增651%-700%,Wind
804,2020-10-13,稳健医疗(300888.SZ)拟以6.39亿元超募资金永久补充流动资金,格隆汇
805,2020-10-13,深圳决定表彰40名创新创业人物和先进模范人物,Wind
806,2020-10-13,A股融资融券日报：两融余额增加168.27亿元（10月12日）,Wind
807,2020-10-12,53家三季报率先亮相，业绩上修、环比改善成焦点,Wind
808,2020-10-12,A股融资融券日报：两融余额增加132.13亿（10月9日）,Wind
809,2020-10-12,20股获10家以上机构扎堆调研 稳健医疗最受关注,证券时报网
810,2020-10-12,62家公司获机构调研（附名单）,证券时报网
811,2020-10-10,牛X！券商预计一股未来半年股价能翻三倍,证券之星
812,2020-10-09,稳健医疗(300888.SZ)以3926万元竞得武汉市新洲区一土地使用权,智通财经
813,2020-10-09,中秋喜逢国庆之际 津梁生活迎来三店齐开盛事,凤凰网
814,2020-10-09,A股融资融券日报：两融余额减少180.88亿元（9月30日）,Wind
815,2020-10-09,91家公司获机构调研（附名单）,证券时报网
816,2020-10-09,节前机构去哪儿？一公司逾百家机构调研（名单）,证券时报网
817,2020-10-09,【东北轻工唐凯/钟天皓】稳健医疗（300888）深度报告：医疗&消费双轮驱动，“稳健”迈步成长,东北证券研究所
818,2020-10-08,【浙商轻工 周观点】个护行业专题：优质产业链供应商vs品牌商的成长之路,轻饮可乐
819,2020-10-05,这只股，真的会成为下一个云南白药吗？,格隆汇
820,2020-10-04,陆家嘴财经早餐2020年10月4日星期日,Wind
821,2020-10-03,券商：25只个股上涨空间仍超50%！9月券商研报首次覆盖198只个股,中证报
822,2020-10-03,机构调研热情高：300多家机构打爆这家公司电话,上证报
823,2020-10-03,节前，这家公司引来323家机构调研……,Wind
824,2020-10-01,医疗+消费双轮驱动！稳健医疗五大核心优势，掘金“全棉时代”,中国基金报
825,2020-09-30,券商首次关注4股并给予买入评级（9月30日）,Wind
826,2020-09-30,32股获券商买入评级，富满电子目标涨幅达97.77%,Wind
827,2020-09-29,稳健医疗(300888.SZ)：子公司3926万元成功竞得武汉一幅工业用地,格隆汇
828,2020-09-29,轻工制造行业双周报20年19期：PMTA申请结束电子烟行业集中度进入快速提升期 长期看好思摩尔,新浪
829,2020-09-28,创业板注册制满月，30家实控人团队身家暴涨，80后富豪拥百亿市值，有90后实控人“躺赚”10个亿,中国经济周刊
830,2020-09-28,高溢价首发、上半年财报惊人 稳健医疗如何保持稳健增长,新浪
831,2020-09-27,轻工制造行业投资周报：黄金周将至 聚焦可选消费与造纸提价行情,新浪
832,2020-09-26,海外疫情第二波已起 口罩出现“第二春”？这些龙头透露这些现状,科创板日报
833,2020-09-26,稳健医疗(300888)首次覆盖报告：医用敷料+生活消费品双轮驱动 掘金全棉时代,新浪
834,2020-09-25,创业板注册制满月：股票增至33只，市值超3750亿,新京报
835,2020-09-25,A股融资融券日报：两融余额减少21.84亿元（9月24日）,Wind
836,2020-09-24,A股融资融券日报：两融余额增加47.28亿元（9月23日）,Wind
837,2020-09-24,30家上市公司平均市盈率34.7倍，发行定价符合预期,Wind
838,2020-09-23,一天29倍的新股又火了，连续两天20%涨停！优质次新股名单来了,证券时报
839,2020-09-23,全棉时代母公司上市，市值近600亿元,中服网
840,2020-09-23,【山证两融】融资融券周报(2020914-20200918 )2020年第37期,山西证券研究所
841,2020-09-23,稳健医疗一度大涨超10%！后疫情时代怎么走？,环球老虎财经
842,2020-09-23,口罩等防护品半年卖了20亿元 稳健医疗后续业绩何以稳健？,GPLP犀牛财经
843,2020-09-23,券商首次关注3股并给予买入评级（9月23日）,Wind
844,2020-09-23,A股融资融券日报：两融余额增加4.49亿元（9月22日）,Wind
845,2020-09-22,稳健医疗(300888)：医疗与消费板块双两轮驱动的医疗健康企业龙头,新浪
846,2020-09-22,IPO募资连续三月超500亿，有新股破发逾20%,Wind
847,2020-09-22,【行情】医疗、医药股继续走强，康泰医学拉升触板，稳健医疗、金春股份、维康药业等跟涨，博晖创新、蓝帆医疗、振德医疗等此前涨停,金十数据
848,2020-09-22,剑指优衣库 这家5人小厂如何逆袭做到500亿？,中服网
849,2020-09-22,稳健医疗：一朵棉花的价值链挖掘史,DoNews
850,2020-09-22,A股融资融券日报：两融余额增加19.59亿元（9月21日）,Wind
851,2020-09-21,5天5家IPO，平均持股7年，红杉投资长跑再创高光时刻,中国网
852,2020-09-21,联商品牌周报：始祖鸟阿尔法中心亮相 海底捞涉嫌抄袭？ 诉讼纠纷,联商网
853,2020-09-21,A股融资融券日报：两融余额增加37.75亿元（9月18日）,Wind
854,2020-09-20,纺服双周报||阿里布局犀牛工厂，服装行业供应链价值体系重估,吕明可选消费研究
855,2020-09-20,红杉的耐心与收获：平均持股7年，5天5个IPO，股票价值达100亿美元,投中网
856,2020-09-19,零售行业周报：超市、黄金珠宝两条主线值得期待,新浪
857,2020-09-19,稳健医疗IPO：上半年净利增349% 聚焦健康生活前景可期,红周刊
858,2020-09-18,上半年口罩卖20亿稳健医疗成功在科创板上市：市值超500亿,虎嗅网
859,2020-09-18,全棉时代母公司上市：棉花帝国从何而来?,创业邦
860,2020-09-18,全棉时代母公司稳健医疗登陆创业版 红杉中国持股超8%,中证网
861,2020-09-18,稳健医疗上市次日大跌13% 首日上涨约70%,证券时报网
862,2020-09-18,全棉时代母公司稳健医疗上市 市值553亿元 2020卫生巾行业发展前景及市场规模分析,新浪
863,2020-09-18,A股收盘综述：上证指数放量涨2%因低估值板块爆发，中国人寿等涨停,Wind
864,2020-09-18,【行情】创业板注册制次新股午后跳水，C惠云、盛德鑫泰、C华业、C爱克、C稳健均跌超10%,金十数据
865,2020-09-18,创业板注册制次新股午后跳水，C惠云、盛德鑫泰、C华业等均跌超10%,Wind
866,2020-09-18,抗疫明星稳健医疗登陆创业板，有成本优势但业绩持续性仍存挑战,经济观察网
867,2020-09-18,创业板指震荡回落，昨日上市三新股集体大跌，稳健医疗跌逾10% 连续下跌,证券时报网
868,2020-09-18,稳健医疗亮相资本市场登陆创业板,中国纸业网
869,2020-09-18,【行情】注册制新股开盘走弱，C稳健、C惠云跌超8%，海昌新材、龙利得等跟跌,金十数据
870,2020-09-18,上半年口罩卖20亿，稳健医疗能否罩住538亿市值？,虎嗅网
871,2020-09-18,A股融资融券日报：两融余额增加36.6亿元（9月17日）,Wind
872,2020-09-18,【国金研究】稳健医疗深度：医用敷料行业领先，健康消费双轮发展,国金证券
873,2020-09-18,A股早报2020年9月18日星期五,Wind
874,2020-09-17,全棉时代母公司稳健医疗上市，上半年口罩卖了20亿,联商网
875,2020-09-17,市值超600亿 稳健医疗下半场怎么走,北京商报
876,2020-09-17,全棉时代母公司稳健医疗登陆创业板,北京商报
877,2020-09-17,华泽资本执行董事郑科：探索“双循环”股权投资为企业持续赋能,金融投资报
878,2020-09-17,稳健医疗(300888)公司深度报告：坚持“全棉”理念 医疗+消费协同发展,新浪
879,2020-09-17,C稳健龙虎榜数据（9月17日）,Wind
880,2020-09-17,稳健医疗上市！中1签赚28420元，收益率76.5%,新浪
881,2020-09-17,稳健医疗涨70%：超募21亿元 数月前口罩不合格被通报 产品问题,中国经济网
882,2020-09-17,A股收盘综述：创业板综指收涨0.41%，半导体概念炒作聚拢人气,Wind
883,2020-09-17,抗疫明星半年度利润破十亿，稳健医疗亮相资本市场,投资家
884,2020-09-17,市值560亿，红杉为最大机构股东：这家靠棉花起家的公司刚刚IPO,投中网
885,2020-09-17,A股异动：稳健医疗登陆创业板，首日大涨75%,英为财情
886,2020-09-17,A股午盘综述：创业板综指半日跌0.72%，资金热炒半导体和注册制次新股,Wind
887,2020-09-17,长跑29年的稳健医疗登陆创业板，红杉中国六年坚定陪跑,凤凰网
888,2020-09-17,9月17日新股提示：爱美客、上纬新材等5股申购,上证报
889,2020-09-17,抗疫明星登陆创业板，稳健医疗望跻身四百亿俱乐部,证券时报网
890,2020-09-17,创业板综指低开0.24%，创业板注册制第五批新股惠云钛业高开559%,Wind
891,2020-09-17,多只创业板新股上市 稳健医疗涨68%,e公司
892,2020-09-17,稳健医疗、翔丰华、惠云钛业在深交所上市,深交所
893,2020-09-17,A股早报2020年9月17日星期四,Wind
894,2020-09-17,N稳健：券商定位区间均值为90.6-102.9元,Wind
895,2020-09-17,新股发行与上市一览（9月17日）,Wind
896,2020-09-17,东北证券【新股】9月17日上纬新材、天臣医疗等申购，华翔股份、稳健医疗等上市,东北证券金融世界
897,2020-09-14,【浙商轻工 周观点】8月地产数据环比修复，汇率升值利好造纸业绩,轻饮可乐
898,2020-09-14,IPO聚焦：网红“口罩”商要上市！最火的产品却是一张纸 稳健医疗成色几何？,第一财经
899,2020-09-14,稳健医疗（300888）：敷料龙头，棉品专家,中信证券研究
900,2020-09-12,【IPO前哨】稳健医疗，一种新生活方式的选择,财华社
901,2020-09-12,研究 | 稳健医疗：实控人涉嫌同业竞争 独董在外兼职隐而不宣或侵蚀独立性 关联方问题,中金在线
902,2020-09-11,稳健医疗(300888)：产品力+渠道力协同 构筑健康生活消费大品牌,西南证券
903,2020-09-11,稳健医疗(300888.SZ)披露上市发行结果：遭弃购38518股由主承销商包销,格隆汇
904,2020-09-10,全棉时代母公司稳健医疗上市，上半年净利润同比增长348.92%,赢商网
905,2020-09-09,稳健医疗荣获“全国抗击新冠肺炎疫情先进集体”称号,中证网
906,2020-09-09,9月9日新股提示：思瑞浦等申购 海目星上市 奕瑞科技等中签号出炉 壶化股份等公布中签率,上证报
907,2020-09-09,稳健医疗用品股份有限公司首次公开发行股票并在创业板上市,证券时报
908,2020-09-08,【兑奖啦】爱克股份、稳健医疗、谱尼测试等四新股网上申购中签号出炉,金融界
909,2020-09-08,稳健医疗中签号出炉 共35939个,e公司
910,2020-09-08,稳健医疗(300888.SZ)IPO网上摇号中签结果出炉：中签号共35939个,格隆汇
911,2020-09-08,创业板一周动态：3只新股上市晶台股份主动撤材料,挖贝网
912,2020-09-08,【招商医药】振德医疗（603301）感控创伤并举，正德臻于至善,招商医讯
913,2020-09-08,9月8日新股提示：壶化股份等申购 福昕软件等上市 浙海德曼等中签号出炉 奕瑞科技等公布中签率,上证报
914,2020-09-07,稳健医疗(300888.SZ)：回拨后网上发行中签率为0.0197851316%,格隆汇
915,2020-09-07,奕瑞科技、稳健医疗新股申购，高价医疗股机会何在,搜狐
916,2020-09-07,今日新股申购：奕瑞科技、爱克股份、稳健医疗、谱尼测试,中国经济网
917,2020-09-07,"超级打新周又来！18只新股连发 又有""大肉签"" 中一签或大赚9万！""全棉时代""也来了",券商中国
918,2020-09-07,9月7日新股提示：奕瑞科技等申购 华峰铝业上市 华文食品等中签号出炉 浙海德曼等公布中签率,上证报
919,2020-09-07,稳健医疗今日申购顶格申购需配市值8.5万,证券时报网
920,2020-09-07,今日新股（债）：奕瑞科技、谱尼测试、爱克股份、稳健医疗、崇达转2,恒泰睿财
921,2020-09-07,新股申购：“大肉签”批量来袭，稳健医疗、奕瑞科技发行价分为74.30元、119.60元,Wind
922,2020-09-07,新股提示：谱尼测试、稳健医疗、爱克股份、奕瑞科技今日申购,e公司
923,2020-09-07,就在今天！中一签或狂赚10万，新股大肉签又来了！抗疫爆红股必打，千万别错过！,中国基金报
924,2020-09-07,东北证券【新股】9月7日奕瑞科技、谱尼测试等申购，华峰铝业、嘉友转债上市,东北证券金融世界
925,2020-09-06,申购在即 稳健医疗高光业绩能持续多久？,北京商报
926,2020-09-06,【新股信息】9月7日奕瑞科技(688301)、谱尼测试(300887)、爱克股份(300889)、稳健医疗(300888)申购,银河股票资讯
927,2020-09-06,稳健医疗9月7日启动申购,北京商报
928,2020-09-06,稳健医疗深度：“全棉”的时代，大有可为【华西轻工徐林锋团队】,轻工锋尚
929,2020-09-05,谱尼测试、稳健医疗和爱克股份将发行新股,资本邦
930,2020-09-04,新股排查丨稳健医疗旗下品牌全棉时代收入增速快，销售费用率高于同行,21世纪经济报道
931,2020-09-04,爱克股份、稳健医疗、谱尼测试9月7日申购宝典,金融界
932,2020-09-04,稳健医疗：募资夯实核心竞争力，抗疫明星即将登陆创业板,证券时报网
933,2020-09-04,稳健医疗：口罩热销状态短期内不会发生大变化,新华网
934,2020-09-04,致力打造以“棉”为核心的医疗健康事业 稳健医疗首次公开发行股票并在创业板上市网上路演成功举办,全景网
935,2020-09-04,稳健医疗：口罩将成常态化产品 会广泛使用,全景网
936,2020-09-04,[路演]稳健医疗：目前公司主要的出口产品销往欧洲和日本,全景网
937,2020-09-04,[路演]稳健医疗：被中国商务部列为防疫物资出口名单第一名,全景网
938,2020-09-04,[路演]稳健医疗：全棉时代品牌成功实现医用产品向民用产品的拓展,全景网
939,2020-09-04,[路演]稳健医疗：疫情期间创新性的将全棉无纺布应用于口罩、手术衣、隔离衣等防疫物资,全景网
940,2020-09-04,【国元资讯早班车】深夜惊魂！美股闪崩暴跌 连续下跌,国元证券订阅号
941,2020-09-03,[预告]稳健医疗首次公开发行股票并在创业板上市网上路演明日上午在全景网举办,全景网
942,2020-09-02,稳健医疗(300888.SZ)：网上路演时间9月4日9:00-12:00,格隆汇
943,2020-09-02,2020年中国个人防护用品行业概览,新浪
944,2020-08-31,稳健医疗IPO：销售费用率畸高并不稳健 子公司表现乏力,和讯
945,2020-08-31,黄冈数学老师的“神奇”公司要上市了：借风口罩半年净赚10亿，但它最火的产品是一张纸,36氪
946,2020-08-31,小口罩立大功全棉时代母公司回归A股,证券时报
947,2020-08-28,稳健医疗(300888.SZ)拟发行5000万股初步询价时间为9月2日,格隆汇
948,2020-08-27,又一热门新股！“口罩第一股”获IPO批文 半年净利接近去年全年2倍,券商中国
949,2020-08-27,"又一热门新股！""口罩第一股""获IPO批文，半年净利接近去年全年2倍，全棉时代系全资子公司",券商中国
950,2020-08-17,共筑产业高端升级，中产协第四届五次理事扩大会议暨产业基础再造高峰论坛南通召开,中国纺织报
951,2020-08-13,稳健医疗：一朵棉花绽放深圳精神,中证报
952,2020-08-03,稳健医疗：企业之魂，是对技术的极致追求,证券时报网
953,2020-07-30,稳健医疗IPO成功 上半年营收42亿,中国纺织报
954,2020-07-29,稳健医疗闯关创业板：财务数据前后不一被指“粉饰”业绩 销售费用3年超30亿,中国网
955,2020-07-28,主题报告：2020年IPO过会新三板公司已65家 关注创业板注册制实施后机会,新浪
956,2020-07-27,家电轻工行业周报：紧握地产和新消费两条投资主线 全棉时代母公司IPO过会,华安证券
957,2020-07-27,社会价值优先于企业价值，是九千稳健人对初心的坚守,证券时报网
958,2020-07-27,创业板注册制发行程序将启动：涨跌幅20%来了 26企业或成首批备选,上证报
959,2020-07-27,创业板试点注册制发行程序本周启动 26家已过会企业或成首批上市备选,上证报
960,2020-07-24,5个月卖了6亿只口罩 稳健医疗业绩高增长或难持续,新浪
961,2020-07-24,7月23日创业板动态：明月镜片、华缘新材等6家企业IPO获受理,挖贝网
962,2020-07-23,王思聪旗下普思资本现身 本周12家创业板注册制首发企业悉数过会,e公司
963,2020-07-23,2分钟读财报|稳健医疗欲借疫情IPO:全棉时代担重任质量存疑,新浪
964,2020-07-23,口罩商稳健医疗保障抗“疫”物资，为行业树立标杆,消费日报网
965,2020-07-22,稳健医疗再战IPO：隐瞒“拳头产品”产能或超50%,云掌财经
966,2020-07-22,稳健医疗改数据3冲IPO 屡遭环保处罚口罩抽检不合格 环保处罚,中国经济网
967,2020-07-21,南京大学校企过会 创业板注册制本周8首发企业待审,e公司
968,2020-07-21,“口罩商”稳健医疗再闯IPO：多次身陷“质量门” 曾遭中央环保组通报督察整改 环保处罚,中金在线
969,2020-07-21,可孚医疗递交招股书拟创业板上市 入驻阿里健康大药房后收入快速增加,IPO早知道
970,2020-07-21,创业板注册制IPO改革跟踪,21世纪经济报道
971,2020-07-20,主板被否转战创业板IPO稳健医疗为何迟迟叩不响A股上市之门？ IPO融资异常,和讯
972,2020-07-17,创业板注册制首周审议 14家首发企业全数通过,e公司
973,2020-07-17,创业板上市委：稳健医疗等4家公司7月23日首发上会,e公司
974,2020-07-17,创业板上市委：维康药业等4公司首发7月23日上会,Wind
975,2020-07-13,内控制度屡遭质疑，稳健医疗“带病”再闯IPO,中金在线
976,2020-06-30,新股评级|稳健医疗：抗新冠中的明星龙头还有哪些看点？,格隆汇
977,2020-06-24,疫情期间哄抬口罩价格，被监管部门抽查产品质量不合格，稳健医疗欲登IPO 其他违规处罚,和讯
978,2020-06-23,稳健医疗创业板上市申请获受理,北京商报
979,2020-06-23,创业板“一日一批”：第二批受理11家，最高募资18亿,第一财经
980,2020-06-23,新创业板第二批受理企业出炉 稳健医疗等11家公司在列,北京商报
981,2020-06-20,【天风医药 | 深度】奥美医疗：医用耗材龙头，海外+国内双轮驱动加速发展,思医辨药
982,2020-06-12,稳健医疗前五月向国内提供口罩4.7亿只,证券时报
983,2020-06-11,中产协调研广东医卫用非织造纺织品发展情况,纺织网
984,2020-05-28,稳健医疗旗下公司生产的医用护理口罩被爆不合格！子公司此前曾多次遭处罚，欲再冲IPO的稳健医疗如何把好质量关？ 产品问题,和讯
985,2020-04-29,深圳民间向印尼捐赠一批新冠肺炎防疫物资,新浪
986,2020-04-16,稳健医疗：以全棉水刺无纺布专利为载体高质量产品走,中华网
987,2020-04-10,3个月提供近3亿只医用口罩，稳健医疗发布一季度社会责任报告,凤凰网
988,2020-03-22,重拾医疗业务稳健医疗准备二度冲击IPO？,中国商报
989,2020-03-13,曾两度被否，做口罩的3L股份疫情中再冲IPO有戏吗？,新京报
990,2020-03-11,一周两次变更经营范围 “网红”稳健医疗重拾起家业务 业务变化,北京商报
991,2020-03-04,全棉时代新增消毒用品业务 母公司已生产逾1亿只口罩,新京报
992,2020-03-04,稳健医疗系全棉时代新增“消毒用品”业务,资本邦
993,2020-03-04,稳健医疗全资公司发生经营范围变更 新增消毒用品技术开发与研发 业务变化,金融界
994,2020-03-01,稳健医疗发生经营范围变更，新增医用生物材料、防护用品等 业务变化,e公司
995,2020-02-25,与李嘉诚一样敏感并把工厂开到湖北的他，成了疫情中口罩“救星”,搜狐
996,2020-02-22,防疫专项再贷款运行三周：3000亿资金如何流向876家重点企业？,21世纪经济报道
997,2020-02-21,口罩改变命运：湖北公司精准踩点，曾冲击A股失败，销售费用奇高,腾讯网
998,2020-02-19,厂家赔钱仍生产口罩抗疫，微商却把4000只救援物资卖到外地,搜狐
999,2020-02-19,与稳健医疗携手抗“疫”的那些税务“996”,中国经济网
1000,2020-02-18,稳健医疗：口罩日产能扩大至300万只,中证网
1001,2020-02-18,一家神奇的口罩生产企业，提前预判了疫情,21商评网
1002,2020-02-17,企业家的抗疫战事：从1亿只口罩到70万份餐食,新浪
1003,2020-02-15,口罩产业链与良心企业的眼光,金融投资报
1004,2020-02-14,“靴子”落地有声 | 商企战疫【2.13】,乐居财经
1005,2020-02-12,口罩提前产，全棉时代母公司稳健医疗神准,猎云网
1006,2020-02-08,口罩厂连轴转 石化汽车改建生产线援手,时代周报
1007,2020-02-04,中国最稳医疗公司：提前预判疫情，关键30天产上亿只口罩占中国1/3,搜狐
1008,2020-02-04,聚焦战“疫” | 口罩行业专题报告：产能集聚华东，厂商高负荷扩产能,时代在线
1009,2020-01-29,一家“先知先觉”口罩生产商和疫情的赛跑：部分员工在家隔离，其他员工24小时生产,经济观察网
1010,2020-01-29,多家企业加班加点赶制口罩 为抗击疫情贡献力量,全球纺织网
1011,2020-01-28,提前取消湖北年终高管会议，春节不休假生产口罩，这家企业因“先见之明”火了？,金融界
1012,2020-01-28,10万人份试剂盒将驰援一线 深企春节不休假，全力保障医疗物资供应,南方网
1013,2020-01-22,湖北请求紧急支援！防疫物资短缺，口罩脱销限购，厂商24小时加班备货不涨价,中证报
1014,2020-01-21,直击武汉、广州、上海：口罩大脱销，商家紧急加班加产,第一财经
1015,2020-01-14,稳健医疗转战创业板：营收增加、利润滞涨、销售费用攀升是主因,面包财经
1016,2020-01-06,稳健医疗拟IPO 净利率存下滑风险 盈利能力下降,资本邦
1017,2019-12-20,水皮脱口秀 | 口罩生意哪家强？稳健医疗年前就动工了,华夏时报
